subject,academic_year,standard_number,standard_version,weight_excellence_raw,weight_excellence_sanitized,penalized_one,effective_credits
Religious Studies,2018,91725,2,0.839754098360656,0.839754098360656,False,6
Religious Studies,2018,90825,1,0.831653543307087,0.831653543307087,False,6
Religious Studies,2018,90827,2,0.821159029649596,0.821159029649596,False,6
Religious Studies,2018,90826,2,0.820017368649588,0.820017368649588,False,6
Education for Sustainability,2018,90831,1,0.921052631578948,0.921052631578948,False,5
Education for Sustainability,2018,90832,2,0.888888888888889,0.888888888888889,False,5
Education for Sustainability,2018,90828,2,0.883620689655173,0.883620689655173,False,6
Education for Sustainability,2018,91736,1,0.875,0.875,False,4
Education for Sustainability,2018,91735,2,0.873684210526316,0.873684210526316,False,4
Business Studies,2018,91379,1,0.96849087893864,0.96849087893864,False,4
Business Studies,2018,91381,1,0.964636542239686,0.964636542239686,False,4
Business Studies,2018,91380,1,0.944801714898178,0.944801714898178,False,4
Business Studies,2018,91385,1,0.905927835051546,0.905927835051546,False,3
Business Studies,2018,91383,1,0.89595192915876,0.89595192915876,False,3
Business Studies,2018,91384,1,0.882352941176471,0.882352941176471,False,6
Chemistry,2018,91390,1,0.945474736257635,0.945474736257635,False,5
Chemistry,2018,91391,1,0.944329132690882,0.944329132690882,False,5
Chemistry,2018,91392,1,0.922287668630059,0.922287668630059,False,5
Chemistry,2018,91389,2,0.840261739799846,0.840261739799846,False,3
Chemistry,2018,91387,1,0.805337812616648,0.805337812616648,False,4
Chemistry,2018,91393,1,0.803571428571429,0.803571428571429,False,2
Classical Studies,2018,91396,1,0.946363636363636,0.946363636363636,False,6
Classical Studies,2018,91394,1,0.938671209540034,0.938671209540034,False,4
Classical Studies,2018,91395,1,0.926414058209775,0.926414058209775,False,4
Classical Studies,2018,91397,1,0.844798455225682,0.844798455225682,False,6
Classical Studies,2018,91398,2,0.844444444444445,0.844444444444445,False,4
Economics,2018,91403,1,0.964759246336357,0.964759246336357,False,6
Economics,2018,91401,1,0.961538461538462,0.961538461538462,False,5
Economics,2018,91400,1,0.934889434889435,0.934889434889435,False,4
Economics,2018,91399,1,0.928747361013371,0.928747361013371,False,4
Economics,2018,91402,1,0.928571428571429,0.928571428571429,False,5
Accounting,2018,91404,1,0.96309963099631,0.96309963099631,False,4
Accounting,2018,91408,1,0.961008083689967,0.961008083689967,False,4
Accounting,2018,91406,1,0.934860202260559,0.934860202260559,False,5
Accounting,2018,91409,1,0.888888888888889,0.888888888888889,False,4
Accounting,2018,91407,2,0.849337748344371,0.849337748344371,False,5
Accounting,2018,91405,1,0.833333333333333,0.833333333333333,False,2
Earth and Space Science,2018,91413,1,0.989060489060489,0.989060489060489,False,4
Earth and Space Science,2018,91414,1,0.978090766823161,0.978090766823161,False,4
Earth and Space Science,2018,91410,1,0.928681572860447,0.928681572860447,False,4
Earth and Space Science,2018,91415,2,0.907839477368175,0.907839477368175,False,4
Earth and Space Science,2018,91412,2,0.906486941870261,0.906486941870261,False,4
Earth and Space Science,2018,91411,2,0.896828844483058,0.896828844483058,False,4
Music Studies,2018,91418,1,0.961538461538462,0.961538461538462,False,4
Music Studies,2018,91420,1,0.935897435897436,0.935897435897436,False,4
Music Studies,2018,91421,1,0.926991150442478,0.926991150442478,False,4
Music Studies,2018,91423,1,0.924632352941176,0.924632352941176,False,4
Music Studies,2018,91416,1,0.84375,0.84375,False,8
Geography,2018,91429,1,0.959277169763299,0.959277169763299,False,4
Geography,2018,91427,1,0.947241762310256,0.947241762310256,False,4
Geography,2018,91426,1,0.94153922052294,0.94153922052294,False,4
Geography,2018,91430,2,0.889271801018879,0.889271801018879,False,5
Geography,2018,91432,2,0.883280278914658,0.883280278914658,False,3
Geography,2018,91428,2,0.882788051209104,0.882788051209104,False,3
History,2018,91435,1,0.9609375,0.9609375,False,5
History,2018,91436,1,0.952444922084901,0.952444922084901,False,4
History,2018,91438,1,0.951771399017326,0.951771399017326,False,6
History,2018,91439,1,0.923888888888889,0.923888888888889,False,6
History,2018,91434,1,0.907692307692308,0.907692307692308,False,3
Design (Practical Art),2018,91455,1,0.919377004122767,0.919377004122767,False,14
Design (Practical Art),2018,91450,2,0.859018510546707,0.859018510546707,False,4
Design (Practical Art),2018,91440,2,0.850404312668464,0.850404312668464,False,4
Design (Practical Art),2018,91445,2,0.84948024948025,0.84948024948025,False,2
Painting (Practical Art),2018,91456,1,0.924848484848485,0.924848484848485,False,14
Painting (Practical Art),2018,91451,1,0.916666666666667,0.916666666666667,False,4
Painting (Practical Art),2018,91451,2,0.84723422644771,0.84723422644771,False,4
Painting (Practical Art),2018,91446,2,0.841640502354788,0.841640502354788,False,2
Photography (Practical Art),2018,91457,1,0.932567049808429,0.932567049808429,False,14
Photography (Practical Art),2018,91452,1,0.907407407407408,0.907407407407408,False,4
Photography (Practical Art),2018,91452,2,0.880281690140845,0.880281690140845,False,4
Photography (Practical Art),2018,91442,2,0.879909365558912,0.879909365558912,False,2
Printmaking (Practical Art),2018,91448,2,0.871929824561404,0.871929824561404,False,4
Printmaking (Practical Art),2018,91453,2,0.847222222222222,0.847222222222222,False,4
Printmaking (Practical Art),2018,91443,1,0.828571428571429,0.828571428571429,False,4
Printmaking (Practical Art),2018,91458,1,0.822265625,0.822265625,False,12
Sculpture (Practical Art),2018,91460,1,0.892857142857143,0.892857142857143,False,4
Sculpture (Practical Art),2018,91444,1,0.877358490566038,0.877358490566038,False,4
Sculpture (Practical Art),2018,91459,1,0.875,0.875,False,14
Sculpture (Practical Art),2018,91449,1,0.861111111111111,0.861111111111111,False,2
Health Education,2018,91465,1,0.983333333333333,0.983333333333333,False,5
Health Education,2018,91462,1,0.968023255813953,0.968023255813953,False,5
Health Education,2018,91463,1,0.958333333333333,0.958333333333333,False,5
Health Education,2018,91464,1,0.944444444444444,0.944444444444444,False,4
Health Education,2018,91461,1,0.936363636363636,0.936363636363636,False,5
Home Economics,2018,91471,1,0.930293501048218,0.930293501048218,False,4
Home Economics,2018,91467,2,0.919786096256685,0.919786096256685,False,5
Home Economics,2018,91466,2,0.916489738145789,0.916489738145789,False,5
Home Economics,2018,91470,1,0.915625,0.915625,False,4
Home Economics,2018,91469,2,0.898661567877629,0.898661567877629,False,5
Home Economics,2018,91468,2,0.893397524071527,0.893397524071527,False,1
English,2018,91474,1,0.950400251137969,0.950400251137969,False,4
English,2018,91473,1,0.939722572509458,0.939722572509458,False,4
English,2018,91472,1,0.936465981399902,0.936465981399902,False,4
English,2018,91477,1,0.902799788695193,0.902799788695193,False,3
English,2018,91480,1,0.891290616885396,0.891290616885396,False,3
English,2018,91478,1,0.890407554671968,0.890407554671968,False,4
History of Art,2018,91484,1,0.941634241245136,0.941634241245136,False,4
History of Art,2018,91483,1,0.93021472392638,0.93021472392638,False,4
History of Art,2018,91482,1,0.92814371257485,0.92814371257485,False,4
History of Art,2018,91489,1,0.865102639296188,0.865102639296188,False,4
History of Art,2018,91486,1,0.850220264317181,0.850220264317181,False,4
History of Art,2018,91485,2,0.847236180904523,0.847236180904523,False,4
Media Studies,2018,91497,1,0.954545454545455,0.954545454545455,False,3
Media Studies,2018,91490,1,0.949919224555735,0.949919224555735,False,4
Media Studies,2018,91493,1,0.94987146529563,0.94987146529563,False,4
Media Studies,2018,91492,1,0.932432432432433,0.932432432432433,False,3
Media Studies,2018,91492,2,0.891602399314482,0.891602399314482,False,3
Media Studies,2018,91496,1,0.888888888888889,0.888888888888889,False,3
Physical Education,2018,91505,2,0.919277108433735,0.919277108433735,False,4
Physical Education,2018,91789,2,0.918458484948727,0.918458484948727,False,4
Physical Education,2018,91498,1,0.91,0.91,False,4
Physical Education,2018,91502,1,0.90625,0.90625,False,4
Physical Education,2018,91504,2,0.904003059663437,0.904003059663437,False,3
Physical Education,2018,91500,2,0.896949337207191,0.896949337207191,False,4
Latin,2018,91506,1,0.842857142857143,0.842857142857143,False,6
Latin,2018,91507,1,0.833333333333333,0.833333333333333,False,5
Latin,2018,91510,1,0.681818181818182,0.681818181818182,False,3
Latin,2018,91509,1,0.633333333333333,0.633333333333333,False,4
Latin,2018,91508,1,0.592592592592593,0.592592592592593,False,6
Drama,2018,91512,1,0.96,0.96,False,4
Drama,2018,91514,1,0.951408450704225,0.951408450704225,False,4
Drama,2018,91518,1,0.947482014388489,0.947482014388489,False,4
Drama,2018,91519,1,0.85207100591716,0.85207100591716,False,5
Drama,2018,91513,2,0.836022589753933,0.836022589753933,False,5
Drama,2018,91516,2,0.8328173374613,0.8328173374613,False,2
Physics,2018,91523,1,0.961270841538664,0.961270841538664,False,4
Physics,2018,91526,1,0.934085510688836,0.934085510688836,False,6
Physics,2018,91524,1,0.931607074691437,0.931607074691437,False,6
Physics,2018,91527,1,0.86590524534687,0.86590524534687,False,3
Physics,2018,91521,1,0.858695652173913,0.858695652173913,False,4
Physics,2018,91522,2,0.846219931271478,0.846219931271478,False,1
Agriculture & Horticulture,2018,91530,1,0.945945945945946,0.945945945945946,False,5
Agriculture & Horticulture,2018,91532,1,0.94408945686901,0.94408945686901,False,5
Agriculture & Horticulture,2018,91531,1,0.932748538011696,0.932748538011696,False,4
Agriculture & Horticulture,2018,91528,2,0.886970172684458,0.886970172684458,False,4
Agriculture & Horticulture,2018,91529,2,0.861721611721612,0.861721611721612,False,6
Chinese,2018,91536,1,0.864825581395349,0.864825581395349,False,5
Chinese,2018,91533,1,0.86003861003861,0.86003861003861,False,5
Chinese,2018,91534,1,0.599865047233468,0.599865047233468,False,3
Chinese,2018,91535,1,0.561965811965812,0.561965811965812,False,6
Chinese,2018,91537,1,0.559643255295429,0.559643255295429,False,5
Cook Islands Maori,2018,91541,1,0.741071428571429,0.741071428571429,False,5
Cook Islands Maori,2018,91538,1,0.723214285714286,0.723214285714286,False,5
Cook Islands Maori,2018,91539,1,0.65625,0.65625,False,3
Cook Islands Maori,2018,91540,1,0.650943396226415,0.650943396226415,False,6
Cook Islands Maori,2018,91542,1,0.620689655172414,0.620689655172414,False,5
French,2018,91543,1,0.915057915057915,0.915057915057915,False,5
French,2018,91546,1,0.911764705882353,0.911764705882353,False,5
French,2018,91545,1,0.738307349665924,0.738307349665924,False,6
French,2018,91544,1,0.719211822660099,0.719211822660099,False,3
French,2018,91547,1,0.704188481675393,0.704188481675393,False,5
German,2018,91548,1,0.902777777777778,0.902777777777778,False,5
German,2018,91551,1,0.882352941176471,0.882352941176471,False,5
German,2018,91552,1,0.694915254237288,0.694915254237288,False,5
German,2018,91550,1,0.673684210526316,0.673684210526316,False,6
German,2018,91549,1,0.645,0.645,False,3
Japanese,2018,91553,1,0.888790035587189,0.888790035587189,False,5
Japanese,2018,91556,1,0.885017421602788,0.885017421602788,False,5
Japanese,2018,91555,1,0.73542600896861,0.73542600896861,False,6
Japanese,2018,91554,1,0.720792079207921,0.720792079207921,False,3
Japanese,2018,91557,1,0.718995290423862,0.718995290423862,False,5
Korean,2018,91558,1,0.75,0.75,False,5
Korean,2018,91561,1,0.75,0.75,False,5
Korean,2018,91560,1,0.609375,0.609375,False,6
Korean,2018,91559,1,0.586206896551724,0.586206896551724,False,3
Korean,2018,91562,1,0.551724137931035,0.551724137931035,False,5
Samoan,2018,91566,1,0.956293706293707,0.956293706293707,False,5
Samoan,2018,91563,1,0.928571428571429,0.928571428571429,False,5
Samoan,2018,91567,1,0.836391437308869,0.836391437308869,False,5
Samoan,2018,91564,1,0.831683168316832,0.831683168316832,False,3
Samoan,2018,91565,1,0.831269349845201,0.831269349845201,False,6
Spanish,2018,91571,1,0.952764976958525,0.952764976958525,False,5
Spanish,2018,91568,1,0.925837320574163,0.925837320574163,False,5
Spanish,2018,91569,1,0.74,0.74,False,3
Spanish,2018,91572,1,0.738986784140969,0.738986784140969,False,5
Spanish,2018,91570,1,0.73134328358209,0.73134328358209,False,6
Calculus,2018,91573,1,0.945652173913044,0.945652173913044,False,3
Calculus,2018,91578,1,0.934182471103131,0.934182471103131,False,6
Calculus,2018,91579,1,0.933114880493447,0.933114880493447,False,6
Calculus,2018,91576,2,0.92282882315922,0.92282882315922,False,2
Calculus,2018,91577,1,0.911654697785757,0.911654697785757,False,5
Calculus,2018,91574,1,0.90625,0.90625,False,2
Statistics,2018,91580,1,0.982142857142857,0.982142857142857,False,4
Statistics,2018,91581,1,0.970588235294118,0.970588235294118,False,4
Statistics,2018,91584,1,0.966237942122187,0.966237942122187,False,4
Statistics,2018,91585,1,0.953456692019526,0.953456692019526,False,4
Statistics,2018,91586,1,0.94828805885682,0.94828805885682,False,4
Statistics,2018,91581,2,0.907064471879287,0.907064471879287,False,4
Dance,2018,91595,1,0.9453125,0.9453125,False,4
Dance,2018,91594,1,0.943025540275049,0.943025540275049,False,4
Dance,2018,91593,1,0.875,0.875,False,4
Dance,2018,91588,2,0.819958847736626,0.819958847736626,False,8
Dance,2018,91589,2,0.81,0.81,False,4
Social Studies,2018,91598,1,0.947368421052632,0.947368421052632,False,4
Social Studies,2018,91596,1,0.904761904761905,0.904761904761905,False,4
Social Studies,2018,91599,1,0.859536867763559,0.859536867763559,False,6
Social Studies,2018,91597,1,0.856236203090508,0.856236203090508,False,6
Social Studies,2018,91600,2,0.855436991869919,0.855436991869919,False,4
Biology,2018,91603,1,0.952778151486614,0.952778151486614,False,5
Biology,2018,91605,1,0.949608958407394,0.949608958407394,False,4
Biology,2018,91606,1,0.938172671970052,0.938172671970052,False,4
Biology,2018,91602,1,0.903225806451613,0.903225806451613,False,3
Biology,2018,91601,1,0.878378378378378,0.878378378378378,False,4
Biology,2018,91607,1,0.868421052631579,0.868421052631579,False,3
Technology/Hangarau,2018,91617,1,0.94839609483961,0.94839609483961,False,4
Technology/Hangarau,2018,91612,1,0.945530726256983,0.945530726256983,False,4
Technology/Hangarau,2018,91613,1,0.944852941176471,0.944852941176471,False,4
Technology/Hangarau,2018,91614,1,0.9375,0.9375,False,4
Technology/Hangarau,2018,91610,1,0.933333333333333,0.933333333333333,False,6
Technology/Hangarau,2018,91615,1,0.898989898989899,0.898989898989899,False,2
Construction and Mechanical Technologies,2018,91624,1,0.942307692307692,0.942307692307692,False,3
Construction and Mechanical Technologies,2018,91625,1,0.93421052631579,0.93421052631579,False,3
Construction and Mechanical Technologies,2018,91620,1,0.90067214339059,0.90067214339059,False,6
Construction and Mechanical Technologies,2018,91621,1,0.9,0.9,False,6
Construction and Mechanical Technologies,2018,91622,2,0.859738372093023,0.859738372093023,False,4
Construction and Mechanical Technologies,2018,91623,2,0.839837398373984,0.839837398373984,False,2
Design and Visual Communication,2018,91627,1,0.963722397476341,0.963722397476341,False,4
Design and Visual Communication,2018,91629,1,0.956521739130435,0.956521739130435,False,6
Design and Visual Communication,2018,91631,1,0.919444444444445,0.919444444444445,False,6
Design and Visual Communication,2018,91630,2,0.885942760942761,0.885942760942761,False,6
Design and Visual Communication,2018,91629,2,0.865628299894403,0.865628299894403,False,2
Digital Technologies,2018,91636,1,0.957861635220126,0.957861635220126,False,4
Digital Technologies,2018,91632,1,0.934579439252337,0.934579439252337,False,4
Digital Technologies,2018,91637,1,0.916666666666667,0.916666666666667,False,6
Digital Technologies,2018,91634,2,0.898362892223738,0.898362892223738,False,4
Digital Technologies,2018,91640,1,0.888888888888889,0.888888888888889,False,4
Digital Technologies,2018,91639,1,0.888888888888889,0.888888888888889,False,2
Processing Technologies,2018,91643,1,0.873441396508728,0.873441396508728,False,6
Processing Technologies,2018,91644,1,0.769736842105263,0.769736842105263,False,4
Te Reo Māori,2018,91652,1,0.943840579710145,0.943840579710145,False,6
Te Reo Māori,2018,91653,1,0.91839762611276,0.91839762611276,False,6
Te Reo Māori,2018,91654,2,0.86734693877551,0.86734693877551,False,6
Te Reo Māori,2018,91650,2,0.862936344969199,0.862936344969199,False,4
Te Reo Māori,2018,91651,2,0.860597439544808,0.860597439544808,False,2
Tongan,2018,91679,1,0.846491228070175,0.846491228070175,False,5
Tongan,2018,91681,1,0.8125,0.8125,False,6
Tongan,2018,91680,1,0.803738317757009,0.803738317757009,False,3
Tongan,2018,91683,1,0.794392523364486,0.794392523364486,False,5
Tongan,2018,91682,1,0.768,0.768,False,5
Te Reo Rangatira,2018,91808,1,0.954954954954955,0.954954954954955,False,3
Te Reo Rangatira,2018,91804,1,0.954268292682927,0.954268292682927,False,3
Te Reo Rangatira,2018,91806,1,0.946078431372549,0.946078431372549,False,4
Te Reo Rangatira,2018,91810,1,0.881516587677725,0.881516587677725,False,4
Te Reo Rangatira,2018,91817,1,0.847560975609756,0.847560975609756,False,4
Te Reo Rangatira,2018,91805,1,0.836448598130841,0.836448598130841,False,4
Science/Pūtaiao,2018,91818,1,1.0,0.5,True,4
Science/Pūtaiao,2018,91819,1,1.0,0.5,True,4
Science/Pūtaiao,2018,91820,1,1.0,0.5,True,4
New Zealand Sign Language,2018,91824,1,0.833333333333333,0.833333333333333,False,6
New Zealand Sign Language,2018,91823,1,0.666666666666667,0.666666666666667,False,3
New Zealand Sign Language,2018,91822,1,0.5,0.5,False,5
New Zealand Sign Language,2018,91825,1,0.5,0.5,False,6
Tikanga ā-Iwi,2018,91833,1,0.882352941176471,0.882352941176471,False,4
Tikanga ā-Iwi,2018,91826,1,0.8125,0.8125,False,4
Tikanga ā-Iwi,2018,91830,1,0.78125,0.78125,False,4
Tikanga ā-Iwi,2018,91834,1,0.6,0.6,False,4
Tikanga ā-Iwi,2018,91827,1,0.5,0.5,False,4
Tikanga ā-Iwi,2018,91828,1,1.0,0.5,True,4
Ngā Mahi a te Rēhia,2018,91852,1,0.897727272727273,0.897727272727273,False,4
Ngā Toi Puoro,2018,91863,1,0.714285714285714,0.714285714285714,False,4
Psychology,2018,91876,1,0.938202247191011,0.938202247191011,False,3
Psychology,2018,91872,1,0.832822085889571,0.832822085889571,False,6
Psychology,2018,91874,1,0.823717948717949,0.823717948717949,False,6
Psychology,2018,91875,1,0.809471365638767,0.809471365638767,False,4
Psychology,2018,91873,1,0.807977736549165,0.807977736549165,False,3
Digital Technologies and Hangarau Matihiko,2018,91907,1,0.825,0.825,False,6
Digital Technologies and Hangarau Matihiko,2018,91906,1,0.777777777777778,0.777777777777778,False,6
Digital Technologies and Hangarau Matihiko,2018,91900,1,0.75,0.75,False,6
Samoan,2019,91566,1,0.9375,0.9375,False,5
Samoan,2019,91563,1,0.924180327868853,0.924180327868853,False,5
Samoan,2019,91567,1,0.832179930795848,0.832179930795848,False,5
Samoan,2019,91564,1,0.820422535211268,0.820422535211268,False,3
Samoan,2019,91565,1,0.806506849315069,0.806506849315069,False,6
Religious Studies,2019,91725,1,0.844105691056911,0.844105691056911,False,6
Religious Studies,2019,90825,2,0.8234652539732,0.8234652539732,False,6
Religious Studies,2019,90826,2,0.809748083242059,0.809748083242059,False,6
Religious Studies,2019,90827,2,0.809717166059927,0.809717166059927,False,6
Education for Sustainability,2019,91736,1,0.902777777777778,0.902777777777778,False,4
Education for Sustainability,2019,90828,2,0.87780548628429,0.87780548628429,False,6
Education for Sustainability,2019,91735,2,0.871473354231975,0.871473354231975,False,4
Education for Sustainability,2019,90831,1,0.86,0.86,False,5
Education for Sustainability,2019,90832,1,0.812720848056537,0.812720848056537,False,5
Business Studies,2019,91379,1,0.964285714285714,0.964285714285714,False,4
Business Studies,2019,91381,1,0.962732919254658,0.962732919254658,False,4
Business Studies,2019,91380,1,0.955568053993251,0.955568053993251,False,4
Business Studies,2019,91385,1,0.929961089494164,0.929961089494164,False,3
Business Studies,2019,91870,1,0.881909547738694,0.881909547738694,False,4
Business Studies,2019,91383,1,0.879641909814324,0.879641909814324,False,3
Chemistry,2019,91389,1,0.952380952380952,0.952380952380952,False,3
Chemistry,2019,91390,1,0.935353535353535,0.935353535353535,False,5
Chemistry,2019,91391,1,0.927480916030534,0.927480916030534,False,5
Chemistry,2019,91392,1,0.908429610611896,0.908429610611896,False,5
Chemistry,2019,91389,2,0.834362384231774,0.834362384231774,False,3
Chemistry,2019,91388,1,0.833333333333333,0.833333333333333,False,3
Classical Studies,2019,91396,1,0.942654639175258,0.942654639175258,False,6
Classical Studies,2019,91395,1,0.935094773118897,0.935094773118897,False,4
Classical Studies,2019,91394,1,0.923935091277891,0.923935091277891,False,4
Classical Studies,2019,91398,2,0.842642320085929,0.842642320085929,False,6
Classical Studies,2019,91397,1,0.832707271263751,0.832707271263751,False,4
Economics,2019,91403,1,0.960902733630006,0.960902733630006,False,6
Economics,2019,91400,1,0.947690857681433,0.947690857681433,False,4
Economics,2019,91399,1,0.930211032950759,0.930211032950759,False,4
Economics,2019,91402,1,0.874185136897001,0.874185136897001,False,5
Economics,2019,91402,2,0.842251288149029,0.842251288149029,False,5
Accounting,2019,91408,1,0.960928961748634,0.960928961748634,False,4
Accounting,2019,91404,1,0.951530612244898,0.951530612244898,False,4
Accounting,2019,91406,1,0.942375263527758,0.942375263527758,False,5
Accounting,2019,91407,1,0.848331648129424,0.848331648129424,False,5
Accounting,2019,91409,2,0.81046277665996,0.81046277665996,False,4
Accounting,2019,91405,2,0.789806547619048,0.789806547619048,False,2
Earth and Space Science,2019,91413,1,0.984441301272985,0.984441301272985,False,4
Earth and Space Science,2019,91414,1,0.970749542961609,0.970749542961609,False,4
Earth and Space Science,2019,91410,2,0.923128792987188,0.923128792987188,False,4
Earth and Space Science,2019,91415,1,0.905622489959839,0.905622489959839,False,4
Earth and Space Science,2019,91412,2,0.902220630372493,0.902220630372493,False,4
Earth and Space Science,2019,91411,2,0.895140186915888,0.895140186915888,False,4
Music Studies,2019,91420,1,0.952586206896552,0.952586206896552,False,4
Music Studies,2019,91423,1,0.938976377952756,0.938976377952756,False,4
Music Studies,2019,91421,1,0.90929203539823,0.90929203539823,False,4
Music Studies,2019,91425,2,0.84479271991911,0.84479271991911,False,6
Music Studies,2019,91425,1,0.833333333333333,0.833333333333333,False,6
Geography,2019,91429,1,0.960943969086393,0.960943969086393,False,4
Geography,2019,91427,1,0.949651432997676,0.949651432997676,False,4
Geography,2019,91426,1,0.946365767878077,0.946365767878077,False,4
Geography,2019,91431,1,0.920454545454546,0.920454545454546,False,3
Geography,2019,91430,1,0.909090909090909,0.909090909090909,False,5
Geography,2019,91432,1,0.9,0.9,False,3
History,2019,91438,1,0.949309478970496,0.949309478970496,False,6
History,2019,91436,1,0.94756446991404,0.94756446991404,False,4
History,2019,91435,1,0.934782608695652,0.934782608695652,False,5
History,2019,91439,1,0.926589595375723,0.926589595375723,False,6
History,2019,91437,1,0.88,0.88,False,3
Design (Practical Art),2019,91445,1,0.928571428571429,0.928571428571429,False,4
Design (Practical Art),2019,91455,1,0.928460743801653,0.928460743801653,False,14
Design (Practical Art),2019,91450,2,0.861261705273534,0.861261705273534,False,4
Design (Practical Art),2019,91440,1,0.853040540540541,0.853040540540541,False,2
Painting (Practical Art),2019,91456,1,0.913786008230453,0.913786008230453,False,14
Painting (Practical Art),2019,91446,1,0.875,0.875,False,4
Painting (Practical Art),2019,91451,2,0.849617672047579,0.849617672047579,False,4
Painting (Practical Art),2019,91446,2,0.840935224223841,0.840935224223841,False,2
Photography (Practical Art),2019,91457,1,0.936979785969085,0.936979785969085,False,14
Photography (Practical Art),2019,91442,1,0.881390593047035,0.881390593047035,False,4
Photography (Practical Art),2019,91452,2,0.87894952810833,0.87894952810833,False,4
Photography (Practical Art),2019,91447,2,0.870545454545455,0.870545454545455,False,2
Printmaking (Practical Art),2019,91448,2,0.877551020408163,0.877551020408163,False,4
Printmaking (Practical Art),2019,91453,2,0.875331564986737,0.875331564986737,False,4
Printmaking (Practical Art),2019,91443,1,0.875,0.875,False,4
Printmaking (Practical Art),2019,91453,1,0.875,0.875,False,4
Printmaking (Practical Art),2019,91458,1,0.852459016393443,0.852459016393443,False,8
Sculpture (Practical Art),2019,91855,1,0.928571428571429,0.928571428571429,False,4
Sculpture (Practical Art),2019,91454,1,0.884848484848485,0.884848484848485,False,4
Sculpture (Practical Art),2019,91449,1,0.856807511737089,0.856807511737089,False,4
Sculpture (Practical Art),2019,91460,1,0.848224513172967,0.848224513172967,False,4
Sculpture (Practical Art),2019,91858,1,0.833333333333333,0.833333333333333,False,4
Sculpture (Practical Art),2019,91444,2,0.823529411764706,0.823529411764706,False,4
Health Education,2019,91465,1,0.97752808988764,0.97752808988764,False,5
Health Education,2019,91462,1,0.965594614809275,0.965594614809275,False,5
Health Education,2019,91815,1,0.958333333333333,0.958333333333333,False,5
Health Education,2019,91461,2,0.904769183735861,0.904769183735861,False,5
Health Education,2019,91463,2,0.89987345776653,0.89987345776653,False,4
Home Economics,2019,91471,1,0.943292682926829,0.943292682926829,False,4
Home Economics,2019,91467,1,0.914876033057851,0.914876033057851,False,5
Home Economics,2019,91470,1,0.909090909090909,0.909090909090909,False,4
Home Economics,2019,91466,2,0.902061855670103,0.902061855670103,False,5
Home Economics,2019,91469,2,0.886057692307692,0.886057692307692,False,5
Home Economics,2019,91468,1,0.883636363636364,0.883636363636364,False,1
English,2019,91474,1,0.950963814677038,0.950963814677038,False,4
English,2019,91473,1,0.94224361347649,0.94224361347649,False,4
English,2019,91472,1,0.935533894550288,0.935533894550288,False,4
English,2019,91477,1,0.901586368977673,0.901586368977673,False,3
English,2019,91475,1,0.891982984293194,0.891982984293194,False,6
English,2019,91480,1,0.88890503523941,0.88890503523941,False,3
History of Art,2019,91484,1,0.942928039702233,0.942928039702233,False,4
History of Art,2019,91482,1,0.936247723132969,0.936247723132969,False,4
History of Art,2019,91483,1,0.927565392354125,0.927565392354125,False,4
History of Art,2019,91489,1,0.864963503649635,0.864963503649635,False,4
History of Art,2019,91487,1,0.859717868338558,0.859717868338558,False,4
History of Art,2019,91485,2,0.849704142011834,0.849704142011834,False,4
Media Studies,2019,91491,1,0.958333333333333,0.958333333333333,False,3
Media Studies,2019,91490,1,0.946017699115044,0.946017699115044,False,4
Media Studies,2019,91493,1,0.935332708528585,0.935332708528585,False,4
Media Studies,2019,91497,2,0.882891125343092,0.882891125343092,False,3
Media Studies,2019,91491,2,0.882295719844358,0.882295719844358,False,3
Media Studies,2019,91492,1,0.88034188034188,0.88034188034188,False,3
Physical Education,2019,91504,1,0.958333333333333,0.958333333333333,False,3
Physical Education,2019,91789,1,0.954545454545455,0.954545454545455,False,4
Physical Education,2019,91505,1,0.9375,0.9375,False,4
Physical Education,2019,91500,1,0.928571428571429,0.928571428571429,False,4
Physical Education,2019,91789,2,0.920527859237537,0.920527859237537,False,4
Physical Education,2019,91504,2,0.912974683544304,0.912974683544304,False,3
Latin,2019,91507,1,0.792682926829268,0.792682926829268,False,5
Latin,2019,91506,1,0.785714285714286,0.785714285714286,False,6
Latin,2019,91508,1,0.74390243902439,0.74390243902439,False,6
Latin,2019,91509,1,0.666666666666667,0.666666666666667,False,4
Latin,2019,91511,1,0.607142857142857,0.607142857142857,False,3
Drama,2019,91518,1,0.942446043165468,0.942446043165468,False,4
Drama,2019,91514,1,0.933139534883721,0.933139534883721,False,4
Drama,2019,91519,1,0.868852459016394,0.868852459016394,False,5
Drama,2019,91513,2,0.847842401500938,0.847842401500938,False,5
Drama,2019,91516,1,0.837301587301587,0.837301587301587,False,4
Drama,2019,91512,2,0.833457111028593,0.833457111028593,False,2
Physics,2019,91523,1,0.942518118516413,0.942518118516413,False,4
Physics,2019,91526,1,0.917763767847209,0.917763767847209,False,6
Physics,2019,91524,1,0.908569940088565,0.908569940088565,False,6
Physics,2019,91525,1,0.907407407407408,0.907407407407408,False,3
Physics,2019,91527,2,0.866935483870968,0.866935483870968,False,3
Physics,2019,91521,1,0.866666666666667,0.866666666666667,False,2
Agriculture & Horticulture,2019,91531,1,0.930992736077482,0.930992736077482,False,4
Agriculture & Horticulture,2019,91532,1,0.92809364548495,0.92809364548495,False,5
Agriculture & Horticulture,2019,91530,1,0.914364640883978,0.914364640883978,False,5
Agriculture & Horticulture,2019,91528,1,0.894773039889959,0.894773039889959,False,4
Agriculture & Horticulture,2019,91529,1,0.894347240915209,0.894347240915209,False,6
Chinese,2019,91533,1,0.871832358674464,0.871832358674464,False,5
Chinese,2019,91536,1,0.870582617000955,0.870582617000955,False,5
Chinese,2019,91534,1,0.608510638297872,0.608510638297872,False,3
Chinese,2019,91535,1,0.57798833819242,0.57798833819242,False,6
Chinese,2019,91537,1,0.568471337579618,0.568471337579618,False,5
Cook Islands Maori,2019,91541,1,0.703389830508475,0.703389830508475,False,5
Cook Islands Maori,2019,91538,1,0.686440677966102,0.686440677966102,False,5
Cook Islands Maori,2019,91540,1,0.642857142857143,0.642857142857143,False,6
Cook Islands Maori,2019,91539,1,0.612068965517241,0.612068965517241,False,3
Cook Islands Maori,2019,91542,1,0.594827586206897,0.594827586206897,False,5
French,2019,91546,1,0.918330308529946,0.918330308529946,False,5
French,2019,91543,1,0.914370078740157,0.914370078740157,False,5
French,2019,91545,1,0.732233502538071,0.732233502538071,False,6
French,2019,91544,1,0.708121827411168,0.708121827411168,False,3
French,2019,91547,1,0.688539741219963,0.688539741219963,False,5
German,2019,91551,1,0.892,0.892,False,5
German,2019,91548,1,0.891732283464567,0.891732283464567,False,5
German,2019,91552,1,0.689956331877729,0.689956331877729,False,5
German,2019,91549,1,0.680272108843537,0.680272108843537,False,3
German,2019,91550,1,0.666666666666667,0.666666666666667,False,6
Japanese,2019,91553,1,0.898336414048059,0.898336414048059,False,5
Japanese,2019,91556,1,0.893058161350844,0.893058161350844,False,5
Japanese,2019,91557,1,0.721238938053097,0.721238938053097,False,5
Japanese,2019,91554,1,0.719873150105708,0.719873150105708,False,3
Japanese,2019,91555,1,0.702380952380952,0.702380952380952,False,6
Korean,2019,91561,1,0.798076923076923,0.798076923076923,False,5
Korean,2019,91558,1,0.769230769230769,0.769230769230769,False,5
Korean,2019,91562,1,0.59375,0.59375,False,5
Korean,2019,91559,1,0.560606060606061,0.560606060606061,False,3
Korean,2019,91560,1,0.548387096774194,0.548387096774194,False,6
Spanish,2019,91571,1,0.938172043010753,0.938172043010753,False,5
Spanish,2019,91568,1,0.926666666666667,0.926666666666667,False,5
Spanish,2019,91569,1,0.75609756097561,0.75609756097561,False,3
Spanish,2019,91570,1,0.755681818181818,0.755681818181818,False,6
Spanish,2019,91572,1,0.724343675417661,0.724343675417661,False,5
Calculus,2019,91576,1,0.942307692307692,0.942307692307692,False,2
Calculus,2019,91577,1,0.93736518997843,0.93736518997843,False,5
Calculus,2019,91578,1,0.934127079095369,0.934127079095369,False,6
Calculus,2019,91579,1,0.920655089651278,0.920655089651278,False,6
Calculus,2019,91576,2,0.919156922188538,0.919156922188538,False,2
Calculus,2019,91587,1,0.896551724137931,0.896551724137931,False,3
Statistics,2019,91584,1,0.974122696288816,0.974122696288816,False,4
Statistics,2019,91580,1,0.95,0.95,False,4
Statistics,2019,91586,1,0.947191011235955,0.947191011235955,False,4
Statistics,2019,91582,1,0.941176470588235,0.941176470588235,False,4
Statistics,2019,91581,1,0.9375,0.9375,False,4
Statistics,2019,91585,1,0.934956304619226,0.934956304619226,False,4
Dance,2019,91595,1,0.942028985507247,0.942028985507247,False,4
Dance,2019,91594,1,0.937923250564334,0.937923250564334,False,4
Dance,2019,91591,1,0.852941176470588,0.852941176470588,False,4
Dance,2019,91593,1,0.847560975609756,0.847560975609756,False,4
Dance,2019,91588,1,0.806372549019608,0.806372549019608,False,8
Social Studies,2019,91598,1,0.973551637279597,0.973551637279597,False,4
Social Studies,2019,91597,1,0.970588235294118,0.970588235294118,False,6
Social Studies,2019,91599,1,0.954545454545455,0.954545454545455,False,6
Social Studies,2019,91600,1,0.9375,0.9375,False,4
Social Studies,2019,91596,1,0.907012195121951,0.907012195121951,False,4
Biology,2019,91606,1,0.949314730213607,0.949314730213607,False,4
Biology,2019,91603,1,0.946774831816383,0.946774831816383,False,5
Biology,2019,91605,1,0.945374633737966,0.945374633737966,False,4
Biology,2019,91601,1,0.857142857142857,0.857142857142857,False,4
Biology,2019,91601,2,0.847115997450606,0.847115997450606,False,4
Biology,2019,91607,2,0.829437490574574,0.829437490574574,False,3
Technology/Hangarau,2019,91617,1,0.975633528265107,0.975633528265107,False,4
Technology/Hangarau,2019,91612,1,0.952669902912621,0.952669902912621,False,4
Technology/Hangarau,2019,91613,1,0.914342629482072,0.914342629482072,False,4
Technology/Hangarau,2019,91615,1,0.889473684210526,0.889473684210526,False,4
Technology/Hangarau,2019,91608,3,0.866951379763469,0.866951379763469,False,4
Technology/Hangarau,2019,91614,1,0.863636363636364,0.863636363636364,False,4
Construction and Mechanical Technologies,2019,91624,1,0.918918918918919,0.918918918918919,False,3
Construction and Mechanical Technologies,2019,91625,1,0.896551724137931,0.896551724137931,False,3
Construction and Mechanical Technologies,2019,91620,1,0.894757744241462,0.894757744241462,False,6
Construction and Mechanical Technologies,2019,91622,1,0.856505102040816,0.856505102040816,False,4
Construction and Mechanical Technologies,2019,91623,1,0.82991452991453,0.82991452991453,False,4
Construction and Mechanical Technologies,2019,91621,2,0.810267857142857,0.810267857142857,False,4
Design and Visual Communication,2019,91627,1,0.965795328142381,0.965795328142381,False,4
Design and Visual Communication,2019,91631,1,0.911716171617162,0.911716171617162,False,6
Design and Visual Communication,2019,91630,2,0.889140271493213,0.889140271493213,False,6
Design and Visual Communication,2019,91629,1,0.86529933481153,0.86529933481153,False,6
Design and Visual Communication,2019,91628,1,0.85,0.85,False,2
Digital Technologies,2019,91636,1,0.93956043956044,0.93956043956044,False,4
Digital Technologies,2019,91641,2,0.9375,0.9375,False,4
Digital Technologies,2019,91634,1,0.928571428571429,0.928571428571429,False,4
Digital Technologies,2019,91632,1,0.909961685823755,0.909961685823755,False,4
Digital Technologies,2019,91634,3,0.899038461538462,0.899038461538462,False,4
Digital Technologies,2019,91640,1,0.897435897435898,0.897435897435898,False,4
Processing Technologies,2019,91643,1,0.862219451371571,0.862219451371571,False,6
Processing Technologies,2019,91644,1,0.795774647887324,0.795774647887324,False,4
Te Reo Māori,2019,91652,1,0.968715697036224,0.968715697036224,False,6
Te Reo Māori,2019,91653,1,0.929088277858177,0.929088277858177,False,6
Te Reo Māori,2019,91654,1,0.928571428571429,0.928571428571429,False,6
Te Reo Māori,2019,91650,1,0.884615384615385,0.884615384615385,False,4
Te Reo Māori,2019,91651,2,0.837384259259259,0.837384259259259,False,2
Tongan,2019,91682,1,0.847826086956522,0.847826086956522,False,5
Tongan,2019,91680,1,0.816666666666667,0.816666666666667,False,3
Tongan,2019,91683,1,0.784883720930233,0.784883720930233,False,5
Tongan,2019,91681,1,0.75,0.75,False,6
Tongan,2019,91679,1,0.747747747747748,0.747747747747748,False,5
Te Reo Rangatira,2019,91808,1,0.936305732484077,0.936305732484077,False,3
Te Reo Rangatira,2019,91806,1,0.923076923076923,0.923076923076923,False,4
Te Reo Rangatira,2019,91804,1,0.915540540540541,0.915540540540541,False,3
Te Reo Rangatira,2019,91805,1,0.911392405063291,0.911392405063291,False,4
Te Reo Rangatira,2019,91803,1,0.861111111111111,0.861111111111111,False,3
Te Reo Rangatira,2019,91809,1,0.857615894039735,0.857615894039735,False,6
Hauora,2019,91814,1,0.954545454545455,0.954545454545455,False,3
Hauora,2019,91813,1,0.944444444444444,0.944444444444444,False,3
Science/Pūtaiao,2019,91819,1,0.875,0.875,False,4
New Zealand Sign Language,2019,91823,1,0.875,0.875,False,3
New Zealand Sign Language,2019,91822,1,0.8125,0.8125,False,5
New Zealand Sign Language,2019,91824,1,0.8125,0.8125,False,6
New Zealand Sign Language,2019,91825,1,0.78125,0.78125,False,6
Tikanga ā-Iwi,2019,91833,1,0.961538461538462,0.961538461538462,False,4
Tikanga ā-Iwi,2019,91834,1,0.916666666666667,0.916666666666667,False,4
Tikanga ā-Iwi,2019,91832,1,0.90625,0.90625,False,4
Tikanga ā-Iwi,2019,91826,1,0.865384615384615,0.865384615384615,False,4
Tikanga ā-Iwi,2019,91827,1,0.863636363636364,0.863636363636364,False,4
Tikanga ā-Iwi,2019,91828,1,0.833333333333333,0.833333333333333,False,4
Ngā Mahi a te Rēhia,2019,91852,1,1.0,0.5,True,4
Ngā Toi Puoro,2019,91863,1,1.0,0.5,True,4
Psychology,2019,91876,1,0.944987775061125,0.944987775061125,False,3
Psychology,2019,91872,1,0.845708775313404,0.845708775313404,False,6
Psychology,2019,91874,1,0.842449464922711,0.842449464922711,False,6
Psychology,2019,91875,1,0.834370139968896,0.834370139968896,False,4
Psychology,2019,91873,1,0.821428571428571,0.821428571428571,False,3
Digital Technologies and Hangarau Matihiko,2019,91909,1,0.932150313152401,0.932150313152401,False,3
Digital Technologies and Hangarau Matihiko,2019,91908,1,0.93,0.93,False,3
Digital Technologies and Hangarau Matihiko,2019,91900,1,0.895095367847411,0.895095367847411,False,6
Digital Technologies and Hangarau Matihiko,2019,91905,1,0.894366197183099,0.894366197183099,False,4
Digital Technologies and Hangarau Matihiko,2019,91903,1,0.874843554443054,0.874843554443054,False,4
Digital Technologies and Hangarau Matihiko,2019,91901,1,0.869436201780415,0.869436201780415,False,3
Religious Studies,2020,91725,1,0.828857532999545,0.828857532999545,False,6
Religious Studies,2020,90825,2,0.8221076377699,0.8221076377699,False,6
Religious Studies,2020,90827,1,0.820497803806735,0.820497803806735,False,6
Religious Studies,2020,90826,2,0.816476892163429,0.816476892163429,False,6
Education for Sustainability,2020,90831,1,0.913793103448276,0.913793103448276,False,5
Education for Sustainability,2020,90828,2,0.891246684350133,0.891246684350133,False,6
Education for Sustainability,2020,90832,1,0.871794871794872,0.871794871794872,False,5
Education for Sustainability,2020,91735,2,0.861985472154964,0.861985472154964,False,4
Education for Sustainability,2020,91736,1,0.854838709677419,0.854838709677419,False,4
Business Studies,2020,91381,1,0.973958333333333,0.973958333333333,False,4
Business Studies,2020,91379,1,0.954235361000569,0.954235361000569,False,4
Business Studies,2020,91380,1,0.947593582887701,0.947593582887701,False,4
Business Studies,2020,91385,2,0.890939597315436,0.890939597315436,False,3
Business Studies,2020,91870,1,0.881024096385542,0.881024096385542,False,4
Business Studies,2020,91383,2,0.872416250890948,0.872416250890948,False,3
Chemistry,2020,91390,1,0.94879786286732,0.94879786286732,False,5
Chemistry,2020,91392,1,0.922555043522785,0.922555043522785,False,5
Chemistry,2020,91391,1,0.918959172945506,0.918959172945506,False,5
Chemistry,2020,91388,1,0.833333333333333,0.833333333333333,False,3
Chemistry,2020,91387,1,0.832868108862526,0.832868108862526,False,4
Chemistry,2020,91389,2,0.80275553462082,0.80275553462082,False,2
Classical Studies,2020,91394,1,0.952590420332356,0.952590420332356,False,4
Classical Studies,2020,91396,1,0.94179651695692,0.94179651695692,False,6
Classical Studies,2020,91395,1,0.932410423452769,0.932410423452769,False,4
Classical Studies,2020,91398,2,0.832112510987401,0.832112510987401,False,6
Classical Studies,2020,91397,1,0.827939901762496,0.827939901762496,False,4
Economics,2020,91400,1,0.962455303933254,0.962455303933254,False,4
Economics,2020,91403,1,0.959306706857574,0.959306706857574,False,6
Economics,2020,91399,1,0.934240362811792,0.934240362811792,False,4
Economics,2020,91402,1,0.923076923076923,0.923076923076923,False,5
Economics,2020,91402,2,0.837553436369615,0.837553436369615,False,5
Accounting,2020,91408,1,0.950268817204301,0.950268817204301,False,4
Accounting,2020,91404,1,0.944444444444444,0.944444444444444,False,4
Accounting,2020,91406,1,0.933237271853987,0.933237271853987,False,5
Accounting,2020,91407,1,0.882352941176471,0.882352941176471,False,5
Accounting,2020,91407,2,0.834252450980392,0.834252450980392,False,5
Accounting,2020,91409,2,0.805768364127986,0.805768364127986,False,1
Earth and Space Science,2020,91413,1,0.979548660084626,0.979548660084626,False,4
Earth and Space Science,2020,91414,1,0.959677419354839,0.959677419354839,False,4
Earth and Space Science,2020,91410,2,0.892444101773323,0.892444101773323,False,4
Earth and Space Science,2020,91415,1,0.88209796272215,0.88209796272215,False,4
Earth and Space Science,2020,91412,1,0.874899759422614,0.874899759422614,False,4
Earth and Space Science,2020,91411,1,0.868060695780903,0.868060695780903,False,4
Music Studies,2020,91420,1,0.952631578947369,0.952631578947369,False,4
Music Studies,2020,91423,1,0.926315789473684,0.926315789473684,False,4
Music Studies,2020,91421,1,0.91156462585034,0.91156462585034,False,4
Music Studies,2020,91418,1,0.833333333333333,0.833333333333333,False,4
Music Studies,2020,91416,1,0.826086956521739,0.826086956521739,False,8
Geography,2020,91429,1,0.949545596991539,0.949545596991539,False,4
Geography,2020,91428,1,0.947368421052632,0.947368421052632,False,3
Geography,2020,91427,1,0.945889698231009,0.945889698231009,False,4
Geography,2020,91426,1,0.94469696969697,0.94469696969697,False,4
Geography,2020,91431,1,0.9,0.9,False,3
Geography,2020,91430,1,0.9,0.9,False,5
History,2020,91438,1,0.950050968399592,0.950050968399592,False,6
History,2020,91437,1,0.947368421052632,0.947368421052632,False,5
History,2020,91436,1,0.94144678327898,0.94144678327898,False,4
History,2020,91439,1,0.915022761760243,0.915022761760243,False,6
History,2020,91435,2,0.832892780439452,0.832892780439452,False,3
Design (Practical Art),2020,91445,1,0.973684210526316,0.973684210526316,False,4
Design (Practical Art),2020,91455,1,0.918898433552299,0.918898433552299,False,14
Design (Practical Art),2020,91440,1,0.87406015037594,0.87406015037594,False,4
Design (Practical Art),2020,91450,2,0.835119337554798,0.835119337554798,False,2
Painting (Practical Art),2020,91456,1,0.882840955078915,0.882840955078915,False,14
Painting (Practical Art),2020,91441,2,0.835443037974684,0.835443037974684,False,4
Painting (Practical Art),2020,91446,1,0.833333333333333,0.833333333333333,False,4
Painting (Practical Art),2020,91451,2,0.82570944515036,0.82570944515036,False,2
Photography (Practical Art),2020,91452,1,0.96875,0.96875,False,4
Photography (Practical Art),2020,91457,1,0.920189818809318,0.920189818809318,False,14
Photography (Practical Art),2020,91442,2,0.880333951762523,0.880333951762523,False,4
Photography (Practical Art),2020,91452,2,0.879196113074205,0.879196113074205,False,2
Printmaking (Practical Art),2020,91448,1,0.961538461538462,0.961538461538462,False,4
Printmaking (Practical Art),2020,91443,1,0.868421052631579,0.868421052631579,False,4
Printmaking (Practical Art),2020,91448,2,0.848,0.848,False,4
Printmaking (Practical Art),2020,91453,2,0.844285714285714,0.844285714285714,False,4
Printmaking (Practical Art),2020,91458,1,0.789877300613497,0.789877300613497,False,8
Sculpture (Practical Art),2020,91855,1,0.928571428571429,0.928571428571429,False,4
Sculpture (Practical Art),2020,91459,1,0.863333333333333,0.863333333333333,False,14
Sculpture (Practical Art),2020,91454,1,0.862903225806452,0.862903225806452,False,4
Sculpture (Practical Art),2020,91444,1,0.861111111111111,0.861111111111111,False,2
Health Education,2020,91462,1,0.971327572663001,0.971327572663001,False,5
Health Education,2020,91465,1,0.95221843003413,0.95221843003413,False,5
Health Education,2020,91461,1,0.928571428571429,0.928571428571429,False,5
Health Education,2020,91461,2,0.889389534883721,0.889389534883721,False,5
Health Education,2020,91464,2,0.887365042311059,0.887365042311059,False,4
Home Economics,2020,91471,1,0.934880239520958,0.934880239520958,False,4
Home Economics,2020,91470,1,0.918803418803419,0.918803418803419,False,4
Home Economics,2020,91467,1,0.914572864321608,0.914572864321608,False,5
Home Economics,2020,91466,2,0.89,0.89,False,5
Home Economics,2020,91468,1,0.877693282636249,0.877693282636249,False,5
Home Economics,2020,91469,1,0.871614301191766,0.871614301191766,False,1
English,2020,91474,1,0.951973051010587,0.951973051010587,False,4
English,2020,91473,1,0.943404393463911,0.943404393463911,False,4
English,2020,91472,1,0.939617083946981,0.939617083946981,False,4
English,2020,91477,1,0.892555331991952,0.892555331991952,False,3
English,2020,91475,1,0.87999865356133,0.87999865356133,False,6
English,2020,91480,1,0.879045401629802,0.879045401629802,False,3
History of Art,2020,91482,1,0.939678284182306,0.939678284182306,False,4
History of Art,2020,91484,1,0.935361216730038,0.935361216730038,False,4
History of Art,2020,91483,1,0.928400954653938,0.928400954653938,False,4
History of Art,2020,91489,1,0.848024316109423,0.848024316109423,False,4
History of Art,2020,91487,1,0.833812949640288,0.833812949640288,False,4
History of Art,2020,91485,1,0.819161676646707,0.819161676646707,False,4
Media Studies,2020,91495,1,0.95,0.95,False,6
Media Studies,2020,91490,1,0.949781659388646,0.949781659388646,False,4
Media Studies,2020,91493,1,0.922879908935686,0.922879908935686,False,4
Media Studies,2020,91494,1,0.916666666666667,0.916666666666667,False,4
Media Studies,2020,91497,2,0.880506091846298,0.880506091846298,False,3
Media Studies,2020,91492,1,0.8759765625,0.8759765625,False,3
Physical Education,2020,91504,1,0.969387755102041,0.969387755102041,False,3
Physical Education,2020,91502,1,0.933333333333333,0.933333333333333,False,4
Physical Education,2020,91789,1,0.916666666666667,0.916666666666667,False,4
Physical Education,2020,91504,2,0.907200229489386,0.907200229489386,False,3
Physical Education,2020,91505,2,0.904712260216847,0.904712260216847,False,4
Physical Education,2020,91789,2,0.904359840343875,0.904359840343875,False,4
Latin,2020,91506,1,0.757575757575758,0.757575757575758,False,6
Latin,2020,91507,1,0.742857142857143,0.742857142857143,False,5
Latin,2020,91508,1,0.728571428571429,0.728571428571429,False,6
Latin,2020,91509,1,0.681818181818182,0.681818181818182,False,4
Latin,2020,91511,1,0.619047619047619,0.619047619047619,False,3
Drama,2020,91514,1,0.938811188811189,0.938811188811189,False,4
Drama,2020,91518,1,0.933823529411765,0.933823529411765,False,4
Drama,2020,91519,2,0.850334448160535,0.850334448160535,False,5
Drama,2020,91516,2,0.839285714285714,0.839285714285714,False,4
Drama,2020,91513,2,0.837321792260693,0.837321792260693,False,5
Drama,2020,91512,2,0.828485885372113,0.828485885372113,False,2
Physics,2020,91523,1,0.936589480141083,0.936589480141083,False,4
Physics,2020,91524,1,0.92380887185104,0.92380887185104,False,6
Physics,2020,91526,1,0.913536137198857,0.913536137198857,False,6
Physics,2020,91525,1,0.875,0.875,False,3
Physics,2020,91527,2,0.852371409485638,0.852371409485638,False,3
Physics,2020,91521,1,0.828749247139129,0.828749247139129,False,2
Agriculture & Horticulture,2020,91532,1,0.948398576512456,0.948398576512456,False,5
Agriculture & Horticulture,2020,91530,1,0.932624113475177,0.932624113475177,False,5
Agriculture & Horticulture,2020,91531,1,0.930809399477807,0.930809399477807,False,4
Agriculture & Horticulture,2020,91529,1,0.871366279069767,0.871366279069767,False,6
Agriculture & Horticulture,2020,91528,1,0.868888888888889,0.868888888888889,False,4
Chinese,2020,91533,1,0.889269406392694,0.889269406392694,False,5
Chinese,2020,91536,1,0.876417233560091,0.876417233560091,False,5
Chinese,2020,91534,1,0.574650077760498,0.574650077760498,False,3
Chinese,2020,91535,1,0.568447412353923,0.568447412353923,False,6
Chinese,2020,91537,1,0.554621848739496,0.554621848739496,False,5
Cook Islands Maori,2020,91538,1,0.921875,0.921875,False,5
Cook Islands Maori,2020,91541,1,0.873015873015873,0.873015873015873,False,5
Cook Islands Maori,2020,91540,1,0.8125,0.8125,False,6
Cook Islands Maori,2020,91539,1,0.654411764705882,0.654411764705882,False,3
Cook Islands Maori,2020,91542,1,0.652777777777778,0.652777777777778,False,5
French,2020,91546,1,0.922755741127349,0.922755741127349,False,5
French,2020,91543,1,0.913348946135831,0.913348946135831,False,5
French,2020,91545,1,0.716954022988506,0.716954022988506,False,6
French,2020,91547,1,0.686746987951807,0.686746987951807,False,5
French,2020,91544,1,0.684281842818428,0.684281842818428,False,3
German,2020,91548,1,0.896929824561404,0.896929824561404,False,5
German,2020,91551,1,0.894736842105263,0.894736842105263,False,5
German,2020,91549,1,0.673652694610778,0.673652694610778,False,3
German,2020,91552,1,0.659817351598174,0.659817351598174,False,5
German,2020,91550,1,0.653846153846154,0.653846153846154,False,6
Japanese,2020,91556,1,0.8916015625,0.8916015625,False,5
Japanese,2020,91553,1,0.883333333333333,0.883333333333333,False,5
Japanese,2020,91555,1,0.702739726027397,0.702739726027397,False,6
Japanese,2020,91554,1,0.697938144329897,0.697938144329897,False,3
Japanese,2020,91557,1,0.694166666666667,0.694166666666667,False,5
Korean,2020,91558,1,0.73015873015873,0.73015873015873,False,5
Korean,2020,91561,1,0.65625,0.65625,False,5
Korean,2020,91559,1,0.605263157894737,0.605263157894737,False,3
Korean,2020,91562,1,0.602564102564103,0.602564102564103,False,5
Korean,2020,91560,1,0.551282051282051,0.551282051282051,False,6
Samoan,2020,91563,1,0.921933085501859,0.921933085501859,False,5
Samoan,2020,91566,1,0.920138888888889,0.920138888888889,False,5
Samoan,2020,91564,1,0.816568047337278,0.816568047337278,False,3
Samoan,2020,91567,1,0.808479532163743,0.808479532163743,False,5
Samoan,2020,91565,1,0.762686567164179,0.762686567164179,False,6
Spanish,2020,91568,1,0.922368421052632,0.922368421052632,False,5
Spanish,2020,91571,1,0.915647921760391,0.915647921760391,False,5
Spanish,2020,91570,1,0.724137931034483,0.724137931034483,False,6
Spanish,2020,91569,1,0.694822888283379,0.694822888283379,False,3
Spanish,2020,91572,1,0.693763919821826,0.693763919821826,False,5
Calculus,2020,91576,2,0.917824267782427,0.917824267782427,False,2
Calculus,2020,91579,1,0.917083578575633,0.917083578575633,False,6
Calculus,2020,91578,1,0.915433801404213,0.915433801404213,False,6
Calculus,2020,91577,1,0.875769648678015,0.875769648678015,False,5
Calculus,2020,91575,1,0.861111111111111,0.861111111111111,False,4
Calculus,2020,91587,1,0.857142857142857,0.857142857142857,False,1
Statistics,2020,91584,1,0.960973502304148,0.960973502304148,False,4
Statistics,2020,91585,1,0.950040398599515,0.950040398599515,False,4
Statistics,2020,91586,1,0.948806415516598,0.948806415516598,False,4
Statistics,2020,91581,1,0.909090909090909,0.909090909090909,False,4
Statistics,2020,91581,2,0.893391293774319,0.893391293774319,False,4
Statistics,2020,91580,2,0.89090973052839,0.89090973052839,False,4
Dance,2020,91594,1,0.953815261044177,0.953815261044177,False,4
Dance,2020,91595,1,0.9375,0.9375,False,4
Dance,2020,91591,1,0.833333333333333,0.833333333333333,False,4
Dance,2020,91589,1,0.789375,0.789375,False,4
Dance,2020,91590,2,0.776691116544417,0.776691116544417,False,4
Dance,2020,91591,2,0.758116883116883,0.758116883116883,False,4
Social Studies,2020,91598,1,0.937313432835821,0.937313432835821,False,4
Social Studies,2020,91596,1,0.904275092936803,0.904275092936803,False,4
Social Studies,2020,91597,1,0.875,0.875,False,6
Social Studies,2020,91600,2,0.853126642143983,0.853126642143983,False,4
Social Studies,2020,91599,2,0.843975903614458,0.843975903614458,False,6
Biology,2020,91603,1,0.943383559600179,0.943383559600179,False,5
Biology,2020,91605,1,0.943190368698269,0.943190368698269,False,4
Biology,2020,91606,1,0.938704602071588,0.938704602071588,False,4
Biology,2020,91601,2,0.834855545200373,0.834855545200373,False,4
Biology,2020,91607,2,0.817247470692147,0.817247470692147,False,3
Biology,2020,91602,2,0.809513100191162,0.809513100191162,False,3
Technology/Hangarau,2020,91612,1,0.967687074829932,0.967687074829932,False,4
Technology/Hangarau,2020,91617,1,0.953086419753087,0.953086419753087,False,4
Technology/Hangarau,2020,91619,1,0.951219512195122,0.951219512195122,False,4
Technology/Hangarau,2020,91618,1,0.95,0.95,False,6
Technology/Hangarau,2020,91610,1,0.942307692307692,0.942307692307692,False,6
Construction and Mechanical Technologies,2020,91621,1,0.9375,0.9375,False,6
Construction and Mechanical Technologies,2020,91625,1,0.92156862745098,0.92156862745098,False,3
Construction and Mechanical Technologies,2020,91624,1,0.9140625,0.9140625,False,3
Construction and Mechanical Technologies,2020,91620,1,0.893992932862191,0.893992932862191,False,6
Construction and Mechanical Technologies,2020,91620,2,0.860983981693364,0.860983981693364,False,6
Design and Visual Communication,2020,91627,1,0.963505747126437,0.963505747126437,False,4
Design and Visual Communication,2020,91631,1,0.907339449541284,0.907339449541284,False,6
Design and Visual Communication,2020,91630,1,0.865706319702602,0.865706319702602,False,6
Design and Visual Communication,2020,91629,2,0.849020674646355,0.849020674646355,False,6
Design and Visual Communication,2020,91628,1,0.824531516183986,0.824531516183986,False,2
Digital Technologies,2020,91639,1,0.923076923076923,0.923076923076923,False,4
Digital Technologies,2020,91636,1,0.913669064748201,0.913669064748201,False,4
Digital Technologies,2020,91640,1,0.90983606557377,0.90983606557377,False,4
Digital Technologies,2020,91641,2,0.9,0.9,False,4
Digital Technologies,2020,91641,3,0.89041095890411,0.89041095890411,False,4
Digital Technologies,2020,91639,2,0.886904761904762,0.886904761904762,False,4
Processing Technologies,2020,91643,1,0.878992628992629,0.878992628992629,False,6
Processing Technologies,2020,91644,1,0.795454545454545,0.795454545454545,False,4
Te Reo Māori,2020,91652,1,0.944037656903766,0.944037656903766,False,6
Te Reo Māori,2020,91653,1,0.922782874617737,0.922782874617737,False,6
Te Reo Māori,2020,91654,1,0.866666666666667,0.866666666666667,False,6
Te Reo Māori,2020,91651,2,0.850282485875706,0.850282485875706,False,6
Tongan,2020,91682,1,0.870503597122302,0.870503597122302,False,5
Tongan,2020,91679,1,0.86241610738255,0.86241610738255,False,5
Tongan,2020,91683,1,0.833333333333333,0.833333333333333,False,5
Tongan,2020,91680,1,0.738738738738739,0.738738738738739,False,3
Tongan,2020,91681,1,0.719512195121951,0.719512195121951,False,6
Te Reo Rangatira,2020,91808,1,0.937888198757764,0.937888198757764,False,3
Te Reo Rangatira,2020,91804,1,0.930769230769231,0.930769230769231,False,3
Te Reo Rangatira,2020,91806,1,0.920289855072464,0.920289855072464,False,4
Te Reo Rangatira,2020,91805,1,0.914141414141414,0.914141414141414,False,4
Te Reo Rangatira,2020,91803,1,0.856589147286822,0.856589147286822,False,3
Te Reo Rangatira,2020,91809,1,0.847972972972973,0.847972972972973,False,6
Hauora,2020,91814,1,0.631578947368421,0.631578947368421,False,3
Hauora,2020,91813,1,1.0,0.5,True,3
Science/Pūtaiao,2020,91818,1,1.0,0.5,True,4
New Zealand Sign Language,2020,91822,1,0.833333333333333,0.833333333333333,False,5
New Zealand Sign Language,2020,91823,1,0.833333333333333,0.833333333333333,False,3
New Zealand Sign Language,2020,91824,1,1.0,0.5,True,6
New Zealand Sign Language,2020,91825,1,1.0,0.5,True,6
Tikanga ā-Iwi,2020,91830,1,0.9,0.9,False,4
Tikanga ā-Iwi,2020,91828,1,0.9,0.9,False,4
Tikanga ā-Iwi,2020,91831,1,0.875,0.875,False,4
Tikanga ā-Iwi,2020,91833,1,0.75,0.75,False,4
Tikanga ā-Iwi,2020,91832,1,0.6,0.6,False,4
Tikanga ā-Iwi,2020,91834,1,0.583333333333333,0.583333333333333,False,4
Ngā Mahi a te Rēhia,2020,91853,1,0.888888888888889,0.888888888888889,False,4
Ngā Mahi a te Rēhia,2020,91852,1,0.863636363636364,0.863636363636364,False,4
Ngā Mahi a te Rēhia,2020,91850,1,0.727272727272727,0.727272727272727,False,4
Ngā Mahi a te Rēhia,2020,91851,1,1.0,0.5,True,4
Ngā Mahi a te Rēhia,2020,91854,1,0.5,0.5,False,4
Ngā Toi Puoro,2020,91860,1,0.8125,0.8125,False,4
Ngā Toi Puoro,2020,91862,1,0.7,0.7,False,4
Ngā Toi Puoro,2020,91861,1,1.0,0.5,True,4
Ngā Toi Puoro,2020,91863,1,1.0,0.5,True,4
Psychology,2020,91876,1,0.940226171243942,0.940226171243942,False,3
Psychology,2020,91872,1,0.834970530451866,0.834970530451866,False,6
Psychology,2020,91875,1,0.832807570977918,0.832807570977918,False,4
Psychology,2020,91874,1,0.829135180520571,0.829135180520571,False,6
Psychology,2020,91873,1,0.829013678905688,0.829013678905688,False,3
Digital Technologies and Hangarau Matihiko,2020,91908,1,0.927650429799427,0.927650429799427,False,3
Digital Technologies and Hangarau Matihiko,2020,91909,1,0.9,0.9,False,3
Digital Technologies and Hangarau Matihiko,2020,91905,1,0.865740740740741,0.865740740740741,False,4
Digital Technologies and Hangarau Matihiko,2020,91901,1,0.82013422818792,0.82013422818792,False,3
Digital Technologies and Hangarau Matihiko,2020,91900,1,0.817655571635311,0.817655571635311,False,6
Digital Technologies and Hangarau Matihiko,2020,91903,1,0.814954682779456,0.814954682779456,False,4
Te Ao Haka,2020,91985,1,0.5,0.5,False,5
Religious Studies,2021,91725,1,0.828619367209971,0.828619367209971,False,6
Religious Studies,2021,90825,1,0.82267531665122,0.82267531665122,False,6
Religious Studies,2021,90827,2,0.815196214862232,0.815196214862232,False,6
Religious Studies,2021,90826,1,0.81369710467706,0.81369710467706,False,6
Education for Sustainability,2021,90831,1,0.961538461538462,0.961538461538462,False,5
Education for Sustainability,2021,91735,1,0.911167512690355,0.911167512690355,False,4
Education for Sustainability,2021,91736,1,0.898148148148148,0.898148148148148,False,4
Education for Sustainability,2021,90832,1,0.897560975609756,0.897560975609756,False,5
Education for Sustainability,2021,90828,1,0.871890547263682,0.871890547263682,False,6
Business Studies,2021,91380,1,0.939953810623557,0.939953810623557,False,4
Business Studies,2021,91381,1,0.923913043478261,0.923913043478261,False,4
Business Studies,2021,91379,1,0.903556034482759,0.903556034482759,False,4
Business Studies,2021,91385,1,0.887959866220736,0.887959866220736,False,3
Business Studies,2021,91870,1,0.885245901639344,0.885245901639344,False,4
Business Studies,2021,91871,1,0.878444084278768,0.878444084278768,False,4
Chemistry,2021,91392,1,0.886254661694193,0.886254661694193,False,5
Chemistry,2021,91390,1,0.881265076387028,0.881265076387028,False,5
Chemistry,2021,91391,1,0.875807030129125,0.875807030129125,False,5
Chemistry,2021,91389,2,0.8310972688069,0.8310972688069,False,3
Chemistry,2021,91387,2,0.816326530612245,0.816326530612245,False,4
Chemistry,2021,91389,1,0.785714285714286,0.785714285714286,False,2
Classical Studies,2021,91396,1,0.896551724137931,0.896551724137931,False,6
Classical Studies,2021,91394,1,0.891581632653061,0.891581632653061,False,4
Classical Studies,2021,91395,1,0.886223440712817,0.886223440712817,False,4
Classical Studies,2021,91398,1,0.84245201947866,0.84245201947866,False,6
Classical Studies,2021,91397,1,0.831476720936875,0.831476720936875,False,4
Economics,2021,91403,1,0.910911602209945,0.910911602209945,False,6
Economics,2021,91402,1,0.8984375,0.8984375,False,5
Economics,2021,91399,1,0.889135702746365,0.889135702746365,False,4
Economics,2021,91400,1,0.868801652892562,0.868801652892562,False,4
Economics,2021,91402,2,0.844514959202176,0.844514959202176,False,5
Accounting,2021,91404,1,0.921641791044776,0.921641791044776,False,4
Accounting,2021,91408,1,0.906785034876347,0.906785034876347,False,4
Accounting,2021,91406,1,0.869755244755245,0.869755244755245,False,5
Accounting,2021,91405,1,0.85,0.85,False,4
Accounting,2021,91407,1,0.839285714285714,0.839285714285714,False,5
Accounting,2021,91407,2,0.836753168376584,0.836753168376584,False,2
Earth and Space Science,2021,91413,1,0.919834710743802,0.919834710743802,False,4
Earth and Space Science,2021,91412,1,0.902439024390244,0.902439024390244,False,4
Earth and Space Science,2021,91410,1,0.899926144756278,0.899926144756278,False,4
Earth and Space Science,2021,91414,1,0.888297872340426,0.888297872340426,False,4
Earth and Space Science,2021,91411,2,0.880810488676996,0.880810488676996,False,4
Earth and Space Science,2021,91415,2,0.870004933399112,0.870004933399112,False,4
Music Studies,2021,91420,1,0.958762886597938,0.958762886597938,False,4
Music Studies,2021,91421,1,0.869230769230769,0.869230769230769,False,4
Music Studies,2021,91423,1,0.862694300518135,0.862694300518135,False,4
Music Studies,2021,91425,2,0.814956855225312,0.814956855225312,False,6
Music Studies,2021,91419,1,0.752043596730245,0.752043596730245,False,6
Geography,2021,91429,1,0.916001388406803,0.916001388406803,False,4
Geography,2021,91426,1,0.894518272425249,0.894518272425249,False,4
Geography,2021,91427,1,0.894301470588235,0.894301470588235,False,4
Geography,2021,91430,2,0.887526966071779,0.887526966071779,False,5
Geography,2021,91428,1,0.884821770793407,0.884821770793407,False,3
Geography,2021,91432,1,0.880989481885469,0.880989481885469,False,3
History,2021,91435,1,0.9125,0.9125,False,5
History,2021,91436,1,0.912272993555946,0.912272993555946,False,4
History,2021,91438,1,0.886297844966227,0.886297844966227,False,6
History,2021,91439,1,0.870634920634921,0.870634920634921,False,6
History,2021,91435,2,0.831094489390933,0.831094489390933,False,3
Design (Practical Art),2021,91455,1,0.861729673744174,0.861729673744174,False,14
Design (Practical Art),2021,91450,1,0.851842629482072,0.851842629482072,False,4
Design (Practical Art),2021,91440,1,0.847122302158274,0.847122302158274,False,4
Design (Practical Art),2021,91445,1,0.829429960229783,0.829429960229783,False,2
Painting (Practical Art),2021,91456,1,0.869162342475908,0.869162342475908,False,14
Painting (Practical Art),2021,91451,1,0.861111111111111,0.861111111111111,False,4
Painting (Practical Art),2021,91451,2,0.838647714175951,0.838647714175951,False,4
Painting (Practical Art),2021,91446,2,0.836427320490368,0.836427320490368,False,2
Photography (Practical Art),2021,91457,1,0.885517799352751,0.885517799352751,False,14
Photography (Practical Art),2021,91452,1,0.880952380952381,0.880952380952381,False,4
Photography (Practical Art),2021,91447,2,0.869418386491557,0.869418386491557,False,4
Photography (Practical Art),2021,91442,2,0.869072164948454,0.869072164948454,False,2
Printmaking (Practical Art),2021,91443,1,0.890625,0.890625,False,4
Printmaking (Practical Art),2021,91448,2,0.838199513381995,0.838199513381995,False,4
Printmaking (Practical Art),2021,91453,1,0.816816816816817,0.816816816816817,False,4
Printmaking (Practical Art),2021,91458,1,0.814199395770393,0.814199395770393,False,12
Sculpture (Practical Art),2021,91454,1,0.907738095238095,0.907738095238095,False,4
Sculpture (Practical Art),2021,91444,1,0.9,0.9,False,4
Sculpture (Practical Art),2021,91449,1,0.884803921568628,0.884803921568628,False,4
Sculpture (Practical Art),2021,91460,2,0.847826086956522,0.847826086956522,False,4
Sculpture (Practical Art),2021,91459,1,0.838028169014085,0.838028169014085,False,8
Health Education,2021,91462,1,0.906434911242604,0.906434911242604,False,5
Health Education,2021,91461,1,0.901506996770721,0.901506996770721,False,5
Health Education,2021,91465,1,0.898916967509025,0.898916967509025,False,5
Health Education,2021,91463,1,0.89567031820553,0.89567031820553,False,5
Health Education,2021,91464,1,0.894542974079127,0.894542974079127,False,4
Home Economics,2021,91466,1,0.955882352941176,0.955882352941176,False,5
Home Economics,2021,91471,1,0.931740614334471,0.931740614334471,False,4
Home Economics,2021,91467,2,0.926636568848759,0.926636568848759,False,5
Home Economics,2021,91468,1,0.923076923076923,0.923076923076923,False,5
Home Economics,2021,91470,1,0.921052631578947,0.921052631578947,False,4
Home Economics,2021,91466,2,0.905958363244795,0.905958363244795,False,1
English,2021,91474,1,0.931862657890055,0.931862657890055,False,4
English,2021,91473,1,0.90069207953422,0.90069207953422,False,4
English,2021,91477,1,0.891134020618557,0.891134020618557,False,3
English,2021,91475,1,0.884594279443035,0.884594279443035,False,6
English,2021,91480,1,0.882524839275278,0.882524839275278,False,3
English,2021,91472,1,0.878386699507389,0.878386699507389,False,4
History of Art,2021,91484,1,0.86875,0.86875,False,4
History of Art,2021,91482,1,0.858823529411765,0.858823529411765,False,4
History of Art,2021,91487,1,0.838951310861423,0.838951310861423,False,4
History of Art,2021,91489,1,0.827361563517915,0.827361563517915,False,4
History of Art,2021,91485,1,0.823943661971831,0.823943661971831,False,4
History of Art,2021,91483,1,0.821078431372549,0.821078431372549,False,4
Media Studies,2021,91497,2,0.894071914480078,0.894071914480078,False,3
Media Studies,2021,91492,2,0.888482632541134,0.888482632541134,False,3
Media Studies,2021,91492,1,0.884615384615385,0.884615384615385,False,3
Media Studies,2021,91493,1,0.883112980769231,0.883112980769231,False,4
Media Studies,2021,91490,1,0.879012345679012,0.879012345679012,False,4
Media Studies,2021,91491,1,0.876414532459798,0.876414532459798,False,3
Physical Education,2021,91504,1,0.973509933774834,0.973509933774834,False,3
Physical Education,2021,91499,1,0.958333333333333,0.958333333333333,False,3
Physical Education,2021,91789,2,0.904837316441117,0.904837316441117,False,4
Physical Education,2021,91505,2,0.904080854309687,0.904080854309687,False,4
Physical Education,2021,91504,2,0.897271487039564,0.897271487039564,False,3
Physical Education,2021,91500,2,0.895378817929393,0.895378817929393,False,4
Latin,2021,91507,1,0.8,0.8,False,5
Latin,2021,91506,1,0.7875,0.7875,False,6
Latin,2021,91508,1,0.672413793103448,0.672413793103448,False,6
Latin,2021,91511,1,0.636363636363636,0.636363636363636,False,3
Latin,2021,91510,1,0.5625,0.5625,False,3
Latin,2021,91509,1,0.543478260869565,0.543478260869565,False,1
Drama,2021,91514,1,0.897216274089936,0.897216274089936,False,4
Drama,2021,91518,1,0.8970736629667,0.8970736629667,False,4
Drama,2021,91519,1,0.889570552147239,0.889570552147239,False,5
Drama,2021,91512,1,0.863636363636364,0.863636363636364,False,4
Drama,2021,91516,1,0.859477124183007,0.859477124183007,False,4
Drama,2021,91513,2,0.84789156626506,0.84789156626506,False,3
Physics,2021,91524,1,0.897698568621948,0.897698568621948,False,6
Physics,2021,91523,1,0.888719267234453,0.888719267234453,False,4
Physics,2021,91526,1,0.883946223803875,0.883946223803875,False,6
Physics,2021,91522,1,0.86,0.86,False,3
Physics,2021,91527,2,0.852363960749331,0.852363960749331,False,3
Physics,2021,91521,1,0.851351351351351,0.851351351351351,False,2
Agriculture & Horticulture,2021,91530,1,0.927152317880795,0.927152317880795,False,5
Agriculture & Horticulture,2021,91531,1,0.923553719008265,0.923553719008265,False,4
Agriculture & Horticulture,2021,91532,1,0.899361022364217,0.899361022364217,False,5
Agriculture & Horticulture,2021,91529,1,0.869617224880383,0.869617224880383,False,6
Agriculture & Horticulture,2021,91528,1,0.864814814814815,0.864814814814815,False,4
Chinese,2021,91536,1,0.741686460807601,0.741686460807601,False,5
Chinese,2021,91533,1,0.73543990086741,0.73543990086741,False,5
Chinese,2021,91534,1,0.601485148514852,0.601485148514852,False,3
Chinese,2021,91537,1,0.573218997361478,0.573218997361478,False,5
Chinese,2021,91535,1,0.569421487603306,0.569421487603306,False,6
Cook Islands Maori,2021,91538,1,0.852272727272727,0.852272727272727,False,5
Cook Islands Maori,2021,91541,1,0.83695652173913,0.83695652173913,False,5
Cook Islands Maori,2021,91540,1,0.805555555555556,0.805555555555556,False,6
Cook Islands Maori,2021,91539,1,0.75,0.75,False,3
Cook Islands Maori,2021,91542,1,0.720338983050848,0.720338983050848,False,5
French,2021,91543,1,0.85180412371134,0.85180412371134,False,5
French,2021,91546,1,0.848060344827586,0.848060344827586,False,5
French,2021,91545,1,0.721311475409836,0.721311475409836,False,6
French,2021,91544,1,0.709809264305177,0.709809264305177,False,3
French,2021,91547,1,0.681262729124236,0.681262729124236,False,5
German,2021,91548,1,0.845454545454546,0.845454545454546,False,5
German,2021,91551,1,0.831395348837209,0.831395348837209,False,5
German,2021,91549,1,0.745283018867925,0.745283018867925,False,3
German,2021,91550,1,0.708333333333333,0.708333333333333,False,6
German,2021,91552,1,0.679245283018868,0.679245283018868,False,5
Japanese,2021,91553,1,0.826612903225807,0.826612903225807,False,5
Japanese,2021,91556,1,0.8076171875,0.8076171875,False,5
Japanese,2021,91554,1,0.728813559322034,0.728813559322034,False,3
Japanese,2021,91555,1,0.718253968253968,0.718253968253968,False,6
Japanese,2021,91557,1,0.705372616984402,0.705372616984402,False,5
Korean,2021,91558,1,0.701612903225807,0.701612903225807,False,5
Korean,2021,91561,1,0.6484375,0.6484375,False,5
Korean,2021,91560,1,0.628571428571429,0.628571428571429,False,6
Korean,2021,91562,1,0.625,0.625,False,5
Korean,2021,91559,1,0.6,0.6,False,3
Samoan,2021,91566,1,0.889250814332248,0.889250814332248,False,5
Samoan,2021,91563,1,0.865646258503401,0.865646258503401,False,5
Samoan,2021,91564,1,0.820783132530121,0.820783132530121,False,3
Samoan,2021,91565,1,0.792642140468228,0.792642140468228,False,6
Samoan,2021,91567,1,0.783076923076923,0.783076923076923,False,5
Spanish,2021,91568,1,0.850931677018634,0.850931677018634,False,5
Spanish,2021,91571,1,0.822192513368984,0.822192513368984,False,5
Spanish,2021,91569,1,0.718354430379747,0.718354430379747,False,3
Spanish,2021,91570,1,0.709205020920502,0.709205020920502,False,6
Spanish,2021,91572,1,0.667525773195876,0.667525773195876,False,5
Calculus,2021,91576,2,0.93593625498008,0.93593625498008,False,2
Calculus,2021,91578,1,0.902897657213317,0.902897657213317,False,6
Calculus,2021,91579,1,0.887853841709994,0.887853841709994,False,6
Calculus,2021,91576,1,0.885714285714286,0.885714285714286,False,2
Calculus,2021,91577,1,0.880058550025831,0.880058550025831,False,5
Calculus,2021,91574,1,0.872580387138058,0.872580387138058,False,3
Statistics,2021,91582,1,0.962962962962963,0.962962962962963,False,4
Statistics,2021,91580,1,0.961538461538462,0.961538461538462,False,4
Statistics,2021,91584,1,0.931470588235294,0.931470588235294,False,4
Statistics,2021,91585,1,0.906778523489933,0.906778523489933,False,4
Statistics,2021,91586,1,0.905889036167393,0.905889036167393,False,4
Statistics,2021,91581,2,0.902612542595803,0.902612542595803,False,4
Dance,2021,91594,1,0.855371900826446,0.855371900826446,False,4
Dance,2021,91595,1,0.814102564102564,0.814102564102564,False,4
Dance,2021,91593,2,0.797058823529412,0.797058823529412,False,4
Dance,2021,91588,2,0.789244186046512,0.789244186046512,False,8
Dance,2021,91589,2,0.783333333333333,0.783333333333333,False,4
Social Studies,2021,91598,1,0.869146005509642,0.869146005509642,False,4
Social Studies,2021,91600,1,0.846744186046512,0.846744186046512,False,4
Social Studies,2021,91597,1,0.831052383199623,0.831052383199623,False,6
Social Studies,2021,91599,1,0.830473218928757,0.830473218928757,False,6
Social Studies,2021,91596,1,0.788187372708758,0.788187372708758,False,4
Biology,2021,91601,1,0.941176470588235,0.941176470588235,False,4
Biology,2021,91602,1,0.9375,0.9375,False,3
Biology,2021,91603,1,0.917859725234996,0.917859725234996,False,5
Biology,2021,91607,1,0.911764705882353,0.911764705882353,False,3
Biology,2021,91605,1,0.893162393162393,0.893162393162393,False,4
Biology,2021,91606,1,0.876957343412527,0.876957343412527,False,4
Technology/Hangarau,2021,91613,1,0.93717277486911,0.93717277486911,False,4
Technology/Hangarau,2021,91619,1,0.915730337078652,0.915730337078652,False,4
Technology/Hangarau,2021,91615,1,0.907079646017699,0.907079646017699,False,4
Technology/Hangarau,2021,91612,1,0.858461538461539,0.858461538461539,False,4
Technology/Hangarau,2021,91617,1,0.8573264781491,0.8573264781491,False,4
Technology/Hangarau,2021,91608,2,0.851864406779661,0.851864406779661,False,4
Construction and Mechanical Technologies,2021,91625,1,0.893939393939394,0.893939393939394,False,3
Construction and Mechanical Technologies,2021,91624,1,0.885321100917431,0.885321100917431,False,3
Construction and Mechanical Technologies,2021,91620,2,0.859390862944163,0.859390862944163,False,6
Construction and Mechanical Technologies,2021,91622,2,0.818511796733212,0.818511796733212,False,4
Construction and Mechanical Technologies,2021,91623,1,0.817524115755627,0.817524115755627,False,4
Construction and Mechanical Technologies,2021,91626,1,0.794047619047619,0.794047619047619,False,4
Design and Visual Communication,2021,91627,1,0.931232876712329,0.931232876712329,False,4
Design and Visual Communication,2021,91629,1,0.909090909090909,0.909090909090909,False,6
Design and Visual Communication,2021,91630,1,0.85296803652968,0.85296803652968,False,6
Design and Visual Communication,2021,91628,2,0.852872670807453,0.852872670807453,False,6
Design and Visual Communication,2021,91631,1,0.852230483271375,0.852230483271375,False,2
Processing Technologies,2021,91643,1,0.976190476190476,0.976190476190476,False,6
Processing Technologies,2021,91644,1,0.873239436619719,0.873239436619719,False,4
Processing Technologies,2021,91643,2,0.846050870147256,0.846050870147256,False,6
Te Reo Māori,2021,91652,1,0.905945419103314,0.905945419103314,False,6
Te Reo Māori,2021,91653,1,0.887931034482759,0.887931034482759,False,6
Te Reo Māori,2021,91654,2,0.846246006389776,0.846246006389776,False,6
Te Reo Māori,2021,91650,1,0.8415,0.8415,False,4
Te Reo Māori,2021,91651,2,0.84037558685446,0.84037558685446,False,2
Tongan,2021,91682,1,0.844827586206897,0.844827586206897,False,5
Tongan,2021,91679,1,0.817796610169492,0.817796610169492,False,5
Tongan,2021,91683,1,0.775862068965517,0.775862068965517,False,5
Tongan,2021,91680,1,0.774390243902439,0.774390243902439,False,3
Tongan,2021,91681,1,0.772727272727273,0.772727272727273,False,6
Te Reo Rangatira,2021,91806,1,0.948051948051948,0.948051948051948,False,4
Te Reo Rangatira,2021,91808,1,0.9,0.9,False,3
Te Reo Rangatira,2021,91804,1,0.895454545454545,0.895454545454545,False,3
Te Reo Rangatira,2021,91805,1,0.852941176470588,0.852941176470588,False,4
Te Reo Rangatira,2021,91817,1,0.847368421052632,0.847368421052632,False,4
Te Reo Rangatira,2021,91809,1,0.830357142857143,0.830357142857143,False,6
Hauora,2021,91814,1,1.0,0.5,True,3
New Zealand Sign Language,2021,91825,1,0.916666666666667,0.916666666666667,False,6
New Zealand Sign Language,2021,91822,1,1.0,0.5,True,5
New Zealand Sign Language,2021,91824,1,1.0,0.5,True,6
Tikanga ā-Iwi,2021,91830,1,0.972222222222222,0.972222222222222,False,4
Tikanga ā-Iwi,2021,91832,1,0.9375,0.9375,False,4
Tikanga ā-Iwi,2021,91833,1,0.93,0.93,False,4
Tikanga ā-Iwi,2021,91829,1,0.928571428571429,0.928571428571429,False,4
Tikanga ā-Iwi,2021,91831,1,0.909090909090909,0.909090909090909,False,4
Tikanga ā-Iwi,2021,91827,1,0.909090909090909,0.909090909090909,False,4
Ngā Mahi a te Rēhia,2021,91852,1,1.0,0.5,True,4
Ngā Toi Puoro,2021,91860,1,0.833333333333333,0.833333333333333,False,4
Ngā Toi Puoro,2021,91862,1,0.833333333333333,0.833333333333333,False,4
Ngā Toi Puoro,2021,91861,1,0.8,0.8,False,4
Ngā Toi Puoro,2021,91863,1,0.8,0.8,False,4
Ngā Toi Puoro,2021,91864,1,0.8,0.8,False,4
Psychology,2021,91876,1,0.887272727272727,0.887272727272727,False,3
Psychology,2021,91874,1,0.846715328467153,0.846715328467153,False,6
Psychology,2021,91875,1,0.845484672742336,0.845484672742336,False,4
Psychology,2021,91872,1,0.842271293375394,0.842271293375394,False,6
Psychology,2021,91873,1,0.825121654501217,0.825121654501217,False,3
Digital Technologies and Hangarau Matihiko,2021,91908,1,0.871247113163972,0.871247113163972,False,3
Digital Technologies and Hangarau Matihiko,2021,91909,1,0.860753676470588,0.860753676470588,False,3
Digital Technologies and Hangarau Matihiko,2021,91901,1,0.831958762886598,0.831958762886598,False,3
Digital Technologies and Hangarau Matihiko,2021,91905,1,0.830882352941177,0.830882352941177,False,4
Digital Technologies and Hangarau Matihiko,2021,91900,1,0.8289592760181,0.8289592760181,False,6
Digital Technologies and Hangarau Matihiko,2021,91907,1,0.816462736373749,0.816462736373749,False,5
Te Ao Haka,2021,91984,1,0.767741935483871,0.767741935483871,False,5
Te Ao Haka,2021,91985,1,0.726744186046512,0.726744186046512,False,5
Te Ao Haka,2021,91987,1,0.710344827586207,0.710344827586207,False,5
Te Ao Haka,2021,91986,1,0.607784431137725,0.607784431137725,False,5
Science - Core,2022,90728,3,1.0,0.5,True,4
Religious Studies,2022,91725,2,0.846541456710948,0.846541456710948,False,6
Religious Studies,2022,90825,3,0.841811617984903,0.841811617984903,False,6
Religious Studies,2022,90827,3,0.839526038619076,0.839526038619076,False,6
Religious Studies,2022,90826,3,0.835299669655498,0.835299669655498,False,6
Education for Sustainability,2022,91736,2,0.930232558139535,0.930232558139535,False,4
Education for Sustainability,2022,90832,3,0.893013100436681,0.893013100436681,False,5
Education for Sustainability,2022,90828,3,0.885514018691589,0.885514018691589,False,6
Education for Sustainability,2022,91735,2,0.885224274406333,0.885224274406333,False,4
Education for Sustainability,2022,90831,3,0.833333333333333,0.833333333333333,False,5
Business Studies,2022,91381,2,0.958698372966208,0.958698372966208,False,4
Business Studies,2022,91379,2,0.956686930091185,0.956686930091185,False,4
Business Studies,2022,91380,2,0.952099737532808,0.952099737532808,False,4
Business Studies,2022,91870,1,0.881031613976706,0.881031613976706,False,4
Business Studies,2022,91385,2,0.877358490566038,0.877358490566038,False,3
Business Studies,2022,91869,1,0.872064276885043,0.872064276885043,False,4
Chemistry,2022,91390,2,0.935838307107976,0.935838307107976,False,5
Chemistry,2022,91391,2,0.932873656459136,0.932873656459136,False,5
Chemistry,2022,91392,2,0.921947004608295,0.921947004608295,False,5
Chemistry,2022,91389,2,0.848421312284164,0.848421312284164,False,3
Chemistry,2022,91389,1,0.833333333333333,0.833333333333333,False,3
Chemistry,2022,91387,2,0.828784925276153,0.828784925276153,False,3
Classical Studies,2022,91395,2,0.936563876651982,0.936563876651982,False,4
Classical Studies,2022,91396,2,0.934979838709677,0.934979838709677,False,6
Classical Studies,2022,91394,2,0.934072345390899,0.934072345390899,False,4
Classical Studies,2022,91398,1,0.875,0.875,False,6
Classical Studies,2022,91398,2,0.834969532836831,0.834969532836831,False,4
Economics,2022,91403,2,0.962692619626926,0.962692619626926,False,6
Economics,2022,91399,2,0.934841628959276,0.934841628959276,False,4
Economics,2022,91400,2,0.927921092564492,0.927921092564492,False,4
Economics,2022,91402,2,0.85,0.85,False,5
Economics,2022,91402,3,0.848660271253722,0.848660271253722,False,5
Accounting,2022,91408,2,0.954666666666667,0.954666666666667,False,4
Accounting,2022,91404,2,0.952586206896552,0.952586206896552,False,4
Accounting,2022,91406,2,0.932033719704953,0.932033719704953,False,5
Accounting,2022,91407,2,0.841283361726292,0.841283361726292,False,5
Accounting,2022,91409,2,0.815361574668378,0.815361574668378,False,4
Accounting,2022,91405,2,0.795355902777778,0.795355902777778,False,2
Earth and Space Science,2022,91413,2,0.961847389558233,0.961847389558233,False,4
Earth and Space Science,2022,91414,2,0.939220183486239,0.939220183486239,False,4
Earth and Space Science,2022,91412,2,0.900265957446809,0.900265957446809,False,4
Earth and Space Science,2022,91410,2,0.896994134897361,0.896994134897361,False,4
Earth and Space Science,2022,91411,2,0.890287769784173,0.890287769784173,False,4
Earth and Space Science,2022,91415,2,0.878439219609805,0.878439219609805,False,4
Music Studies,2022,91423,2,0.950310559006211,0.950310559006211,False,4
Music Studies,2022,91420,2,0.936619718309859,0.936619718309859,False,4
Music Studies,2022,91421,3,0.90921052631579,0.90921052631579,False,4
Music Studies,2022,91425,2,0.825531914893617,0.825531914893617,False,6
Music Studies,2022,91422,2,0.797297297297297,0.797297297297297,False,4
Music Studies,2022,91419,2,0.765796703296703,0.765796703296703,False,2
Geography,2022,91429,2,0.953063418129702,0.953063418129702,False,4
Geography,2022,91426,2,0.943960826985854,0.943960826985854,False,4
Geography,2022,91427,2,0.935351270553064,0.935351270553064,False,4
Geography,2022,91430,2,0.891204668611922,0.891204668611922,False,5
Geography,2022,91432,2,0.878905452317746,0.878905452317746,False,3
Geography,2022,91428,2,0.877661711530735,0.877661711530735,False,3
History,2022,91436,2,0.94564907275321,0.94564907275321,False,4
History,2022,91439,2,0.94044665012407,0.94044665012407,False,6
History,2022,91438,2,0.938428459734167,0.938428459734167,False,6
History,2022,91435,2,0.844422700587084,0.844422700587084,False,5
History,2022,91437,2,0.832727573104246,0.832727573104246,False,3
Design (Practical Art),2022,91455,2,0.935085007727975,0.935085007727975,False,14
Design (Practical Art),2022,91440,2,0.86283185840708,0.86283185840708,False,4
Design (Practical Art),2022,91450,2,0.84289156626506,0.84289156626506,False,4
Design (Practical Art),2022,91445,2,0.836607142857143,0.836607142857143,False,2
Painting (Practical Art),2022,91456,2,0.896082474226804,0.896082474226804,False,14
Painting (Practical Art),2022,91446,2,0.842046718576196,0.842046718576196,False,4
Painting (Practical Art),2022,91451,2,0.83960355987055,0.83960355987055,False,4
Painting (Practical Art),2022,91441,2,0.836099585062241,0.836099585062241,False,2
Photography (Practical Art),2022,91457,2,0.926013805004314,0.926013805004314,False,14
Photography (Practical Art),2022,91452,2,0.872210065645514,0.872210065645514,False,4
Photography (Practical Art),2022,91447,2,0.857084855866829,0.857084855866829,False,4
Photography (Practical Art),2022,91442,2,0.851032448377581,0.851032448377581,False,2
Printmaking (Practical Art),2022,91443,2,0.884615384615385,0.884615384615385,False,4
Printmaking (Practical Art),2022,91453,2,0.852459016393443,0.852459016393443,False,4
Printmaking (Practical Art),2022,91458,2,0.851796407185629,0.851796407185629,False,14
Printmaking (Practical Art),2022,91448,2,0.848086124401914,0.848086124401914,False,2
Sculpture (Practical Art),2022,91454,2,0.910344827586207,0.910344827586207,False,4
Sculpture (Practical Art),2022,91857,1,0.9,0.9,False,4
Sculpture (Practical Art),2022,91460,2,0.859154929577465,0.859154929577465,False,4
Sculpture (Practical Art),2022,91449,2,0.847222222222222,0.847222222222222,False,4
Sculpture (Practical Art),2022,91459,2,0.834415584415584,0.834415584415584,False,8
Health Education,2022,91462,2,0.968146718146718,0.968146718146718,False,5
Health Education,2022,91465,2,0.951342281879195,0.951342281879195,False,5
Health Education,2022,91461,2,0.89800796812749,0.89800796812749,False,5
Health Education,2022,91464,2,0.895785219399538,0.895785219399538,False,4
Health Education,2022,91463,2,0.887798408488064,0.887798408488064,False,5
Home Economics,2022,91471,2,0.940931780366057,0.940931780366057,False,4
Home Economics,2022,91470,2,0.928571428571428,0.928571428571428,False,4
Home Economics,2022,91466,2,0.913713405238829,0.913713405238829,False,5
Home Economics,2022,91467,2,0.907035175879397,0.907035175879397,False,5
Home Economics,2022,91468,2,0.906639004149378,0.906639004149378,False,5
Home Economics,2022,91469,2,0.886861313868613,0.886861313868613,False,1
English,2022,91474,1,0.954847908745247,0.954847908745247,False,4
English,2022,91473,1,0.945585472761428,0.945585472761428,False,4
English,2022,91472,1,0.937527496700396,0.937527496700396,False,4
English,2022,91477,1,0.895343367826905,0.895343367826905,False,3
English,2022,91475,1,0.888892890585608,0.888892890585608,False,6
English,2022,91480,1,0.883990895295903,0.883990895295903,False,3
History of Art,2022,91482,2,0.928152492668622,0.928152492668622,False,4
History of Art,2022,91483,2,0.916879795396419,0.916879795396419,False,4
History of Art,2022,91484,2,0.902857142857143,0.902857142857143,False,4
History of Art,2022,91487,1,0.838879159369527,0.838879159369527,False,4
History of Art,2022,91486,1,0.826226012793177,0.826226012793177,False,4
History of Art,2022,91485,2,0.817472698907956,0.817472698907956,False,4
Media Studies,2022,91490,3,0.963553530751708,0.963553530751708,False,4
Media Studies,2022,91493,3,0.930993456276026,0.930993456276026,False,4
Media Studies,2022,91497,2,0.890350877192982,0.890350877192982,False,3
Media Studies,2022,91492,2,0.879656160458453,0.879656160458453,False,3
Media Studies,2022,91491,2,0.879169104739614,0.879169104739614,False,3
Media Studies,2022,91496,2,0.872535211267606,0.872535211267606,False,3
Physical Education,2022,91505,2,0.912946428571429,0.912946428571429,False,4
Physical Education,2022,91789,2,0.908320726172466,0.908320726172466,False,4
Physical Education,2022,91498,1,0.904761904761905,0.904761904761905,False,4
Physical Education,2022,91504,2,0.899195710455764,0.899195710455764,False,3
Physical Education,2022,91500,2,0.898900625134727,0.898900625134727,False,4
Physical Education,2022,91501,1,0.892857142857143,0.892857142857143,False,4
Latin,2022,91509,1,0.722222222222222,0.722222222222222,False,4
Latin,2022,91511,1,0.7,0.7,False,3
Latin,2022,91510,1,0.666666666666667,0.666666666666667,False,3
Latin,2022,91506,1,0.657894736842105,0.657894736842105,False,6
Latin,2022,91508,1,0.642857142857143,0.642857142857143,False,6
Latin,2022,91507,1,0.583333333333333,0.583333333333333,False,2
Drama,2022,91514,4,0.937677053824363,0.937677053824363,False,4
Drama,2022,91518,3,0.919021739130435,0.919021739130435,False,4
Drama,2022,91519,2,0.855357142857143,0.855357142857143,False,5
Drama,2022,91513,2,0.847457627118644,0.847457627118644,False,5
Drama,2022,91516,2,0.843003412969283,0.843003412969283,False,4
Drama,2022,91512,2,0.84052757793765,0.84052757793765,False,2
Physics,2022,91523,2,0.939990081005125,0.939990081005125,False,4
Physics,2022,91524,2,0.926548042704626,0.926548042704626,False,6
Physics,2022,91526,2,0.925756586109297,0.925756586109297,False,6
Physics,2022,91521,1,0.885135135135135,0.885135135135135,False,4
Physics,2022,91527,2,0.865015974440895,0.865015974440895,False,3
Physics,2022,91521,2,0.85644296542799,0.85644296542799,False,1
Agriculture & Horticulture,2022,91532,2,0.948224852071006,0.948224852071006,False,5
Agriculture & Horticulture,2022,91531,2,0.9453125,0.9453125,False,4
Agriculture & Horticulture,2022,91530,3,0.93312101910828,0.93312101910828,False,5
Agriculture & Horticulture,2022,91529,2,0.877510040160643,0.877510040160643,False,6
Agriculture & Horticulture,2022,91528,2,0.864569083447332,0.864569083447332,False,4
Chinese,2022,91536,1,0.858490566037736,0.858490566037736,False,5
Chinese,2022,91533,2,0.856780735107731,0.856780735107731,False,5
Chinese,2022,91534,1,0.611021069692058,0.611021069692058,False,3
Chinese,2022,91537,1,0.585568326947637,0.585568326947637,False,5
Chinese,2022,91535,1,0.556188925081433,0.556188925081433,False,6
Cook Islands Maori,2022,91538,2,0.967741935483871,0.967741935483871,False,5
Cook Islands Maori,2022,91541,1,0.95,0.95,False,5
Cook Islands Maori,2022,91542,1,0.893617021276596,0.893617021276596,False,5
Cook Islands Maori,2022,91540,1,0.875,0.875,False,6
Cook Islands Maori,2022,91539,1,0.78125,0.78125,False,3
French,2022,91543,2,0.910094637223975,0.910094637223975,False,5
French,2022,91546,1,0.883419689119171,0.883419689119171,False,5
French,2022,91545,1,0.707364341085271,0.707364341085271,False,6
French,2022,91544,1,0.705357142857143,0.705357142857143,False,3
French,2022,91547,1,0.67375,0.67375,False,5
German,2022,91548,2,0.909090909090909,0.909090909090909,False,5
German,2022,91551,1,0.888513513513514,0.888513513513514,False,5
German,2022,91549,1,0.724770642201835,0.724770642201835,False,3
German,2022,91550,1,0.6875,0.6875,False,6
German,2022,91552,1,0.666666666666667,0.666666666666667,False,5
Japanese,2022,91556,1,0.904301075268817,0.904301075268817,False,5
Japanese,2022,91553,2,0.882863340563991,0.882863340563991,False,5
Japanese,2022,91554,1,0.742324561403509,0.742324561403509,False,3
Japanese,2022,91555,1,0.737654320987654,0.737654320987654,False,6
Japanese,2022,91557,1,0.730129390018484,0.730129390018484,False,5
Korean,2022,91558,2,0.791044776119403,0.791044776119403,False,5
Korean,2022,91561,1,0.669117647058824,0.669117647058824,False,5
Korean,2022,91559,1,0.65625,0.65625,False,3
Korean,2022,91562,1,0.632352941176471,0.632352941176471,False,5
Korean,2022,91560,1,0.607142857142857,0.607142857142857,False,6
Samoan,2022,91566,1,0.872,0.872,False,5
Samoan,2022,91563,2,0.864224137931035,0.864224137931035,False,5
Samoan,2022,91567,1,0.802180685358256,0.802180685358256,False,5
Samoan,2022,91564,1,0.781758957654723,0.781758957654723,False,3
Samoan,2022,91565,1,0.78158844765343,0.78158844765343,False,6
Spanish,2022,91571,1,0.907103825136612,0.907103825136612,False,5
Spanish,2022,91568,2,0.904458598726115,0.904458598726115,False,5
Spanish,2022,91570,1,0.770642201834862,0.770642201834862,False,6
Spanish,2022,91569,1,0.72258064516129,0.72258064516129,False,3
Spanish,2022,91572,1,0.700738916256158,0.700738916256158,False,5
Calculus,2022,91576,1,0.965116279069768,0.965116279069768,False,2
Calculus,2022,91578,2,0.932511068943706,0.932511068943706,False,6
Calculus,2022,91579,2,0.932460423139518,0.932460423139518,False,6
Calculus,2022,91576,2,0.929898788783806,0.929898788783806,False,2
Calculus,2022,91577,2,0.895366945688145,0.895366945688145,False,5
Calculus,2022,91587,2,0.870161778046568,0.870161778046568,False,3
Statistics,2022,91584,2,0.958914268762978,0.958914268762978,False,4
Statistics,2022,91585,2,0.953614798079638,0.953614798079638,False,4
Statistics,2022,91586,2,0.944017007491395,0.944017007491395,False,4
Statistics,2022,91582,1,0.923076923076923,0.923076923076923,False,4
Statistics,2022,91581,2,0.897917741103662,0.897917741103662,False,4
Statistics,2022,91583,2,0.897137580794091,0.897137580794091,False,4
Dance,2022,91594,2,0.951515151515151,0.951515151515151,False,4
Dance,2022,91595,2,0.887755102040816,0.887755102040816,False,4
Dance,2022,91589,2,0.848167539267016,0.848167539267016,False,4
Dance,2022,91590,1,0.833333333333333,0.833333333333333,False,4
Dance,2022,91593,2,0.830769230769231,0.830769230769231,False,4
Dance,2022,91591,1,0.777777777777778,0.777777777777778,False,4
Social Studies,2022,91598,2,0.920398009950249,0.920398009950249,False,4
Social Studies,2022,91596,2,0.874233128834356,0.874233128834356,False,4
Social Studies,2022,91600,2,0.838306063522618,0.838306063522618,False,4
Social Studies,2022,91599,2,0.836675461741425,0.836675461741425,False,6
Social Studies,2022,91597,2,0.833178869323448,0.833178869323448,False,6
Biology,2022,91603,3,0.946123015261292,0.946123015261292,False,5
Biology,2022,91605,2,0.942176870748299,0.942176870748299,False,4
Biology,2022,91606,2,0.939086294416244,0.939086294416244,False,4
Biology,2022,91604,1,0.893617021276596,0.893617021276596,False,3
Biology,2022,91601,2,0.849418782502294,0.849418782502294,False,4
Biology,2022,91607,2,0.845980707395498,0.845980707395498,False,3
Technology/Hangarau,2022,91617,3,0.96301775147929,0.96301775147929,False,4
Technology/Hangarau,2022,91613,3,0.939759036144579,0.939759036144579,False,4
Technology/Hangarau,2022,91612,3,0.927350427350427,0.927350427350427,False,4
Technology/Hangarau,2022,91619,3,0.916666666666667,0.916666666666667,False,4
Technology/Hangarau,2022,91614,3,0.892857142857143,0.892857142857143,False,4
Technology/Hangarau,2022,91615,3,0.863636363636364,0.863636363636364,False,4
Construction and Mechanical Technologies,2022,91624,3,0.943548387096774,0.943548387096774,False,3
Construction and Mechanical Technologies,2022,91625,3,0.9125,0.9125,False,3
Construction and Mechanical Technologies,2022,91620,4,0.858580508474576,0.858580508474576,False,6
Construction and Mechanical Technologies,2022,91622,3,0.820851688693098,0.820851688693098,False,4
Construction and Mechanical Technologies,2022,91621,3,0.819722650231125,0.819722650231125,False,6
Construction and Mechanical Technologies,2022,91623,3,0.813059033989267,0.813059033989267,False,2
Design and Visual Communication,2022,91627,3,0.975097929490767,0.975097929490767,False,4
Design and Visual Communication,2022,91631,3,0.898068669527897,0.898068669527897,False,6
Design and Visual Communication,2022,91630,3,0.86949846468782,0.86949846468782,False,6
Design and Visual Communication,2022,91629,3,0.856052344601963,0.856052344601963,False,6
Design and Visual Communication,2022,91628,3,0.85388845247447,0.85388845247447,False,2
Processing Technologies,2022,91644,3,0.854166666666667,0.854166666666667,False,4
Processing Technologies,2022,91643,3,0.851677852348993,0.851677852348993,False,6
Te Reo Māori,2022,91652,2,0.952127659574468,0.952127659574468,False,6
Te Reo Māori,2022,91653,2,0.916783216783217,0.916783216783217,False,6
Te Reo Māori,2022,91651,2,0.851190476190476,0.851190476190476,False,6
Te Reo Māori,2022,91654,2,0.844589096826688,0.844589096826688,False,6
Tongan,2022,91682,1,0.925925925925926,0.925925925925926,False,5
Tongan,2022,91679,1,0.909638554216868,0.909638554216868,False,5
Tongan,2022,91680,1,0.802816901408451,0.802816901408451,False,3
Tongan,2022,91683,1,0.776041666666667,0.776041666666667,False,5
Tongan,2022,91681,1,0.721649484536083,0.721649484536083,False,6
Te Reo Rangatira,2022,91808,2,0.896634615384615,0.896634615384615,False,3
Te Reo Rangatira,2022,91806,1,0.888888888888889,0.888888888888889,False,4
Te Reo Rangatira,2022,91809,1,0.859848484848485,0.859848484848485,False,6
Te Reo Rangatira,2022,91804,1,0.837423312883436,0.837423312883436,False,3
Te Reo Rangatira,2022,91807,1,0.825892857142857,0.825892857142857,False,5
Te Reo Rangatira,2022,91803,1,0.814393939393939,0.814393939393939,False,3
Hauora,2022,91813,1,0.7,0.7,False,3
Hauora,2022,91814,1,0.6,0.6,False,3
Science/Pūtaiao,2022,91821,1,0.833333333333333,0.833333333333333,False,4
Science/Pūtaiao,2022,91818,1,0.5,0.5,False,4
Science/Pūtaiao,2022,91819,1,0.5,0.5,False,4
Science/Pūtaiao,2022,91820,1,0.5,0.5,False,4
New Zealand Sign Language,2022,91822,1,0.75,0.75,False,5
New Zealand Sign Language,2022,91824,1,0.7,0.7,False,6
New Zealand Sign Language,2022,91825,1,0.6,0.6,False,6
New Zealand Sign Language,2022,91823,1,0.5,0.5,False,3
Tikanga ā-Iwi,2022,91828,1,0.984848484848485,0.984848484848485,False,4
Tikanga ā-Iwi,2022,91831,1,0.928571428571429,0.928571428571429,False,4
Tikanga ā-Iwi,2022,91829,1,0.9,0.9,False,4
Tikanga ā-Iwi,2022,91833,1,0.894736842105263,0.894736842105263,False,4
Tikanga ā-Iwi,2022,91826,1,0.847826086956522,0.847826086956522,False,4
Tikanga ā-Iwi,2022,91830,1,0.846153846153846,0.846153846153846,False,4
Ngā Mahi a te Rēhia,2022,91850,1,0.666666666666667,0.666666666666667,False,4
Ngā Mahi a te Rēhia,2022,91853,1,0.5,0.5,False,4
Ngā Toi Puoro,2022,91862,1,0.75,0.75,False,4
Ngā Toi Puoro,2022,91860,1,1.0,0.5,True,4
Ngā Toi Puoro,2022,91861,1,1.0,0.5,True,4
Psychology,2022,91876,1,0.943103448275862,0.943103448275862,False,3
Psychology,2022,91874,1,0.874633000587199,0.874633000587199,False,6
Psychology,2022,91875,1,0.87312030075188,0.87312030075188,False,4
Psychology,2022,91873,1,0.86284355179704,0.86284355179704,False,3
Psychology,2022,91872,1,0.861344537815126,0.861344537815126,False,6
Digital Technologies and Hangarau Matihiko,2022,91909,1,0.927729772191673,0.927729772191673,False,3
Digital Technologies and Hangarau Matihiko,2022,91908,1,0.905233380480905,0.905233380480905,False,3
Digital Technologies and Hangarau Matihiko,2022,91902,1,0.837027379400261,0.837027379400261,False,4
Digital Technologies and Hangarau Matihiko,2022,91907,1,0.823547215496368,0.823547215496368,False,6
Digital Technologies and Hangarau Matihiko,2022,91900,1,0.81638418079096,0.81638418079096,False,6
Digital Technologies and Hangarau Matihiko,2022,91903,1,0.815076228119706,0.815076228119706,False,2
Te Ao Haka,2022,91984,1,0.81549815498155,0.81549815498155,False,5
Te Ao Haka,2022,91985,1,0.754385964912281,0.754385964912281,False,5
Te Ao Haka,2022,91987,1,0.728915662650602,0.728915662650602,False,5
Te Ao Haka,2022,91986,1,0.726829268292683,0.726829268292683,False,5
Religious Studies,2023,90827,2,0.894146817001028,0.894146817001028,False,6
Religious Studies,2023,90825,2,0.865493764869277,0.865493764869277,False,6
Religious Studies,2023,90827,3,0.82613172161367,0.82613172161367,False,6
Religious Studies,2023,91725,2,0.812117724995282,0.812117724995282,False,6
Education for Sustainability,2023,91736,2,0.913206773033033,0.913206773033033,False,4
Education for Sustainability,2023,90831,3,0.902230011442607,0.902230011442607,False,5
Education for Sustainability,2023,90828,3,0.856345291135917,0.856345291135917,False,6
Education for Sustainability,2023,91735,2,0.839269708917247,0.839269708917247,False,4
Education for Sustainability,2023,90832,3,0.810471082794357,0.810471082794357,False,5
Business Studies,2023,91379,2,0.989963593415827,0.989963593415827,False,4
Business Studies,2023,91380,2,0.981021690526486,0.981021690526486,False,4
Business Studies,2023,91381,2,0.975246773981792,0.975246773981792,False,4
Business Studies,2023,91385,2,0.884394938853545,0.884394938853545,False,3
Business Studies,2023,91869,1,0.868873887096046,0.868873887096046,False,4
Business Studies,2023,91871,1,0.866240760659651,0.866240760659651,False,4
Chemistry,2023,91390,2,0.982753270032971,0.982753270032971,False,5
Chemistry,2023,91392,2,0.973752536290052,0.973752536290052,False,5
Chemistry,2023,91389,2,0.829973781465706,0.829973781465706,False,3
Chemistry,2023,91387,2,0.820679717596048,0.820679717596048,False,4
Chemistry,2023,91393,1,0.782255562639797,0.782255562639797,False,3
Chemistry,2023,91388,2,0.750675857789936,0.750675857789936,False,3
Classical Studies,2023,91396,2,0.987114097265663,0.987114097265663,False,6
Classical Studies,2023,91394,2,0.978192302937483,0.978192302937483,False,4
Classical Studies,2023,91395,2,0.964063269129151,0.964063269129151,False,4
Classical Studies,2023,91397,2,0.820697477425986,0.820697477425986,False,6
Classical Studies,2023,91398,2,0.81919634166396,0.81919634166396,False,4
Economics,2023,91400,2,0.980383993929053,0.980383993929053,False,4
Economics,2023,91399,2,0.973991849160969,0.973991849160969,False,4
Economics,2023,91401,1,0.890665770734606,0.890665770734606,False,5
Economics,2023,91402,2,0.887004974659214,0.887004974659214,False,5
Economics,2023,91402,3,0.846540271219035,0.846540271219035,False,5
Economics,2023,91401,2,0.831440964533055,0.831440964533055,False,1
Accounting,2023,91408,2,0.994423082580562,0.99,False,4
Accounting,2023,91404,2,0.984607078492664,0.984607078492664,False,4
Accounting,2023,91406,2,0.960814671332442,0.960814671332442,False,5
Accounting,2023,91407,2,0.821984438906803,0.821984438906803,False,5
Accounting,2023,91409,2,0.778172230161336,0.778172230161336,False,4
Accounting,2023,91405,2,0.770610104555825,0.770610104555825,False,2
Earth and Space Science,2023,91410,1,0.992635962471033,0.99,False,4
Earth and Space Science,2023,91412,1,0.991359489315849,0.99,False,4
Earth and Space Science,2023,91413,2,0.988170198590958,0.988170198590958,False,4
Earth and Space Science,2023,91414,2,0.939103406461207,0.939103406461207,False,4
Earth and Space Science,2023,91410,2,0.8975838791377,0.8975838791377,False,4
Earth and Space Science,2023,91412,2,0.889367079448676,0.889367079448676,False,4
Music Studies,2023,91423,2,0.974279289461371,0.974279289461371,False,4
Music Studies,2023,91419,1,0.973615896264129,0.973615896264129,False,8
Music Studies,2023,91421,3,0.971768061455286,0.971768061455286,False,4
Music Studies,2023,91425,2,0.816361215054684,0.816361215054684,False,6
Music Studies,2023,91422,2,0.767250851755972,0.767250851755972,False,2
Geography,2023,91427,2,0.981284823827409,0.981284823827409,False,4
Geography,2023,91429,2,0.978881306148987,0.978881306148987,False,4
Geography,2023,91426,2,0.970482661534023,0.970482661534023,False,4
Geography,2023,91432,1,0.92399234218355,0.92399234218355,False,3
Geography,2023,91430,1,0.917368560419352,0.917368560419352,False,5
Geography,2023,91430,2,0.898135240350378,0.898135240350378,False,4
History,2023,91434,1,0.98091046787243,0.98091046787243,False,5
History,2023,91436,2,0.980423780133032,0.980423780133032,False,4
History,2023,91438,2,0.9499795726275,0.9499795726275,False,6
History,2023,91435,2,0.82140116424263,0.82140116424263,False,5
History,2023,91434,2,0.817548526469648,0.817548526469648,False,4
Design (Practical Art),2023,91450,1,0.965923118639239,0.965923118639239,False,4
Design (Practical Art),2023,91455,2,0.944258265650177,0.944258265650177,False,14
Design (Practical Art),2023,91445,1,0.922257926995978,0.922257926995978,False,4
Design (Practical Art),2023,91440,2,0.86880673287689,0.86880673287689,False,2
Painting (Practical Art),2023,91456,2,0.925666267445878,0.925666267445878,False,14
Painting (Practical Art),2023,91451,1,0.917868164560984,0.917868164560984,False,4
Painting (Practical Art),2023,91446,1,0.905517813757682,0.905517813757682,False,4
Painting (Practical Art),2023,91451,2,0.823553134056269,0.823553134056269,False,2
Photography (Practical Art),2023,91457,2,0.938664407937909,0.938664407937909,False,14
Photography (Practical Art),2023,91442,2,0.896079149760802,0.896079149760802,False,4
Photography (Practical Art),2023,91452,2,0.881457289587416,0.881457289587416,False,4
Photography (Practical Art),2023,91447,2,0.854872234084534,0.854872234084534,False,2
Printmaking (Practical Art),2023,91448,2,0.850837944133784,0.850837944133784,False,4
Printmaking (Practical Art),2023,91453,2,0.840864586745788,0.840864586745788,False,4
Printmaking (Practical Art),2023,91443,2,0.815256139751606,0.815256139751606,False,4
Printmaking (Practical Art),2023,91458,2,0.790789313542232,0.790789313542232,False,12
Sculpture (Practical Art),2023,91454,1,0.983501938823658,0.983501938823658,False,4
Sculpture (Practical Art),2023,91460,1,0.93947439810257,0.93947439810257,False,4
Sculpture (Practical Art),2023,91459,2,0.870826234770847,0.870826234770847,False,14
Sculpture (Practical Art),2023,91856,1,0.863215488215488,0.863215488215488,False,2
Health Education,2023,91461,1,0.989637988677591,0.989637988677591,False,5
Health Education,2023,91464,1,0.986374314498315,0.986374314498315,False,4
Health Education,2023,91465,2,0.968536644959961,0.968536644959961,False,5
Health Education,2023,91816,1,0.940244661545264,0.940244661545264,False,4
Health Education,2023,91811,1,0.906528241004448,0.906528241004448,False,3
Health Education,2023,91463,1,0.901083113221796,0.901083113221796,False,3
Home Economics,2023,91471,2,0.945711302601828,0.945711302601828,False,4
Home Economics,2023,91470,2,0.922823787212791,0.922823787212791,False,4
Home Economics,2023,91467,2,0.892745186444705,0.892745186444705,False,5
Home Economics,2023,91466,2,0.892208558832693,0.892208558832693,False,5
Home Economics,2023,91468,2,0.892027553467497,0.892027553467497,False,5
Home Economics,2023,91469,2,0.869497912175515,0.869497912175515,False,1
English,2023,91474,1,0.982172315289998,0.982172315289998,False,4
English,2023,91473,1,0.974206367488433,0.974206367488433,False,4
English,2023,91472,1,0.967687339582905,0.967687339582905,False,4
English,2023,91477,1,0.898014307221848,0.898014307221848,False,3
English,2023,91475,1,0.884338221292639,0.884338221292639,False,6
English,2023,91476,1,0.883459329033573,0.883459329033573,False,3
History of Art,2023,91484,2,0.983432610456594,0.983432610456594,False,4
History of Art,2023,91482,2,0.977549362120153,0.977549362120153,False,4
History of Art,2023,91483,2,0.950069838580041,0.950069838580041,False,4
History of Art,2023,91486,1,0.831482791454273,0.831482791454273,False,4
History of Art,2023,91487,1,0.820558817312083,0.820558817312083,False,4
History of Art,2023,91485,2,0.81994620451234,0.81994620451234,False,4
Media Studies,2023,91495,1,0.993530528570626,0.99,False,6
Media Studies,2023,91497,1,0.997071693470231,0.99,False,3
Media Studies,2023,91490,3,0.969013006889417,0.969013006889417,False,4
Media Studies,2023,91493,3,0.946961984522912,0.946961984522912,False,4
Media Studies,2023,91497,2,0.880754677153215,0.880754677153215,False,3
Media Studies,2023,91491,2,0.876887275458836,0.876887275458836,False,3
Physical Education,2023,91503,1,0.987182567777877,0.987182567777877,False,5
Physical Education,2023,91789,2,0.90527211955703,0.90527211955703,False,4
Physical Education,2023,91505,2,0.894898908848543,0.894898908848543,False,4
Physical Education,2023,91500,2,0.893680957551133,0.893680957551133,False,4
Physical Education,2023,91504,2,0.890730173557113,0.890730173557113,False,3
Physical Education,2023,91499,2,0.870785022268438,0.870785022268438,False,3
Latin,2023,91509,1,0.80092678085839,0.80092678085839,False,4
Latin,2023,91507,1,0.682688503183941,0.682688503183941,False,5
Latin,2023,91506,1,0.651933237235216,0.651933237235216,False,6
Latin,2023,91508,1,0.554042445089432,0.554042445089432,False,6
Latin,2023,91510,1,0.5,0.5,False,3
Drama,2023,91512,1,0.984712873996622,0.984712873996622,False,4
Drama,2023,91518,3,0.938830656611243,0.938830656611243,False,4
Drama,2023,91519,2,0.858868632165378,0.858868632165378,False,5
Drama,2023,91513,2,0.849132294491116,0.849132294491116,False,5
Drama,2023,91516,2,0.841714440397357,0.841714440397357,False,4
Drama,2023,91515,2,0.821945232345711,0.821945232345711,False,2
Physics,2023,91521,1,0.997161855841571,0.99,False,4
Physics,2023,91522,1,0.988062996358176,0.988062996358176,False,3
Physics,2023,91523,2,0.974344699764953,0.974344699764953,False,4
Physics,2023,91524,2,0.958341635197101,0.958341635197101,False,6
Physics,2023,91526,2,0.941582076322435,0.941582076322435,False,6
Physics,2023,91525,1,0.931266334333845,0.931266334333845,False,1
Agriculture & Horticulture,2023,91530,3,0.966351836492358,0.966351836492358,False,5
Agriculture & Horticulture,2023,91532,2,0.96540663667963,0.96540663667963,False,5
Agriculture & Horticulture,2023,91531,2,0.95101199248677,0.95101199248677,False,4
Agriculture & Horticulture,2023,91529,2,0.869319016198966,0.869319016198966,False,6
Agriculture & Horticulture,2023,91528,2,0.860468542448151,0.860468542448151,False,4
Chinese,2023,91536,1,0.867225927408383,0.867225927408383,False,5
Chinese,2023,91533,2,0.858486056126283,0.858486056126283,False,5
Chinese,2023,91534,1,0.591885358352901,0.591885358352901,False,3
Chinese,2023,91535,1,0.561825652972423,0.561825652972423,False,6
Chinese,2023,91537,1,0.542332245713984,0.542332245713984,False,5
Cook Islands Maori,2023,91538,2,0.978991802366812,0.978991802366812,False,5
Cook Islands Maori,2023,91541,1,0.939567119137242,0.939567119137242,False,5
Cook Islands Maori,2023,91540,1,0.925521856425425,0.925521856425425,False,6
Cook Islands Maori,2023,91542,1,0.817700377235502,0.817700377235502,False,5
Cook Islands Maori,2023,91539,1,0.812186038191915,0.812186038191915,False,3
French,2023,91543,2,0.941672354712994,0.941672354712994,False,5
French,2023,91546,1,0.905327670110276,0.905327670110276,False,5
French,2023,91545,1,0.689667073803551,0.689667073803551,False,6
French,2023,91544,1,0.666382597616265,0.666382597616265,False,3
French,2023,91547,1,0.624784474010971,0.624784474010971,False,5
German,2023,91548,2,0.920877984089569,0.920877984089569,False,5
German,2023,91551,1,0.903320877988847,0.903320877988847,False,5
German,2023,91550,1,0.626015836810335,0.626015836810335,False,6
German,2023,91552,1,0.618032143478594,0.618032143478594,False,5
German,2023,91549,1,0.602007297935374,0.602007297935374,False,3
Japanese,2023,91553,2,0.927055506636894,0.927055506636894,False,5
Japanese,2023,91556,1,0.910997573389627,0.910997573389627,False,5
Japanese,2023,91557,1,0.724413484476656,0.724413484476656,False,5
Japanese,2023,91555,1,0.713560877659113,0.713560877659113,False,6
Japanese,2023,91554,1,0.703233516634717,0.703233516634717,False,3
Korean,2023,91561,1,0.832498788014229,0.832498788014229,False,5
Korean,2023,91558,2,0.76086093226806,0.76086093226806,False,5
Korean,2023,91559,1,0.719281068078181,0.719281068078181,False,3
Korean,2023,91562,1,0.596091239571397,0.596091239571397,False,5
Korean,2023,91560,1,0.519509875188863,0.519509875188863,False,6
Samoan,2023,91566,1,0.916947892714292,0.916947892714292,False,5
Samoan,2023,91563,2,0.86682474281135,0.86682474281135,False,5
Samoan,2023,91564,1,0.784789467823943,0.784789467823943,False,3
Samoan,2023,91565,1,0.773282380253801,0.773282380253801,False,6
Samoan,2023,91567,1,0.736114509881796,0.736114509881796,False,5
Spanish,2023,91571,1,0.967565852763502,0.967565852763502,False,5
Spanish,2023,91568,2,0.95467218366057,0.95467218366057,False,5
Spanish,2023,91569,1,0.730274029350836,0.730274029350836,False,3
Spanish,2023,91570,1,0.695692999042125,0.695692999042125,False,6
Spanish,2023,91572,1,0.65521427883931,0.65521427883931,False,5
Calculus,2023,91579,2,0.994464481075152,0.99,False,6
Calculus,2023,91578,2,0.997163988550868,0.99,False,6
Calculus,2023,91577,2,0.971338165307098,0.971338165307098,False,5
Calculus,2023,91587,1,0.970909517035658,0.970909517035658,False,3
Calculus,2023,91576,1,0.937544984566226,0.937544984566226,False,2
Calculus,2023,91576,2,0.927900695989071,0.927900695989071,False,2
Statistics,2023,91586,2,0.996499530831703,0.99,False,4
Statistics,2023,91585,2,0.971122772334027,0.971122772334027,False,4
Statistics,2023,91581,1,0.963293430725946,0.963293430725946,False,4
Statistics,2023,91582,1,0.960893403810044,0.960893403810044,False,4
Statistics,2023,91581,2,0.899781202780334,0.899781202780334,False,4
Statistics,2023,91580,2,0.897162035753767,0.897162035753767,False,4
Dance,2023,91595,2,0.93689208438442,0.93689208438442,False,4
Dance,2023,91589,2,0.828521952605072,0.828521952605072,False,4
Dance,2023,91593,2,0.759832195547768,0.759832195547768,False,4
Dance,2023,91589,1,0.744930621335722,0.744930621335722,False,4
Dance,2023,91590,2,0.736797923167404,0.736797923167404,False,4
Dance,2023,91590,1,0.721365824401972,0.721365824401972,False,4
Social Studies,2023,91598,2,0.920599305274474,0.920599305274474,False,4
Social Studies,2023,91596,2,0.876799234066566,0.876799234066566,False,4
Social Studies,2023,91600,2,0.829677292597168,0.829677292597168,False,4
Social Studies,2023,91599,2,0.823314419310357,0.823314419310357,False,6
Social Studies,2023,91597,2,0.806992980000232,0.806992980000232,False,6
Biology,2023,91605,2,0.998417127943633,0.99,False,4
Biology,2023,91604,1,0.984766314723937,0.984766314723937,False,3
Biology,2023,91606,2,0.96586227394262,0.96586227394262,False,4
Biology,2023,91607,2,0.865264286956287,0.865264286956287,False,3
Biology,2023,91601,2,0.844224291991364,0.844224291991364,False,4
Biology,2023,91604,2,0.816931764845591,0.816931764845591,False,3
Technology/Hangarau,2023,91613,3,0.980686658245335,0.980686658245335,False,4
Technology/Hangarau,2023,91611,2,0.975873951636213,0.975873951636213,False,6
Technology/Hangarau,2023,91617,3,0.967225567907809,0.967225567907809,False,4
Technology/Hangarau,2023,91612,3,0.956652777957355,0.956652777957355,False,4
Technology/Hangarau,2023,91614,3,0.94936660935879,0.94936660935879,False,4
Technology/Hangarau,2023,91618,3,0.906328651729751,0.906328651729751,False,2
Construction and Mechanical Technologies,2023,91624,3,0.981632708354405,0.981632708354405,False,3
Construction and Mechanical Technologies,2023,91620,3,0.979941678835412,0.979941678835412,False,6
Construction and Mechanical Technologies,2023,91621,2,0.900309738753758,0.900309738753758,False,6
Construction and Mechanical Technologies,2023,91625,3,0.890410638664356,0.890410638664356,False,3
Construction and Mechanical Technologies,2023,91620,4,0.836410045218793,0.836410045218793,False,6
Design and Visual Communication,2023,91630,3,0.877126212967236,0.877126212967236,False,6
Design and Visual Communication,2023,91631,3,0.856635682721832,0.856635682721832,False,6
Design and Visual Communication,2023,91629,3,0.845603214696068,0.845603214696068,False,6
Design and Visual Communication,2023,91628,3,0.833196037234921,0.833196037234921,False,6
Processing Technologies,2023,91644,3,0.869978751691546,0.869978751691546,False,4
Processing Technologies,2023,91643,3,0.854482231118513,0.854482231118513,False,6
Te Reo Māori,2023,91652,2,0.968494407989031,0.968494407989031,False,6
Te Reo Māori,2023,91653,2,0.930613689311833,0.930613689311833,False,6
Te Reo Māori,2023,91651,1,0.869738640312551,0.869738640312551,False,6
Te Reo Māori,2023,91654,1,0.85952162688059,0.85952162688059,False,6
Tongan,2023,91682,1,0.881175171686588,0.881175171686588,False,5
Tongan,2023,91679,1,0.826770949985573,0.826770949985573,False,5
Tongan,2023,91681,1,0.788215035997134,0.788215035997134,False,6
Tongan,2023,91680,1,0.784231882474507,0.784231882474507,False,3
Tongan,2023,91683,1,0.752106230676439,0.752106230676439,False,5
Te Reo Rangatira,2023,91806,1,0.959146525856635,0.959146525856635,False,4
Te Reo Rangatira,2023,91808,2,0.944717982023971,0.944717982023971,False,3
Te Reo Rangatira,2023,91804,1,0.939057237103865,0.939057237103865,False,3
Te Reo Rangatira,2023,91817,1,0.826552796822088,0.826552796822088,False,4
Te Reo Rangatira,2023,91803,1,0.818182889346136,0.818182889346136,False,3
Te Reo Rangatira,2023,91810,1,0.800229221833919,0.800229221833919,False,4
Hauora,2023,91813,1,0.981014158885263,0.981014158885263,False,3
Hauora,2023,91814,1,1.0,0.5,True,3
Science/Pūtaiao,2023,91821,1,0.930129584283913,0.930129584283913,False,4
Science/Pūtaiao,2023,91818,1,0.913656914674944,0.913656914674944,False,4
Science/Pūtaiao,2023,91820,1,0.898361103355435,0.898361103355435,False,4
Science/Pūtaiao,2023,91819,1,0.855076775260378,0.855076775260378,False,4
New Zealand Sign Language,2023,91822,1,0.985023020459557,0.985023020459557,False,5
New Zealand Sign Language,2023,91824,1,0.901762280074567,0.901762280074567,False,6
New Zealand Sign Language,2023,91825,1,0.864991990435298,0.864991990435298,False,6
New Zealand Sign Language,2023,91823,1,0.852192119355169,0.852192119355169,False,3
Tikanga ā-Iwi,2023,91829,1,0.940206273261954,0.940206273261954,False,4
Tikanga ā-Iwi,2023,91828,1,0.880845684666598,0.880845684666598,False,4
Tikanga ā-Iwi,2023,91832,1,0.867109184996751,0.867109184996751,False,4
Tikanga ā-Iwi,2023,91831,1,0.82578330624225,0.82578330624225,False,4
Tikanga ā-Iwi,2023,91835,1,0.694721151517782,0.694721151517782,False,4
Tikanga ā-Iwi,2023,91830,1,0.666666666666667,0.666666666666667,False,4
Ngā Mahi a te Rēhia,2023,91850,1,0.75,0.75,False,4
Ngā Toi Puoro,2023,91862,1,0.817948718573256,0.817948718573256,False,4
Psychology,2023,91876,1,0.979639935201406,0.979639935201406,False,3
Psychology,2023,91872,1,0.862663029883183,0.862663029883183,False,6
Psychology,2023,91874,1,0.858434229406325,0.858434229406325,False,6
Psychology,2023,91875,1,0.854967154009135,0.854967154009135,False,4
Psychology,2023,91873,1,0.830556421279202,0.830556421279202,False,3
Digital Technologies and Hangarau Matihiko,2023,91909,1,0.933908455398481,0.933908455398481,False,3
Digital Technologies and Hangarau Matihiko,2023,91908,1,0.923604918715951,0.923604918715951,False,3
Digital Technologies and Hangarau Matihiko,2023,91907,1,0.797075547741637,0.797075547741637,False,6
Digital Technologies and Hangarau Matihiko,2023,91902,1,0.78932173148582,0.78932173148582,False,4
Digital Technologies and Hangarau Matihiko,2023,91903,1,0.788830742362277,0.788830742362277,False,4
Digital Technologies and Hangarau Matihiko,2023,91900,1,0.786593654367177,0.786593654367177,False,4
Te Ao Haka,2023,91984,1,0.923793339710432,0.923793339710432,False,5
Te Ao Haka,2023,91987,2,0.859309038606268,0.859309038606268,False,5
Te Ao Haka,2023,91986,2,0.801550471413576,0.801550471413576,False,5
Te Ao Haka,2023,91985,1,0.79397372573886,0.79397372573886,False,5
Te Ao Haka,2023,91984,2,0.763056760434527,0.763056760434527,False,4
Religious Studies,2024,91725,1,0.986746683826753,0.986746683826753,False,6
Religious Studies,2024,91725,2,0.836016756819454,0.836016756819454,False,6
Religious Studies,2024,90827,3,0.834685879714404,0.834685879714404,False,6
Religious Studies,2024,90825,3,0.821314472951603,0.821314472951603,False,6
Education for Sustainability,2024,90831,3,0.914178759350001,0.914178759350001,False,5
Education for Sustainability,2024,90832,3,0.888157999674715,0.888157999674715,False,5
Education for Sustainability,2024,91736,2,0.883588550316876,0.883588550316876,False,4
Education for Sustainability,2024,90828,3,0.858745691886404,0.858745691886404,False,6
Education for Sustainability,2024,91735,2,0.828364941166139,0.828364941166139,False,4
Business Studies,2024,91383,1,0.989921408215302,0.989921408215302,False,3
Business Studies,2024,91379,2,0.98544103530674,0.98544103530674,False,4
Business Studies,2024,91382,1,0.98440709994672,0.98440709994672,False,6
Business Studies,2024,91381,2,0.981849587744988,0.981849587744988,False,4
Business Studies,2024,91380,2,0.970927432670487,0.970927432670487,False,4
Business Studies,2024,91870,1,0.884261839442528,0.884261839442528,False,3
Chemistry,2024,91390,2,0.99921829149962,0.99,False,5
Chemistry,2024,91393,1,0.967998240772951,0.967998240772951,False,3
Chemistry,2024,91392,2,0.963431474708364,0.963431474708364,False,5
Chemistry,2024,91389,2,0.844149457008733,0.844149457008733,False,3
Chemistry,2024,91387,2,0.824445347516404,0.824445347516404,False,4
Chemistry,2024,91389,1,0.810891677738529,0.810891677738529,False,3
Classical Studies,2024,91394,2,0.981440266520598,0.981440266520598,False,4
Classical Studies,2024,91396,2,0.980790406665892,0.980790406665892,False,6
Classical Studies,2024,91395,2,0.9628898750425,0.9628898750425,False,4
Classical Studies,2024,91398,2,0.807161417705137,0.807161417705137,False,6
Classical Studies,2024,91397,2,0.80576459671462,0.80576459671462,False,4
Economics,2024,91400,2,0.978478939816643,0.978478939816643,False,4
Economics,2024,91399,2,0.969991622259507,0.969991622259507,False,4
Economics,2024,91402,2,0.878800538573942,0.878800538573942,False,5
Economics,2024,91402,3,0.844725090212779,0.844725090212779,False,5
Economics,2024,91401,2,0.82744922944749,0.82744922944749,False,5
Economics,2024,91403,2,1.0,0.5,True,1
Accounting,2024,91408,2,0.989953424524634,0.989953424524634,False,4
Accounting,2024,91406,2,0.971629497501371,0.971629497501371,False,5
Accounting,2024,91404,2,0.96464616905649,0.96464616905649,False,4
Accounting,2024,91407,2,0.840785479628402,0.840785479628402,False,5
Accounting,2024,91409,2,0.793739382295681,0.793739382295681,False,4
Accounting,2024,91405,2,0.764136494154235,0.764136494154235,False,2
Earth and Space Science,2024,91412,1,0.991155382202272,0.99,False,4
Earth and Space Science,2024,91413,2,0.998774694885929,0.99,False,4
Earth and Space Science,2024,91414,2,0.945196433509187,0.945196433509187,False,4
Earth and Space Science,2024,91410,2,0.898028746092206,0.898028746092206,False,4
Earth and Space Science,2024,91412,2,0.872966587114014,0.872966587114014,False,4
Earth and Space Science,2024,91411,2,0.871283304416464,0.871283304416464,False,4
Music Studies,2024,91421,3,0.969281139399461,0.969281139399461,False,4
Music Studies,2024,91425,2,0.813985071051823,0.813985071051823,False,6
Music Studies,2024,91416,1,0.802742020462055,0.802742020462055,False,8
Music Studies,2024,91422,2,0.747367066614868,0.747367066614868,False,4
Music Studies,2024,91419,2,0.747286952343775,0.747286952343775,False,2
Geography,2024,91432,1,0.992544972117581,0.99,False,3
Geography,2024,91429,2,0.987506139806606,0.987506139806606,False,4
Geography,2024,91427,2,0.983673405129975,0.983673405129975,False,4
Geography,2024,91426,2,0.968161875328812,0.968161875328812,False,4
Geography,2024,91430,2,0.880635746592899,0.880635746592899,False,5
Geography,2024,91428,2,0.876840884700069,0.876840884700069,False,3
History,2024,91436,2,0.98585523171426,0.98585523171426,False,4
History,2024,91435,1,0.985089084147443,0.985089084147443,False,5
History,2024,91434,1,0.981838352081373,0.981838352081373,False,5
History,2024,91439,2,0.970887454850967,0.970887454850967,False,6
History,2024,91438,2,0.968329439300596,0.968329439300596,False,4
Design (Practical Art),2024,91450,1,0.985671932407706,0.985671932407706,False,4
Design (Practical Art),2024,91445,1,0.979209037299368,0.979209037299368,False,4
Design (Practical Art),2024,91455,2,0.936624771491651,0.936624771491651,False,14
Design (Practical Art),2024,91440,2,0.877958439562941,0.877958439562941,False,2
Painting (Practical Art),2024,91456,2,0.916035583251078,0.916035583251078,False,14
Painting (Practical Art),2024,91441,2,0.831539527470915,0.831539527470915,False,4
Painting (Practical Art),2024,91451,2,0.82580850535661,0.82580850535661,False,4
Painting (Practical Art),2024,91446,2,0.80597854032449,0.80597854032449,False,2
Photography (Practical Art),2024,91452,1,0.99274349497638,0.99,False,4
Photography (Practical Art),2024,91457,2,0.932489681501594,0.932489681501594,False,14
Photography (Practical Art),2024,91442,2,0.890111371195252,0.890111371195252,False,4
Photography (Practical Art),2024,91452,2,0.876167197532538,0.876167197532538,False,2
Printmaking (Practical Art),2024,91453,2,0.861206733542754,0.861206733542754,False,4
Printmaking (Practical Art),2024,91448,2,0.856302285486499,0.856302285486499,False,4
Printmaking (Practical Art),2024,91443,2,0.840712312077024,0.840712312077024,False,4
Printmaking (Practical Art),2024,91458,2,0.793475174779644,0.793475174779644,False,12
Sculpture (Practical Art),2024,91449,1,0.99384939175573,0.99,False,4
Sculpture (Practical Art),2024,91454,1,0.990233289128158,0.99,False,4
Sculpture (Practical Art),2024,91856,1,0.992693051984756,0.99,False,4
Sculpture (Practical Art),2024,91855,1,0.931499644823763,0.931499644823763,False,4
Sculpture (Practical Art),2024,91459,2,0.910616702443035,0.910616702443035,False,8
Health Education,2024,91464,1,0.988431736177206,0.988431736177206,False,4
Health Education,2024,91465,2,0.97370508749098,0.97370508749098,False,5
Health Education,2024,91461,1,0.973131710970397,0.973131710970397,False,5
Health Education,2024,91816,1,0.970611373646362,0.970611373646362,False,4
Health Education,2024,91463,1,0.964115206651423,0.964115206651423,False,5
Health Education,2024,91811,1,0.961472602953767,0.961472602953767,False,1
Home Economics,2024,91470,2,0.987910364559799,0.987910364559799,False,4
Home Economics,2024,91471,2,0.936812440183158,0.936812440183158,False,4
Home Economics,2024,91467,2,0.889139351098808,0.889139351098808,False,5
Home Economics,2024,91466,2,0.882319960530619,0.882319960530619,False,5
Home Economics,2024,91469,2,0.869962255646889,0.869962255646889,False,5
Home Economics,2024,91468,2,0.866115896913582,0.866115896913582,False,1
English,2024,91474,1,0.983540739842826,0.983540739842826,False,4
English,2024,91473,1,0.973596413648566,0.973596413648566,False,4
English,2024,91472,1,0.969442910269399,0.969442910269399,False,4
English,2024,91477,1,0.889664573790959,0.889664573790959,False,3
English,2024,91475,1,0.883013841439461,0.883013841439461,False,6
English,2024,91476,1,0.879357592864824,0.879357592864824,False,3
History of Art,2024,91482,2,0.966072757937015,0.966072757937015,False,4
History of Art,2024,91484,2,0.954797586863713,0.954797586863713,False,4
History of Art,2024,91483,2,0.938552124973467,0.938552124973467,False,4
History of Art,2024,91485,2,0.821321674665652,0.821321674665652,False,4
History of Art,2024,91489,1,0.817496742987832,0.817496742987832,False,4
History of Art,2024,91486,1,0.797081500555398,0.797081500555398,False,4
Media Studies,2024,91490,3,0.993976370316876,0.99,False,4
Media Studies,2024,91493,3,0.962516725517513,0.962516725517513,False,4
Media Studies,2024,91497,2,0.896892214552915,0.896892214552915,False,3
Media Studies,2024,91492,2,0.893382544459489,0.893382544459489,False,3
Media Studies,2024,91495,2,0.861708821670124,0.861708821670124,False,6
Media Studies,2024,91491,2,0.858182870207447,0.858182870207447,False,3
Physical Education,2024,91789,1,0.989881114444,0.989881114444,False,4
Physical Education,2024,91501,1,0.983198128182643,0.983198128182643,False,4
Physical Education,2024,91498,1,0.927249027439278,0.927249027439278,False,4
Physical Education,2024,91812,1,0.897141779322764,0.897141779322764,False,5
Physical Education,2024,91789,2,0.885638532455453,0.885638532455453,False,4
Physical Education,2024,91505,2,0.881242391891768,0.881242391891768,False,3
Latin,2024,91510,1,0.75,0.75,False,3
Latin,2024,91507,1,0.667832254626923,0.667832254626923,False,5
Latin,2024,91508,1,0.620816302397177,0.620816302397177,False,6
Latin,2024,91506,1,0.574264135757464,0.574264135757464,False,6
Latin,2024,91509,1,0.5,0.5,False,4
Drama,2024,91515,1,0.979832773680365,0.979832773680365,False,4
Drama,2024,91514,4,0.974986043211209,0.974986043211209,False,4
Drama,2024,91518,3,0.941586649261906,0.941586649261906,False,4
Drama,2024,91519,2,0.877440922131721,0.877440922131721,False,5
Drama,2024,91513,2,0.834073700254852,0.834073700254852,False,5
Drama,2024,91516,2,0.815416216147131,0.815416216147131,False,2
Physics,2024,91525,1,0.988667073126358,0.988667073126358,False,3
Physics,2024,91523,2,0.979741229622109,0.979741229622109,False,4
Physics,2024,91524,2,0.975292831965469,0.975292831965469,False,6
Physics,2024,91526,2,0.952918230777404,0.952918230777404,False,6
Physics,2024,91527,1,0.925768881584413,0.925768881584413,False,3
Physics,2024,91521,2,0.855321689590704,0.855321689590704,False,2
Agriculture & Horticulture,2024,91532,2,0.963451634911792,0.963451634911792,False,5
Agriculture & Horticulture,2024,91530,3,0.947534446680988,0.947534446680988,False,5
Agriculture & Horticulture,2024,91531,2,0.946164923216264,0.946164923216264,False,4
Agriculture & Horticulture,2024,91529,2,0.875175999223621,0.875175999223621,False,6
Agriculture & Horticulture,2024,91528,2,0.867157365824703,0.867157365824703,False,4
Chinese,2024,91533,2,0.872512049846951,0.872512049846951,False,5
Chinese,2024,91536,1,0.854746455954866,0.854746455954866,False,5
Chinese,2024,91534,1,0.568189168267081,0.568189168267081,False,3
Chinese,2024,91537,1,0.55334594795284,0.55334594795284,False,5
Chinese,2024,91535,1,0.538188006598514,0.538188006598514,False,6
Cook Islands Maori,2024,91541,1,0.923394123343838,0.923394123343838,False,5
Cook Islands Maori,2024,91540,1,0.860137519438299,0.860137519438299,False,6
Cook Islands Maori,2024,91542,1,0.837381844571474,0.837381844571474,False,5
Cook Islands Maori,2024,91539,1,0.771208901462361,0.771208901462361,False,3
Cook Islands Maori,2024,91538,2,1.0,0.5,True,5
French,2024,91543,2,0.947739658009725,0.947739658009725,False,5
French,2024,91546,1,0.923758957568002,0.923758957568002,False,5
French,2024,91544,1,0.686624509619795,0.686624509619795,False,3
French,2024,91545,1,0.685935239919584,0.685935239919584,False,6
French,2024,91547,1,0.649531370649515,0.649531370649515,False,5
German,2024,91548,2,0.928470865378911,0.928470865378911,False,5
German,2024,91551,1,0.904270292709629,0.904270292709629,False,5
German,2024,91549,1,0.62746472023978,0.62746472023978,False,3
German,2024,91552,1,0.606957969518935,0.606957969518935,False,5
German,2024,91550,1,0.57705428181569,0.57705428181569,False,6
Japanese,2024,91553,2,0.916296105479586,0.916296105479586,False,5
Japanese,2024,91556,1,0.88634328218257,0.88634328218257,False,5
Japanese,2024,91555,1,0.737712810248203,0.737712810248203,False,6
Japanese,2024,91557,1,0.70602418083731,0.70602418083731,False,5
Japanese,2024,91554,1,0.705508419597987,0.705508419597987,False,3
Korean,2024,91558,2,0.736606077772789,0.736606077772789,False,5
Korean,2024,91561,1,0.733638375151547,0.733638375151547,False,5
Korean,2024,91559,1,0.700236952205408,0.700236952205408,False,3
Korean,2024,91562,1,0.557333482698828,0.557333482698828,False,5
Korean,2024,91560,1,0.55036236062729,0.55036236062729,False,6
Samoan,2024,91563,2,0.933661509204867,0.933661509204867,False,5
Samoan,2024,91566,1,0.930643635478868,0.930643635478868,False,5
Samoan,2024,91564,1,0.811924842237582,0.811924842237582,False,3
Samoan,2024,91565,1,0.787065026679996,0.787065026679996,False,6
Samoan,2024,91567,1,0.772357372658389,0.772357372658389,False,5
Spanish,2024,91571,1,0.962296027652524,0.962296027652524,False,5
Spanish,2024,91568,2,0.927567284962224,0.927567284962224,False,5
Spanish,2024,91570,1,0.720605908820819,0.720605908820819,False,6
Spanish,2024,91569,1,0.681366407892314,0.681366407892314,False,3
Spanish,2024,91572,1,0.67288778026054,0.67288778026054,False,5
Calculus,2024,91578,2,0.976642049465597,0.976642049465597,False,6
Calculus,2024,91579,2,0.958000681511535,0.958000681511535,False,6
Calculus,2024,91576,2,0.930870224518299,0.930870224518299,False,2
Calculus,2024,91577,2,0.921679714893294,0.921679714893294,False,5
Calculus,2024,91587,1,0.87198714029547,0.87198714029547,False,3
Calculus,2024,91573,1,0.855752534113148,0.855752534113148,False,2
Statistics,2024,91580,1,0.999033591383261,0.99,False,4
Statistics,2024,91581,1,0.999349030707429,0.99,False,4
Statistics,2024,91583,1,0.997647104370644,0.99,False,4
Statistics,2024,91585,2,0.994974943865068,0.99,False,4
Statistics,2024,91584,2,0.976904271216204,0.976904271216204,False,4
Statistics,2024,91581,2,0.889701958135266,0.889701958135266,False,4
Dance,2024,91594,2,0.992094920984003,0.99,False,4
Dance,2024,91595,2,0.995501740116129,0.99,False,4
Dance,2024,91591,1,0.789423994062872,0.789423994062872,False,4
Dance,2024,91589,2,0.768016384006698,0.768016384006698,False,4
Dance,2024,91593,2,0.756948049158375,0.756948049158375,False,4
Dance,2024,91590,2,0.745153332432467,0.745153332432467,False,4
Social Studies,2024,91600,1,0.985532354425144,0.985532354425144,False,4
Social Studies,2024,91599,1,0.98105452259215,0.98105452259215,False,6
Social Studies,2024,91598,2,0.93049198125792,0.93049198125792,False,4
Social Studies,2024,91596,2,0.875904536518301,0.875904536518301,False,4
Social Studies,2024,91600,2,0.836028339309414,0.836028339309414,False,4
Social Studies,2024,91599,2,0.817036361411673,0.817036361411673,False,2
Biology,2024,91601,1,0.99383576274064,0.99,False,4
Biology,2024,91605,2,0.998716378185025,0.99,False,4
Biology,2024,91606,2,0.967057779021122,0.967057779021122,False,4
Biology,2024,91607,1,0.900357732103133,0.900357732103133,False,3
Biology,2024,91602,1,0.886558098193657,0.886558098193657,False,3
Biology,2024,91607,2,0.859461619649805,0.859461619649805,False,3
Technology/Hangarau,2024,91617,3,0.985176679217064,0.985176679217064,False,4
Technology/Hangarau,2024,91611,2,0.98234272243734,0.98234272243734,False,6
Technology/Hangarau,2024,91608,1,0.977104552319896,0.977104552319896,False,4
Technology/Hangarau,2024,91608,2,0.977104552319896,0.977104552319896,False,4
Technology/Hangarau,2024,91612,3,0.95939846414957,0.95939846414957,False,4
Technology/Hangarau,2024,91614,3,0.954505160899667,0.954505160899667,False,2
Construction and Mechanical Technologies,2024,91624,3,0.918072356392591,0.918072356392591,False,3
Construction and Mechanical Technologies,2024,91620,3,0.91207837380161,0.91207837380161,False,6
Construction and Mechanical Technologies,2024,91625,3,0.866015701523343,0.866015701523343,False,3
Construction and Mechanical Technologies,2024,91620,4,0.854001496780894,0.854001496780894,False,6
Construction and Mechanical Technologies,2024,91623,3,0.811315590817878,0.811315590817878,False,4
Construction and Mechanical Technologies,2024,91622,3,0.805263854220483,0.805263854220483,False,2
Design and Visual Communication,2024,91630,2,0.994923269726759,0.99,False,6
Design and Visual Communication,2024,91628,2,0.984974602123622,0.984974602123622,False,6
Design and Visual Communication,2024,91630,3,0.868283511906375,0.868283511906375,False,6
Design and Visual Communication,2024,91631,3,0.851477122538423,0.851477122538423,False,6
Processing Technologies,2024,91644,3,0.895014718923961,0.895014718923961,False,4
Processing Technologies,2024,91644,1,0.86902461991406,0.86902461991406,False,4
Processing Technologies,2024,91643,3,0.836766336596375,0.836766336596375,False,6
Processing Technologies,2024,91643,1,0.809408525221285,0.809408525221285,False,6
Te Reo Māori,2024,91651,1,0.991109078231553,0.99,False,6
Te Reo Māori,2024,91654,1,0.989069515522297,0.989069515522297,False,6
Te Reo Māori,2024,91652,2,0.958520810552058,0.958520810552058,False,6
Te Reo Māori,2024,91653,2,0.923038863977415,0.923038863977415,False,6
Tongan,2024,91679,1,0.889882766728742,0.889882766728742,False,5
Tongan,2024,91682,1,0.878022660702624,0.878022660702624,False,5
Tongan,2024,91683,1,0.785490428109025,0.785490428109025,False,5
Tongan,2024,91680,1,0.781138061780099,0.781138061780099,False,3
Tongan,2024,91681,1,0.776862843256789,0.776862843256789,False,6
Te Reo Rangatira,2024,91804,1,0.957479344644404,0.957479344644404,False,3
Te Reo Rangatira,2024,91808,2,0.948961780978171,0.948961780978171,False,3
Te Reo Rangatira,2024,91806,1,0.919258120155653,0.919258120155653,False,4
Te Reo Rangatira,2024,91803,1,0.888303573039376,0.888303573039376,False,3
Te Reo Rangatira,2024,91809,1,0.863356765931732,0.863356765931732,False,6
Te Reo Rangatira,2024,91807,1,0.847743285099795,0.847743285099795,False,5
Hauora,2024,91813,1,1.0,0.5,True,3
Hauora,2024,91814,1,1.0,0.5,True,3
Science/Pūtaiao,2024,91818,1,0.880305395974087,0.880305395974087,False,4
Science/Pūtaiao,2024,91820,1,0.831242526210293,0.831242526210293,False,4
Science/Pūtaiao,2024,91821,1,0.622790411321584,0.622790411321584,False,4
Science/Pūtaiao,2024,91819,1,0.601884701486308,0.601884701486308,False,4
New Zealand Sign Language,2024,91822,1,0.95764990829249,0.95764990829249,False,5
New Zealand Sign Language,2024,91825,1,0.8720056631184,0.8720056631184,False,6
New Zealand Sign Language,2024,91823,1,0.849089338519831,0.849089338519831,False,3
New Zealand Sign Language,2024,91824,1,0.841940045697089,0.841940045697089,False,6
Tikanga ā-Iwi,2024,91829,1,0.955249925672342,0.955249925672342,False,4
Tikanga ā-Iwi,2024,91833,1,0.904773852440785,0.904773852440785,False,4
Tikanga ā-Iwi,2024,91831,1,0.830003102164055,0.830003102164055,False,4
Tikanga ā-Iwi,2024,91828,1,0.826901339909493,0.826901339909493,False,4
Tikanga ā-Iwi,2024,91830,1,0.731465964624582,0.731465964624582,False,4
Tikanga ā-Iwi,2024,91832,1,0.716420603945601,0.716420603945601,False,4
Ngā Mahi a te Rēhia,2024,91852,1,1.0,0.5,True,4
Ngā Toi Puoro,2024,91860,1,0.749072417190803,0.749072417190803,False,4
Ngā Toi Puoro,2024,91861,1,0.749072417190803,0.749072417190803,False,4
Ngā Toi Puoro,2024,91863,1,0.746577949984793,0.746577949984793,False,4
Ngā Toi Puoro,2024,91864,1,0.746577949984793,0.746577949984793,False,4
Ngā Toi Puoro,2024,91862,1,0.717735766322314,0.717735766322314,False,4
Psychology,2024,91876,1,0.975691132816192,0.975691132816192,False,3
Psychology,2024,91872,1,0.834733044544348,0.834733044544348,False,6
Psychology,2024,91874,1,0.833223798166783,0.833223798166783,False,6
Psychology,2024,91873,1,0.831127251216912,0.831127251216912,False,3
Psychology,2024,91875,1,0.826470289314705,0.826470289314705,False,4
Digital Technologies and Hangarau Matihiko,2024,91909,1,0.940931755275256,0.940931755275256,False,3
Digital Technologies and Hangarau Matihiko,2024,91908,1,0.922286187995039,0.922286187995039,False,3
Digital Technologies and Hangarau Matihiko,2024,91905,1,0.81491296702329,0.81491296702329,False,4
Digital Technologies and Hangarau Matihiko,2024,91904,1,0.797092460502475,0.797092460502475,False,6
Digital Technologies and Hangarau Matihiko,2024,91900,1,0.794840292604008,0.794840292604008,False,6
Digital Technologies and Hangarau Matihiko,2024,91903,1,0.792219852619554,0.792219852619554,False,2
Te Ao Haka,2024,91987,2,0.937170625112454,0.937170625112454,False,5
Te Ao Haka,2024,91984,1,0.913880319858441,0.913880319858441,False,5
Te Ao Haka,2024,91986,2,0.866534334431812,0.866534334431812,False,5
Te Ao Haka,2024,91984,2,0.799401902592254,0.799401902592254,False,5
Te Ao Haka,2024,91985,2,0.730653109206975,0.730653109206975,False,4
