Academic Year,Statistic Value,Frequency Count
2025,.17817531641033571,21
2025,.178175316410336,1
2025,.178217461662651,1
2025,.178233871838672,1
2025,.178344549468734,1
2025,.178584810728315,1
2025,.178813429501691,1
2025,.178929492474449,1
2025,.1790484220501,1
2025,.179106670092767,1
2025,.179200903011121,1
2025,.179268945293165,1
2025,.179332465704446,1
2025,.179486832479074,1
2025,.179541917528671,1
2025,.179674050959395,1
2025,.179966877407663,1
2025,.180057595345485,1
2025,.180277132296861,1
2025,.18040723127734,1
2025,.180699183429593,1
2025,.181235395229493,1
2025,.181244925925194,1
2025,.181294581940513,1
2025,.181452384061408,1
2025,.181594173426672,1
2025,.181734450327572,1
2025,.181763914261559,1
2025,.181818826020036,1
2025,.181833888406291,1
2025,.181934572103421,1
2025,.182001066822772,1
2025,.182006111639076,1
2025,.182085151346345,1
2025,.182118106611501,1
2025,.18214458376343,1
2025,.182201182607946,1
2025,.182587375741372,1
2025,.182734713715568,1
2025,.18276784640359,1
2025,.182854075143753,1
2025,.182919754287,1
2025,.183069657452485,1
2025,.183293395983323,1
2025,.183372563044501,1
2025,.183440513710576,1
2025,.183551042654896,1
2025,.183635323940444,1
2025,.183714890318713,1
2025,.183857163176352,1
2025,.183861511151357,1
2025,.183907333946879,1
2025,.18436037242138,1
2025,.184376796628511,1
2025,.184548518201241,1
2025,.184570215310392,1
2025,.184646689148052,1
2025,.184721141785044,1
2025,.184943357608526,1
2025,.185072659246497,1
2025,.185080677400645,1
2025,.185254194892158,1
2025,.185310841882212,1
2025,.185450502014659,1
2025,.185725636346103,1
2025,.185728667288215,1
2025,.185828193849356,1
2025,.186048903840678,1
2025,.186121685119404,1
2025,.186125378831403,1
2025,.186135127806725,1
2025,.18624136452026,1
2025,.186401326502051,1
2025,.186420589434791,1
2025,.186703783200316,1
2025,.186815099561279,1
2025,.186911803709635,1
2025,.186983488879646,1
2025,.187019125177504,1
2025,.187054557624355,1
2025,.187600278066704,1
2025,.187639145117927,1
2025,.187667556735964,1
2025,.187697193510724,1
2025,.187725607002757,1
2025,.187944492216865,1
2025,.188202883608844,1
2025,.188354723965952,1
2025,.188473740662988,1
2025,.188505977231529,1
2025,.188529027163754,1
2025,.188558733137671,1
2025,.18869396661634752,1
2025,.188762283822367,1
2025,.188856972977496,1
2025,.189301740414681,1
2025,.189423632273896,1
2025,.189544867481414,1
2025,.189657782331116,1
2025,.189729945920279,1
2025,.18977470581986,1
2025,.189781769823393,1
2025,.189846809215444,1
2025,.189932437891478,1
2025,.189998569728077,1
2025,.190084219321394,1
2025,.190163595951138,1
2025,.190704494638659,1
2025,.191031308932495,1
2025,.191175144400904,1
2025,.19124140996253,1
2025,.191326935189023,1
2025,.191532052483956,1
2025,.191532259888704,1
2025,.191550262140858,1
2025,.191605752586597,1
2025,.191679234510493,1
2025,.191692159411809,1
2025,.191733910648955,1
2025,.191791419719928,1
2025,.191928912210051,1
2025,.191961478265052,1
2025,.192035434818762,1
2025,.192055550345674,1
2025,.192111774084849,1
2025,.192290022348266,1
2025,.19236001947912,1
2025,.192375937597711,1
2025,.192386749579163,1
2025,.192398601266828,1
2025,.192634939072377,1
2025,.192724786114964,1
2025,.193152186544467,1
2025,.193222623449089,1
2025,.193338093157141,1
2025,.193359213157042,1
2025,.193463031869828,1
2025,.193492861676132,1
2025,.193612311807947,1
2025,.193645543334477,1
2025,.193710305685781,1
2025,.193713276532105,1
2025,.193809042675542,1
2025,.193933104900884,1
2025,.193939663507878,1
2025,.193977198244993,1
2025,.19404852866222375,1
2025,.194373834671071,1
2025,.194450199517348,1
2025,.194565137649578,1
2025,.194636134828625,1
2025,.194762278250908,1
2025,.19477753379563,1
2025,.194855990678802,1
2025,.194885172187458,1
2025,.195089368568215,1
2025,.195090783831487,1
2025,.195165256456478,1
2025,.195193213499302,1
2025,.195241277002599,1
2025,.195651741158266,1
2025,.195769490955,1
2025,.195792991341333,1
2025,.195793760142151,1
2025,.195802722262524,1
2025,.195803550907393,1
2025,.19595182277583,1
2025,.195976283161974,1
2025,.196000464544275,1
2025,.196019126587889,1
2025,.196034894217005,1
2025,.196310318045289,1
2025,.196402415808299,1
2025,.19645248431766,1
2025,.196454820159411,1
2025,.196511177109035,1
2025,.196536232986152,1
2025,.19655283068968,1
2025,.196726689678504,1
2025,.196750534780017,1
2025,.196768995051507,1
2025,.19693403619684,1
2025,.196986594430791,1
2025,.197168988961934,1
2025,.197398315261777,1
2025,.197502639497761,1
2025,.19751483747185,1
2025,.197664288528924,1
2025,.197777316670585,1
2025,.197798640015932,1
2025,.197893032972431,1
2025,.197910145011013,1
2025,.198031838905394,1
2025,.198283226599723,1
2025,.198284784543015,1
2025,.198301031793899,1
2025,.198422045773611,1
2025,.198448097114119,1
2025,.198546406118676,1
2025,.198635278544748,1
2025,.198656017597253,1
2025,.198680662087402,1
2025,.198734590504356,1
2025,.198820768553872,1
2025,.198865310969968,1
2025,.19892582111614,1
2025,.198926054153995,1
2025,.199320546578464,1
2025,.199414067360599,1
2025,.199642763423314,1
2025,.199690746110798,1
2025,.199887233808376,1
2025,.199912334581146,1
2025,.200166147812788,1
2025,.200191134779208,1
2025,.200198140648013,1
2025,.20020598739492,1
2025,.200254676090863,1
2025,.200262259203349,1
2025,.200363707108009,1
2025,.200585012552615,1
2025,.200644738174656,1
2025,.200666186076528,1
2025,.200717617295968,1
2025,.200749441946734,1
2025,.200814730108194,1
2025,.200928266706831,1
2025,.200963381291423,1
2025,.201036607676268,1
2025,.201144641144184,1
2025,.20115249843175,1
2025,.201174808423001,1
2025,.201270837824873,1
2025,.201377508554962,1
2025,.201451961321573,1
2025,.201479950728132,1
2025,.201512932865994,1
2025,.201653158046155,1
2025,.201676204122236,1
2025,.201834500762194,1
2025,.201950062201002,1
2025,.201983781526234,1
2025,.202006466285547,1
2025,.202058285952579,1
2025,.202076223132864,1
2025,.202116489430807,1
2025,.202144756150502,1
2025,.202519864504012,1
2025,.202544468860529,1
2025,.202637136410492,1
2025,.202651523057325,1
2025,.202692557160797,1
2025,.202873500757915,1
2025,.202912378664145,1
2025,.202924623958559,1
2025,.203123678246805,1
2025,.203287453320582,1
2025,.203316914155627,1
2025,.203460595268718,1
2025,.203621429449254,1
2025,.203697635543213,1
2025,.203859019917807,1
2025,.203926133714336,1
2025,.204212009453192,1
2025,.204296404526489,1
2025,.204300628432989,1
2025,.204316089332152,1
2025,.204345053467441,1
2025,.204375806212172,1
2025,.204512038917222,1
2025,.204536801567487,1
2025,.204571259401087,1
2025,.20460494947212188,1
2025,.204867378181476,1
2025,.204963116004396,1
2025,.204982428633685,1
2025,.205032482729554,1
2025,.205090166581383,1
2025,.205113930464891,1
2025,.20515484589204,1
2025,.205249093890397,1
2025,.205320676105668,1
2025,.205549868986893,1
2025,.205578449386758,1
2025,.205799165058428,1
2025,.205896353018726,1
2025,.205963686487666,1
2025,.206061105963387,1
2025,.206104387986176,1
2025,.206127747191473,1
2025,.206159344330382,1
2025,.206408232260476,1
2025,.20648568979735,1
2025,.206515825893839,1
2025,.20654279540106144,1
2025,.206570898859524,1
2025,.206593049342,1
2025,.206665798398501,1
2025,.206734757657574,1
2025,.20677459304283,1
2025,.206775509323597,1
2025,.206848521424573,1
2025,.206867065413137,1
2025,.206876469004761,1
2025,.206942707342445,1
2025,.207009557276563,1
2025,.207096426329342,1
2025,.207150989951404,1
2025,.20717713701699,1
2025,.207197807813687,1
2025,.207201822355754,1
2025,.207230307194606,1
2025,.207235819243846,1
2025,.207248488567681,1
2025,.207262726101798,1
2025,.207282743342127,1
2025,.207364193259913,1
2025,.207383464803213,1
2025,.207422350186607,1
2025,.207518072448939,1
2025,.20756043333504,1
2025,.207568932569141,1
2025,.207856346327496,1
2025,.207916327270882,1
2025,.207960644113111,1
2025,.207990318614259,1
2025,.20804802642447,1
2025,.208092435399139,1
2025,.208124630568009,1
2025,.208417348814063,1
2025,.208511832220051,1
2025,.208555414463742,1
2025,.208565495702265,1
2025,.208578398110846,1
2025,.208617723322859,1
2025,.20866366371402,1
2025,.208780410365132,1
2025,.208884065265115,1
2025,.209074457633034,1
2025,.20920593135857,1
2025,.209229064856208,1
2025,.209293242367939,1
2025,.209293844766278,1
2025,.209372845694836,1
2025,.209396016613199,1
2025,.209559795415519,1
2025,.209608456511948,1
2025,.209677782085159,1
2025,.209678129379369,1
2025,.209926826750917,1
2025,.20997271007476,1
2025,.209974078813939,1
2025,.21022737774335,1
2025,.210278021799739,1
2025,.210518528379156,1
2025,.210596156876341,1
2025,.210597044077048,1
2025,.210630958464448,1
2025,.210766658566726,1
2025,.210829340953131,1
2025,.21083628314135,1
2025,.210842733043711,1
2025,.210896772395761,1
2025,.210929673809932,1
2025,.210997014461422,1
2025,.211054626144104,1
2025,.211163945800665,1
2025,.211195836858243,1
2025,.21122432437336428,1
2025,.211235055645306,1
2025,.21126709375091,1
2025,.211286017884188,1
2025,.211534317954401,1
2025,.211540661182049,1
2025,.21168260745608,1
2025,.211690127944173,1
2025,.211715169170987,1
2025,.211770916693578,1
2025,.211931586234227,1
2025,.21199548492162,1
2025,.211998661257922,1
2025,.21204303978083,1
2025,.212069460165812,1
2025,.212118461995632,1
2025,.212127310490506,1
2025,.212137256548748,1
2025,.212198105443834,1
2025,.212207926147357,1
2025,.212281305629033,1
2025,.212292558838728,1
2025,.212472772137875,1
2025,.212498749014132,1
2025,.212515385769512,1
2025,.21251798878362,1
2025,.212560894548329,1
2025,.212749103914121,1
2025,.212762946174895,1
2025,.212879656963374,1
2025,.212915776286565,1
2025,.212923944007155,1
2025,.213002429196887,1
2025,.213021833485032,1
2025,.213179231351754,1
2025,.213244743775708,1
2025,.213274451538224,1
2025,.21332671110266,1
2025,.21340978852497,1
2025,.213561454569033,1
2025,.21365467214035525,1
2025,.213661284808358,1
2025,.213698505653143,1
2025,.213700766658599,1
2025,.213720469888033,1
2025,.214069487661246,1
2025,.214138054956897,1
2025,.21417404112114,1
2025,.214275724744319,1
2025,.214295576044746,1
2025,.214324458951245,1
2025,.214385462079802,1
2025,.214570173415529,1
2025,.21457049848695,1
2025,.214592968945133,1
2025,.214636010214264,1
2025,.214761067588365,1
2025,.21484744149711452,1
2025,.214860601068912,1
2025,.214899466263316,1
2025,.214937371961859,1
2025,.214942649821212,1
2025,.21524733088681,1
2025,.215358841457504,1
2025,.215484979697134,1
2025,.215501433167541,1
2025,.215514221419712,1
2025,.215555432094979,1
2025,.215560516944716,1
2025,.21569999119719,1
2025,.215757812122434,1
2025,.215786452023977,1
2025,.215894515777724,1
2025,.21592670410267,1
2025,.215933264776576,1
2025,.215975759271274,1
2025,.215982810761007,1
2025,.216017376667246,1
2025,.216025812880113,1
2025,.21608322373104483,1
2025,.21621352868797,1
2025,.216237168898984,1
2025,.216250894675333,1
2025,.2162668910052,1
2025,.216436948796898,1
2025,.216471125985526,1
2025,.216506361262354,1
2025,.216630331551635,1
2025,.216638579569984,1
2025,.216666065288166,1
2025,.216667718010745,1
2025,.216673175899408,1
2025,.216702088190929,1
2025,.216777106904953,1
2025,.216830523039104,1
2025,.216836131109763,1
2025,.216948260290125,1
2025,.216955413523187,1
2025,.216973806441164,1
2025,.217013252920821,1
2025,.21711155347449027,1
2025,.217181458814379,1
2025,.217188342223986,1
2025,.217207859790259,1
2025,.21722883943815,1
2025,.217529400370269,1
2025,.217796456630421,1
2025,.21779807721922,1
2025,.217868383034952,1
2025,.217902233907813,1
2025,.217920766245683,1
2025,.217921397307155,1
2025,.217942650790026,1
2025,.217995560041514,1
2025,.218064936595538,1
2025,.218109241814794,1
2025,.218201186746899,1
2025,.218203086246921,1
2025,.218241485692872,1
2025,.218288476123203,1
2025,.21829150837431,1
2025,.218399815076927,1
2025,.218405866241225,1
2025,.218452609934081,1
2025,.218555190105713,1
2025,.218900267355769,1
2025,.218904092486229,1
2025,.218949832945671,1
2025,.219000374846506,1
2025,.219045302485429,1
2025,.219067548829087,1
2025,.219132234441696,1
2025,.2191818725072,1
2025,.219239452571042,1
2025,.219312423120925,1
2025,.219379195397008,1
2025,.219466402481297,1
2025,.219538088752285,1
2025,.21955447358633,1
2025,.219725573059051,1
2025,.219736842874056,1
2025,.219759396172594,1
2025,.219804014589696,1
2025,.21981024766420054,1
2025,.219850279238569,1
2025,.219911220095224,1
2025,.219993568193165,1
2025,.220041088867659,1
2025,.220043579622509,1
2025,.22006459859804,1
2025,.22006766503865,1
2025,.220073646455953,1
2025,.220082236677287,1
2025,.220103561876338,1
2025,.220123887848309,1
2025,.220127448277508,1
2025,.220130886426085,1
2025,.220150123473033,1
2025,.22037444430344,1
2025,.2203768454365,1
2025,.220497757991665,1
2025,.220653087688784,1
2025,.22068584359562,1
2025,.220806833838345,1
2025,.220855175612541,1
2025,.220874079687011,1
2025,.220876042221477,1
2025,.220890180552043,1
2025,.220946039239939,1
2025,.221031778889683,1
2025,.221074384380146,1
2025,.2211098816201,1
2025,.22114400922431593,1
2025,.22121896840591,1
2025,.221308568575524,1
2025,.221324862520904,1
2025,.221498131550359,1
2025,.22152783308574936,1
2025,.221531437180309,1
2025,.22155912752412,1
2025,.22156804438114,1
2025,.221689653895702,1
2025,.22182641896928,1
2025,.221905945178384,1
2025,.221910589006685,1
2025,.222045668274146,1
2025,.222072645799111,1
2025,.222090210091238,1
2025,.222143451218901,1
2025,.22219287659365,1
2025,.222199369552283,1
2025,.222236044209859,1
2025,.222299281531248,1
2025,.222383875759416,1
2025,.222492234987017,1
2025,.222531237314329,1
2025,.222687213831016,1
2025,.222826439752228,1
2025,.222927088477163,1
2025,.223010872342987,1
2025,.223125853986789,1
2025,.223178945577593,1
2025,.223226779807562,1
2025,.223233370203091,1
2025,.223272921338236,1
2025,.223377631187451,1
2025,.223425400588174,1
2025,.22346486965797,1
2025,.223519998179017,1
2025,.223618814474346,1
2025,.223776455358976,1
2025,.223869957888007,1
2025,.223904371664396,1
2025,.2239283816768,1
2025,.224009541437055,1
2025,.224021074200913,1
2025,.224114972166,1
2025,.224182600598019,1
2025,.224218586601484,1
2025,.224233970389734,1
2025,.224238704980748,1
2025,.224326341301347,1
2025,.224332008686545,1
2025,.224346523211582,1
2025,.224614451779089,1
2025,.224618545047359,1
2025,.224831098575476,1
2025,.224950831518696,1
2025,.224993231108935,1
2025,.225018005393765,1
2025,.225018963094549,1
2025,.225025023699328,1
2025,.225056517785172,1
2025,.225097372675182,1
2025,.225104894136103,1
2025,.225226129792003,1
2025,.225286445876158,1
2025,.225500965581034,1
2025,.225552423646873,1
2025,.225616748684671,1
2025,.225631001751409,1
2025,.22564793319563,1
2025,.225679174264335,1
2025,.225729928454532,1
2025,.22583265023141,1
2025,.225888400645476,1
2025,.225957766453411,1
2025,.225977973015772,1
2025,.226049399576661,1
2025,.226092983421957,1
2025,.226151360058567,1
2025,.226165583774082,1
2025,.226211006134549,1
2025,.226269562004354,1
2025,.226503277978694,1
2025,.226572611752376,1
2025,.226592353341096,1
2025,.226646924647499,1
2025,.226684449912286,1
2025,.226716399084695,1
2025,.226871666896411,1
2025,.226874891287787,1
2025,.226928276583312,1
2025,.22699991803142,1
2025,.227023276130354,1
2025,.227043288416479,1
2025,.227301346518903,1
2025,.227361241447538,1
2025,.227399550601383,1
2025,.227400098202299,1
2025,.227425352372961,1
2025,.227431111379193,1
2025,.227439769828625,1
2025,.22758968371668,1
2025,.22761527696934,1
2025,.227621013727921,1
2025,.227707621376144,1
2025,.227750729322197,1
2025,.227787602667653,1
2025,.227847799597917,1
2025,.227891091266969,1
2025,.227956986784436,1
2025,.228040401121919,1
2025,.228052098806855,1
2025,.228113410524167,1
2025,.228176963539448,1
2025,.228189642528423,1
2025,.228191231080439,1
2025,.228202061467415,1
2025,.22823119569671760,1
2025,.22825213577374,1
2025,.228406045880973,1
2025,.228437239980252,1
2025,.228459239640793,1
2025,.22855862414244,1
2025,.228629924864018,1
2025,.228680518936371,1
2025,.228768503822559,1
2025,.22877297068462,1
2025,.228842175540625,1
2025,.228842257752991,1
2025,.228916697876037,1
2025,.229079188069485,1
2025,.229098380380807,1
2025,.22914649864758,1
2025,.22919404805767,1
2025,.229230485653134,1
2025,.229249041646516,1
2025,.229459125541314,1
2025,.229542038648015,1
2025,.229568022468275,1
2025,.229607944873241,1
2025,.229615548165947,1
2025,.229634231121541,1
2025,.229715857238928,1
2025,.229776746593492,1
2025,.229914095887171,1
2025,.229949339218893,1
2025,.230005240500039,1
2025,.230264094414591,1
2025,.230264884447988,1
2025,.230269181543082,1
2025,.230281486717018,1
2025,.230324406351123,1
2025,.230349987651712,1
2025,.23036152576746,1
2025,.230365684165733,1
2025,.230395006105913,1
2025,.230456671214021,1
2025,.230550468360888,1
2025,.230590934725217,1
2025,.2307604759977,1
2025,.230773702849587,1
2025,.230830266572368,1
2025,.230846283764303,1
2025,.230853777674765,1
2025,.23086444773839,1
2025,.23088516009684,1
2025,.230974749776417,1
2025,.231156605672946,1
2025,.231182440078177,1
2025,.231262193103791,1
2025,.231306548222211,1
2025,.231307049842492,1
2025,.231329142549658,1
2025,.231349466156938,1
2025,.231390271742556,1
2025,.231390901569665,1
2025,.231392928119192,1
2025,.231440468155585,1
2025,.231460548019098,1
2025,.231691252175438,1
2025,.231807142365444,1
2025,.231900494102309,1
2025,.231915985318675,1
2025,.231963564702447,1
2025,.232062096375432,1
2025,.232102280181629,1
2025,.23218234010228,1
2025,.232214223651497,1
2025,.232219490242859,1
2025,.232222007884028,1
2025,.232337442816634,1
2025,.232343941799676,1
2025,.232395006263988,1
2025,.232415034049239,1
2025,.232448853111618,1
2025,.232457921545764,1
2025,.232459882508421,1
2025,.23251159101335,1
2025,.232608966301805,1
2025,.232611060188522,1
2025,.232710875652502,1
2025,.23274602515324,1
2025,.232814640001531,1
2025,.232820105613767,1
2025,.232948630182995,1
2025,.232957354340437,1
2025,.232966065906712,1
2025,.232972979788385,1
2025,.233011174429389,1
2025,.233111978145284,1
2025,.233165966244381,1
2025,.233199215974785,1
2025,.233199587650829,1
2025,.233210692479333,1
2025,.233246639100339,1
2025,.233281542112125,1
2025,.23343403532328,1
2025,.233546883956555,1
2025,.233569622421478,1
2025,.233669117619196,1
2025,.233752526031901,1
2025,.233779184594508,1
2025,.233809238011112,1
2025,.23388498404369,1
2025,.23389911405704,1
2025,.233900316956086,1
2025,.233902554444946,1
2025,.233989151658823,1
2025,.234019020260381,1
2025,.23406846595054,1
2025,.234077665156919,1
2025,.234102826883792,1
2025,.234142853435809,1
2025,.234168881967402,1
2025,.234272133012507,1
2025,.234327545216817,1
2025,.23436324031435,1
2025,.23438639670413,1
2025,.234401792028624,1
2025,.234462587804457,1
2025,.234493801259896,1
2025,.234499796607023,1
2025,.234512342184207,1
2025,.234543121456397,1
2025,.234570138379661,1
2025,.234621356750828,1
2025,.234651307520345,1
2025,.234731091248488,1
2025,.234818197575792,1
2025,.234882700252927,1
2025,.234963935401757,1
2025,.234965133976176,1
2025,.234991959779197,1
2025,.235026107406231,1
2025,.235030943500702,1
2025,.235059723353822,1
2025,.235192435067016,1
2025,.2351954321341,1
2025,.23521603951816,1
2025,.23533092838079,1
2025,.235379347429574,1
2025,.235471697838715,1
2025,.23548133262498,1
2025,.235588815849636,1
2025,.235597113138356,1
2025,.235636756729527,1
2025,.235711776650447,1
2025,.235874023408645,1
2025,.235984991765379,1
2025,.236073372166451,1
2025,.236116163208596,1
2025,.236117597864708,1
2025,.236133612585451,1
2025,.236204830440833,1
2025,.236325019649367,1
2025,.236332690882275,1
2025,.236357236798768,1
2025,.236416687086018,1
2025,.236417792462292,1
2025,.236422589894421,1
2025,.236493324571073,1
2025,.236559737708577,1
2025,.236579793831916,1
2025,.236625824550134,1
2025,.236629198244199,1
2025,.2366325765593,1
2025,.236664301657466,1
2025,.236700247006508,1
2025,.236709082976294,1
2025,.236715929910682,1
2025,.23674517171115220,1
2025,.236747031805981,1
2025,.236793359234546,1
2025,.236821950609393,1
2025,.236833162151499,1
2025,.236935873658835,1
2025,.236966514464456,1
2025,.236993524766452,1
2025,.237007787288712,1
2025,.237061645442331,1
2025,.237117789853023,1
2025,.237126929700015,1
2025,.237177007835535,1
2025,.237285139305852,1
2025,.237293298122513,1
2025,.237313680665021,1
2025,.237324835882653,1
2025,.237333636699115,1
2025,.237379961515722,1
2025,.237381607715926,1
2025,.237452130834716,1
2025,.237492359251524,1
2025,.237574802131797,1
2025,.237638549600128,1
2025,.23768880496996,1
2025,.237778245016663,1
2025,.237786610479225,1
2025,.237850153639656,1
2025,.23789563089903,1
2025,.237920504961378,1
2025,.237927228112334,1
2025,.237981989268109,1
2025,.238093827466639,1
2025,.238147690931934,1
2025,.238184829793212,1
2025,.238417941769498,1
2025,.238424737215744,1
2025,.2384493645631,1
2025,.238452161529821,1
2025,.238479536308178,1
2025,.238507181115822,1
2025,.238559499637425,1
2025,.238583121922484,1
2025,.238597803452479,1
2025,.238614212313963,1
2025,.23861881847972,1
2025,.238652913380518,1
2025,.238736828226202,1
2025,.238748913217652,1
2025,.238837341992223,1
2025,.238861523130492,1
2025,.238863664388796,1
2025,.238891629536465,1
2025,.238931005259195,1
2025,.239015961657578,1
2025,.239053335690758,1
2025,.239055869600497,1
2025,.239065362508121,1
2025,.239209017134225,1
2025,.239224977231062,1
2025,.239283307553654,1
2025,.239313130927116,1
2025,.239367642785835,1
2025,.239398349868191,1
2025,.239477740170321,1
2025,.239565763892113,1
2025,.239642736312481,1
2025,.239692064816398,1
2025,.239728106585319,1
2025,.239743552535305,1
2025,.239784004529735,1
2025,.239791795327771,1
2025,.239883991074801,1
2025,.239885046797856,1
2025,.239885239933055,1
2025,.239902626013684,1
2025,.24000086355442,1
2025,.240019085984587,1
2025,.240057491170418,1
2025,.240093843632255,1
2025,.240166939131702,1
2025,.24018704430053,1
2025,.240235380654015,1
2025,.240249268035085,1
2025,.240258615281383,1
2025,.240261882561563,1
2025,.240286417754913,1
2025,.240294350398897,1
2025,.240377683274902,1
2025,.240378667776782,1
2025,.240384041476458,1
2025,.240551207382475,1
2025,.24064045582125,1
2025,.240709684616332,1
2025,.240819460187075,1
2025,.240927249709721,1
2025,.24095777200844,1
2025,.240981988244998,1
2025,.240986227208656,1
2025,.240991496451262,1
2025,.241012236941619,1
2025,.24104451396435,1
2025,.241162782385912,1
2025,.241184781399498,1
2025,.241255437167644,1
2025,.24125773195017,1
2025,.241259274451291,1
2025,.241274183272465,1
2025,.241285353921269,1
2025,.2413139823703,1
2025,.241327160426731,1
2025,.241366941444354,1
2025,.241383689673974,1
2025,.241402113105372,1
2025,.241446180353219,1
2025,.241506270172089,1
2025,.241520649487365,1
2025,.241521204089401,1
2025,.241536725669236,1
2025,.241561452651186,1
2025,.241599125161897,1
2025,.241634992585422,1
2025,.241701722603245,1
2025,.241725191037488,1
2025,.241734422906838,1
2025,.241808393613414,1
2025,.241840296019071,1
2025,.241847197726381,1
2025,.24189002361065,1
2025,.24189960569243,1
2025,.241935882241181,1
2025,.241952522873417,1
2025,.242041350003023,1
2025,.242063427175604,1
2025,.24231723241308,1
2025,.242328973822172,1
2025,.24233201812515562,1
2025,.24234650164652,1
2025,.242352714961725,1
2025,.242408627666408,1
2025,.242432666842443,1
2025,.242466674715027,1
2025,.242570570202982,1
2025,.242658780166687,1
2025,.242661531806389,1
2025,.242702035095886,1
2025,.242714964509834,1
2025,.2427855492106,1
2025,.242811767340012,1
2025,.242823286323469,1
2025,.242831713519842,1
2025,.242839666516401,1
2025,.242884257270875,1
2025,.242951133106198,1
2025,.24296516912602,1
2025,.242968208992148,1
2025,.242990475198482,1
2025,.242995411856462,1
2025,.243052507221426,1
2025,.243146899071363,1
2025,.24318656969283,1
2025,.243227944026151,1
2025,.243248794227532,1
2025,.243295377547663,1
2025,.243356593465517,1
2025,.243388449867167,1
2025,.243503356184554,1
2025,.243518341808424,1
2025,.2435854843716,1
2025,.243593062093659,1
2025,.243619812204675,1
2025,.243640587567766,1
2025,.243694706017141,1
2025,.243706705975662,1
2025,.243748661481433,1
2025,.243780473702307,1
2025,.24389695743255,1
2025,.243933989057295,1
2025,.243977425773483,1
2025,.24407912883176,1
2025,.244084305850059,1
2025,.244165848731239,1
2025,.244178984573766,1
2025,.244207646910603,1
2025,.244232667570767,1
2025,.24432654512278,1
2025,.244343157885328,1
2025,.244346583706519,1
2025,.244369565406208,1
2025,.244375658403057,1
2025,.244383531804271,1
2025,.244442390662882,1
2025,.244468321368962,1
2025,.244495029757195,1
2025,.244508488542449,1
2025,.244545587622564,1
2025,.244608758426485,1
2025,.244640068160987,1
2025,.244680537816849,1
2025,.24468581937512,1
2025,.244718720539559,1
2025,.244734353091171,1
2025,.244744736175804,1
2025,.24476287520332,1
2025,.244773164829429,1
2025,.244875302272915,1
2025,.244878161710878,1
2025,.244891673332358,1
2025,.244950495447565,1
2025,.245031024655948,1
2025,.24505091297744236,1
2025,.245180925794197,1
2025,.245205523893302,1
2025,.245218777806774,1
2025,.245242648743844,1
2025,.245244669730442,1
2025,.245293376004207,1
2025,.245346985710431,1
2025,.24540709177306,1
2025,.245466001271691,1
2025,.245487778554169,1
2025,.245520053956536,1
2025,.245540269800622,1
2025,.24556786318055,1
2025,.245629284309834,1
2025,.245746424047185,1
2025,.24581405304111,1
2025,.245842005265323,1
2025,.245983510054241,1
2025,.246010106828961,1
2025,.246074865702703,1
2025,.246107315947048,1
2025,.246113890825864,1
2025,.246138709411037,1
2025,.246145044975861,1
2025,.246154471170275,1
2025,.246172649191065,1
2025,.246179201898438,1
2025,.246372516346864,1
2025,.246476032704012,1
2025,.246479039793783,1
2025,.246577062880947,1
2025,.24662118615270484,1
2025,.246630428753038,1
2025,.246678813528856,1
2025,.246782632747536,1
2025,.246785253496352,1
2025,.246792189331973,1
2025,.246800399414148,1
2025,.246845081708965,1
2025,.246864430376842,1
2025,.246898190449322,1
2025,.246924210769308,1
2025,.246948987156053,1
2025,.246982406000572,1
2025,.246986064811364,1
2025,.24698989317017,1
2025,.247020444920672,1
2025,.24705181358262,1
2025,.24709343817638,1
2025,.247107055430517,1
2025,.247171679729795,1
2025,.247242761590398,1
2025,.247309363162122,1
2025,.247398587473108,1
2025,.247448017889757,1
2025,.247492256142302,1
2025,.247502580128817,1
2025,.247534826653462,1
2025,.247539340849981,1
2025,.24754232298755624,1
2025,.247555380168929,1
2025,.247567086487687,1
2025,.247604849894006,1
2025,.247652981147259,1
2025,.247671655251187,1
2025,.247746241229459,1
2025,.247876966227206,1
2025,.247915388844762,1
2025,.247923066233695,1
2025,.247963333405729,1
2025,.247989105327505,1
2025,.248039759975628,1
2025,.248058965506615,1
2025,.248059200839963,1
2025,.248066987327416,1
2025,.248067999930661,1
2025,.248077749645361,1
2025,.248093865362784,1
2025,.248179655957069,1
2025,.248232393656988,1
2025,.248282017545102,1
2025,.248290622161431,1
2025,.248301055896828,1
2025,.248301491189238,1
2025,.248350284306092,1
2025,.248399670601071,1
2025,.24845665987609,1
2025,.24850670635047,1
2025,.248593216088144,1
2025,.248658261977291,1
2025,.248686982891787,1
2025,.248692887372476,1
2025,.248722816954783,1
2025,.248738877662303,1
2025,.248740192224645,1
2025,.248788696306469,1
2025,.248807024333253,1
2025,.24880845899863,1
2025,.248884166518075,1
2025,.24895521719576,1
2025,.249094292089187,1
2025,.249108794919213,1
2025,.249128764522112,1
2025,.249132386278369,1
2025,.249135245316991,1
2025,.249149460761095,1
2025,.249261495171615,1
2025,.249286472454058,1
2025,.249287886247815,1
2025,.249292800721277,1
2025,.249328848822232,1
2025,.249343929671431,1
2025,.249430452678319,1
2025,.249522528387167,1
2025,.249537898192131,1
2025,.249604902202758,1
2025,.249701675099526,1
2025,.249746721918307,1
2025,.249756701976395,1
2025,.249757216869926,1
2025,.24976871554065,1
2025,.249778264939858,1
2025,.24978819924471560,1
2025,.249847546064701,1
2025,.24985828061097,1
2025,.249868049528415,1
2025,.249885647871574,1
2025,.249918401886278,1
2025,.24995773941177,1
2025,.249963343655618,1
2025,.249975830653363,1
2025,.250028604175996,1
2025,.25015579813736,1
2025,.250155899147992,1
2025,.250183921093046,1
2025,.250192518461966,1
2025,.250300501018739,1
2025,.250311050420935,1
2025,.25036901024865,1
2025,.250406280816439,1
2025,.25051158314997,1
2025,.250540298298208,1
2025,.250570462802675,1
2025,.250600790701006,1
2025,.250656107560304,1
2025,.250752471517214,1
2025,.250792015434194,1
2025,.250823829374835,1
2025,.250830671329686,1
2025,.250913436642673,1
2025,.250917600601979,1
2025,.250927830050111,1
2025,.250952417001152,1
2025,.250974990739617,1
2025,.251049605565587,1
2025,.251182319501008,1
2025,.251196099607537,1
2025,.251203763978175,1
2025,.25129675984262,1
2025,.251296873809726,1
2025,.251375149609106,1
2025,.251377355637966,1
2025,.251389685446542,1
2025,.251415501277119,1
2025,.251506848200188,1
2025,.251569895140353,1
2025,.251571012522236,1
2025,.251624268904984,1
2025,.251677078987027,1
2025,.251677324678258,1
2025,.251679923113116,1
2025,.251697966511452,1
2025,.251723787394759,1
2025,.251742677877847,1
2025,.251747739473063,1
2025,.251760070955546,1
2025,.251789334001379,1
2025,.251795825761506,1
2025,.251806088096337,1
2025,.2518723684474,1
2025,.25192993663653,1
2025,.251998888525262,1
2025,.252009529983092,1
2025,.252010808579838,1
2025,.252053767771383,1
2025,.25207085273241,1
2025,.252086327785261,1
2025,.252122936302039,1
2025,.252124404582117,1
2025,.252130999778477,1
2025,.252174853507984,1
2025,.252180496351523,1
2025,.25218291789264968,1
2025,.252192270509343,1
2025,.252220812484988,1
2025,.25223968171486,1
2025,.252258330651983,1
2025,.252302232392986,1
2025,.252352913222592,1
2025,.252369370956629,1
2025,.252389909809545,1
2025,.252440304127657,1
2025,.252463728834213,1
2025,.252565924700339,1
2025,.252578074299577,1
2025,.25259737506577,1
2025,.252599986057253,1
2025,.252645269312618,1
2025,.252657149910598,1
2025,.252687804278224,1
2025,.252690909750384,1
2025,.252699930301622,1
2025,.252766626037939,1
2025,.25280387123681158,1
2025,.252832371615205,1
2025,.25284458635002,1
2025,.252851353279288,1
2025,.252884105473964,1
2025,.25292870874231,1
2025,.252964519179113,1
2025,.253005498730898,1
2025,.253062300879778,1
2025,.253081596929204,1
2025,.253089800741062,1
2025,.253104570827664,1
2025,.253107600931367,1
2025,.253120826222477,1
2025,.25316333353985,1
2025,.253199904594526,1
2025,.253229380511119,1
2025,.253265939629982,1
2025,.253349976748586,1
2025,.253351904883545,1
2025,.25335848624513,1
2025,.253361186885428,1
2025,.253429419210456,1
2025,.253585925075907,1
2025,.253649869668907,1
2025,.2537874829606,1
2025,.253899687585739,1
2025,.253935344474493,1
2025,.254025950616601,1
2025,.254054973883562,1
2025,.254134771208237,1
2025,.254139267111994,1
2025,.254193401964895,1
2025,.254256322847881,1
2025,.254305227710529,1
2025,.254453354709878,1
2025,.254492912940745,1
2025,.254508647904483,1
2025,.25453572495294,1
2025,.254567644267853,1
2025,.254582067302935,1
2025,.254639011747848,1
2025,.254678475180738,1
2025,.254698045947762,1
2025,.254704479183376,1
2025,.254746058695694,1
2025,.254792276164501,1
2025,.254833892204016,1
2025,.254866271863417,1
2025,.254887757420367,1
2025,.254918441753553,1
2025,.25504661287943,1
2025,.255106438182582,1
2025,.255119421597696,1
2025,.255120710239733,1
2025,.255123952614396,1
2025,.25517942455505810,1
2025,.255204714754847,1
2025,.255228184761409,1
2025,.255286551342636,1
2025,.255329103668597,1
2025,.255346813609971,1
2025,.25536494525120779,1
2025,.255375837734024,1
2025,.255396988946679,1
2025,.255433320380702,1
2025,.255468887621335,1
2025,.255473562671974,1
2025,.25553963252685,1
2025,.255561550411384,1
2025,.255567768549198,1
2025,.255652077911284,1
2025,.255708950047213,1
2025,.25582540013773,1
2025,.255891184966618,1
2025,.255921084844055,1
2025,.255958693114232,1
2025,.255990539098966,1
2025,.256008122673208,1
2025,.256067421871572,1
2025,.256074314033903,1
2025,.256116786677409,1
2025,.256124557330861,1
2025,.256243730876331,1
2025,.256288875586052,1
2025,.256354678764977,1
2025,.256360689470975,1
2025,.256369639539818,1
2025,.256397403194669,1
2025,.256400282618919,1
2025,.256406601648294,1
2025,.256422189571101,1
2025,.256437635438354,1
2025,.256457038960478,1
2025,.256487704349464,1
2025,.25649036379027,1
2025,.256590173289242,1
2025,.256666134136047,1
2025,.256725496368427,1
2025,.2567348312186,1
2025,.256792878465581,1
2025,.256800671648948,1
2025,.256817012001406,1
2025,.256818268151715,1
2025,.256826929517396,1
2025,.256843552216096,1
2025,.256845418314016,1
2025,.256882263840696,1
2025,.256883042727609,1
2025,.256916064488122,1
2025,.256971986382855,1
2025,.256977523193484,1
2025,.256984504631378,1
2025,.257039374195662,1
2025,.257114648193425,1
2025,.257184871951481,1
2025,.257198995336619,1
2025,.257288133287674,1
2025,.257295852885597,1
2025,.25731396867478,1
2025,.257358641663467,1
2025,.257389383717142,1
2025,.25739338484353,1
2025,.257424955319142,1
2025,.257427117100435,1
2025,.257439241557826,1
2025,.257518467361033,1
2025,.257564754925832,1
2025,.257623467306601,1
2025,.257638795434892,1
2025,.257669848786114,1
2025,.257733157587021,1
2025,.257745585528665,1
2025,.257749906489706,1
2025,.257822545991046,1
2025,.257863239353017,1
2025,.257892663546775,1
2025,.257917688984202,1
2025,.257935339464551,1
2025,.257950965378203,1
2025,.258002731778304,1
2025,.258011371707091,1
2025,.258016075380468,1
2025,.258032725074625,1
2025,.258039973628044,1
2025,.258044069041176,1
2025,.258058162218977,1
2025,.258063168700583,1
2025,.258063841321842,1
2025,.258070597763378,1
2025,.258153345987086,1
2025,.258161848327737,1
2025,.258179669380231,1
2025,.25818677405167,1
2025,.258241954683327,1
2025,.258276050579415,1
2025,.258301602221851,1
2025,.258303807864247,1
2025,.258329820462476,1
2025,.258404997355035,1
2025,.258409448395202,1
2025,.258419382849456,1
2025,.258490813210712,1
2025,.258546855696629,1
2025,.258601366573487,1
2025,.25862538183645,1
2025,.2586905626182,1
2025,.258742117460646,1
2025,.258744089500904,1
2025,.258768988242166,1
2025,.258796580550716,1
2025,.258824035278839,1
2025,.258871845104034,1
2025,.258902677170062,1
2025,.258916471417565,1
2025,.258941063507046,1
2025,.258947060977091,1
2025,.25896378530797,1
2025,.259005888029162,1
2025,.259023785670903,1
2025,.25904246961102,1
2025,.25904511876521008,1
2025,.259053423158528,1
2025,.25905898954556,1
2025,.259070511368396,1
2025,.259136889523325,1
2025,.259149884791327,1
2025,.259202195578199,1
2025,.259272908491821,1
2025,.259289914158854,1
2025,.259317155739432,1
2025,.259358552255174,1
2025,.259448200085899,1
2025,.259462859553998,1
2025,.259466367583983,1
2025,.259472307429938,1
2025,.259491957128917,1
2025,.259498198751015,1
2025,.259501570816631,1
2025,.259561296311643,1
2025,.259617278286191,1
2025,.259617407891983,1
2025,.259619952288012,1
2025,.259630311445883,1
2025,.259658705338317,1
2025,.2596734110764,1
2025,.259674811588566,1
2025,.259685823048395,1
2025,.259714732974618,1
2025,.259723106042128,1
2025,.259740946527939,1
2025,.259763363540309,1
2025,.259765831544103,1
2025,.259769211964941,1
2025,.25978423152316,1
2025,.259827833367695,1
2025,.259832261947735,1
2025,.259897812018784,1
2025,.259916895727419,1
2025,.259927757334637,1
2025,.25995303546288,1
2025,.259976771201461,1
2025,.260036318258587,1
2025,.26010960515302,1
2025,.260182495134821,1
2025,.260221707247406,1
2025,.260284109113338,1
2025,.260360441708417,1
2025,.260379376266552,1
2025,.260386870630601,1
2025,.260427598574833,1
2025,.260520381602855,1
2025,.260567538953678,1
2025,.260570639478823,1
2025,.260572038487126,1
2025,.260584979632647,1
2025,.260625997166064,1
2025,.260664401508265,1
2025,.260731107626323,1
2025,.260739505434895,1
2025,.260773005515762,1
2025,.260836418863238,1
2025,.26085752639692,1
2025,.260953159496211,1
2025,.261008927255727,1
2025,.261021277107857,1
2025,.26102364164823,1
2025,.261038982270485,1
2025,.26104644215286,1
2025,.261148886901365,1
2025,.261155720015784,1
2025,.261174922234748,1
2025,.261189660994121,1
2025,.261211167397709,1
2025,.261211375286806,1
2025,.261260070277692,1
2025,.26127898561345,1
2025,.261289823963358,1
2025,.261317550836009,1
2025,.261360997684387,1
2025,.261362664429242,1
2025,.261366201533807,1
2025,.261376866279568,1
2025,.261380792426037,1
2025,.261394395068805,1
2025,.261483262338646,1
2025,.261497340018046,1
2025,.261534112717052,1
2025,.261570251152078,1
2025,.261634925700468,1
2025,.261670561085005,1
2025,.261716696006418,1
2025,.261814374357686,1
2025,.261879723279148,1
2025,.261912885832449,1
2025,.261927190818555,1
2025,.261941078522933,1
2025,.261950753018593,1
2025,.261967546726427,1
2025,.261977762693182,1
2025,.262013655036374,1
2025,.262064279181123,1
2025,.262147903967253,1
2025,.262171450430202,1
2025,.262214253911789,1
2025,.262318434464713,1
2025,.262323078824276,1
2025,.262356765509789,1
2025,.262361868053018,1
2025,.262391223885217,1
2025,.262430041650963,1
2025,.262482300831503,1
2025,.262487442238817,1
2025,.26251530856782,1
2025,.262522459177699,1
2025,.262526689526865,1
2025,.262587032505456,1
2025,.262601041354584,1
2025,.262617293642836,1
2025,.262631242949095,1
2025,.262760497896691,1
2025,.262791160405474,1
2025,.262806573020913,1
2025,.262808950751738,1
2025,.262821058909515,1
2025,.262858951437647,1
2025,.262879087199035,1
2025,.26288655963506,1
2025,.26289371465561,1
2025,.262895738698613,1
2025,.262899211362203,1
2025,.262917803268278,1
2025,.26293880552847,1
2025,.263049436859202,1
2025,.263077806057121,1
2025,.263117834681134,1
2025,.2631239532159,1
2025,.263149464486398,1
2025,.263165565588171,1
2025,.263254292234873,1
2025,.263268578821976,1
2025,.263283554950266,1
2025,.263339723178047,1
2025,.263363599567894,1
2025,.263409122693442,1
2025,.263413745739691,1
2025,.263447638525917,1
2025,.263449955502684,1
2025,.26347000307246,1
2025,.263472928780242,1
2025,.263503434601429,1
2025,.263538441875353,1
2025,.263587750371737,1
2025,.263603115782401,1
2025,.26367075328166,1
2025,.263681542599707,1
2025,.263689682285653,1
2025,.263708793457604,1
2025,.263728005804734,1
2025,.263729564235423,1
2025,.263729923077967,1
2025,.263789470190367,1
2025,.263809889774672,1
2025,.263846895423064,1
2025,.263909130560203,1
2025,.263916789172806,1
2025,.263945599172436,1
2025,.263968561114241,1
2025,.263974503806307,1
2025,.263978337842839,1
2025,.26399233087680091,1
2025,.26410979700479,1
2025,.264121954758524,1
2025,.264138844251903,1
2025,.26414315946066,1
2025,.264184737045684,1
2025,.264201762636082,1
2025,.264213164358178,1
2025,.264265243917531,1
2025,.264311076292068,1
2025,.264315906692622,1
2025,.264323879467616,1
2025,.264340193999496,1
2025,.264356945893739,1
2025,.264454343483717,1
2025,.26446856604357,1
2025,.264475664721905,1
2025,.264482456216008,1
2025,.264503577806826,1
2025,.264536100949202,1
2025,.264602118832564,1
2025,.264604671027051,1
2025,.264618660001616,1
2025,.264645472833076,1
2025,.264684867748341,1
2025,.264719072945867,1
2025,.264724576738046,1
2025,.26474015136067,1
2025,.264751808780603,1
2025,.264751823989874,1
2025,.264783121491856,1
2025,.264909977535683,1
2025,.264986969850052,1
2025,.26499422397806,1
2025,.265001734777196,1
2025,.265021500848061,1
2025,.265027208351393,1
2025,.265073367956905,1
2025,.265075746089408,1
2025,.265130109005948,1
2025,.265241425515839,1
2025,.265284848465407,1
2025,.265286062484382,1
2025,.265305476307137,1
2025,.265331046224,1
2025,.265336419099964,1
2025,.265341533364379,1
2025,.265397851262277,1
2025,.265424705588183,1
2025,.26548312924021,1
2025,.265518852575246,1
2025,.26554258560798,1
2025,.265556341750277,1
2025,.265627340091913,1
2025,.265712271090015,1
2025,.265714061331487,1
2025,.265787359474735,1
2025,.26584112093801,1
2025,.265894409416648,1
2025,.265927351530345,1
2025,.265938108763351,1
2025,.265945284165254,1
2025,.265950589500634,1
2025,.265963332953523,1
2025,.265979525511966,1
2025,.266017041476052,1
2025,.266049383645192,1
2025,.266070740672671,1
2025,.266204315153691,1
2025,.266219463444617,1
2025,.266219578182157,1
2025,.266298256246424,1
2025,.2663309435704,1
2025,.266408223692986,1
2025,.266446470734663,1
2025,.26645141129664,1
2025,.266482622973687,1
2025,.266491043906516,1
2025,.266494356956718,1
2025,.266524778995425,1
2025,.266526076644255,1
2025,.266541132592956,1
2025,.266555330295519,1
2025,.26655763944123,1
2025,.266609642062625,1
2025,.266613172582097,1
2025,.266614484894353,1
2025,.266693355743821,1
2025,.266715721887139,1
2025,.266730982532487,1
2025,.266746382977533,1
2025,.266766677785979,1
2025,.266777338539674,1
2025,.26678686509891,1
2025,.266865470261833,1
2025,.26687930195998,1
2025,.266913626837445,1
2025,.266953409425665,1
2025,.266978483430559,1
2025,.266978501205441,1
2025,.266982681354451,1
2025,.26700242230671,1
2025,.26707106322775,1
2025,.267092591410883,1
2025,.2670942855356,1
2025,.267100805561888,1
2025,.26713242719297,1
2025,.267181116806711,1
2025,.267226187059606,1
2025,.267238146889446,1
2025,.267267308457888,1
2025,.267315269189712,1
2025,.267342230074456,1
2025,.267504331695271,1
2025,.267553547315816,1
2025,.26756128750912467,1
2025,.267594201430994,1
2025,.267604951258572,1
2025,.267624274324496,1
2025,.267647083412327,1
2025,.267728734882995,1
2025,.267747206986645,1
2025,.267804113282291,1
2025,.267832515227639,1
2025,.267861918030498,1
2025,.267929216176363,1
2025,.267933421102959,1
2025,.267965198242446,1
2025,.26800542151385,1
2025,.268053609902172,1
2025,.268056970342762,1
2025,.268075826152856,1
2025,.268189548105348,1
2025,.268220166210648,1
2025,.268277826814074,1
2025,.26827826704035,1
2025,.268329035424771,1
2025,.268335482018374,1
2025,.268336882674874,1
2025,.268365318711285,1
2025,.268385720125386,1
2025,.268397004762993,1
2025,.268401147428801,1
2025,.26848183450731,1
2025,.268487849062502,1
2025,.268581415325985,1
2025,.268583418899335,1
2025,.268674048746982,1
2025,.268674529225501,1
2025,.268675863411586,1
2025,.268716344184475,1
2025,.268737426084058,1
2025,.268739390681052,1
2025,.268746329057457,1
2025,.26882971827671,1
2025,.268833221905478,1
2025,.268834913475553,1
2025,.268848804886028,1
2025,.268855469443207,1
2025,.268871869660474,1
2025,.268890016747683,1
2025,.268910796820181,1
2025,.268932282762879,1
2025,.268963010535967,1
2025,.268972983650408,1
2025,.269031643363639,1
2025,.269132902829739,1
2025,.269150985307555,1
2025,.269175258643859,1
2025,.269215242911171,1
2025,.269225625990097,1
2025,.269234240512156,1
2025,.269238366897681,1
2025,.269244371174017,1
2025,.269300113325203,1
2025,.26931909513298,1
2025,.2693612915026,1
2025,.269365466047304,1
2025,.26938846487353,1
2025,.269402907127202,1
2025,.26940792030751,1
2025,.269438924576037,1
2025,.269445291589933,1
2025,.269466040309539,1
2025,.269574737761501,1
2025,.269577004316194,1
2025,.26957955110351,1
2025,.269609106100178,1
2025,.269615990534067,1
2025,.269670060842743,1
2025,.269674198631712,1
2025,.269695460778962,1
2025,.269713392663405,1
2025,.269736550606192,1
2025,.269737565669298,1
2025,.269755033209021,1
2025,.269776466431251,1
2025,.269779563710055,1
2025,.269784116914781,1
2025,.269804545452557,1
2025,.269807258520185,1
2025,.269855277799897,1
2025,.269859718225507,1
2025,.269941571970508,1
2025,.269961063543972,1
2025,.270044613680349,1
2025,.270052753020591,1
2025,.270090921272783,1
2025,.27012702045994,1
2025,.270172018239483,1
2025,.270318068767122,1
2025,.270319304795923,1
2025,.270401787338088,1
2025,.27040601140767,1
2025,.270431710743782,1
2025,.270433959093313,1
2025,.270492931075704,1
2025,.270524603695383,1
2025,.270563015127818,1
2025,.27056650643513,1
2025,.270621237691307,1
2025,.270634907249237,1
2025,.2706512812855,1
2025,.270655969481517,1
2025,.27073484156346,1
2025,.270742360689813,1
2025,.270745803478646,1
2025,.270758998146249,1
2025,.270805843958669,1
2025,.270857503308352,1
2025,.270866402578867,1
2025,.270876815125358,1
2025,.270880653682275,1
2025,.270881747144071,1
2025,.27089967979668778,1
2025,.27090352963057,1
2025,.271000826680034,1
2025,.271095312476524,1
2025,.271126299969548,1
2025,.271135358170464,1
2025,.271136628120087,1
2025,.271177778589168,1
2025,.27118632419647,1
2025,.271206858958997,1
2025,.271300336257907,1
2025,.271324837858789,1
2025,.271340340344493,1
2025,.271349864409613,1
2025,.271409774182786,1
2025,.271431705250499,1
2025,.2714319094752,1
2025,.271466842509799,1
2025,.271491549144311,1
2025,.271499167694433,1
2025,.271519750817581,1
2025,.271520559308761,1
2025,.271528729055641,1
2025,.271540937801591,1
2025,.271620187516339,1
2025,.271631098952116,1
2025,.271644889821195,1
2025,.271666584119578,1
2025,.271680336411999,1
2025,.271713598496648,1
2025,.271716679072678,1
2025,.271721506298477,1
2025,.271753487152194,1
2025,.271799381761788,1
2025,.271876851192342,1
2025,.271877803377491,1
2025,.271879335582723,1
2025,.27192074753525575,1
2025,.271927056088831,1
2025,.271954256080098,1
2025,.271991948801236,1
2025,.272045011895698,1
2025,.272068269809427,1
2025,.272107720451335,1
2025,.272108669651169,1
2025,.272127554592616,1
2025,.272138730091242,1
2025,.272183073972589,1
2025,.272232850407488,1
2025,.272243658538513,1
2025,.272252455694448,1
2025,.272252647852555,1
2025,.272263886431823,1
2025,.272271597081351,1
2025,.272290954720568,1
2025,.272301362733778,1
2025,.272386918635863,1
2025,.272411239638023,1
2025,.272414625043918,1
2025,.272431192616547,1
2025,.272488606336516,1
2025,.272490692576372,1
2025,.272508078992547,1
2025,.272513868886266,1
2025,.272606301067104,1
2025,.272607497200878,1
2025,.272630625255564,1
2025,.27264309103909,1
2025,.27268616124066,1
2025,.272719691353478,1
2025,.272774929946143,1
2025,.272781825597184,1
2025,.272789736259025,1
2025,.272864744426728,1
2025,.272874758449957,1
2025,.272877995730029,1
2025,.27290264831736,1
2025,.272928002379619,1
2025,.272934144516448,1
2025,.273035179128779,1
2025,.273056105668677,1
2025,.273101533913794,1
2025,.273123423413444,1
2025,.273134834953196,1
2025,.273164468551051,1
2025,.273285174212998,1
2025,.273291473712807,1
2025,.273304434487837,1
2025,.273312917577922,1
2025,.273317267844801,1
2025,.273323249235728,1
2025,.273352178560254,1
2025,.273378355986623,1
2025,.273404112659325,1
2025,.273438822576883,1
2025,.273491524176566,1
2025,.273526962867613,1
2025,.273592677382986,1
2025,.273617921018286,1
2025,.273666913381699,1
2025,.27369220502213,1
2025,.273728260200015,1
2025,.273750704662019,1
2025,.273815258042194,1
2025,.273834518267581,1
2025,.273842045270243,1
2025,.273846487604779,1
2025,.273876350118687,1
2025,.273915818821964,1
2025,.273931394119599,1
2025,.273946519601369,1
2025,.273993350393173,1
2025,.274065059833037,1
2025,.274133735952588,1
2025,.274158719899068,1
2025,.274166948729487,1
2025,.274271875010689,1
2025,.27427201620434,1
2025,.27429929081619,1
2025,.274312684717557,1
2025,.274354979535676,1
2025,.274365729993308,1
2025,.274392141781138,1
2025,.274406376067135,1
2025,.274424152678467,1
2025,.274436722252514,1
2025,.274443816366997,1
2025,.274452910831137,1
2025,.274455637099803,1
2025,.274455876101145,1
2025,.274469157037709,1
2025,.274473333963237,1
2025,.274512467532577,1
2025,.274513989345422,1
2025,.274516755092456,1
2025,.274594048767996,1
2025,.274602604321384,1
2025,.274659497020947,1
2025,.274664574567106,1
2025,.274679523674903,1
2025,.274699137068126,1
2025,.274707506028955,1
2025,.274795265276319,1
2025,.274821627826985,1
2025,.274834446858734,1
2025,.274863817200637,1
2025,.274896387211843,1
2025,.274974018675898,1
2025,.274979406181589,1
2025,.275008723751244,1
2025,.275072928133846,1
2025,.275155288621865,1
2025,.275202385989824,1
2025,.275219123317982,1
2025,.275249620911014,1
2025,.275299416113199,1
2025,.275305778350646,1
2025,.275312174581451,1
2025,.275325150961265,1
2025,.275436438801255,1
2025,.275465230237783,1
2025,.275473710732941,1
2025,.27551165469266,1
2025,.275568175110764,1
2025,.275570604180079,1
2025,.275573263699667,1
2025,.275589332997553,1
2025,.275612343423256,1
2025,.275679488015437,1
2025,.275687944074372,1
2025,.275706259002294,1
2025,.27572243736968,1
2025,.275788504700613,1
2025,.275802319662702,1
2025,.275813889130234,1
2025,.275819796120765,1
2025,.275829798217308,1
2025,.275904433841963,1
2025,.275948535708973,1
2025,.275960009012556,1
2025,.275984011801702,1
2025,.275987137120019,1
2025,.27598808647786,1
2025,.275999510654859,1
2025,.276048659480962,1
2025,.276054612371944,1
2025,.276064409454607,1
2025,.276075889769365,1
2025,.276110278808348,1
2025,.276175827401051,1
2025,.276188015497777,1
2025,.276204999254894,1
2025,.276208129235371,1
2025,.27626370783717,1
2025,.276400275945821,1
2025,.276498153416403,1
2025,.276517654894652,1
2025,.276518048192967,1
2025,.276543826743964,1
2025,.276549010539379,1
2025,.276549363971061,1
2025,.276551143357904,1
2025,.276604249140694,1
2025,.276638194097241,1
2025,.276677985309061,1
2025,.276719054407816,1
2025,.276722921539479,1
2025,.276753044396446,1
2025,.276788568439166,1
2025,.276793067611077,1
2025,.276797545240189,1
2025,.27682575956674,1
2025,.2768805672097,1
2025,.27688076838579,1
2025,.277004557261158,1
2025,.277018912279623,1
2025,.277042667768793,1
2025,.277053361498763,1
2025,.277053478668572,1
2025,.277072196625535,1
2025,.277124489002772,1
2025,.277161710960243,1
2025,.277176068304776,1
2025,.277201069288051,1
2025,.277259570251207,1
2025,.277298380672149,1
2025,.277312943031596,1
2025,.277320406462682,1
2025,.277373379327153,1
2025,.277386977638429,1
2025,.27739176014329,1
2025,.277407179464395,1
2025,.277412984836695,1
2025,.277471767285647,1
2025,.277477498708618,1
2025,.277483089321289,1
2025,.277502931197655,1
2025,.27751366976825,1
2025,.277581875380555,1
2025,.27760563610593,1
2025,.277637863335149,1
2025,.277644271706378,1
2025,.277723334804339,1
2025,.277727305667165,1
2025,.277734742153936,1
2025,.277738694870753,1
2025,.277768138203678,1
2025,.277768457153091,1
2025,.277791343220184,1
2025,.277809798379842,1
2025,.277841886044962,1
2025,.277969676266776,1
2025,.277984919102579,1
2025,.278014426105916,1
2025,.27802468538497,1
2025,.278031249971505,1
2025,.278049522507829,1
2025,.278061400854017,1
2025,.278091773605274,1
2025,.278093263731986,1
2025,.278093430394656,1
2025,.278096051708838,1
2025,.278109025232856,1
2025,.278113342841714,1
2025,.278151866635694,1
2025,.278215395836303,1
2025,.278305101216946,1
2025,.278336804255796,1
2025,.278336843926484,1
2025,.278367311021278,1
2025,.278444392726844,1
2025,.278484650476993,1
2025,.27851412396135,1
2025,.278536581581124,1
2025,.278539248045672,1
2025,.278541022921868,1
2025,.278545262458549,1
2025,.278547786431709,1
2025,.278553057719062,1
2025,.278556307288881,1
2025,.278556638426245,1
2025,.278558868225015,1
2025,.278562265057995,1
2025,.278637840816629,1
2025,.278674056512561,1
2025,.278675725149611,1
2025,.278691646556693,1
2025,.278715118815263,1
2025,.278742465210676,1
2025,.278765473790869,1
2025,.278768162744119,1
2025,.278797793824565,1
2025,.27881182853117,1
2025,.278815508075509,1
2025,.278865615558175,1
2025,.278871540179352,1
2025,.278872610088917,1
2025,.278876466829448,1
2025,.278877332634322,1
2025,.278889366105066,1
2025,.278899709642921,1
2025,.27891784062137,1
2025,.278924431460406,1
2025,.279050499833303,1
2025,.279068056673336,1
2025,.27909683308788,1
2025,.279115413357521,1
2025,.279132392941073,1
2025,.279141523130052,1
2025,.279196132493981,1
2025,.27921068338355,1
2025,.279215231877888,1
2025,.279215849609106,1
2025,.279295237434126,1
2025,.279298832508286,1
2025,.279304970587705,1
2025,.27932319140429,1
2025,.279356790767794,1
2025,.279365313799951,1
2025,.279369523507254,1
2025,.279391247426169,1
2025,.279419607049128,1
2025,.279421612340713,1
2025,.279423372851342,1
2025,.279436862181667,1
2025,.279511398946035,1
2025,.279524847942383,1
2025,.279533034412658,1
2025,.279555444657627,1
2025,.279570327752879,1
2025,.279571140570275,1
2025,.279601935922076,1
2025,.279630154736163,1
2025,.279651199136794,1
2025,.279692504177663,1
2025,.27970341998725,1
2025,.279720834739897,1
2025,.279722406619108,1
2025,.279734529622941,1
2025,.279750390410464,1
2025,.279767014861681,1
2025,.279822525970383,1
2025,.279822957778033,1
2025,.279829613917279,1
2025,.279838578325391,1
2025,.279889548223442,1
2025,.279893576265193,1
2025,.279913475758431,1
2025,.279914684597199,1
2025,.279923123763293,1
2025,.27996711795214,1
2025,.279982287993828,1
2025,.28001335388262,1
2025,.280033383949027,1
2025,.280037878844481,1
2025,.2800487375759,1
2025,.280050090335631,1
2025,.280081980948853,1
2025,.280091268339293,1
2025,.280093954705014,1
2025,.28011429162074,1
2025,.280170544576613,1
2025,.280172299422796,1
2025,.280197900755568,1
2025,.280201312854239,1
2025,.280232390271184,1
2025,.280238735098757,1
2025,.280248079795286,1
2025,.280261922023675,1
2025,.280314996018565,1
2025,.280318368063994,1
2025,.280321944193345,1
2025,.280369587468785,1
2025,.28037616581794,1
2025,.280377923295073,1
2025,.28038775393492,1
2025,.280407411513616,1
2025,.280490518912988,1
2025,.280497880583233,1
2025,.280498784337306,1
2025,.280526321937825,1
2025,.280564264655225,1
2025,.280565501593708,1
2025,.280577858327856,1
2025,.280580792407251,1
2025,.280638062844711,1
2025,.280675691537598,1
2025,.280695604732868,1
2025,.280709820533749,1
2025,.280720752381082,1
2025,.280768125495795,1
2025,.280801561831329,1
2025,.280847253460146,1
2025,.280927417849191,1
2025,.280928559659123,1
2025,.280959781755512,1
2025,.280960411068627,1
2025,.280975017573548,1
2025,.28098014177414,1
2025,.28100187367706,1
2025,.281052836808784,1
2025,.281065372270452,1
2025,.281065379811308,1
2025,.281086378278788,1
2025,.281100162654331,1
2025,.281102693149697,1
2025,.281172037808535,1
2025,.281282560631714,1
2025,.281317284948716,1
2025,.281387566428571,1
2025,.281404523452141,1
2025,.281416068013712,1
2025,.281428631242405,1
2025,.281460130371404,1
2025,.281463329527165,1
2025,.281481589363846,1
2025,.281501155236013,1
2025,.281509619416148,1
2025,.28151677607979,1
2025,.281586727444694,1
2025,.281590300305298,1
2025,.281661095291421,1
2025,.281697550666726,1
2025,.281711476458317,1
2025,.281720878382779,1
2025,.281728021434213,1
2025,.281740755966444,1
2025,.281752182086004,1
2025,.281770403660523,1
2025,.281780330960796,1
2025,.281828405014945,1
2025,.28184628450194804,1
2025,.281847714367342,1
2025,.281923506395077,1
2025,.2819743417503,1
2025,.281974790435186,1
2025,.281984621149751,1
2025,.282051053977679,1
2025,.282054257572112,1
2025,.282096603938377,1
2025,.28211263536049674,1
2025,.282141526484244,1
2025,.282142578641785,1
2025,.282143407960357,1
2025,.282169600235611,1
2025,.282173121668276,1
2025,.282216282993145,1
2025,.282216589746885,1
2025,.282234435707004,1
2025,.282290822117111,1
2025,.282323792787997,1
2025,.282333064934102,1
2025,.282345025012923,1
2025,.282354541757326,1
2025,.282412166235019,1
2025,.282436681352549,1
2025,.28245061603131,1
2025,.282451156032553,1
2025,.282465680133276,1
2025,.282507489682633,1
2025,.282516922739209,1
2025,.282521127063363,1
2025,.282540987940712,1
2025,.282573585896427,1
2025,.28258471455658,1
2025,.282585290247451,1
2025,.282690357006937,1
2025,.282730230000613,1
2025,.282742069857985,1
2025,.282749305431867,1
2025,.282775988828536,1
2025,.282777074390192,1
2025,.282785817606226,1
2025,.282791412359839,1
2025,.282824099251922,1
2025,.282835471130809,1
2025,.28283939162218,1
2025,.282863235939907,1
2025,.282869488825817,1
2025,.282880701515903,1
2025,.282894244544779,1
2025,.282912342515218,1
2025,.282936872441892,1
2025,.282965221696787,1
2025,.283012767455374,1
2025,.283025256949258,1
2025,.28303341073511,1
2025,.28314062750173,1
2025,.283182996046356,1
2025,.283211410685531,1
2025,.28321882023736,1
2025,.283295288777982,1
2025,.283309727623205,1
2025,.283343553582727,1
2025,.283363823964917,1
2025,.283377455940892,1
2025,.283399034855806,1
2025,.283428249712017,1
2025,.283468282636226,1
2025,.283472001678397,1
2025,.28348768539336283,1
2025,.283517319573068,1
2025,.283531351421985,1
2025,.283574309552788,1
2025,.283583576319629,1
2025,.283607563358243,1
2025,.283654921189698,1
2025,.2836726533568,1
2025,.283683671268478,1
2025,.283700912537785,1
2025,.283706858334276,1
2025,.283759574459112,1
2025,.283778182943353,1
2025,.283785608564799,1
2025,.283840088449269,1
2025,.283844671988496,1
2025,.283892876984421,1
2025,.28390088468202,1
2025,.283913276641866,1
2025,.283935064685959,1
2025,.283936027266281,1
2025,.283948760711804,1
2025,.283955519075538,1
2025,.283996896956605,1
2025,.284004810264166,1
2025,.284005964808962,1
2025,.284049213948376,1
2025,.284053127351457,1
2025,.284056826300864,1
2025,.284090500886444,1
2025,.284117665663325,1
2025,.284118200807253,1
2025,.284131112921378,1
2025,.284138050943999,1
2025,.284145259450818,1
2025,.284147009592161,1
2025,.284147187971869,1
2025,.284191944193718,1
2025,.28420673511905,1
2025,.28421007152744,1
2025,.284231934531245,1
2025,.28423398697293,1
2025,.28423448426256,1
2025,.284252806062293,1
2025,.284255194268086,1
2025,.284302244930588,1
2025,.284303638428463,1
2025,.284360171359273,1
2025,.284414527280146,1
2025,.284425726669048,1
2025,.28443619703943,1
2025,.284469676033401,1
2025,.284478078474005,1
2025,.284479709638786,1
2025,.284482843157251,1
2025,.284513512918132,1
2025,.284550609406344,1
2025,.284583395792478,1
2025,.284586880136198,1
2025,.284593027668632,1
2025,.284645182998942,1
2025,.284717421125968,1
2025,.284780827722617,1
2025,.284849356154128,1
2025,.28485332018175,1
2025,.284861817183754,1
2025,.284877589676725,1
2025,.285067413914637,1
2025,.285073806210504,1
2025,.285089157341032,1
2025,.285092147763178,1
2025,.285099250898502,1
2025,.285125977136702,1
2025,.285131747623485,1
2025,.285139808262304,1
2025,.285148783622318,1
2025,.285151365113385,1
2025,.28519710529636,1
2025,.285210064469185,1
2025,.285216609486192,1
2025,.285216985073109,1
2025,.285222560652651,1
2025,.285226781167203,1
2025,.285229486499255,1
2025,.285240996806619,1
2025,.285274212493506,1
2025,.285293427888119,1
2025,.285322694353926,1
2025,.285325428686502,1
2025,.285369990812155,1
2025,.285378218412574,1
2025,.28538222843122,1
2025,.285392911324854,1
2025,.28540216453729,1
2025,.285429846239654,1
2025,.285440755625174,1
2025,.285443820331861,1
2025,.285460896051914,1
2025,.285484765415663,1
2025,.285530193419604,1
2025,.285531912168321,1
2025,.285614474625243,1
2025,.285652840786958,1
2025,.285718640046777,1
2025,.285743160544622,1
2025,.285816473876318,1
2025,.285847469757547,1
2025,.285847626097337,1
2025,.285878057308271,1
2025,.285933758291829,1
2025,.28597074094672,1
2025,.286003256057615,1
2025,.286010009597843,1
2025,.286055862898784,1
2025,.286072854996835,1
2025,.286074241879609,1
2025,.286081586091266,1
2025,.286115670721062,1
2025,.286135635428806,1
2025,.28616495855805,1
2025,.286172382367753,1
2025,.286175237050966,1
2025,.2861824110912,1
2025,.28621556965507128,1
2025,.286257407356721,1
2025,.28626715236982,1
2025,.286274885142904,1
2025,.286299932919003,1
2025,.286317620676796,1
2025,.286339578456671,1
2025,.286341640153549,1
2025,.286369361926595,1
2025,.286415540262144,1
2025,.286442413802973,1
2025,.286459207309042,1
2025,.286535694768237,1
2025,.28658417930885,1
2025,.286591443857116,1
2025,.286718386999021,1
2025,.286805082953928,1
2025,.286807200497496,1
2025,.286813876794862,1
2025,.286867717648807,1
2025,.28688041368334,1
2025,.286903831872359,1
2025,.286908521272593,1
2025,.286919003284992,1
2025,.286980959812563,1
2025,.287069756034445,1
2025,.287088925573149,1
2025,.287091261891956,1
2025,.287107770015793,1
2025,.287108902282794,1
2025,.287109690036225,1
2025,.287133695833218,1
2025,.287152932491183,1
2025,.287184292839602,1
2025,.287184922640599,1
2025,.287246407427433,1
2025,.287248657893116,1
2025,.287259476943154,1
2025,.2872726705681,1
2025,.287300224228998,1
2025,.287320441847558,1
2025,.287343547596932,1
2025,.2873701447066,1
2025,.287377119192775,1
2025,.28738843336427,1
2025,.287417215034017,1
2025,.287431263510887,1
2025,.287432681992122,1
2025,.287451762197139,1
2025,.287483915840279,1
2025,.287578621852958,1
2025,.287586468108602,1
2025,.287615030368824,1
2025,.287620114681673,1
2025,.287624606780236,1
2025,.28762759414019,1
2025,.287644766576829,1
2025,.287645431445865,1
2025,.287661034096304,1
2025,.287674205062154,1
2025,.287676263188054,1
2025,.287678043683259,1
2025,.287688652732158,1
2025,.287711352780493,1
2025,.287727302376356,1
2025,.287729492045768,1
2025,.287732147385454,1
2025,.287753875495448,1
2025,.287801040661005,1
2025,.287815077148479,1
2025,.287845510265785,1
2025,.287893982744399,1
2025,.287894350296269,1
2025,.28792326445473,1
2025,.287924691956664,1
2025,.287934048040913,1
2025,.28794053871637,1
2025,.287963041199268,1
2025,.287999369915804,1
2025,.288002287736109,1
2025,.288096173488444,1
2025,.28818458029984,1
2025,.288187416256899,1
2025,.288203630656266,1
2025,.28822331522542,1
2025,.28823790722197,1
2025,.288244523296701,1
2025,.288245480385137,1
2025,.288251370905424,1
2025,.288256474007329,1
2025,.288262099619634,1
2025,.28826546319851,1
2025,.288320557124616,1
2025,.288348479822731,1
2025,.288360231320946,1
2025,.288380129336723,1
2025,.288380722561505,1
2025,.288387294128934,1
2025,.288388727704734,1
2025,.288418157029082,1
2025,.288420767679287,1
2025,.288425242139967,1
2025,.288431972313105,1
2025,.288474251887408,1
2025,.288474281103273,1
2025,.288497277653456,1
2025,.28851041588041,1
2025,.288547153985312,1
2025,.288548589874888,1
2025,.28857944860618,1
2025,.288598942347617,1
2025,.28862285285949,1
2025,.288685701883319,1
2025,.288688529552404,1
2025,.288691346028562,1
2025,.288700614573121,1
2025,.288758322818237,1
2025,.28879620458849,1
2025,.2888331720649,1
2025,.288851071010591,1
2025,.288883952267669,1
2025,.288891010158531,1
2025,.288916087965859,1
2025,.288919920910119,1
2025,.288927271741113,1
2025,.28901356261588,1
2025,.289042017936841,1
2025,.289052732593621,1
2025,.289075825130042,1
2025,.289082621132286,1
2025,.289084808225145,1
2025,.289137615069316,1
2025,.289138496555534,1
2025,.28914301952984,1
2025,.28917457227103377,1
2025,.289181934446485,1
2025,.289185613792033,1
2025,.289194744893579,1
2025,.289204194268596,1
2025,.289242881542531,1
2025,.289272603946527,1
2025,.289351867376722,1
2025,.289400409216067,1
2025,.289412065349649,1
2025,.28941360123296,1
2025,.289439280620273,1
2025,.289461597757175,1
2025,.289486484503499,1
2025,.289543709121862,1
2025,.289546872474176,1
2025,.289564138965768,1
2025,.289576196932442,1
2025,.289595651775341,1
2025,.289612728230852,1
2025,.289641344182448,1
2025,.289642776311042,1
2025,.289647907991295,1
2025,.289705061659321,1
2025,.289783243210323,1
2025,.289784709345313,1
2025,.289800046009124,1
2025,.289884631730802,1
2025,.289925412246985,1
2025,.2899377103355,1
2025,.289954449627958,1
2025,.289954584818871,1
2025,.290004338910317,1
2025,.29002829167989,1
2025,.290096510388492,1
2025,.290101763019797,1
2025,.290103248661218,1
2025,.290110679718291,1
2025,.290113382410744,1
2025,.290127153333686,1
2025,.290130143666766,1
2025,.290132552309137,1
2025,.290148771511317,1
2025,.290151800441253,1
2025,.290158180469563,1
2025,.290194450754303,1
2025,.290220924333182,1
2025,.290233620486418,1
2025,.29025263756139,1
2025,.290258130575319,1
2025,.290260842436207,1
2025,.290347331872204,1
2025,.290355382507349,1
2025,.290369162977838,1
2025,.290380242402314,1
2025,.290387265450069,1
2025,.290452293383685,1
2025,.290454975370379,1
2025,.29046837334878739,1
2025,.290470918473483,1
2025,.290475812516653,1
2025,.290489694073675,1
2025,.290508370999438,1
2025,.290511897058163,1
2025,.290523295508172,1
2025,.290525197875066,1
2025,.290528095533581,1
2025,.290540181828565,1
2025,.290587880292782,1
2025,.290614987827306,1
2025,.290618551785041,1
2025,.290642530751612,1
2025,.290684539787965,1
2025,.290714516186564,1
2025,.290726731480836,1
2025,.29077175880626,1
2025,.290810994178161,1
2025,.290833932799157,1
2025,.290854192227517,1
2025,.290886009432364,1
2025,.290924478298621,1
2025,.290935709429097,1
2025,.290937953080351,1
2025,.290955303869265,1
2025,.290967877045437,1
2025,.290990940668372,1
2025,.290991554396538,1
2025,.291002965730785,1
2025,.29105675868761977,1
2025,.29106241201448,1
2025,.291063434774985,1
2025,.291064894470299,1
2025,.291067815522553,1
2025,.291074489286,1
2025,.29107939895661,1
2025,.291115150798034,1
2025,.29112599227725,1
2025,.291127444299797,1
2025,.291135945194893,1
2025,.291140301991337,1
2025,.291153467336748,1
2025,.291169695543949,1
2025,.291184066011135,1
2025,.291190900812671,1
2025,.291216094474239,1
2025,.291218814541783,1
2025,.291222068378656,1
2025,.291232451570562,1
2025,.291241738949997,1
2025,.291261735288686,1
2025,.291270693696399,1
2025,.291287681584923,1
2025,.291287763340047,1
2025,.291299355473594,1
2025,.291302141314063,1
2025,.29131573580583,1
2025,.291319104636059,1
2025,.291359369910214,1
2025,.291366506706307,1
2025,.291375400247236,1
2025,.291395821417797,1
2025,.291424166775273,1
2025,.291447121913136,1
2025,.29145989224342,1
2025,.291479861216046,1
2025,.291501474847775,1
2025,.29150419468841,1
2025,.29155161102043,1
2025,.291554902361625,1
2025,.291573104068684,1
2025,.291585150896279,1
2025,.291632071308243,1
2025,.291667961288709,1
2025,.291673168397326,1
2025,.291675344010339,1
2025,.291676275388031,1
2025,.29168426962142,1
2025,.291689886444036,1
2025,.291717604851471,1
2025,.291736409865531,1
2025,.29173695672018529,1
2025,.291738819556949,1
2025,.291767075010064,1
2025,.291775648266987,1
2025,.291792003494743,1
2025,.291817634588904,1
2025,.291848541325572,1
2025,.291853443048268,1
2025,.291864813849024,1
2025,.291907783844875,1
2025,.291943698554453,1
2025,.29199168293035,1
2025,.292029851435846,1
2025,.292038472339196,1
2025,.29204423224657,1
2025,.292044991171768,1
2025,.292059117134623,1
2025,.292073866922611,1
2025,.292073975774817,1
2025,.292084798847256,1
2025,.292124456166028,1
2025,.292139942358737,1
2025,.292148941643173,1
2025,.292157391998763,1
2025,.292240851760503,1
2025,.292252289002359,1
2025,.292259610829898,1
2025,.292307024619418,1
2025,.292337486945079,1
2025,.292346351229054,1
2025,.292346823750891,1
2025,.292389484874595,1
2025,.292408063206412,1
2025,.29244169592452,1
2025,.292448021278782,1
2025,.292469868536862,1
2025,.292472917466651,1
2025,.292481840831867,1
2025,.292539970940384,1
2025,.292547186639739,1
2025,.29255540813229,1
2025,.292609807625186,1
2025,.292626615748774,1
2025,.292627807650096,1
2025,.292685373371809,1
2025,.292699756151277,1
2025,.292733520142133,1
2025,.292738848211958,1
2025,.292740197594054,1
2025,.292759163569173,1
2025,.292761872476005,1
2025,.292767576902204,1
2025,.292777438117124,1
2025,.292797020002903,1
2025,.292818386709989,1
2025,.292837378301938,1
2025,.292872106809632,1
2025,.292880188025075,1
2025,.292880280313327,1
2025,.292898002558525,1
2025,.29290357625076741,1
2025,.292928238901864,1
2025,.292936583270754,1
2025,.292939628133919,1
2025,.292942188198941,1
2025,.292986606243847,1
2025,.292999437976777,1
2025,.29300319652764,1
2025,.293005079692752,1
2025,.293020679452233,1
2025,.293026277055962,1
2025,.293061285986803,1
2025,.293078441025322,1
2025,.293086564338567,1
2025,.293088869356541,1
2025,.293163917348171,1
2025,.293173556012692,1
2025,.293200818954652,1
2025,.293237134650744,1
2025,.293242829882478,1
2025,.293277549731303,1
2025,.293312626451687,1
2025,.293331948458666,1
2025,.293344064927436,1
2025,.293356506143051,1
2025,.293387208364741,1
2025,.293409312864473,1
2025,.293423691987707,1
2025,.29346545088002,1
2025,.293582987247913,1
2025,.293602307371996,1
2025,.293603245179558,1
2025,.293656207072788,1
2025,.293660635020602,1
2025,.293681170711092,1
2025,.29369418255417,1
2025,.293705856998997,1
2025,.293726800283964,1
2025,.293737789233825,1
2025,.293742204197483,1
2025,.293748154509204,1
2025,.293765770613964,1
2025,.29380248323238,1
2025,.293842856953634,1
2025,.293847421201312,1
2025,.293881018228562,1
2025,.293886638753276,1
2025,.293887828828432,1
2025,.293906428387505,1
2025,.293908289246305,1
2025,.293937213251554,1
2025,.293944635290997,1
2025,.293957288023451,1
2025,.293984345632446,1
2025,.294008599698175,1
2025,.294031311104814,1
2025,.294049600000382,1
2025,.294053464998615,1
2025,.294071599239261,1
2025,.294073102433978,1
2025,.294077923341899,1
2025,.294107738651748,1
2025,.294121835153755,1
2025,.294131318478177,1
2025,.294133386582636,1
2025,.294150179409976,1
2025,.294161143152794,1
2025,.2941709115793,1
2025,.294177424559118,1
2025,.294193002895751,1
2025,.294213165033677,1
2025,.294274001321751,1
2025,.294282830151923,1
2025,.294297789704745,1
2025,.294308599369098,1
2025,.294322840480744,1
2025,.294336217154924,1
2025,.294398905027208,1
2025,.294403326564772,1
2025,.294404024072746,1
2025,.294407029502573,1
2025,.294411687581745,1
2025,.29443179685732,1
2025,.294462721289934,1
2025,.29448397695651,1
2025,.294485352674531,1
2025,.29448752365160469,1
2025,.294576719158575,1
2025,.294590912966002,1
2025,.294600782066808,1
2025,.294667667847203,1
2025,.294686758254376,1
2025,.294688765199529,1
2025,.29470348634183385,1
2025,.294713107707968,1
2025,.294713547866398,1
2025,.294713573204713,1
2025,.294718750215027,1
2025,.294744332451622,1
2025,.29475913134093,1
2025,.294762049307848,1
2025,.294785606888659,1
2025,.294786211999623,1
2025,.294804952955254,1
2025,.294805238454123,1
2025,.29480852317994,1
2025,.294819844047308,1
2025,.294833138990918,1
2025,.294845236203438,1
2025,.29487912148575,1
2025,.294882704887234,1
2025,.294891298755443,1
2025,.294950779087866,1
2025,.29496914272542674,1
2025,.295006486062801,1
2025,.295046426179282,1
2025,.295107264512035,1
2025,.295132378860615,1
2025,.295144897349821,1
2025,.295164220942622,1
2025,.295165697748622,1
2025,.295170282330903,1
2025,.295170959474504,1
2025,.295286438643263,1
2025,.295295911495996,1
2025,.295305802710884,1
2025,.295309431762919,1
2025,.29535667982696,1
2025,.295371878023809,1
2025,.295381532701033,1
2025,.29539280203653,1
2025,.295407493353701,1
2025,.295420842231487,1
2025,.295435345761277,1
2025,.295436221191716,1
2025,.295457027916491,1
2025,.295465905576021,1
2025,.295474660571425,1
2025,.295494199430964,1
2025,.295504267664007,1
2025,.29553014176016,1
2025,.295551440183776,1
2025,.295565867468897,1
2025,.295580760636771,1
2025,.295587608089822,1
2025,.29560419323743,1
2025,.295628097515858,1
2025,.295677661088187,1
2025,.295745141539179,1
2025,.295757219117562,1
2025,.295766047120274,1
2025,.295770193138799,1
2025,.295781904752492,1
2025,.295787585436524,1
2025,.295796395527562,1
2025,.295807229903877,1
2025,.29583238902881,1
2025,.295846012609122,1
2025,.295916481700038,1
2025,.295936197311238,1
2025,.295955522550971,1
2025,.295959778031204,1
2025,.296009614399998,1
2025,.296050216195411,1
2025,.296058544073539,1
2025,.296086844275936,1
2025,.296144292960857,1
2025,.296146013682671,1
2025,.296166154137572,1
2025,.296177551640225,1
2025,.296193960981488,1
2025,.296197583128572,1
2025,.296233988375812,1
2025,.296255590438791,1
2025,.296261453664706,1
2025,.296263658656475,1
2025,.296274034115787,1
2025,.296327511272133,1
2025,.296344951292177,1
2025,.296371195629336,1
2025,.296408178550041,1
2025,.296426859003795,1
2025,.29642896413347,1
2025,.29644753514557431,1
2025,.296466510696722,1
2025,.296517889020184,1
2025,.29651865384763,1
2025,.296530256135326,1
2025,.296551643003711,1
2025,.296552820417313,1
2025,.296616662318363,1
2025,.29662218296567,1
2025,.296646097880795,1
2025,.296663912661635,1
2025,.296665972523583,1
2025,.296666910315471,1
2025,.296703328489069,1
2025,.296730286044356,1
2025,.296740762577891,1
2025,.296743518745768,1
2025,.296751615469281,1
2025,.296753295780626,1
2025,.296776531248821,1
2025,.296780942006309,1
2025,.296787636754393,1
2025,.296800481856446,1
2025,.296827755180171,1
2025,.296841663459133,1
2025,.296852797602653,1
2025,.296854950904507,1
2025,.296874029439774,1
2025,.296907349634593,1
2025,.296946271550678,1
2025,.296952069634651,1
2025,.29696079546675,1
2025,.296963298972244,1
2025,.296999923901642,1
2025,.297085944423508,1
2025,.297116900851775,1
2025,.297124359203428,1
2025,.29718540622791,1
2025,.29718969695211,1
2025,.297244569905639,1
2025,.297275580096958,1
2025,.297298844537272,1
2025,.297342413497997,1
2025,.297349024216054,1
2025,.297426043585276,1
2025,.297458707569518,1
2025,.297460272347266,1
2025,.297488581932582,1
2025,.297492834773203,1
2025,.297507323163954,1
2025,.29751874566707,1
2025,.297523839435677,1
2025,.29753578855493,1
2025,.297560321767839,1
2025,.297603674065421,1
2025,.29760716100121,1
2025,.297612000201639,1
2025,.297627609951349,1
2025,.297638816216301,1
2025,.297641253761639,1
2025,.297652913956799,1
2025,.29765593359079617,1
2025,.297657482036298,1
2025,.297688517686488,1
2025,.297698158270515,1
2025,.297728251641981,1
2025,.297730010478465,1
2025,.297765380364371,1
2025,.297771604196833,1
2025,.297779067310764,1
2025,.29779579903201,1
2025,.297804755004841,1
2025,.297815888790907,1
2025,.297841119638831,1
2025,.297851367324487,1
2025,.297859951590675,1
2025,.29786971407531,1
2025,.297878060771102,1
2025,.297884776064816,1
2025,.297886997677054,1
2025,.297943667553619,1
2025,.297952693529548,1
2025,.297965195348785,1
2025,.297978280137742,1
2025,.297985981274301,1
2025,.297994915909681,1
2025,.298026819752758,1
2025,.298029390004576,1
2025,.298034142281692,1
2025,.298034944771745,1
2025,.2980719478515,1
2025,.298072642490316,1
2025,.298098910149238,1
2025,.298101347647029,1
2025,.298108135361576,1
2025,.298110571985707,1
2025,.298162850974054,1
2025,.298186033071794,1
2025,.29819848486337203,1
2025,.298266969023319,1
2025,.298281233455285,1
2025,.298298533257086,1
2025,.298308111793848,1
2025,.298325863766258,1
2025,.298340631778816,1
2025,.298386382011874,1
2025,.29840755091031,1
2025,.298418123255026,1
2025,.298419741040215,1
2025,.298457725436396,1
2025,.29847018440388,1
2025,.298511148436659,1
2025,.298578517053681,1
2025,.298582308785136,1
2025,.298602503194424,1
2025,.298635835265931,1
2025,.29865522771643788,1
2025,.298681563596611,1
2025,.298715530296189,1
2025,.298725182057048,1
2025,.29876680240022457,1
2025,.298866851742196,1
2025,.298875523190198,1
2025,.298893967890954,1
2025,.298900390478805,1
2025,.298931695232974,1
2025,.298955191184782,1
2025,.298986935211271,1
2025,.299001476915486,1
2025,.299008739906043,1
2025,.299016944149146,1
2025,.299095088201593,1
2025,.299102589987773,1
2025,.299122875980365,1
2025,.299195210801365,1
2025,.299198389311078,1
2025,.299220257348319,1
2025,.299291994094468,1
2025,.299295253583644,1
2025,.299330389216137,1
2025,.29934973399714,1
2025,.299353372373584,1
2025,.299395073548426,1
2025,.299427097576296,1
2025,.299427580007568,1
2025,.299473351809224,1
2025,.299481574909126,1
2025,.299503802364512,1
2025,.299545771072432,1
2025,.299547160268783,1
2025,.299552319232937,1
2025,.299574345058833,1
2025,.299597951161448,1
2025,.299599547570254,1
2025,.299617740109522,1
2025,.299625883570196,1
2025,.299627339557456,1
2025,.299645317347134,1
2025,.299654373023616,1
2025,.299661985216883,1
2025,.299686991114222,1
2025,.299689823922649,1
2025,.299690366577204,1
2025,.2997430347925,1
2025,.299759482462707,1
2025,.299760405516019,1
2025,.299770036947892,1
2025,.299810097071217,1
2025,.29984640935823,1
2025,.299868524035822,1
2025,.299871326272246,1
2025,.299894405666188,1
2025,.2999934101237,1
2025,.300005358453586,1
2025,.300051039826514,1
2025,.300114133079407,1
2025,.300149537275571,1
2025,.300150844857847,1
2025,.300176871552735,1
2025,.300177895787472,1
2025,.30019137728883,1
2025,.300191720678838,1
2025,.300204525903296,1
2025,.300204756205216,1
2025,.300223133571257,1
2025,.300244548015906,1
2025,.300255352126017,1
2025,.300271755694468,1
2025,.300286830801459,1
2025,.300327204328136,1
2025,.300391731373712,1
2025,.30039611680559,1
2025,.300419514609803,1
2025,.300428004197906,1
2025,.300428641327349,1
2025,.300428868418469,1
2025,.300445565519678,1
2025,.300446511860532,1
2025,.300459435844843,1
2025,.300460003187608,1
2025,.300468134350619,1
2025,.300475901527003,1
2025,.300501556447744,1
2025,.300502094944391,1
2025,.300529048862437,1
2025,.30055076820046,1
2025,.30055267866384,1
2025,.300564452423514,1
2025,.300594893910094,1
2025,.300630655398342,1
2025,.300659938503958,1
2025,.300676912981412,1
2025,.300700427957939,1
2025,.300720107642435,1
2025,.300751917332193,1
2025,.300775256487653,1
2025,.30078138204453,1
2025,.300791182713145,1
2025,.300796384722079,1
2025,.300797665039955,1
2025,.300799230898243,1
2025,.300812579666503,1
2025,.300839260481661,1
2025,.300852592082689,1
2025,.300904181551013,1
2025,.300912749289595,1
2025,.300913228003285,1
2025,.300974841904429,1
2025,.300977714975538,1
2025,.300996764060162,1
2025,.301001382074301,1
2025,.301019032555064,1
2025,.301035886906389,1
2025,.301067553451137,1
2025,.301068785849338,1
2025,.301084411410364,1
2025,.301115354813034,1
2025,.301131484473738,1
2025,.301144170674234,1
2025,.301186309007886,1
2025,.301199507812832,1
2025,.301207394243728,1
2025,.301220464554734,1
2025,.301224643400241,1
2025,.301271650137699,1
2025,.301276158400598,1
2025,.301290650578384,1
2025,.301300183780222,1
2025,.301307828402094,1
2025,.301319274838428,1
2025,.301343946555178,1
2025,.301373251203007,1
2025,.301373307083014,1
2025,.301377365554869,1
2025,.301387117532799,1
2025,.301388272715172,1
2025,.301415195300459,1
2025,.301451542984485,1
2025,.301457319976614,1
2025,.301470697727202,1
2025,.301474377076103,1
2025,.301481945843354,1
2025,.301557454317001,1
2025,.301564236783504,1
2025,.301599955865139,1
2025,.30161577187568,1
2025,.301621712384231,1
2025,.301624523632239,1
2025,.30167259069709,1
2025,.301688930869183,1
2025,.301690568979642,1
2025,.301758188212745,1
2025,.30175843970455,1
2025,.30176178359907,1
2025,.301767349642161,1
2025,.301799731869623,1
2025,.301817087170073,1
2025,.301847816468329,1
2025,.301870314651614,1
2025,.30187334838366,1
2025,.301901458485611,1
2025,.30192159058084,1
2025,.301926436538411,1
2025,.301942420285435,1
2025,.301952369340899,1
2025,.301955149366612,1
2025,.301963820925076,1
2025,.301964961125277,1
2025,.301986788340039,1
2025,.302010553058562,1
2025,.302032471463585,1
2025,.302040296056154,1
2025,.302045238682131,1
2025,.302047514638955,1
2025,.302062285283766,1
2025,.302080515803606,1
2025,.30211424894387134,1
2025,.302125326092564,1
2025,.302165642224114,1
2025,.302174515252397,1
2025,.302175109968698,1
2025,.302211030010508,1
2025,.302217143046932,1
2025,.302224797606459,1
2025,.302230135555534,1
2025,.302240652045249,1
2025,.302250323299564,1
2025,.302252949296183,1
2025,.302304033085663,1
2025,.30230582361247,1
2025,.302319519808342,1
2025,.302349593693366,1
2025,.302365774374968,1
2025,.302413614048807,1
2025,.3024501122605,1
2025,.302452029870201,1
2025,.302503989790306,1
2025,.302520039079693,1
2025,.302539182302289,1
2025,.302544910980266,1
2025,.302547056662406,1
2025,.302596370522682,1
2025,.302606284791184,1
2025,.302611030839116,1
2025,.30263886761598,1
2025,.302646994025149,1
2025,.302654642601627,1
2025,.302667623880731,1
2025,.302671172304474,1
2025,.302672109474957,1
2025,.302691942605523,1
2025,.302694792262898,1
2025,.30271151166863,1
2025,.302719646148671,1
2025,.302720079679172,1
2025,.302740223171404,1
2025,.302801367076207,1
2025,.302804583774865,1
2025,.302807493638396,1
2025,.302818239413101,1
2025,.302833818547131,1
2025,.302834944926458,1
2025,.302835465611265,1
2025,.302868708221322,1
2025,.302877256175133,1
2025,.302879107234495,1
2025,.302917830776267,1
2025,.303003451216656,1
2025,.303024774684899,1
2025,.303055751306013,1
2025,.303061683818895,1
2025,.303079413149069,1
2025,.303082859963341,1
2025,.303101225769697,1
2025,.303134724845935,1
2025,.303194128836028,1
2025,.303212361813899,1
2025,.303266867289512,1
2025,.303267896769038,1
2025,.303269485849017,1
2025,.303279436442111,1
2025,.303299128565168,1
2025,.303337481289423,1
2025,.303362058160743,1
2025,.303370674502929,1
2025,.303378761685512,1
2025,.303380231168025,1
2025,.303385410640966,1
2025,.303447772689703,1
2025,.303454186086652,1
2025,.303458769498984,1
2025,.303466886264595,1
2025,.303479016172405,1
2025,.303493163365,1
2025,.303529030654779,1
2025,.303535653512966,1
2025,.303592908666694,1
2025,.303601443011031,1
2025,.303636838371854,1
2025,.303655853615665,1
2025,.303672990572579,1
2025,.303674886775749,1
2025,.303721644042609,1
2025,.30375357219907,1
2025,.303753860966245,1
2025,.303754843778753,1
2025,.303815720976119,1
2025,.303816844867972,1
2025,.303829884849999,1
2025,.303846547953605,1
2025,.303859917559528,1
2025,.303883113150277,1
2025,.303892265639347,1
2025,.303920761295019,1
2025,.303959082807571,1
2025,.30397543261591,1
2025,.304035488680318,1
2025,.304035840680526,1
2025,.304082741552199,1
2025,.304088168539073,1
2025,.304091163309499,1
2025,.30410880063387080,1
2025,.304119968889625,1
2025,.304120367776352,1
2025,.304173606422092,1
2025,.304202919223752,1
2025,.304227271007225,1
2025,.304231196978339,1
2025,.304277508284983,1
2025,.304294932397178,1
2025,.304305894077506,1
2025,.304311833950767,1
2025,.304331076280749,1
2025,.304358163113868,1
2025,.304363908528391,1
2025,.304374053810145,1
2025,.304412544108618,1
2025,.304446992336583,1
2025,.3044668439956,1
2025,.304484224727706,1
2025,.304491338327457,1
2025,.304508440615795,1
2025,.304509109279115,1
2025,.304563603120569,1
2025,.304578909316017,1
2025,.30458531057978,1
2025,.304619684381756,1
2025,.304627985162889,1
2025,.30464553370362,1
2025,.304657676208605,1
2025,.304667900148517,1
2025,.304683783180212,1
2025,.30468922049569,1
2025,.304721696902496,1
2025,.304725311513841,1
2025,.304731121385481,1
2025,.304733706322497,1
2025,.304734998814239,1
2025,.304799086236311,1
2025,.304809441708115,1
2025,.304812614409929,1
2025,.304822172053808,1
2025,.304852818290822,1
2025,.304858842909899,1
2025,.304879466382228,1
2025,.304893295099633,1
2025,.3049051647652,1
2025,.304919589687753,1
2025,.304925325042077,1
2025,.304941800983016,1
2025,.304987312581388,1
2025,.30499242803826127,1
2025,.304994970960064,1
2025,.305029374410537,1
2025,.305030831084525,1
2025,.305040785614219,1
2025,.305051258586151,1
2025,.305063061261061,1
2025,.305063278955939,1
2025,.305088239366424,1
2025,.305106414791043,1
2025,.305112221195608,1
2025,.305123931973044,1
2025,.305127151861169,1
2025,.305152516507749,1
2025,.305168684097513,1
2025,.305174542159694,1
2025,.305190992266114,1
2025,.30522053436183,1
2025,.305264997843573,1
2025,.305273929451491,1
2025,.305309446195879,1
2025,.305321394713286,1
2025,.305389087601557,1
2025,.305424485335902,1
2025,.305426783987391,1
2025,.305430647906584,1
2025,.305457971048892,1
2025,.305460160761646,1
2025,.305470993137306,1
2025,.305476047855236,1
2025,.305492767878052,1
2025,.305494029060736,1
2025,.305509947581586,1
2025,.305574392020698,1
2025,.305574972243245,1
2025,.305585184479705,1
2025,.305603719315136,1
2025,.30561094336877,1
2025,.30561695024463,1
2025,.305626506500944,1
2025,.30562664235016,1
2025,.305629105988161,1
2025,.305668234119748,1
2025,.305681218597862,1
2025,.305716509435678,1
2025,.3057174933673,1
2025,.30572075134181,1
2025,.305727087293673,1
2025,.305736693725508,1
2025,.305738822091332,1
2025,.305756702765342,1
2025,.30576639879888,1
2025,.305769939405299,1
2025,.305801214647217,1
2025,.305801972949202,1
2025,.305813407622246,1
2025,.305818439968755,1
2025,.30586822447691,1
2025,.3059029532114,1
2025,.305910419597172,1
2025,.305936924225263,1
2025,.305946758595656,1
2025,.305958984970577,1
2025,.30596997063083,1
2025,.306001085765108,1
2025,.306001109091194,1
2025,.306011241810519,1
2025,.306011798950902,1
2025,.306042111308836,1
2025,.306054864013987,1
2025,.306062934382995,1
2025,.306064474089969,1
2025,.306069045164525,1
2025,.306070883425883,1
2025,.306086283752472,1
2025,.306131984667832,1
2025,.306147744464533,1
2025,.306163798606003,1
2025,.306169285530513,1
2025,.306209448099511,1
2025,.306212648186605,1
2025,.306212998398233,1
2025,.306219015536283,1
2025,.30623521582593,1
2025,.3062355489586,1
2025,.306236599497377,1
2025,.306264577354929,1
2025,.306289801098418,1
2025,.306305270285135,1
2025,.306305503453371,1
2025,.306330289257219,1
2025,.306330439290701,1
2025,.306419091998435,1
2025,.306419343546907,1
2025,.306433910218082,1
2025,.306489147422891,1
2025,.306500665805677,1
2025,.30650200298428,1
2025,.306504368555009,1
2025,.306535035205272,1
2025,.306547055403784,1
2025,.306574001441065,1
2025,.306609052301165,1
2025,.30661123058072,1
2025,.306627232888981,1
2025,.306649353420458,1
2025,.306662766322038,1
2025,.306696390594846,1
2025,.306713290787618,1
2025,.306721496842185,1
2025,.306784956606927,1
2025,.306818410423892,1
2025,.306818542583371,1
2025,.306829341094919,1
2025,.306833110877457,1
2025,.306850844255868,1
2025,.306865866490065,1
2025,.306881861260667,1
2025,.306885383244366,1
2025,.306890268431338,1
2025,.30689357870805,1
2025,.3068958466256,1
2025,.306900772055615,1
2025,.306958433309482,1
2025,.30696300158117,1
2025,.306988400170011,1
2025,.307003254932074,1
2025,.307023645549376,1
2025,.307029752521894,1
2025,.307079667963684,1
2025,.30711039729123,1
2025,.30712876574156,1
2025,.307140376427182,1
2025,.307151881095671,1
2025,.307156355878273,1
2025,.307218019761395,1
2025,.307223074280503,1
2025,.307267665138639,1
2025,.307273492574574,1
2025,.307286258680754,1
2025,.30728835507382,1
2025,.307305582402098,1
2025,.307359478616126,1
2025,.307364516286596,1
2025,.307365744728456,1
2025,.30737681177546,1
2025,.307401669690035,1
2025,.307405280109634,1
2025,.307411582617502,1
2025,.307418346183201,1
2025,.307427497598805,1
2025,.307439949775414,1
2025,.307443822959514,1
2025,.307446604889307,1
2025,.307449165242267,1
2025,.30745166196045,1
2025,.307451961547754,1
2025,.30745493431661,1
2025,.307484333288664,1
2025,.307511879320964,1
2025,.307512841150277,1
2025,.307522662345855,1
2025,.307526782729609,1
2025,.307578941722698,1
2025,.307593160132778,1
2025,.30759393210491,1
2025,.30766230456971,1
2025,.307669707091633,1
2025,.307690157501652,1
2025,.307699504945694,1
2025,.307700969490878,1
2025,.307723348812723,1
2025,.307729599389901,1
2025,.30772980871197,1
2025,.307735923567022,1
2025,.307778826742799,1
2025,.30781608843593,1
2025,.307847191011314,1
2025,.307855685107514,1
2025,.307879241901278,1
2025,.307880321733287,1
2025,.30788115584135,1
2025,.307896021988192,1
2025,.30790214529463,1
2025,.30794021989897,1
2025,.308003977500316,1
2025,.308028791245086,1
2025,.308065034702257,1
2025,.308069605173682,1
2025,.308082230571654,1
2025,.308094174528229,1
2025,.308098069097099,1
2025,.30811859239889,1
2025,.308128741806188,1
2025,.30814258805266,1
2025,.308156532710211,1
2025,.308162184779406,1
2025,.30817289248445,1
2025,.308201485632858,1
2025,.308206557404949,1
2025,.308228828441156,1
2025,.308297022242529,1
2025,.308303117964218,1
2025,.308313099692409,1
2025,.308314782627946,1
2025,.30831748932516728,1
2025,.308361708616235,1
2025,.308363014651882,1
2025,.308366806746224,1
2025,.308369708559747,1
2025,.308382357511242,1
2025,.308382939270557,1
2025,.308411957222497,1
2025,.308412302581517,1
2025,.308421373891977,1
2025,.308436257304014,1
2025,.30843748984109,1
2025,.308442444426655,1
2025,.308475955490483,1
2025,.3084822635352,1
2025,.308484799993651,1
2025,.308529549451994,1
2025,.308553047991588,1
2025,.308585368288639,1
2025,.308642539453815,1
2025,.30865045986971,1
2025,.308660250149544,1
2025,.308670489846314,1
2025,.308676009507694,1
2025,.308708091075786,1
2025,.308757620113451,1
2025,.308787803979272,1
2025,.308813706343285,1
2025,.308918684776749,1
2025,.308931696965785,1
2025,.308942749642667,1
2025,.30895806687449,1
2025,.308960148203847,1
2025,.308971446379701,1
2025,.308973449480466,1
2025,.308978536657021,1
2025,.308983845188485,1
2025,.309018856380557,1
2025,.309019858825028,1
2025,.309019997330656,1
2025,.309033788683176,1
2025,.309049776876115,1
2025,.30905671534177,1
2025,.309082417083716,1
2025,.309088323966456,1
2025,.309095586605067,1
2025,.30910926837869351,1
2025,.309132322862737,1
2025,.309144564034391,1
2025,.30915194038016,1
2025,.309157969876506,1
2025,.309164840388157,1
2025,.309177982904434,1
2025,.309179778754515,1
2025,.309205508214338,1
2025,.309214995142467,1
2025,.309217359146946,1
2025,.3092515131108,1
2025,.309288521292122,1
2025,.30929722031133,1
2025,.309355625546818,1
2025,.309369843120105,1
2025,.309403848952659,1
2025,.309442720091836,1
2025,.309449039489354,1
2025,.309496066058829,1
2025,.309509210498711,1
2025,.309526030267982,1
2025,.309535671115552,1
2025,.309538670700838,1
2025,.30958841007358,1
2025,.309600132139527,1
2025,.309619076421964,1
2025,.30962162116121,1
2025,.309629426617859,1
2025,.309643633634195,1
2025,.309648638430236,1
2025,.309662410922768,1
2025,.309692857042761,1
2025,.309707959456401,1
2025,.309769654407373,1
2025,.309777814669379,1
2025,.309808759046635,1
2025,.309811159378856,1
2025,.309811249448586,1
2025,.309829135366561,1
2025,.309838540409405,1
2025,.309843922942898,1
2025,.309868889062153,1
2025,.309875846172518,1
2025,.30990901288495,1
2025,.309909587739804,1
2025,.309924696092217,1
2025,.309979697658259,1
2025,.30998402915722,1
2025,.310000394329199,1
2025,.310004475236014,1
2025,.31000742250098,1
2025,.310018277007166,1
2025,.310026763780654,1
2025,.310027311384003,1
2025,.31004728239665,1
2025,.3100594668912,1
2025,.310077576490025,1
2025,.310085702559647,1
2025,.310087449380307,1
2025,.310094877416238,1
2025,.310114543418248,1
2025,.310118596516901,1
2025,.310153139022071,1
2025,.310171995127989,1
2025,.310184365531296,1
2025,.310186190095609,1
2025,.310192205379774,1
2025,.310195195198734,1
2025,.310222828640958,1
2025,.310227365586899,1
2025,.310259930285861,1
2025,.31026429707864,1
2025,.310279246668182,1
2025,.310299053333642,1
2025,.310305973267864,1
2025,.310306432556823,1
2025,.310326864070164,1
2025,.310349830615754,1
2025,.31035675768909,1
2025,.310406053037305,1
2025,.310422289719107,1
2025,.310441895548754,1
2025,.310485002000578,1
2025,.31048588102208,1
2025,.310569951507275,1
2025,.310603337047942,1
2025,.310611815643616,1
2025,.310618555659117,1
2025,.310624994942576,1
2025,.310642653192608,1
2025,.310664728249979,1
2025,.310669902416089,1
2025,.310741943956217,1
2025,.310755289791248,1
2025,.310755545472682,1
2025,.310764899283711,1
2025,.310790569951847,1
2025,.310792763031848,1
2025,.310831640929698,1
2025,.310831696501805,1
2025,.310849471536173,1
2025,.310876685586203,1
2025,.310908260373934,1
2025,.310940187881969,1
2025,.310949225861141,1
2025,.31095214668179,1
2025,.310956052087997,1
2025,.310965642823003,1
2025,.310970230007591,1
2025,.310981270033993,1
2025,.310987188082357,1
2025,.310990778183941,1
2025,.31099815286547400,1
2025,.311028017986129,1
2025,.311034903033822,1
2025,.311044038452439,1
2025,.31104826861537,1
2025,.311051688478128,1
2025,.31107241514528,1
2025,.31110508773234,1
2025,.311112765164641,1
2025,.311141730017338,1
2025,.311146591846699,1
2025,.311154147279052,1
2025,.311176900356059,1
2025,.311184460147885,1
2025,.311194704210369,1
2025,.311199620022308,1
2025,.311213024419979,1
2025,.311230761479849,1
2025,.311243302325746,1
2025,.311266591682144,1
2025,.311274050192274,1
2025,.311282482776918,1
2025,.3113058761175,1
2025,.311342049038558,1
2025,.311364165608468,1
2025,.311379334375576,1
2025,.311385396016633,1
2025,.311411383943985,1
2025,.31141487052398,1
2025,.311441127601156,1
2025,.311455592087524,1
2025,.311465894201459,1
2025,.311506749955345,1
2025,.31151368822876130,1
2025,.311516305771616,1
2025,.311552139052501,1
2025,.311556869214553,1
2025,.311575520412445,1
2025,.311581063981716,1
2025,.311588949911535,1
2025,.311603583208458,1
2025,.311605223388647,1
2025,.311690882222264,1
2025,.311701174808888,1
2025,.31175728780933,1
2025,.311761707144176,1
2025,.311785028112703,1
2025,.311792132144535,1
2025,.311841505615539,1
2025,.311856110264034,1
2025,.311988615415515,1
2025,.312000592788976,1
2025,.312024420025978,1
2025,.312039180077337,1
2025,.312068165921521,1
2025,.312126923920032,1
2025,.312154279118136,1
2025,.312164977059188,1
2025,.312181036874483,1
2025,.312239148693965,1
2025,.312242444231443,1
2025,.312242544921143,1
2025,.312243258998163,1
2025,.312256949476283,1
2025,.312259940462588,1
2025,.312265371187738,1
2025,.312286485983278,1
2025,.312290029325749,1
2025,.312325784221656,1
2025,.312372853467461,1
2025,.312383726692224,1
2025,.312387332676658,1
2025,.312390193520614,1
2025,.312418280202727,1
2025,.312450685398904,1
2025,.312455693013466,1
2025,.312455923642865,1
2025,.312461078389427,1
2025,.312466878994096,1
2025,.312471429702116,1
2025,.312483565418582,1
2025,.312504772074889,1
2025,.312506248927008,1
2025,.312506489116849,1
2025,.312539275528014,1
2025,.312541312949598,1
2025,.312549776486907,1
2025,.312565301116234,1
2025,.312611635904561,1
2025,.312615858866377,1
2025,.312664786116467,1
2025,.312680114713672,1
2025,.312735638449057,1
2025,.31274161221143,1
2025,.312750720347282,1
2025,.312750737868177,1
2025,.312766205040382,1
2025,.312819888457472,1
2025,.312820035066408,1
2025,.31286119658665,1
2025,.312868902605067,1
2025,.312885572304778,1
2025,.312890611146582,1
2025,.312896700154217,1
2025,.312912968012705,1
2025,.312921772608743,1
2025,.312989040849515,1
2025,.313020556204717,1
2025,.313025783008463,1
2025,.313032535343992,1
2025,.313072503700105,1
2025,.31310017693887,1
2025,.313139997170885,1
2025,.313175414924297,1
2025,.313224933066497,1
2025,.313250507964375,1
2025,.313251653199505,1
2025,.313271394512215,1
2025,.31329613546700186,1
2025,.313303640934217,1
2025,.31332083762099,1
2025,.313325853917623,1
2025,.313338987209149,1
2025,.313339141347009,1
2025,.31336082667211,1
2025,.313390932831719,1
2025,.313405941496974,1
2025,.313423751586826,1
2025,.313437361121219,1
2025,.313441905968648,1
2025,.313469940866699,1
2025,.313480315886631,1
2025,.313489122928869,1
2025,.313513456722723,1
2025,.313514571023164,1
2025,.313572370334233,1
2025,.313612940027499,1
2025,.313635502807381,1
2025,.313650252058134,1
2025,.313650829331881,1
2025,.313650916964536,1
2025,.31369268920922,1
2025,.313697697180451,1
2025,.313728452458317,1
2025,.313742993108604,1
2025,.313745012889982,1
2025,.313778546253335,1
2025,.313778792361257,1
2025,.313795020296256,1
2025,.3137954062369,1
2025,.31382647900403,1
2025,.313827061917122,1
2025,.313836764582541,1
2025,.313855247175548,1
2025,.313861366868318,1
2025,.313873342153053,1
2025,.313881308196703,1
2025,.313896246263289,1
2025,.313903948274224,1
2025,.313917832100132,1
2025,.313923206520957,1
2025,.313926898687924,1
2025,.313931699676157,1
2025,.313933096353601,1
2025,.313945029845782,1
2025,.31394936577848,1
2025,.313971034433244,1
2025,.31400630124741,1
2025,.314022536648553,1
2025,.314053373692609,1
2025,.314092764870542,1
2025,.314093828237241,1
2025,.314139744899686,1
2025,.314168421515958,1
2025,.314170731251859,1
2025,.314187997324233,1
2025,.314216772054152,1
2025,.314258211135757,1
2025,.314268790376442,1
2025,.314270277604433,1
2025,.314274062464228,1
2025,.314288256202313,1
2025,.314308453243629,1
2025,.314346977064671,1
2025,.314371694993479,1
2025,.314376117475082,1
2025,.314424144005866,1
2025,.31442605966938614,1
2025,.314444102630659,1
2025,.314466847269353,1
2025,.314467840005164,1
2025,.314494351713421,1
2025,.314502637359371,1
2025,.314524876074602,1
2025,.314536377450114,1
2025,.314541053183092,1
2025,.31454588552107,1
2025,.314586562585875,1
2025,.31460695893418,1
2025,.314611980271868,1
2025,.314625237979462,1
2025,.314636339973193,1
2025,.314662514150907,1
2025,.314662570164839,1
2025,.314691810336999,1
2025,.314713005929715,1
2025,.314758339960048,1
2025,.314766444774386,1
2025,.314780882434302,1
2025,.314808670814759,1
2025,.314840107658107,1
2025,.314868682914067,1
2025,.314868698604011,1
2025,.314912781045474,1
2025,.314926900465389,1
2025,.314940127560169,1
2025,.314960044125399,1
2025,.314979176104369,1
2025,.315031413527888,1
2025,.315067872985543,1
2025,.315084383995591,1
2025,.315152739029658,1
2025,.315156705980142,1
2025,.315175133394887,1
2025,.315205020453929,1
2025,.315226069849737,1
2025,.315244823049585,1
2025,.315261271752644,1
2025,.315284516617096,1
2025,.315293378226855,1
2025,.315295157016055,1
2025,.315317148796555,1
2025,.315341938940266,1
2025,.315344488369483,1
2025,.315363247822023,1
2025,.315375983268784,1
2025,.315438822794026,1
2025,.315472931421468,1
2025,.315489091312391,1
2025,.315490890786279,1
2025,.315501599095151,1
2025,.315505850603403,1
2025,.315527478288836,1
2025,.315564376952665,1
2025,.315568628446827,1
2025,.31557177160928,1
2025,.31560358691025,1
2025,.315637183170214,1
2025,.315646261850726,1
2025,.315697828415713,1
2025,.3156992821971,1
2025,.31570587253886,1
2025,.31570615558454,1
2025,.315720249264824,1
2025,.315756445843772,1
2025,.315787022400127,1
2025,.315811444157744,1
2025,.315853778712821,1
2025,.315855932935692,1
2025,.315861096780336,1
2025,.315866300619463,1
2025,.315873320795549,1
2025,.315906230240547,1
2025,.315916459427626,1
2025,.315916885155061,1
2025,.315918544487634,1
2025,.315947910834775,1
2025,.315948550951175,1
2025,.315955960197604,1
2025,.315971616610327,1
2025,.31599715235398762,1
2025,.316015965850929,1
2025,.316017080905738,1
2025,.316025733311514,1
2025,.316027573295879,1
2025,.316068030102439,1
2025,.316069841306119,1
2025,.316107854223036,1
2025,.316110105703833,1
2025,.31611020683499,1
2025,.316134748858354,1
2025,.316165886542858,1
2025,.316211038084788,1
2025,.316214894307108,1
2025,.316251601373047,1
2025,.316256925813781,1
2025,.316331782576931,1
2025,.31635827877664,1
2025,.316378367376231,1
2025,.316399484206976,1
2025,.316418832790068,1
2025,.316510295136955,1
2025,.316520624637111,1
2025,.316526138433739,1
2025,.316530663639883,1
2025,.316546525426443,1
2025,.316558520427829,1
2025,.316571194325981,1
2025,.3165765780103,1
2025,.316584312204014,1
2025,.316591026155035,1
2025,.316591090799748,1
2025,.316625962457447,1
2025,.316638605797714,1
2025,.316644635004425,1
2025,.316646389416363,1
2025,.316647992242875,1
2025,.316659944027249,1
2025,.316683756784948,1
2025,.316701363861058,1
2025,.316736781535572,1
2025,.316737401289349,1
2025,.316758446559201,1
2025,.316769167945128,1
2025,.316790177822221,1
2025,.316822875633273,1
2025,.316828811237614,1
2025,.31683270894567,1
2025,.316855196889886,1
2025,.316877479918928,1
2025,.316890839594961,1
2025,.316947498115523,1
2025,.316965679473989,1
2025,.316991074592063,1
2025,.317002788257,1
2025,.31701216125033,1
2025,.317040693927386,1
2025,.317061439214855,1
2025,.317147839248179,1
2025,.317162819234895,1
2025,.317169386456829,1
2025,.317204114152271,1
2025,.317211438366382,1
2025,.317219100608619,1
2025,.317231140105279,1
2025,.317238193908445,1
2025,.31725242654634,1
2025,.317262204796639,1
2025,.317269946945461,1
2025,.317306599339944,1
2025,.317311597918597,1
2025,.317318461748564,1
2025,.317355644089788,1
2025,.31736172193527,1
2025,.317364669077965,1
2025,.317407707058418,1
2025,.317413738765297,1
2025,.317423319767643,1
2025,.317441965439772,1
2025,.317442178053804,1
2025,.317466763517068,1
2025,.31748732692759,1
2025,.317497549810196,1
2025,.317513498014512,1
2025,.317519613877832,1
2025,.317562323081773,1
2025,.317565401767207,1
2025,.317572346269144,1
2025,.31757489698046,1
2025,.317591455044355,1
2025,.31759354180783,1
2025,.317609976945388,1
2025,.317622954663101,1
2025,.317632099779722,1
2025,.317641996156709,1
2025,.317645023960758,1
2025,.317660607721684,1
2025,.317697125223834,1
2025,.31770866076308,1
2025,.317779152615479,1
2025,.317794163296879,1
2025,.317805777850863,1
2025,.317817497982839,1
2025,.317841020453949,1
2025,.317844186609452,1
2025,.317861209404556,1
2025,.317876587117121,1
2025,.317897243587483,1
2025,.317930471660946,1
2025,.317932349812684,1
2025,.31796974951622,1
2025,.317974059875101,1
2025,.317975107876312,1
2025,.317982725922559,1
2025,.318001538795039,1
2025,.318020683443828,1
2025,.318040063867689,1
2025,.318099864533039,1
2025,.318163751369639,1
2025,.318170938514616,1
2025,.318172249088125,1
2025,.318248233642912,1
2025,.318266735901571,1
2025,.318274835440722,1
2025,.318320210706021,1
2025,.318347447663049,1
2025,.318377420856897,1
2025,.318392749609109,1
2025,.318416923683801,1
2025,.318425005596618,1
2025,.318449006089007,1
2025,.318484473760253,1
2025,.318502969863025,1
2025,.318519805276636,1
2025,.318535864593124,1
2025,.318541863172468,1
2025,.318554012519618,1
2025,.318593114872322,1
2025,.318597555609763,1
2025,.318598616123842,1
2025,.318624902384435,1
2025,.318655931535975,1
2025,.318669377994105,1
2025,.318669862892448,1
2025,.318694649061488,1
2025,.318721477253079,1
2025,.318742129184603,1
2025,.318747433861947,1
2025,.318749633447064,1
2025,.318784657610134,1
2025,.318794173111035,1
2025,.318808071435319,1
2025,.318864261300818,1
2025,.318874457858111,1
2025,.318891856671432,1
2025,.318895709247172,1
2025,.318923679104076,1
2025,.318924433385498,1
2025,.31893503703077392,1
2025,.318941464375852,1
2025,.318956482127519,1
2025,.318982088725965,1
2025,.318987797787966,1
2025,.319006584054581,1
2025,.319018982754326,1
2025,.319025995165583,1
2025,.319026957937982,1
2025,.319036515480154,1
2025,.319056854756363,1
2025,.319073906532803,1
2025,.31907542296701,1
2025,.319077897136586,1
2025,.319086746862887,1
2025,.319108607843906,1
2025,.319130525099426,1
2025,.319130646275136,1
2025,.319132365040598,1
2025,.319139526721088,1
2025,.319145820668303,1
2025,.31915706745724,1
2025,.319167514310525,1
2025,.31916978301983,1
2025,.319176761287604,1
2025,.319235216042402,1
2025,.319263941196855,1
2025,.319264619101107,1
2025,.319289032519333,1
2025,.319308418183895,1
2025,.319324965542862,1
2025,.319327375944096,1
2025,.319336030161821,1
2025,.319373316397925,1
2025,.31938538876395,1
2025,.319389550452691,1
2025,.319416921266994,1
2025,.31942870484182,1
2025,.319440461534996,1
2025,.319451792125328,1
2025,.319464775194729,1
2025,.319471322318925,1
2025,.319474828656328,1
2025,.319477472610608,1
2025,.31948785792158,1
2025,.319494211785455,1
2025,.319508116375459,1
2025,.319533022013482,1
2025,.319559834712742,1
2025,.319587838164453,1
2025,.319592288843654,1
2025,.319602618196144,1
2025,.319644408115071,1
2025,.319649320654686,1
2025,.319688003258326,1
2025,.319713087197176,1
2025,.319726402605804,1
2025,.31973478780977,1
2025,.319743450985274,1
2025,.319789908275103,1
2025,.319798963178596,1
2025,.3198058898159,1
2025,.319815807044688,1
2025,.319840342735082,1
2025,.3198504722588,1
2025,.319869674520582,1
2025,.319892389321075,1
2025,.319892766855309,1
2025,.319901030602902,1
2025,.319901547207428,1
2025,.319942949797411,1
2025,.319962045608115,1
2025,.319986613950429,1
2025,.319992808541127,1
2025,.320023704047612,1
2025,.320096201567163,1
2025,.32011277420698,1
2025,.320130985827201,1
2025,.320142212873188,1
2025,.320145126703547,1
2025,.320162339236928,1
2025,.320206894967169,1
2025,.320214606400494,1
2025,.320216024266362,1
2025,.320238187862278,1
2025,.32024430312755,1
2025,.32025229547911,1
2025,.320260753568426,1
2025,.320261927514566,1
2025,.32026662166689,1
2025,.320310883778963,1
2025,.320311128379374,1
2025,.320335306795125,1
2025,.32035022021154,1
2025,.320377178642374,1
2025,.320408182861617,1
2025,.320410136216147,1
2025,.320423178719387,1
2025,.320431981215665,1
2025,.320453213676283,1
2025,.320455448653181,1
2025,.320462912248457,1
2025,.320463083759502,1
2025,.320477329663726,1
2025,.320477819080701,1
2025,.320478376852955,1
2025,.320497879641987,1
2025,.320502787368923,1
2025,.320529827352862,1
2025,.320559087029063,1
2025,.320575630234337,1
2025,.320597509458591,1
2025,.320597811647146,1
2025,.320627784511728,1
2025,.32065910609632,1
2025,.320687293812138,1
2025,.320712863077958,1
2025,.32072004337206411,1
2025,.320741884977817,1
2025,.320743735044355,1
2025,.320795810189999,1
2025,.320797420296782,1
2025,.320809056187959,1
2025,.320822726481174,1
2025,.320833740139467,1
2025,.320844261979788,1
2025,.320861406274905,1
2025,.320888445123624,1
2025,.320912484642825,1
2025,.320922757728648,1
2025,.320963148265699,1
2025,.321015466548557,1
2025,.321025193548537,1
2025,.321028666865106,1
2025,.321056363324786,1
2025,.321085400874728,1
2025,.321101990807493,1
2025,.321108540695698,1
2025,.321116125444221,1
2025,.32112825375245,1
2025,.321138588197071,1
2025,.321139139175166,1
2025,.321156156722839,1
2025,.321175851248673,1
2025,.321178803129618,1
2025,.321215593592326,1
2025,.321217706508083,1
2025,.321217720340962,1
2025,.321218799208107,1
2025,.321224346770273,1
2025,.321246572411055,1
2025,.32125768992772,1
2025,.321288780238106,1
2025,.321312221826297,1
2025,.321316305018776,1
2025,.321348727356211,1
2025,.321355618393768,1
2025,.321366042025982,1
2025,.321380605216439,1
2025,.321390122346529,1
2025,.321417243400059,1
2025,.321419975122474,1
2025,.321423109074077,1
2025,.32142957140538,1
2025,.321442410754977,1
2025,.32148633619613,1
2025,.321490111801313,1
2025,.321497361427312,1
2025,.321501351036578,1
2025,.321539531751352,1
2025,.321558571484833,1
2025,.321567100592426,1
2025,.321587993111711,1
2025,.321592291665282,1
2025,.321614925060496,1
2025,.32162135154131,1
2025,.321658632386451,1
2025,.321684953328755,1
2025,.321738975603576,1
2025,.321753999686867,1
2025,.321832382486008,1
2025,.321832605292186,1
2025,.321843706997476,1
2025,.321850612879038,1
2025,.32185557084306,1
2025,.321872968686335,1
2025,.321895290133284,1
2025,.321903381239108,1
2025,.321908514501628,1
2025,.321916063353707,1
2025,.321926450698496,1
2025,.321966470036264,1
2025,.321981419365059,1
2025,.321988863329011,1
2025,.321992843506932,1
2025,.321993055650177,1
2025,.3219950035923,1
2025,.321995008520732,1
2025,.322003625208756,1
2025,.322011875898766,1
2025,.322026934486646,1
2025,.322032773065311,1
2025,.322042075381543,1
2025,.322054912965789,1
2025,.322061447146985,1
2025,.322090172701357,1
2025,.322091921823639,1
2025,.322097835199105,1
2025,.322118869972887,1
2025,.322126759728144,1
2025,.322129723554442,1
2025,.322131685598765,1
2025,.322161552516628,1
2025,.322161628471837,1
2025,.322162942412162,1
2025,.322169455140571,1
2025,.322177255828793,1
2025,.322189416826681,1
2025,.322200124253248,1
2025,.322211781588454,1
2025,.322217327213514,1
2025,.322241804143365,1
2025,.32228635168221,1
2025,.322296443147638,1
2025,.322298480940103,1
2025,.322310609983552,1
2025,.322311093810417,1
2025,.322322002736756,1
2025,.322368352900492,1
2025,.322412143936349,1
2025,.322435297553643,1
2025,.322439181127381,1
2025,.322439639106972,1
2025,.322441437143946,1
2025,.322449024074317,1
2025,.32249411487062,1
2025,.322521624603308,1
2025,.322521770131782,1
2025,.322528088863555,1
2025,.322528943916117,1
2025,.322539003484999,1
2025,.322584796289025,1
2025,.322608638706627,1
2025,.322616050966176,1
2025,.322631182087699,1
2025,.322638849484776,1
2025,.322648384718655,1
2025,.322690554728602,1
2025,.322703019455198,1
2025,.322712375121601,1
2025,.322726231569273,1
2025,.322726557927149,1
2025,.322748745846779,1
2025,.322796548105443,1
2025,.322800801571307,1
2025,.322801949933298,1
2025,.322823317176476,1
2025,.322824197924351,1
2025,.322826236204872,1
2025,.322843145024967,1
2025,.32286077038737,1
2025,.322879978240004,1
2025,.322893527563755,1
2025,.322894554206609,1
2025,.322914095958291,1
2025,.322915176513131,1
2025,.322921294920761,1
2025,.322931363220255,1
2025,.322935828414254,1
2025,.322964157260234,1
2025,.322968349548458,1
2025,.322968499681926,1
2025,.322977188739502,1
2025,.32300520052592,1
2025,.323050461573908,1
2025,.323063637267141,1
2025,.323083621742741,1
2025,.323090063184887,1
2025,.323101321035583,1
2025,.323114098943831,1
2025,.323118918885791,1
2025,.323136627610411,1
2025,.323158205567922,1
2025,.323196003262895,1
2025,.323237710790658,1
2025,.323238470977032,1
2025,.323239171246708,1
2025,.323261772060712,1
2025,.323301307909365,1
2025,.323322871530586,1
2025,.323324716744033,1
2025,.323329259031644,1
2025,.323334632968042,1
2025,.323377286244272,1
2025,.323405457601617,1
2025,.323409431415617,1
2025,.323410421157937,1
2025,.323413106915754,1
2025,.323413821699998,1
2025,.323436614595373,1
2025,.323447859577809,1
2025,.32345795106053,1
2025,.323464838870398,1
2025,.323495052932591,1
2025,.323518325015534,1
2025,.323550978130021,1
2025,.323556047936052,1
2025,.323568929069358,1
2025,.323576273934596,1
2025,.323604288588818,1
2025,.323619709700017,1
2025,.323626071425357,1
2025,.323631809814065,1
2025,.323632336671538,1
2025,.323641602215055,1
2025,.323652720070592,1
2025,.323666635928127,1
2025,.323669249125474,1
2025,.323670456738172,1
2025,.323674060357979,1
2025,.32369354178547,1
2025,.323707649679132,1
2025,.323715842888718,1
2025,.323740158773291,1
2025,.323741242620628,1
2025,.323753243828283,1
2025,.323791755685863,1
2025,.323795970861272,1
2025,.323822124516897,1
2025,.323831849738901,1
2025,.323866701279155,1
2025,.323901071789657,1
2025,.323902143444062,1
2025,.323948587725459,1
2025,.323952178515026,1
2025,.323966725039374,1
2025,.323969749404997,1
2025,.324006759441135,1
2025,.324017092165786,1
2025,.324034045760598,1
2025,.32404455821357,1
2025,.324053241622675,1
2025,.324088463032955,1
2025,.324134168434063,1
2025,.324148022768229,1
2025,.324149288955903,1
2025,.324170453745097,1
2025,.324176192467923,1
2025,.324195631313342,1
2025,.324199379930194,1
2025,.324203289878634,1
2025,.32420347009652,1
2025,.324207057382145,1
2025,.324261637788692,1
2025,.324329839216517,1
2025,.324331234701112,1
2025,.324335982991098,1
2025,.324349268118303,1
2025,.324352805942941,1
2025,.324370629876254,1
2025,.32438565598913,1
2025,.324393763299594,1
2025,.324409948802399,1
2025,.324433792401068,1
2025,.324447162276802,1
2025,.324460383914365,1
2025,.324465312380923,1
2025,.32450581663287,1
2025,.324513601137022,1
2025,.324549453447646,1
2025,.324556087457686,1
2025,.324560299596892,1
2025,.324564628973502,1
2025,.324569731317805,1
2025,.324607523577082,1
2025,.324670538581314,1
2025,.324677443911837,1
2025,.324683783975344,1
2025,.324685305272504,1
2025,.324738385700986,1
2025,.324742148831757,1
2025,.324745164893748,1
2025,.324748740912836,1
2025,.324761449865761,1
2025,.324764495890968,1
2025,.324787068556242,1
2025,.324813240704228,1
2025,.324813606016312,1
2025,.324822493174024,1
2025,.324837933961792,1
2025,.324937005274634,1
2025,.324938207445097,1
2025,.324940567767611,1
2025,.324998541535863,1
2025,.325008331423484,1
2025,.325011919034707,1
2025,.325025229367151,1
2025,.325042785823272,1
2025,.325043045318148,1
2025,.325048005361649,1
2025,.325056813184674,1
2025,.325064930576762,1
2025,.32510767422705,1
2025,.325134405488909,1
2025,.325181648263282,1
2025,.325191996126501,1
2025,.325219048435954,1
2025,.325234265207935,1
2025,.3252555014558,1
2025,.325293305499803,1
2025,.32530608370108,1
2025,.325307869818138,1
2025,.325308298532379,1
2025,.325323762209089,1
2025,.325340237535444,1
2025,.325361536481201,1
2025,.325362165099228,1
2025,.325369058221085,1
2025,.325373883605229,1
2025,.325396557915684,1
2025,.325440273691444,1
2025,.325442967433451,1
2025,.325464790911054,1
2025,.325510710036659,1
2025,.325523611132781,1
2025,.325525045184446,1
2025,.325534455775657,1
2025,.325534644957849,1
2025,.325538446538028,1
2025,.325552435615424,1
2025,.325568223114283,1
2025,.325568950434973,1
2025,.325573932426078,1
2025,.32558773420924303,1
2025,.325706768216789,1
2025,.325717548594108,1
2025,.325724621773894,1
2025,.325735753743224,1
2025,.325746359167779,1
2025,.32574961088356,1
2025,.325777732394673,1
2025,.325820667188101,1
2025,.32586160895212,1
2025,.325896368872364,1
2025,.325906244691542,1
2025,.325915907186156,1
2025,.325927298958588,1
2025,.325927738052001,1
2025,.325936951360291,1
2025,.325955443443618,1
2025,.32595903500041,1
2025,.325971722047716,1
2025,.326005436479137,1
2025,.326008403359531,1
2025,.326024062005259,1
2025,.326034666919548,1
2025,.326098566872761,1
2025,.326105643401889,1
2025,.3261629819285,1
2025,.326169767513291,1
2025,.326170322294719,1
2025,.326214170567044,1
2025,.326215926025743,1
2025,.326241288394019,1
2025,.326242067096935,1
2025,.326243635820761,1
2025,.326258437388042,1
2025,.326261857884965,1
2025,.326284461749939,1
2025,.32628660189377,1
2025,.326296350008859,1
2025,.326312144215331,1
2025,.326316186799558,1
2025,.326340016093384,1
2025,.326369140787852,1
2025,.326414516554688,1
2025,.326428932125504,1
2025,.326436212422682,1
2025,.326462959232863,1
2025,.326473228582445,1
2025,.326479999152512,1
2025,.326482239193955,1
2025,.326489792593932,1
2025,.326491664864145,1
2025,.326510915322809,1
2025,.326517528504434,1
2025,.326523299519943,1
2025,.326527343559186,1
2025,.326585801644968,1
2025,.326601356746001,1
2025,.326607206071259,1
2025,.326609235799058,1
2025,.326609563154004,1
2025,.326616519209795,1
2025,.326620788131863,1
2025,.326638479666907,1
2025,.326678327686611,1
2025,.326680762225629,1
2025,.326681710099637,1
2025,.326729284616548,1
2025,.326742760439007,1
2025,.326751103879703,1
2025,.326752232728739,1
2025,.326762262877843,1
2025,.326841540884,1
2025,.326869686703884,1
2025,.3268823163473,1
2025,.326925784436076,1
2025,.326929089246512,1
2025,.326961718596109,1
2025,.326982774114828,1
2025,.326991461450615,1
2025,.32700357984164,1
2025,.327008540533218,1
2025,.327015321314191,1
2025,.327025711556943,1
2025,.327038559583582,1
2025,.32706196051870146,1
2025,.327090956205445,1
2025,.327096737627728,1
2025,.327115250840381,1
2025,.327115843668498,1
2025,.327116627319047,1
2025,.327131110875564,1
2025,.327160780066525,1
2025,.327205404039763,1
2025,.327235320215574,1
2025,.327238401461639,1
2025,.327291651802889,1
2025,.327341324854773,1
2025,.327349046633056,1
2025,.327355164719831,1
2025,.327358269361567,1
2025,.32736065995477,1
2025,.327374963231812,1
2025,.327382133051186,1
2025,.327398824219899,1
2025,.327405755810809,1
2025,.327406086244346,1
2025,.327407050478012,1
2025,.327422345364461,1
2025,.327428450480224,1
2025,.327431094542169,1
2025,.327488602403662,1
2025,.327512321320542,1
2025,.327521621526657,1
2025,.327529206467899,1
2025,.32753904986209,1
2025,.327549436953963,1
2025,.327551678441285,1
2025,.32756434331887,1
2025,.327568493640111,1
2025,.327579855846645,1
2025,.327586570986192,1
2025,.327588480384895,1
2025,.327592996417155,1
2025,.327599081113775,1
2025,.327606624644,1
2025,.3276080437074,1
2025,.327612716184061,1
2025,.327619565320964,1
2025,.327620704818496,1
2025,.327625618854915,1
2025,.327647105255948,1
2025,.327649454946607,1
2025,.327672521019862,1
2025,.327677788053587,1
2025,.327723680897961,1
2025,.327724536289235,1
2025,.327727305740968,1
2025,.327762141269346,1
2025,.327796175851183,1
2025,.327818859690917,1
2025,.327821708434942,1
2025,.327857484683925,1
2025,.327898665529746,1
2025,.327921059161558,1
2025,.327942399734159,1
2025,.327946007993452,1
2025,.327975112886223,1
2025,.327993664921273,1
2025,.328008244312863,1
2025,.328042392298887,1
2025,.32804346988016,1
2025,.328044742175211,1
2025,.328053181791864,1
2025,.328060957382462,1
2025,.328077969752149,1
2025,.32807938265340203,1
2025,.328113754778198,1
2025,.328133315393862,1
2025,.328134451417519,1
2025,.328136731424583,1
2025,.328143585002673,1
2025,.328146936045957,1
2025,.328159770330385,1
2025,.328179477065813,1
2025,.328211248125246,1
2025,.328231682294288,1
2025,.328247592032758,1
2025,.328250627682375,1
2025,.328251250432546,1
2025,.32826142786977,1
2025,.328279982614136,1
2025,.328289080569447,1
2025,.328299719507954,1
2025,.328316089595322,1
2025,.328320317987122,1
2025,.328323796911231,1
2025,.328343781137767,1
2025,.328349140181796,1
2025,.328350465814486,1
2025,.328383490808542,1
2025,.328398879026459,1
2025,.328412619894584,1
2025,.328421099160182,1
2025,.328422683739869,1
2025,.32842652325659,1
2025,.328432303248636,1
2025,.328527994901824,1
2025,.328530015928003,1
2025,.328590931353527,1
2025,.328593523310546,1
2025,.328593780212865,1
2025,.328594748831456,1
2025,.328616739827,1
2025,.328620081393176,1
2025,.328671881160527,1
2025,.328683447153651,1
2025,.328691606140172,1
2025,.32872474139357,1
2025,.328737117359346,1
2025,.328752044535463,1
2025,.328756586715896,1
2025,.328768018375466,1
2025,.328783147825736,1
2025,.328806734940343,1
2025,.328815531751763,1
2025,.328830326940966,1
2025,.328832948424192,1
2025,.32883795165984,1
2025,.328845776562924,1
2025,.328875184516398,1
2025,.328888656289617,1
2025,.328894853089348,1
2025,.328948183681378,1
2025,.328960952708928,1
2025,.32896292231597,1
2025,.328965613401064,1
2025,.329007857591402,1
2025,.329009790813244,1
2025,.32901197801536,1
2025,.329088555946544,1
2025,.329108810330801,1
2025,.3291155980914,1
2025,.329118201011169,1
2025,.329139272723451,1
2025,.329149696953424,1
2025,.329167963152418,1
2025,.329174612854057,1
2025,.329187089925152,1
2025,.329193447224423,1
2025,.329193754985331,1
2025,.329194496313498,1
2025,.329217831671107,1
2025,.32923915081631,1
2025,.329239391515091,1
2025,.329252096454616,1
2025,.329254773948384,1
2025,.329267276839072,1
2025,.329275168810477,1
2025,.329292742345584,1
2025,.329301129058617,1
2025,.329315382264698,1
2025,.329317743348082,1
2025,.32932851806201,1
2025,.329337008307667,1
2025,.329364941693314,1
2025,.329440539919684,1
2025,.329445734496662,1
2025,.329462074704429,1
2025,.329462997112589,1
2025,.329465053978158,1
2025,.329465136109697,1
2025,.329489363467537,1
2025,.329499924565781,1
2025,.329510064007633,1
2025,.329511882768075,1
2025,.329513002990649,1
2025,.329522262237022,1
2025,.329522267365358,1
2025,.329553502550885,1
2025,.329567000351758,1
2025,.329616513955653,1
2025,.329632263951246,1
2025,.329635986863352,1
2025,.329640760326726,1
2025,.329715305205285,1
2025,.329716954328389,1
2025,.32974076326333601,1
2025,.32982621114342,1
2025,.329864266215508,1
2025,.329876091321399,1
2025,.329879728189538,1
2025,.329885972073134,1
2025,.329887573672652,1
2025,.329891047403344,1
2025,.329897182498171,1
2025,.32990717029345,1
2025,.329916833101095,1
2025,.329918643806466,1
2025,.329940471174419,1
2025,.329943165678956,1
2025,.329964256070614,1
2025,.330002166408896,1
2025,.330002705113894,1
2025,.330029696280661,1
2025,.330041786190568,1
2025,.330045195545223,1
2025,.330048499798754,1
2025,.330080169955806,1
2025,.3300957348005,1
2025,.330096028456276,1
2025,.330104762210963,1
2025,.330112343040966,1
2025,.330125980288506,1
2025,.3301355288295,1
2025,.330149458828514,1
2025,.330161361672045,1
2025,.330174776023417,1
2025,.330178177657896,1
2025,.330193794043285,1
2025,.330210075113238,1
2025,.330231343913082,1
2025,.330238087824924,1
2025,.330306590217612,1
2025,.330310853211102,1
2025,.330311978343142,1
2025,.33031700061438,1
2025,.330319473982562,1
2025,.330334538789395,1
2025,.330340370792237,1
2025,.330431330821674,1
2025,.330450874976899,1
2025,.330451656977839,1
2025,.330459799903092,1
2025,.330492235959528,1
2025,.330502769846517,1
2025,.330506853844721,1
2025,.330511661262598,1
2025,.330513875802487,1
2025,.330520328231236,1
2025,.330525235079725,1
2025,.33055470733593,1
2025,.330560212529192,1
2025,.330562267078944,1
2025,.330564319252924,1
2025,.330597538020615,1
2025,.330602246434166,1
2025,.330606938826129,1
2025,.330614394389678,1
2025,.330651957693836,1
2025,.33065799643427,1
2025,.330658927065097,1
2025,.330664673707083,1
2025,.330666650981135,1
2025,.330669910970734,1
2025,.330694075074709,1
2025,.330697235107481,1
2025,.330711170212458,1
2025,.330713486068866,1
2025,.330732199743787,1
2025,.330746448399462,1
2025,.330752774330352,1
2025,.330760409170002,1
2025,.330773709633803,1
2025,.33077558409331,1
2025,.330777075498034,1
2025,.330778324490493,1
2025,.330792967067446,1
2025,.330807509185964,1
2025,.330829704089068,1
2025,.330835373113494,1
2025,.330842024986025,1
2025,.33084485225741,1
2025,.330854130840084,1
2025,.330873162778631,1
2025,.330950634327463,1
2025,.330957353959572,1
2025,.330967004302981,1
2025,.330967759713385,1
2025,.330995260568143,1
2025,.331004626210487,1
2025,.331004700992463,1
2025,.331011925806373,1
2025,.33101909516956,1
2025,.331021192382114,1
2025,.331032871290319,1
2025,.331066487854089,1
2025,.331074539247346,1
2025,.331092165516519,1
2025,.33109300652915,1
2025,.331125180435871,1
2025,.331175973791465,1
2025,.331197275116593,1
2025,.33121297411909,1
2025,.331224997431329,1
2025,.331227958845067,1
2025,.331236989688816,1
2025,.331256695303616,1
2025,.331283608639144,1
2025,.331308188653844,1
2025,.331330740966558,1
2025,.33133598020748,1
2025,.331346615218837,1
2025,.331352417648783,1
2025,.331398007080614,1
2025,.331430703187008,1
2025,.3314341769699,1
2025,.331524744799125,1
2025,.331544702632021,1
2025,.33155795101953,1
2025,.331560670240373,1
2025,.331577040498218,1
2025,.331606986264588,1
2025,.331614398881031,1
2025,.331640336332168,1
2025,.331651333707591,1
2025,.331662936611409,1
2025,.331674718348038,1
2025,.331711011905513,1
2025,.331712229663271,1
2025,.331714973253491,1
2025,.331725168787996,1
2025,.331737160345727,1
2025,.331755282106341,1
2025,.331780947636341,1
2025,.331789597931629,1
2025,.331794641844497,1
2025,.331798914244698,1
2025,.331816711253101,1
2025,.331823808218863,1
2025,.331840352088412,1
2025,.331843262798059,1
2025,.331865123998099,1
2025,.331871003190174,1
2025,.331873014513684,1
2025,.331883056743863,1
2025,.331888992573749,1
2025,.331891116997571,1
2025,.33191072729299,1
2025,.331910791850892,1
2025,.331913049146335,1
2025,.33195144034036,1
2025,.331953947636535,1
2025,.33195998197012,1
2025,.331972907041186,1
2025,.331975942183252,1
2025,.331997316397055,1
2025,.332017426870345,1
2025,.332059272979612,1
2025,.33206765585579,1
2025,.332072792133762,1
2025,.332086837253458,1
2025,.332088329277346,1
2025,.332094681995289,1
2025,.33209591498406,1
2025,.332116993110134,1
2025,.332126000171989,1
2025,.33214914321735,1
2025,.332158716947637,1
2025,.332168667829344,1
2025,.332171255311965,1
2025,.332178329193306,1
2025,.332209675687436,1
2025,.332217079762235,1
2025,.332270203434039,1
2025,.332276606472571,1
2025,.332290163314244,1
2025,.332305902374543,1
2025,.332306424499163,1
2025,.332309020054051,1
2025,.332320446930262,1
2025,.332330496824863,1
2025,.332369857999001,1
2025,.332394570654342,1
2025,.33241991082348,1
2025,.332438294711835,1
2025,.332447392854165,1
2025,.332462849282901,1
2025,.332465915589662,1
2025,.332477492887149,1
2025,.332486956394852,1
2025,.332490093623766,1
2025,.332496604657095,1
2025,.332520370346183,1
2025,.332555860641756,1
2025,.332573744966808,1
2025,.332608625754688,1
2025,.332624940128046,1
2025,.332625104648993,1
2025,.332625907623502,1
2025,.332633948180794,1
2025,.332656796804163,1
2025,.332661609899384,1
2025,.332705585862868,1
2025,.3327148096343,1
2025,.332722797673388,1
2025,.332737106400344,1
2025,.332745590874286,1
2025,.332753548773482,1
2025,.332761058520649,1
2025,.332771131359007,1
2025,.332776159027424,1
2025,.332811895556021,1
2025,.332845239033313,1
2025,.332863151935991,1
2025,.332874103338263,1
2025,.332905760149916,1
2025,.332908211983528,1
2025,.332909669559842,1
2025,.332911100467531,1
2025,.332913999180058,1
2025,.33291445028343,1
2025,.332931424890403,1
2025,.332979961705154,1
2025,.333017533658585,1
2025,.333017724815643,1
2025,.333018650344029,1
2025,.333040774162275,1
2025,.333043277009931,1
2025,.333046704300876,1
2025,.333069718709223,1
2025,.333090880918043,1
2025,.333098426983201,1
2025,.333101218522822,1
2025,.333115662710348,1
2025,.333151649305176,1
2025,.333165511489774,1
2025,.333167474203129,1
2025,.333185793490253,1
2025,.333216547215272,1
2025,.333219481363975,1
2025,.333256500449738,1
2025,.333262465065107,1
2025,.333267053142826,1
2025,.333276115815794,1
2025,.333276658723436,1
2025,.333278663995259,1
2025,.333287562631736,1
2025,.333318141050585,1
2025,.33331859792529,1
2025,.333320498209848,1
2025,.333326403133745,1
2025,.333342679258976,1
2025,.333356377960719,1
2025,.333372780121718,1
2025,.333374428449596,1
2025,.333394733022973,1
2025,.333398587396986,1
2025,.333402895644887,1
2025,.333403372276299,1
2025,.333412260840105,1
2025,.333430505801601,1
2025,.333483515625154,1
2025,.333487490931187,1
2025,.333507331168022,1
2025,.33351002169607,1
2025,.333536910356249,1
2025,.333577925844763,1
2025,.333589796274635,1
2025,.33359930334463,1
2025,.333616858157758,1
2025,.333624469512192,1
2025,.3336379373582,1
2025,.333657132903849,1
2025,.333657352486172,1
2025,.333665021903608,1
2025,.333673086960033,1
2025,.333692408802948,1
2025,.333692754349292,1
2025,.333692898862243,1
2025,.333704699532687,1
2025,.33371037885993,1
2025,.333727297129651,1
2025,.333735892666285,1
2025,.33374413986884,1
2025,.333761188905294,1
2025,.3337802363151,1
2025,.333780798338156,1
2025,.333807821344368,1
2025,.333821381464311,1
2025,.333833262037192,1
2025,.333837242355315,1
2025,.333837825179413,1
2025,.333852569860709,1
2025,.333853636274251,1
2025,.333893658064185,1
2025,.333898965101669,1
2025,.333906548522128,1
2025,.333916951473215,1
2025,.333928779097167,1
2025,.333935565982708,1
2025,.333964156881661,1
2025,.334005549696199,1
2025,.334052241767006,1
2025,.334052376176602,1
2025,.334056236224634,1
2025,.334091737248996,1
2025,.334095332059454,1
2025,.334105783081156,1
2025,.334116533277497,1
2025,.334152561831554,1
2025,.334153461794836,1
2025,.334173298430243,1
2025,.334175628491819,1
2025,.334184933402603,1
2025,.33420253789883,1
2025,.334218430667256,1
2025,.334219315327684,1
2025,.334239336003069,1
2025,.334244002881973,1
2025,.334245868514935,1
2025,.334263081526182,1
2025,.33426831057029,1
2025,.334295914696915,1
2025,.334300687654445,1
2025,.334307602429311,1
2025,.334308056938496,1
2025,.33433004726061694,1
2025,.334345029645594,1
2025,.334394484114711,1
2025,.334428874118093,1
2025,.334433654410198,1
2025,.334444439652603,1
2025,.334450612845766,1
2025,.33445132773463,1
2025,.334462328053206,1
2025,.334507939072758,1
2025,.334524427769077,1
2025,.33452453067204,1
2025,.334561758310486,1
2025,.334570182587703,1
2025,.334571939582624,1
2025,.334575227771442,1
2025,.334607912273902,1
2025,.334616374514812,1
2025,.334622924514106,1
2025,.334634181451168,1
2025,.334634282436781,1
2025,.334647557106781,1
2025,.334673949261782,1
2025,.334675339765317,1
2025,.334693871083216,1
2025,.334715711188217,1
2025,.33472578352245,1
2025,.334729875676495,1
2025,.33473233248446,1
2025,.334751514796133,1
2025,.334762779053157,1
2025,.334801959233592,1
2025,.334811758194751,1
2025,.334820951609815,1
2025,.334835429632988,1
2025,.334845565127577,1
2025,.334867199120077,1
2025,.334883710243241,1
2025,.334918412736156,1
2025,.334967577356696,1
2025,.334970177626041,1
2025,.3349763827496,1
2025,.33501404765652565,1
2025,.335039150862425,1
2025,.335039434692432,1
2025,.33505226616255,1
2025,.335076612490442,1
2025,.335077387946314,1
2025,.335080838923657,1
2025,.335111122191595,1
2025,.335112042868862,1
2025,.335128614837418,1
2025,.335136642675322,1
2025,.3351447064689,1
2025,.335151436817927,1
2025,.335161028225077,1
2025,.335191056016354,1
2025,.33519846086781,1
2025,.335199334264371,1
2025,.335214014077888,1
2025,.335230240817258,1
2025,.33523116632412,1
2025,.335240685297322,1
2025,.335286593150539,1
2025,.33529471189517,1
2025,.335306011839509,1
2025,.335325040840062,1
2025,.33533339547099,1
2025,.335380264604977,1
2025,.335420199648818,1
2025,.335420678499142,1
2025,.33542200437868,1
2025,.335433080827978,1
2025,.335435973387144,1
2025,.335438343783667,1
2025,.335441035584975,1
2025,.335469813182852,1
2025,.335472306202374,1
2025,.335481454779354,1
2025,.335482304757459,1
2025,.335512264384464,1
2025,.335512420038104,1
2025,.335571576124807,1
2025,.335590815760216,1
2025,.33560094951877734,1
2025,.335631543562424,1
2025,.33564158423547,1
2025,.33564174671844,1
2025,.335649101786127,1
2025,.335655024567275,1
2025,.335672613274063,1
2025,.335690495671487,1
2025,.335694904042468,1
2025,.335702394355414,1
2025,.335736385569476,1
2025,.335738397051778,1
2025,.335748759514776,1
2025,.335761145172894,1
2025,.335821063878939,1
2025,.335847079804008,1
2025,.335867620507459,1
2025,.335879889062945,1
2025,.335885340434059,1
2025,.335887556407451,1
2025,.335892035415289,1
2025,.335894606477985,1
2025,.335897905658651,1
2025,.33589901673869493,1
2025,.335899897344974,1
2025,.335907265597987,1
2025,.335907678480873,1
2025,.335926079548949,1
2025,.335926222245118,1
2025,.33594438278057,1
2025,.33595188040063,1
2025,.335965622941865,1
2025,.33599428857284,1
2025,.336000701941541,1
2025,.336004621374267,1
2025,.336020633477947,1
2025,.336020984588025,1
2025,.336035976106324,1
2025,.336042673927526,1
2025,.336063592337341,1
2025,.336074350888936,1
2025,.336081765026396,1
2025,.336084559981572,1
2025,.336108858671242,1
2025,.336111821250293,1
2025,.336118952669517,1
2025,.336136380097801,1
2025,.336143533938676,1
2025,.336146265702675,1
2025,.336155706554867,1
2025,.336156587251683,1
2025,.336186151556494,1
2025,.336186249442356,1
2025,.336190180447733,1
2025,.336195984654948,1
2025,.336198974915932,1
2025,.336223724383686,1
2025,.336232314176969,1
2025,.336279362007811,1
2025,.336295186938003,1
2025,.336308536196712,1
2025,.336313949745651,1
2025,.336314472926367,1
2025,.336314655622459,1
2025,.336319487616638,1
2025,.336323140633398,1
2025,.336329464463985,1
2025,.336334402494167,1
2025,.336378720215845,1
2025,.336411577847342,1
2025,.336429568863421,1
2025,.336449914146918,1
2025,.336450329834102,1
2025,.336460477227847,1
2025,.336462200147498,1
2025,.336502168213413,1
2025,.33652492688489,1
2025,.336544392367594,1
2025,.336557238737273,1
2025,.336582633742137,1
2025,.336624368929638,1
2025,.336638618738338,1
2025,.336650332555507,1
2025,.33669344227733494,1
2025,.336708141107789,1
2025,.336713903244949,1
2025,.336715946287233,1
2025,.336727306428711,1
2025,.336757708834717,1
2025,.336788208369285,1
2025,.336788400619163,1
2025,.336795322707284,1
2025,.336820788316796,1
2025,.336824304496968,1
2025,.336844963000786,1
2025,.336853024608442,1
2025,.336870248778649,1
2025,.336870638319417,1
2025,.336871964011052,1
2025,.336877995515681,1
2025,.336884025324984,1
2025,.336884822795056,1
2025,.336889612480821,1
2025,.336893192193001,1
2025,.336910544826024,1
2025,.336949071851963,1
2025,.336955847514634,1
2025,.336963635324553,1
2025,.336981580461982,1
2025,.336996412004314,1
2025,.336997461329667,1
2025,.337021124298841,1
2025,.337029670513792,1
2025,.337052897467412,1
2025,.337053190200533,1
2025,.337056479729366,1
2025,.337065870596326,4
2025,.337084359100215,1
2025,.337085449738741,1
2025,.337132869007428,1
2025,.337162766456126,1
2025,.337166551195077,1
2025,.337181282973569,1
2025,.337200702501987,1
2025,.337227292616006,1
2025,.337245145081552,1
2025,.337258544964411,1
2025,.337273989899492,1
2025,.337289677658019,1
2025,.337304601401899,1
2025,.33732676629546088,1
2025,.337330532167911,1
2025,.337338472537269,1
2025,.337344285016034,1
2025,.33734914083839,1
2025,.337355577500677,1
2025,.337361589114769,1
2025,.337385387685912,1
2025,.337386427193106,1
2025,.337429507578273,1
2025,.33743871345965110,1
2025,.337441551143428,1
2025,.33744473304545,1
2025,.337456584283356,1
2025,.337459730017726,1
2025,.337474056732797,1
2025,.337490409243688,1
2025,.337493359599779,1
2025,.337494649560192,1
2025,.337536400743071,1
2025,.337563232544108,1
2025,.337640072147159,1
2025,.337652981192124,1
2025,.337674490269886,1
2025,.337675505595142,1
2025,.337680186837496,1
2025,.337680293713965,1
2025,.337739476986845,1
2025,.33775342987078,1
2025,.337756618724254,1
2025,.337781942219011,1
2025,.337783309467052,1
2025,.337799109295603,1
2025,.33781352729959,1
2025,.337839669010409,1
2025,.33785804099399,1
2025,.337862135970677,1
2025,.337870080581765,1
2025,.33787537264736,1
2025,.337881570587314,1
2025,.337900524060631,1
2025,.33791761671734,1
2025,.337925942385043,1
2025,.337961578936158,1
2025,.337964732207005,1
2025,.337965344274582,1
2025,.337969227220166,1
2025,.337981187297641,1
2025,.338025692596358,1
2025,.338042621798434,1
2025,.338065538678549,1
2025,.338113501638935,1
2025,.338114094141148,1
2025,.338123120565463,1
2025,.338131628442847,1
2025,.338132453488728,1
2025,.338152000820713,1
2025,.338157295450769,1
2025,.338173812538672,1
2025,.338178167286011,1
2025,.338179058718145,1
2025,.338187018644405,1
2025,.338208143355476,1
2025,.338211455042697,1
2025,.338249822121614,1
2025,.338258324077857,1
2025,.338277548230972,1
2025,.338293378841257,1
2025,.338302596123945,1
2025,.338304771231749,1
2025,.33834749531864,1
2025,.33835000932355,1
2025,.338361613704594,1
2025,.338369220871595,1
2025,.338369243661329,1
2025,.338380930165497,1
2025,.338384123690323,1
2025,.338404251443155,1
2025,.338405278903673,1
2025,.33841609619754,1
2025,.338425645629687,1
2025,.338432769097681,1
2025,.338437178796425,1
2025,.338461562265716,1
2025,.33849215423257,1
2025,.338501248580783,1
2025,.338509379906494,1
2025,.338539316340877,1
2025,.338545506708616,1
2025,.338552782275493,1
2025,.338584331197519,1
2025,.338586557950011,1
2025,.338617534715553,1
2025,.33862489123441,1
2025,.338628228356903,1
2025,.338637178832492,1
2025,.338663653550691,1
2025,.33868860382241,1
2025,.338698331432337,1
2025,.338733145270568,1
2025,.338765618738054,1
2025,.338769825877252,1
2025,.338770112243184,1
2025,.338775642485058,1
2025,.338787110539574,1
2025,.338793965493108,1
2025,.338813520913807,1
2025,.338815308032369,1
2025,.33884784581161,1
2025,.338902421238379,1
2025,.338927197017939,1
2025,.338941146810934,1
2025,.338949730024582,1
2025,.338963397125944,1
2025,.338966965156889,1
2025,.33899215855369619,1
2025,.339004058568019,1
2025,.33902541201166,1
2025,.339031265825237,1
2025,.33903283627206043,1
2025,.339034852838386,1
2025,.339053413640629,1
2025,.339071315527858,1
2025,.339089777058031,1
2025,.339091946011796,1
2025,.339102095425446,1
2025,.33911030967283,1
2025,.339165380774785,1
2025,.339231743972349,1
2025,.339243542765612,1
2025,.33924915684696,1
2025,.339258289115733,1
2025,.339262839232648,1
2025,.33927517108608,1
2025,.339282307746755,1
2025,.339285720915021,1
2025,.339291438537738,1
2025,.339325447194416,1
2025,.339335586785557,1
2025,.339340908802673,1
2025,.339356814723693,1
2025,.339361685524431,1
2025,.339373031782704,1
2025,.339383595546282,1
2025,.339385849843759,1
2025,.339397880505732,1
2025,.33941668093624,1
2025,.339443607376354,1
2025,.339532960043433,1
2025,.33953409021473,1
2025,.339535426472911,1
2025,.339545030608591,1
2025,.339547278839795,1
2025,.339602481496585,1
2025,.339612639061628,1
2025,.339617084776263,1
2025,.339628116372445,1
2025,.339644985806831,1
2025,.339661250478326,1
2025,.339674272842473,1
2025,.339684912331948,1
2025,.339723271324327,1
2025,.339760141585282,1
2025,.339769087309587,1
2025,.339780551143814,1
2025,.339790461860268,1
2025,.339790937635391,1
2025,.339803742111241,1
2025,.339806945097848,1
2025,.339816491001428,1
2025,.339862836640337,1
2025,.339868981934326,1
2025,.339886551156671,1
2025,.339896254820723,1
2025,.339900660979852,1
2025,.339912760358303,1
2025,.339929370245527,1
2025,.339930738655746,1
2025,.339959408839077,1
2025,.33998066270137,1
2025,.339988056226105,1
2025,.339997755324895,1
2025,.340008976973028,1
2025,.34001124212612,1
2025,.340024158475229,1
2025,.34003071227117,1
2025,.340080050721139,1
2025,.340088385173479,1
2025,.34009006699334,1
2025,.340108164615871,1
2025,.340113446354785,1
2025,.340149355435742,1
2025,.340160907818315,1
2025,.340162812508083,1
2025,.340176364704598,1
2025,.340195419451112,1
2025,.340216927017117,1
2025,.340234489481254,1
2025,.340237908353314,1
2025,.340271685847068,1
2025,.340293803703749,1
2025,.340305433160713,1
2025,.340367544695276,1
2025,.340394755638272,1
2025,.340458662897498,1
2025,.340469272616232,1
2025,.340514017506056,1
2025,.340557709753654,1
2025,.340571405274099,1
2025,.340572400123924,1
2025,.340579221905085,1
2025,.340580448544413,1
2025,.340597174053658,1
2025,.340607398531695,1
2025,.340646239332128,1
2025,.340656118589674,1
2025,.340668739212057,1
2025,.340705126995632,1
2025,.340708338344509,1
2025,.340740121949198,1
2025,.340740450245062,1
2025,.340752556410005,1
2025,.340754756336048,1
2025,.340763974311089,1
2025,.340765236847119,1
2025,.340820033067459,1
2025,.340823154959009,1
2025,.340836115401122,1
2025,.340841143213575,1
2025,.340847049637467,1
2025,.340870307943375,1
2025,.340886050458612,1
2025,.340887907899048,1
2025,.340893906610825,1
2025,.34090675800114,1
2025,.340908957506816,1
2025,.340918007655631,1
2025,.340935805192298,1
2025,.34093807599822,1
2025,.340940690923744,1
2025,.34095050369606,1
2025,.340955633733852,1
2025,.340978241302138,1
2025,.340988986958418,1
2025,.341002859819078,1
2025,.34100648810875,1
2025,.341009875234678,1
2025,.341034113489233,1
2025,.341054987072047,1
2025,.341055202875958,1
2025,.341057753287263,1
2025,.341095158538357,1
2025,.341099665631867,1
2025,.341116803217699,1
2025,.341120292261106,1
2025,.341142511717245,1
2025,.341160187368643,1
2025,.341187255969757,1
2025,.341206267869957,1
2025,.341215911369131,1
2025,.341235042731436,1
2025,.34125228933095,1
2025,.341283752908897,1
2025,.341291782521899,1
2025,.341311229454146,1
2025,.341320097782698,1
2025,.341333542189995,1
2025,.341359564998936,1
2025,.341361519944517,1
2025,.34138611496462,1
2025,.341405269704892,1
2025,.341407308903285,1
2025,.341412241870819,1
2025,.341417183881608,1
2025,.341425464814386,1
2025,.341433359342642,1
2025,.341449796815248,1
2025,.341456615208459,1
2025,.341474532524048,1
2025,.341478299553901,1
2025,.341502560429463,1
2025,.34152460594394,1
2025,.341537409588987,1
2025,.341542800725813,1
2025,.341550515237641,1
2025,.341553399448614,1
2025,.341578326975313,1
2025,.341656583886534,1
2025,.3416570179818,1
2025,.341664184848547,1
2025,.341716231825692,1
2025,.341722413268678,1
2025,.341734227557858,1
2025,.341744007651586,1
2025,.341744204105339,1
2025,.341752159973353,1
2025,.341762318913584,1
2025,.341777023726412,1
2025,.341784525293437,1
2025,.341788161474319,1
2025,.341789857610703,1
2025,.341794916667487,1
2025,.341802345899684,1
2025,.341833275918722,1
2025,.341839866147752,1
2025,.341840179510518,1
2025,.341847412354302,1
2025,.34185033360766,1
2025,.341864471530353,1
2025,.341874226731403,1
2025,.341882751123501,1
2025,.341887453399418,1
2025,.341903154016411,1
2025,.341903744462092,1
2025,.341917436395589,1
2025,.341929179671699,1
2025,.341934437126452,1
2025,.341935152619583,1
2025,.341954024866897,1
2025,.341980117231435,1
2025,.34202694050359,1
2025,.342027182435401,1
2025,.342058055386941,1
2025,.34207456180989,1
2025,.342085119799852,1
2025,.342124044201417,1
2025,.342125219103645,1
2025,.342131088894996,1
2025,.342154675852658,1
2025,.342180146052231,1
2025,.342204490150818,1
2025,.342214353426386,1
2025,.342216801719054,1
2025,.342241056694536,1
2025,.342255235425248,1
2025,.34226226005809,1
2025,.342283015331811,1
2025,.34228310996663,1
2025,.34230858098778,1
2025,.342318399419632,1
2025,.342329016533726,1
2025,.342369677488912,1
2025,.342400066455608,1
2025,.342435739729598,1
2025,.342443979335726,1
2025,.34248025455274,1
2025,.34248158483343,1
2025,.342491495718351,1
2025,.342524528857332,1
2025,.342529414570151,1
2025,.342550119785207,1
2025,.34256482800682,1
2025,.342604166515349,1
2025,.342610130084168,1
2025,.342633449456183,1
2025,.342634520556776,1
2025,.342651486335491,1
2025,.342658470542885,1
2025,.342686972657865,1
2025,.342705140147031,1
2025,.342726975619091,1
2025,.342755224555502,1
2025,.342760718587803,1
2025,.342764645588823,1
2025,.34278350946818,1
2025,.34278771383629,1
2025,.342788885936188,1
2025,.342828268516052,1
2025,.342841039951786,1
2025,.342857624608407,1
2025,.34286739590589,1
2025,.342872372308508,1
2025,.342879172550898,1
2025,.342884539275076,1
2025,.342885889212005,1
2025,.342914136650297,1
2025,.3429176591551,1
2025,.342931379933216,1
2025,.342976480920222,1
2025,.343022779395803,1
2025,.343032637928944,1
2025,.343033660793912,1
2025,.34304340222912,1
2025,.343101797152246,1
2025,.343102956967443,1
2025,.343132671875223,1
2025,.343134608309933,1
2025,.343155218348968,1
2025,.343173531979207,1
2025,.343193401720961,1
2025,.343200383458775,1
2025,.343205545251491,1
2025,.343206829461817,1
2025,.343212118833588,1
2025,.343218436030543,1
2025,.343256750620197,1
2025,.343264856268004,1
2025,.343340345121388,1
2025,.343351166585872,1
2025,.343362055188082,1
2025,.343377090918386,1
2025,.343392199401248,1
2025,.343413865594253,1
2025,.343418799967319,1
2025,.343434795719985,1
2025,.343444259177082,1
2025,.343468792873491,1
2025,.343496900721045,1
2025,.343506346989898,1
2025,.343572411983508,1
2025,.343579899423777,1
2025,.343584280972426,1
2025,.343598707257264,1
2025,.343604603028506,1
2025,.343626600345414,1
2025,.343637831437381,1
2025,.343662024340442,1
2025,.343667436577759,1
2025,.343678626801072,1
2025,.343682077643503,1
2025,.343683905318203,1
2025,.343685006986888,1
2025,.343685280869573,1
2025,.343693351739991,1
2025,.343702432774909,1
2025,.34371790516244,1
2025,.343729067591638,1
2025,.343731378960633,1
2025,.34373384067857,1
2025,.343741430202889,1
2025,.343742518083879,1
2025,.343749968610624,1
2025,.343755442130474,1
2025,.343757164274307,1
2025,.343761323485626,1
2025,.343762742974849,1
2025,.343781130642415,1
2025,.34383025339253,1
2025,.343854562541421,1
2025,.343856456564241,1
2025,.343876422059795,1
2025,.343877121201245,1
2025,.343895830911452,1
2025,.343929900325707,1
2025,.34395545858841,1
2025,.343970671260532,1
2025,.343973847073868,1
2025,.343993183846989,1
2025,.344014847549398,1
2025,.344033547321456,1
2025,.344062393278931,1
2025,.344082136692535,1
2025,.344083581193531,1
2025,.344107080065493,1
2025,.344143029371043,1
2025,.344177772605923,1
2025,.344182815580261,1
2025,.34418317583720792,1
2025,.344193456506415,1
2025,.344197140738848,1
2025,.344216293732279,1
2025,.344218118856615,1
2025,.344220938093405,1
2025,.344242779728862,1
2025,.344243261304816,1
2025,.344263688192045,1
2025,.344266482263153,1
2025,.344274264475145,1
2025,.344299354186852,1
2025,.34432641666012631,1
2025,.344329077754544,1
2025,.344344010330559,1
2025,.344352668261828,1
2025,.344358069890366,1
2025,.344361003019716,1
2025,.344361884549197,1
2025,.344384471371198,1
2025,.344395411126485,1
2025,.344415347801222,1
2025,.344433599065364,1
2025,.344449300615545,1
2025,.344478254907994,1
2025,.344487449783547,1
2025,.344496861844823,1
2025,.34453128828348,1
2025,.344544080637181,1
2025,.344545747862426,1
2025,.344584279666764,1
2025,.344587827563185,1
2025,.344593663157488,1
2025,.344602105724963,1
2025,.344608883051044,1
2025,.34462284749903,1
2025,.34462638560911,1
2025,.344633721402139,1
2025,.344651957158429,1
2025,.344664440477106,1
2025,.344713312317514,1
2025,.344732647416682,1
2025,.344734969729347,1
2025,.344735307905145,1
2025,.344749721270067,1
2025,.344750410933569,1
2025,.344750605046174,1
2025,.344751904785401,1
2025,.344762776000463,1
2025,.344787207262838,1
2025,.344790520516352,1
2025,.344795244120959,1
2025,.344799535319279,1
2025,.344805430547137,1
2025,.344807540895015,1
2025,.344847903176941,1
2025,.344865363197768,1
2025,.344876318072143,1
2025,.344891737706482,1
2025,.344894699402957,1
2025,.3449120516308,1
2025,.344918122057646,1
2025,.344980298824322,1
2025,.344985702613508,1
2025,.345007822365418,1
2025,.345039284493675,1
2025,.345040560125599,1
2025,.345041173638507,1
2025,.345065667729547,1
2025,.345065754366059,1
2025,.345076795714362,1
2025,.345077457077571,1
2025,.34508640035996,1
2025,.345091354338019,1
2025,.345099453523495,1
2025,.345105369514771,1
2025,.345110875894327,1
2025,.345112432166328,1
2025,.345120851322985,1
2025,.34512716485745,1
2025,.345127364277575,1
2025,.34516859127177,1
2025,.345196225633648,1
2025,.345200523758496,1
2025,.345244057441825,1
2025,.345252928297141,1
2025,.345254802305905,1
2025,.345258511650868,1
2025,.34526998078641,1
2025,.345277318967029,1
2025,.345325616304463,1
2025,.345327170225581,1
2025,.345357033183015,1
2025,.345359451643454,1
2025,.345420136095684,1
2025,.345470136947906,1
2025,.345477178511882,1
2025,.345479425495953,1
2025,.345482065480943,1
2025,.345519329546601,1
2025,.34553967415748,1
2025,.345540326686418,1
2025,.345557285404594,1
2025,.345569383287284,1
2025,.34557647817314,1
2025,.345580121334024,1
2025,.345583026972357,1
2025,.345591904763858,1
2025,.345595985951262,1
2025,.345606612076909,1
2025,.34561986348702,1
2025,.345632462829519,1
2025,.345634388361828,1
2025,.345636794556645,1
2025,.345663851805761,1
2025,.345664284712152,1
2025,.345670163289249,1
2025,.345673234799362,1
2025,.34568191315409,1
2025,.345689210949487,1
2025,.345692336100794,1
2025,.34569926830249,1
2025,.345716151764308,1
2025,.345729186420016,1
2025,.345738352717978,1
2025,.345744003355029,1
2025,.34578367528456,1
2025,.345789916041135,1
2025,.345789997542437,1
2025,.34580338777511,1
2025,.34582112094033,1
2025,.345827572641554,1
2025,.345840948579795,1
2025,.345858401564267,1
2025,.345879945670536,1
2025,.345919016578263,1
2025,.34594939754259,1
2025,.345951862237208,1
2025,.345955840052223,1
2025,.345963022922945,1
2025,.345966064049951,1
2025,.345989104481479,1
2025,.345996089858365,1
2025,.346006840369156,1
2025,.346013261203269,1
2025,.346016815011836,1
2025,.346049116865252,1
2025,.34606206729098,1
2025,.346080257703041,1
2025,.34610807048873,1
2025,.346137883179327,1
2025,.346146370232016,1
2025,.346150754507901,1
2025,.346151898250962,1
2025,.346163477165192,1
2025,.34616773942625,1
2025,.346188536289101,1
2025,.346197794857487,1
2025,.346229214764428,1
2025,.346236662481371,1
2025,.346279811841256,1
2025,.346306101041956,1
2025,.34631776235983,1
2025,.34636639567096,1
2025,.346370043883882,1
2025,.346377318385861,1
2025,.346382222518586,1
2025,.346389005741391,1
2025,.346405280710195,1
2025,.346436119842268,1
2025,.346436530988994,1
2025,.346443561681424,1
2025,.346449099554681,1
2025,.346461155671094,1
2025,.34646685858658,1
2025,.346531413162488,1
2025,.346543459484233,1
2025,.346548272646017,1
2025,.346548347209304,1
2025,.34655347178042611,1
2025,.346555333916397,1
2025,.34656453925938,1
2025,.346605834702131,1
2025,.346609752244395,1
2025,.346623108295655,1
2025,.346632581875768,1
2025,.34664219239414,1
2025,.346663653311424,1
2025,.346664849235263,1
2025,.346670031448228,1
2025,.346693877077337,1
2025,.346707951200953,1
2025,.346729117107421,1
2025,.34673135128084,1
2025,.346733791498352,1
2025,.346749772461825,1
2025,.346773698854253,1
2025,.346774394394325,1
2025,.346804613526936,1
2025,.346824832856463,1
2025,.346852515444744,1
2025,.346875676410265,1
2025,.346928723594595,1
2025,.346934041131482,1
2025,.346934103955498,1
2025,.346952287177458,1
2025,.346973690058598,1
2025,.346981809236846,1
2025,.347018534961347,1
2025,.347060304514114,1
2025,.347076022410987,1
2025,.347080654129192,1
2025,.347088293771568,1
2025,.347136970987622,1
2025,.3471574729145,1
2025,.347199455011458,1
2025,.347201911940063,1
2025,.347202711701967,1
2025,.347210905782349,1
2025,.347217010188292,1
2025,.347236512514363,1
2025,.347254300496963,1
2025,.347255405857996,1
2025,.347259912482404,1
2025,.347272837800398,1
2025,.347282240789906,1
2025,.347298096631105,1
2025,.347342332254651,1
2025,.347342885536712,1
2025,.347381048277776,1
2025,.347401915890652,1
2025,.347406687704498,1
2025,.347453768458824,1
2025,.347456141229113,1
2025,.347478471715988,1
2025,.347494252678355,1
2025,.347504123974627,1
2025,.347519187194237,1
2025,.347537946030903,1
2025,.347550900671355,1
2025,.34756227492329,1
2025,.347567480983925,1
2025,.347574716900497,1
2025,.347610025452564,1
2025,.347616043637502,1
2025,.347617189428462,1
2025,.347637243451073,1
2025,.347643420578894,1
2025,.347653158559998,1
2025,.347654273454546,1
2025,.347666102543058,1
2025,.347675278584759,1
2025,.347723111230923,1
2025,.347725649868158,1
2025,.347727129940958,1
2025,.347738987122388,1
2025,.347758771134163,1
2025,.34781575125061,1
2025,.347823216555413,1
2025,.347825703044539,1
2025,.347826949482579,1
2025,.347831272812206,1
2025,.347833133917986,1
2025,.347837420071213,1
2025,.347845041611961,1
2025,.347856901298676,1
2025,.347858120484842,1
2025,.34788233905597,1
2025,.347883750207969,1
2025,.347908390402147,1
2025,.347933981710349,1
2025,.347954854733317,1
2025,.347957948370445,1
2025,.347960195944459,1
2025,.347969193899211,1
2025,.347988809772808,1
2025,.347994317826984,1
2025,.348014035943796,1
2025,.348024643949118,1
2025,.348049537412758,1
2025,.348106751841232,1
2025,.348145571036201,1
2025,.348159253771354,1
2025,.348165839031142,1
2025,.348165875362275,1
2025,.348174059492988,1
2025,.348179119285528,1
2025,.348183098168618,1
2025,.348183649808507,1
2025,.34819586411551,1
2025,.348212514497433,1
2025,.348234265833445,1
2025,.348248111878736,1
2025,.34826732684171,1
2025,.348302250399778,1
2025,.348324152199821,1
2025,.348338852193553,1
2025,.348426688192623,1
2025,.348427051031075,1
2025,.348446101294646,1
2025,.348448082552883,1
2025,.348455189438293,1
2025,.348465686600484,1
2025,.34848027919224,1
2025,.348486445516913,1
2025,.348490268025907,1
2025,.348493016790742,1
2025,.348498648870649,1
2025,.348508584514576,1
2025,.348518119195564,1
2025,.348530242820939,1
2025,.348538698402747,1
2025,.348549206693929,1
2025,.348556929885482,1
2025,.348559706624426,1
2025,.348562965811926,1
2025,.348566748276188,1
2025,.348635257238544,1
2025,.348647715106461,1
2025,.348746071153246,1
2025,.348757299387302,1
2025,.348780580491549,1
2025,.348790086069351,1
2025,.348800683603635,1
2025,.348832373500226,1
2025,.348849382858541,1
2025,.348865294951643,1
2025,.348897037261075,1
2025,.348924901800156,1
2025,.348926883966586,1
2025,.348928568682215,1
2025,.348980805588489,1
2025,.348988151007327,1
2025,.348992716154828,1
2025,.349023863133672,1
2025,.349036882178224,1
2025,.349037389117986,1
2025,.349058507462834,1
2025,.349079507714433,1
2025,.349080899759353,1
2025,.349086281726604,1
2025,.349086410981078,1
2025,.349120223272921,1
2025,.349121315396419,1
2025,.34912582113381,1
2025,.349132406809611,1
2025,.349134248487401,1
2025,.349135066729346,1
2025,.349146739213874,1
2025,.349173337873981,1
2025,.349183031862623,1
2025,.349187136027245,1
2025,.349193208034997,1
2025,.349230593109896,1
2025,.349255246432654,1
2025,.34925528956719,1
2025,.349276806622706,1
2025,.349278079948491,1
2025,.349280472532558,1
2025,.349295307423474,1
2025,.349296777766611,1
2025,.349315041330848,1
2025,.349321741267213,1
2025,.349376712637515,1
2025,.349403833167193,1
2025,.349432595681225,1
2025,.349472710027213,1
2025,.349492690567465,1
2025,.349494636173525,1
2025,.349532890448888,1
2025,.349543289746535,1
2025,.349546156544313,1
2025,.3495547789955,1
2025,.349586577618231,1
2025,.34961249919805,1
2025,.349636785108538,1
2025,.349637789014095,1
2025,.349654373280521,1
2025,.3497465706255,1
2025,.34975067153516,1
2025,.349784263704184,1
2025,.349822987813168,1
2025,.349830562469837,1
2025,.349843895704886,1
2025,.349844952056702,1
2025,.349856810233305,1
2025,.349886170080934,1
2025,.349917469634155,1
2025,.349937795425299,1
2025,.34995466835734,1
2025,.350007243923532,1
2025,.35002463276866,1
2025,.350036392527932,1
2025,.350069922641838,1
2025,.350074175609452,1
2025,.350077056518693,1
2025,.350091586720142,1
2025,.350093703003358,1
2025,.350136544096926,1
2025,.350147696846398,1
2025,.350155655452946,1
2025,.350160766564867,1
2025,.350167504094504,1
2025,.350176283191966,1
2025,.350189462476922,1
2025,.350211490967273,1
2025,.350232499643257,1
2025,.35023287499853,1
2025,.35023631216219,1
2025,.350236791184749,1
2025,.350239342192462,1
2025,.350239558662595,1
2025,.350243509195933,1
2025,.35025355910855,1
2025,.350263482898434,1
2025,.350265730117766,1
2025,.350268632611495,1
2025,.35027365618878,1
2025,.350277467211427,1
2025,.35034219959763319,1
2025,.350344359565673,1
2025,.350345515955823,1
2025,.35034984487533,1
2025,.350364857384465,1
2025,.350375858729978,1
2025,.350381668613857,1
2025,.350381775668158,1
2025,.350400639173157,1
2025,.350404708254612,1
2025,.350408783107772,1
2025,.350409240515402,1
2025,.350417574590291,1
2025,.350422568034672,1
2025,.350427676156561,1
2025,.3504304793655,1
2025,.350454212601831,1
2025,.350461983260906,1
2025,.350532640993143,1
2025,.350543818032827,1
2025,.350552935403546,1
2025,.350553167251244,1
2025,.350620238924352,1
2025,.350620328461001,1
2025,.35063683907321,1
2025,.350651371180154,1
2025,.350664347328458,1
2025,.350692831044232,1
2025,.350696159828432,1
2025,.350754427722178,1
2025,.350764928375681,1
2025,.350777504452865,1
2025,.35080542129382,1
2025,.350881786925928,1
2025,.350895158759841,1
2025,.350907437763279,1
2025,.350921450015678,1
2025,.350943484382425,1
2025,.350943996728125,1
2025,.350947930262876,1
2025,.350953269029556,1
2025,.350976143719564,1
2025,.350995810512077,1
2025,.351017981959091,1
2025,.351023807351253,1
2025,.351039376191048,1
2025,.351039768992807,1
2025,.351057506954825,1
2025,.351105283958786,1
2025,.351116142274914,1
2025,.351116484624524,1
2025,.351120285006786,1
2025,.351122529197548,1
2025,.351141689552676,1
2025,.351143951603071,1
2025,.351160115146407,1
2025,.351163717215504,1
2025,.351199815522342,1
2025,.351223555887293,1
2025,.351230218889573,1
2025,.351235245423217,1
2025,.351256175236309,1
2025,.351268291471248,1
2025,.351281822627571,1
2025,.351292683607864,1
2025,.351297650015568,1
2025,.351321989605259,1
2025,.351338124210865,1
2025,.351343983939415,1
2025,.351352331299679,1
2025,.351367145873761,1
2025,.35139177973662,1
2025,.351392959480601,1
2025,.351398706559231,1
2025,.351419713845209,1
2025,.351431157216248,1
2025,.351445729071667,1
2025,.351446771716098,1
2025,.351452293277595,1
2025,.351460637677728,1
2025,.351475587543991,1
2025,.351478185072706,1
2025,.351489470129508,1
2025,.351489980959136,1
2025,.351499857584138,1
2025,.351501636259286,1
2025,.351520594425299,1
2025,.351543321997298,1
2025,.351554258967899,1
2025,.351577337907599,1
2025,.351587641106693,1
2025,.351608339208698,1
2025,.351613965420004,1
2025,.351618202727581,1
2025,.351624470507538,1
2025,.351662261606343,1
2025,.351666030205504,1
2025,.351676345246552,1
2025,.351679315251775,1
2025,.351680740005222,1
2025,.351697588541617,1
2025,.351705904496546,1
2025,.351730382057313,1
2025,.351741894517016,1
2025,.351748612246022,1
2025,.351758564276599,1
2025,.351788986551022,1
2025,.351793539580523,1
2025,.351801320646327,1
2025,.351826012454062,1
2025,.351833507113674,1
2025,.351845208022719,1
2025,.351866546732253,1
2025,.351874100982904,1
2025,.35188441436129,1
2025,.35191012152252,1
2025,.351927760419864,1
2025,.351936703255225,1
2025,.351941066642864,1
2025,.351944819438341,1
2025,.351968072060904,1
2025,.351971497116491,1
2025,.351976825574429,1
2025,.351979009867956,1
2025,.351979365679898,1
2025,.351992358743125,1
2025,.351993199259486,1
2025,.352011633537854,1
2025,.352013201778522,1
2025,.352017301722389,1
2025,.352020931717323,1
2025,.352035087015875,1
2025,.352039782765237,1
2025,.352048519634374,1
2025,.352136974768494,1
2025,.352138437310069,1
2025,.352148627987294,1
2025,.352172942327685,1
2025,.352178769115822,1
2025,.352179359317348,1
2025,.352182430389113,1
2025,.352189258903587,1
2025,.352207387648492,1
2025,.352208734777066,1
2025,.35221386465825,1
2025,.35221659901193,1
2025,.352218189466411,1
2025,.35223120256695,1
2025,.352257236734295,1
2025,.352269580426284,1
2025,.35227277721464,1
2025,.352276274685348,1
2025,.352278044881431,1
2025,.352287384110407,1
2025,.352292009513676,1
2025,.352303041816145,1
2025,.35231456369923,1
2025,.352326660551688,1
2025,.352327001873422,1
2025,.352358257236542,1
2025,.352361420558742,1
2025,.352365293091978,1
2025,.35237599990102486,1
2025,.352376488054221,1
2025,.352391102741657,1
2025,.352423751106543,1
2025,.352433836689078,1
2025,.352437857870104,1
2025,.352441872776426,1
2025,.352452973258053,1
2025,.352467604642569,1
2025,.352476625080417,1
2025,.35249433554503,1
2025,.352524529300879,1
2025,.35254374124207,1
2025,.352550186988124,1
2025,.352551188380588,1
2025,.352559266589268,1
2025,.35259515088565518,1
2025,.352600312012544,1
2025,.352629209532318,1
2025,.35262974126759,1
2025,.352648038460009,1
2025,.352650631686543,1
2025,.352703603723627,1
2025,.352713043923339,1
2025,.352718400361795,1
2025,.352736754663655,1
2025,.352763728210754,1
2025,.35276442192372,1
2025,.352765431760029,1
2025,.352783825059298,1
2025,.352783842986068,1
2025,.352793492623738,1
2025,.35281069758269,1
2025,.352816747358787,1
2025,.352839364766061,1
2025,.352846794855458,1
2025,.352863760381206,1
2025,.352867610435181,1
2025,.352894586769952,1
2025,.352926482786532,1
2025,.352944987711378,1
2025,.352948310651837,1
2025,.352968857583593,1
2025,.352975894393881,1
2025,.352983307664689,1
2025,.352998463603853,1
2025,.353021825314245,1
2025,.35302994039696,1
2025,.353033114040844,1
2025,.353036369461504,1
2025,.3530398808528,1
2025,.353064903203301,1
2025,.353069146787656,1
2025,.35308777540499,1
2025,.353098267362657,1
2025,.353101455486112,1
2025,.35311283371710994,1
2025,.353121667296224,1
2025,.353129624802442,1
2025,.353131134001619,1
2025,.353131508089793,1
2025,.353156034256601,1
2025,.35319061208766,1
2025,.353219656161707,1
2025,.353259296862095,1
2025,.353259469227705,1
2025,.353263518429994,1
2025,.353272860181966,1
2025,.353277278798808,1
2025,.353307489896911,1
2025,.35331136532199,1
2025,.353314976608791,1
2025,.353329105721266,1
2025,.353359094351518,1
2025,.353365731768383,1
2025,.353399937270015,1
2025,.353418814334013,1
2025,.353430954663728,1
2025,.353435259849323,1
2025,.353481808099313,1
2025,.353483451344132,1
2025,.353488667241823,1
2025,.353514332386746,1
2025,.353536524685182,1
2025,.35355412920713,1
2025,.353566761682582,1
2025,.353569746349206,1
2025,.35359515754011,1
2025,.353632302437004,1
2025,.353633709052314,1
2025,.353652389123768,1
2025,.353670719991559,1
2025,.353680436455191,1
2025,.35370758026055,1
2025,.353749843058217,1
2025,.35376378543765,1
2025,.35377905794047,1
2025,.35378195868099,1
2025,.353807920927649,1
2025,.353863024245754,1
2025,.353875433823657,1
2025,.353879753868591,1
2025,.353917149891662,1
2025,.353955557038456,1
2025,.353972632840713,1
2025,.353982121030076,1
2025,.353982899555593,1
2025,.353985759658733,1
2025,.353988234455865,1
2025,.354004190964265,1
2025,.354005953701806,1
2025,.354032187035115,1
2025,.354069586412419,1
2025,.354073849663227,1
2025,.354095246953949,1
2025,.35410912962342,1
2025,.354125781057899,1
2025,.354130792689843,1
2025,.354139360039259,1
2025,.354143640813068,1
2025,.354152849943426,1
2025,.354165783546416,1
2025,.354184206404562,1
2025,.354193644823063,1
2025,.354201577210692,1
2025,.354214250776564,1
2025,.354218116897096,2
2025,.354258049652946,1
2025,.354259010833254,1
2025,.35433002061963,1
2025,.354343073465123,1
2025,.354348726034208,1
2025,.354360944337904,1
2025,.354361790213783,1
2025,.354363225193643,1
2025,.35438177786168,1
2025,.354384274722735,1
2025,.354430065511038,1
2025,.354434244903167,1
2025,.354440321905799,1
2025,.354443665898547,1
2025,.354468150839215,1
2025,.354470687736217,1
2025,.354482112229471,1
2025,.354489910035451,1
2025,.354506642230359,1
2025,.354524413055257,1
2025,.354531378429443,1
2025,.354557565855037,1
2025,.354578107924339,1
2025,.354586593889607,1
2025,.354589034585351,1
2025,.354604957165252,1
2025,.354608022956299,1
2025,.354617245998689,1
2025,.354623937025881,1
2025,.35463572066222365,1
2025,.354681732910484,1
2025,.354696006253464,1
2025,.354698812853127,1
2025,.354707611758911,1
2025,.354728926799569,1
2025,.35473600884403,1
2025,.354761178794546,1
2025,.354768700481834,1
2025,.354789351550373,1
2025,.354812582337469,1
2025,.354821241924343,1
2025,.35482164288054413,1
2025,.354824235179477,1
2025,.354827926234719,1
2025,.354847846752191,1
2025,.354850588287837,1
2025,.354862981789628,1
2025,.35494438092305,1
2025,.35496754925433038,1
2025,.354968551425002,1
2025,.354988747318932,1
2025,.355022843112029,1
2025,.355025031722742,1
2025,.355030847835144,1
2025,.355065556039315,1
2025,.355077873751836,1
2025,.355079941377976,1
2025,.355091863642366,1
2025,.355093555142128,1
2025,.355118199858368,1
2025,.355118714861782,1
2025,.355124498554014,1
2025,.355125073257737,1
2025,.355137086767542,1
2025,.355141991959496,1
2025,.355144212331315,1
2025,.355152615974812,1
2025,.355168071657283,1
2025,.355169283371045,1
2025,.355174081600654,1
2025,.355177741290384,1
2025,.355179732800238,1
2025,.355180951586251,1
2025,.355185150989036,1
2025,.355192588652084,1
2025,.355195773231738,1
2025,.355207930231706,1
2025,.355225695802948,1
2025,.355233867124649,1
2025,.355247537629076,1
2025,.35525520472422,1
2025,.355293795275472,1
2025,.355303536411157,1
2025,.355338948431283,1
2025,.355342256238448,1
2025,.355354280199105,1
2025,.355387753589131,1
2025,.355388749868498,1
2025,.355389481122689,1
2025,.355423465533715,1
2025,.355426525919557,1
2025,.355445637004796,1
2025,.355449100568543,1
2025,.35546481790038,1
2025,.35546890165362,1
2025,.3554820522306,1
2025,.355512371072225,1
2025,.35554085259127,1
2025,.355554184711741,1
2025,.355562215723014,1
2025,.355565711936737,1
2025,.355586272911989,1
2025,.355605750102013,1
2025,.35561195374584176,1
2025,.35561852967332,1
2025,.355622391663349,1
2025,.35562459899722,1
2025,.355634245773912,1
2025,.355669591228691,1
2025,.355682970865914,1
2025,.355691175571068,1
2025,.355692890002969,1
2025,.355695108941231,1
2025,.355703350485174,1
2025,.355745131628595,1
2025,.355763772314329,1
2025,.355773067843606,1
2025,.355780336160506,1
2025,.355782534259787,1
2025,.355788034140978,1
2025,.355788337022901,1
2025,.355792414469543,1
2025,.355796117091629,1
2025,.355797982865107,1
2025,.355839462753532,1
2025,.355844111475222,1
2025,.355849937955055,1
2025,.355862704180765,1
2025,.355894142956975,1
2025,.355909116474175,1
2025,.355919869054222,1
2025,.355921659928878,1
2025,.355922193286314,1
2025,.355936388070253,1
2025,.355952482466767,1
2025,.355957097802398,1
2025,.355967660190613,1
2025,.355999569702327,1
2025,.356009944728798,1
2025,.356022134198745,1
2025,.356039454085881,1
2025,.356073666558976,1
2025,.356076986790544,1
2025,.356090973261164,1
2025,.356098507778822,1
2025,.356098761243272,1
2025,.356146594720136,1
2025,.35618205258983,1
2025,.356185014155547,1
2025,.356222590248269,1
2025,.35623047691726,1
2025,.356236240658362,1
2025,.356238991983723,1
2025,.356239229439796,1
2025,.356274949240507,1
2025,.356283268149347,1
2025,.356309119993467,1
2025,.356317195514583,1
2025,.356317484065073,1
2025,.356342861652908,1
2025,.3563440931795,1
2025,.356363878035372,1
2025,.356367956336927,1
2025,.356377919543107,1
2025,.356378869646442,1
2025,.356391296165967,1
2025,.356393017067857,1
2025,.356397076643537,1
2025,.356406738951661,1
2025,.356414673407104,1
2025,.356417441885251,1
2025,.356434558358562,1
2025,.356445455895246,1
2025,.356451772967298,1
2025,.356453303183093,1
2025,.35646781842875,1
2025,.35648234277259,1
2025,.356482619966355,1
2025,.356534541141877,1
2025,.35653646285822,1
2025,.356538422283769,1
2025,.356545276529733,1
2025,.356563108863781,1
2025,.356572601360977,1
2025,.356572761165674,1
2025,.356603558875952,1
2025,.35661677383357,1
2025,.356660220569102,1
2025,.356661840181603,1
2025,.356683265200474,1
2025,.356699924623158,1
2025,.356734316853217,1
2025,.356762879445282,1
2025,.356763358046501,1
2025,.35676586965718,1
2025,.356769191129506,1
2025,.356797853355631,1
2025,.35680486165299619,1
2025,.356806352534275,1
2025,.356820834574633,1
2025,.356830881355579,1
2025,.356838045536578,1
2025,.356838398734815,1
2025,.356848495539443,1
2025,.356852706135779,1
2025,.356873526623607,1
2025,.356882634101219,1
2025,.356887192115996,1
2025,.356903543114425,1
2025,.35692592012981728,1
2025,.356934769202758,1
2025,.356952086641916,1
2025,.356958454098967,1
2025,.357007274053092,1
2025,.357020509758549,1
2025,.357021695693093,1
2025,.357023015796307,1
2025,.35703010959364,1
2025,.357046584865724,1
2025,.357065339460429,1
2025,.357089995514469,1
2025,.357106323919834,1
2025,.357107991739616,1
2025,.35712186793323,1
2025,.357140370507061,1
2025,.357141372558973,1
2025,.357148024327075,1
2025,.357166901307909,1
2025,.357181712331532,1
2025,.357224665223149,1
2025,.357224731991178,1
2025,.357225468674425,1
2025,.357267354632148,1
2025,.357267583326781,1
2025,.357282428700145,1
2025,.357289455787473,1
2025,.357302124814275,1
2025,.357306956003447,1
2025,.357319567492539,1
2025,.357332351229064,1
2025,.357352083198275,1
2025,.357363502031006,1
2025,.35736752204502,1
2025,.357409172726816,1
2025,.357410884189455,1
2025,.357430964859163,1
2025,.35744860464117,1
2025,.35745862731945,1
2025,.357463262412725,1
2025,.357473115510035,1
2025,.357479837668368,1
2025,.357493712268205,1
2025,.357518368905596,1
2025,.357522599162082,1
2025,.357524218443846,1
2025,.357529230795976,1
2025,.35754109624292,1
2025,.357541734530387,1
2025,.357547904875606,1
2025,.357571669188705,1
2025,.357596140027192,1
2025,.3575981222675,1
2025,.357613864558841,1
2025,.357633424441622,1
2025,.35763540358642,1
2025,.357638642325396,1
2025,.357664242497662,1
2025,.357666010606299,1
2025,.357672311340079,1
2025,.357678880277487,1
2025,.357690159408215,1
2025,.357694935051738,1
2025,.357708830868226,1
2025,.357712668744561,1
2025,.357724166231531,1
2025,.35773559065333271,1
2025,.357735946244228,1
2025,.357749020756728,1
2025,.357753071403923,1
2025,.357765580722652,1
2025,.357792569168579,1
2025,.357809731939029,1
2025,.357815477471998,1
2025,.357822304069857,1
2025,.35785176741547,1
2025,.357862870999368,1
2025,.357878529580842,1
2025,.357915165436338,1
2025,.357941085044881,1
2025,.357953452100917,1
2025,.357967872995154,1
2025,.357968890140817,1
2025,.357975867897489,1
2025,.357989162953509,1
2025,.358010838594747,1
2025,.358035792334053,1
2025,.358047080972811,1
2025,.358062916674877,1
2025,.358063057101599,1
2025,.358064200087092,1
2025,.358071732374695,1
2025,.358083730972449,1
2025,.358093102843747,1
2025,.358095092102643,1
2025,.35810672226915,1
2025,.358166685071244,1
2025,.35817390591482,1
2025,.358177326819583,1
2025,.358193654874083,1
2025,.358201170366477,1
2025,.358228482249282,1
2025,.358230433659198,1
2025,.358241958159787,1
2025,.35825341030479,1
2025,.358254102711586,1
2025,.358284143315876,1
2025,.35829194773994461,1
2025,.358294538342042,1
2025,.358302084714877,1
2025,.358303551442952,1
2025,.358309616384618,1
2025,.358329527079006,1
2025,.35834894548572,1
2025,.358349934413406,1
2025,.358365134599284,1
2025,.358368330840243,1
2025,.358368400126273,1
2025,.358405580416582,1
2025,.358425235258132,1
2025,.358437919715503,1
2025,.358451712214436,1
2025,.358463380141165,1
2025,.358469185121319,1
2025,.358474213171599,1
2025,.358476854636889,1
2025,.358478136743616,1
2025,.358483790183138,1
2025,.358484804129858,1
2025,.358492267577804,1
2025,.35850957189104,1
2025,.358543568158609,1
2025,.358551537724743,1
2025,.358563644454782,1
2025,.35856457211153,1
2025,.358568039801142,1
2025,.358573332314149,1
2025,.358582916019418,1
2025,.358598920473215,1
2025,.358600180953004,1
2025,.358604494493774,1
2025,.358612168651688,1
2025,.358612348813706,1
2025,.358618196242125,1
2025,.35863748336783,1
2025,.358660740552599,1
2025,.358663415427637,1
2025,.358670741615881,1
2025,.35867371369689,1
2025,.358724192032551,1
2025,.358725355488187,1
2025,.35872587355506,1
2025,.358730341042965,1
2025,.358736584290185,1
2025,.358768700191035,1
2025,.358778586608637,1
2025,.358785044569815,1
2025,.358785792365481,1
2025,.35879468259924,1
2025,.358819874903392,1
2025,.358820638098732,1
2025,.358821439328045,1
2025,.35882685002888,1
2025,.358860574393221,1
2025,.358866339367683,1
2025,.358916016249831,1
2025,.358930973141036,1
2025,.358939277950952,1
2025,.358939576240357,1
2025,.358947284685862,1
2025,.358953643237217,1
2025,.358985073414286,1
2025,.359024780067354,1
2025,.359034860604961,1
2025,.359039777268271,1
2025,.359049518682448,1
2025,.359066819485027,1
2025,.359081657402879,1
2025,.359084323122496,1
2025,.35913205909673,1
2025,.359133297446869,1
2025,.359176628883337,1
2025,.359227450746931,1
2025,.359228821201814,1
2025,.359235483033716,1
2025,.359238663960249,1
2025,.359240541186717,1
2025,.359243845536807,1
2025,.359249983984428,1
2025,.359254210890361,1
2025,.359265238163897,1
2025,.359273072191836,1
2025,.359296418306985,1
2025,.359296502379985,1
2025,.359299042092769,1
2025,.359300791472005,1
2025,.359333609768626,1
2025,.359339281858712,1
2025,.359349713153054,1
2025,.359369193981648,1
2025,.359377626780978,1
2025,.359391888294133,1
2025,.359402748121162,1
2025,.359415689752389,1
2025,.3594230520964,1
2025,.35943290087143,1
2025,.359443447042854,1
2025,.359452122801115,1
2025,.359457755427764,1
2025,.359464903356515,1
2025,.359482838973333,1
2025,.359515704946376,1
2025,.35955778444599,1
2025,.359559818151079,1
2025,.359564611599092,1
2025,.359592793771848,1
2025,.359595369300381,1
2025,.359598644027264,1
2025,.359615736248602,1
2025,.359649826048689,1
2025,.359677538029497,1
2025,.359682580272538,1
2025,.359688798835005,1
2025,.359706364903856,1
2025,.35970995571055,1
2025,.35971500309494,1
2025,.359742462710048,1
2025,.359744282316008,1
2025,.359748138925351,1
2025,.359752697526602,1
2025,.359753679289666,1
2025,.359757614998174,1
2025,.359766548604756,1
2025,.359769521421895,1
2025,.359777495693667,1
2025,.359785738887122,1
2025,.359788649526758,1
2025,.359791893360909,1
2025,.35980947216057,1
2025,.359810463151816,1
2025,.35982501984147,1
2025,.359828427380941,1
2025,.359851420320659,1
2025,.35987354530664,1
2025,.359878731257356,1
2025,.359885474790879,1
2025,.359898477793374,1
2025,.359909298848484,1
2025,.359909785501446,1
2025,.359912381368556,1
2025,.359951553020936,1
2025,.359960152684419,1
2025,.359961345791486,1
2025,.359965326411372,1
2025,.359975488926141,1
2025,.359987076803829,1
2025,.36000654091973366,1
2025,.360035839789503,1
2025,.360042414820976,1
2025,.360047721396432,1
2025,.360047865102295,1
2025,.360057409998535,1
2025,.360107946922674,1
2025,.36017808499177,1
2025,.360178916716287,1
2025,.360193947007769,1
2025,.360201406046199,1
2025,.360240052741408,1
2025,.360281917625693,1
2025,.360314413349889,1
2025,.360327970641034,1
2025,.360350135985534,1
2025,.360356340751036,1
2025,.360359991490502,1
2025,.360386870358455,1
2025,.360429894308159,1
2025,.360440111229744,1
2025,.360441768629405,1
2025,.360484598732677,1
2025,.360490593626249,1
2025,.360497279226652,1
2025,.360502293002649,1
2025,.360504358186059,1
2025,.360534828218199,1
2025,.360548317157574,1
2025,.360555408309761,1
2025,.360556991154889,1
2025,.360576792353083,1
2025,.360583165285517,1
2025,.360603229341856,1
2025,.360616802081518,1
2025,.3606590630416,1
2025,.360678419404967,1
2025,.360680065804028,1
2025,.360698798339175,1
2025,.360745114453708,1
2025,.360754035953775,1
2025,.360761494835834,1
2025,.360766570012247,1
2025,.360796734374104,1
2025,.360800039225805,1
2025,.360807720592154,1
2025,.360838400900321,1
2025,.360854032703879,1
2025,.360868481526156,1
2025,.360893713462007,1
2025,.36090119149689,1
2025,.36091081766117,1
2025,.360913125329824,1
2025,.360913162138828,1
2025,.360927512909286,1
2025,.360945204433255,1
2025,.360950196057345,1
2025,.360975309455475,1
2025,.360975592115971,1
2025,.360977845632382,1
2025,.360981725785925,1
2025,.361023904841409,1
2025,.36103282976209,1
2025,.361036513089434,1
2025,.361047505437075,1
2025,.361058144155683,1
2025,.361064583408845,1
2025,.361083040746414,1
2025,.361084852819221,1
2025,.361093570084219,1
2025,.361100922365982,1
2025,.361102440077964,1
2025,.361115483603933,1
2025,.361118409946528,1
2025,.361122747089585,1
2025,.361125268633431,1
2025,.361132118833141,1
2025,.361141304271081,1
2025,.361146108101539,1
2025,.361163916997248,1
2025,.361187102691563,1
2025,.361200474184045,1
2025,.361215238311327,1
2025,.361223045033827,1
2025,.361230249438331,1
2025,.361254582716004,1
2025,.361256782593527,1
2025,.361259034935321,1
2025,.361269949613981,1
2025,.361270699644542,1
2025,.361278235000349,1
2025,.361286978407012,1
2025,.361293065339285,1
2025,.361304379148992,1
2025,.361321497992237,1
2025,.361380647189258,1
2025,.361394643482839,1
2025,.361403070612373,1
2025,.361418399846976,1
2025,.361420373868669,1
2025,.361434902781397,1
2025,.361453871266156,1
2025,.361454139232789,1
2025,.361459729106063,1
2025,.361470995251125,1
2025,.361483581358627,1
2025,.361489933547946,1
2025,.361493878560323,1
2025,.361494934461532,1
2025,.36151841557545,1
2025,.361520158996683,1
2025,.361529545481403,1
2025,.361544689711655,1
2025,.361555336733286,1
2025,.361561784618224,1
2025,.36158998252641,1
2025,.361609127227023,1
2025,.361651135912279,1
2025,.361655039195633,1
2025,.361658917632151,1
2025,.361677254964244,1
2025,.361698568231772,1
2025,.361728531780683,1
2025,.361739210334318,1
2025,.361761467043459,1
2025,.361770005924455,1
2025,.361783450290051,1
2025,.361788268714381,1
2025,.361814603343994,1
2025,.36186121526001,1
2025,.361909554940332,1
2025,.36198445363567,1
2025,.361989664593341,1
2025,.361996526567483,1
2025,.362006511715587,1
2025,.362021285352867,1
2025,.36202316342194,1
2025,.362042366943908,1
2025,.362045499249357,1
2025,.362122258845574,1
2025,.362136355096647,1
2025,.36213800158325,1
2025,.362138986496734,1
2025,.362140535704614,1
2025,.362142093115244,1
2025,.362145136397564,1
2025,.362191819186479,1
2025,.362202808494587,1
2025,.36220953325764,1
2025,.362213437189053,1
2025,.362215912787312,1
2025,.362230428290677,1
2025,.362239338336238,1
2025,.362239710909878,1
2025,.362249215473275,1
2025,.3622505340289,1
2025,.362264907513184,1
2025,.362268241266319,1
2025,.362284467108924,1
2025,.362321252551452,1
2025,.362335042732868,1
2025,.36234473209088,1
2025,.362346294616914,1
2025,.362356074604096,1
2025,.362391151706701,1
2025,.362426760954934,1
2025,.362440774480656,1
2025,.362444759794776,1
2025,.362457558572269,1
2025,.362462766476502,1
2025,.362465236822053,1
2025,.362516142110555,1
2025,.362521033645389,1
2025,.362521806241831,1
2025,.362527960838105,1
2025,.362555056577539,1
2025,.362555116881659,1
2025,.362556300238892,1
2025,.362558241130199,1
2025,.362562400947157,1
2025,.362566662694256,1
2025,.362584617524785,1
2025,.36261464420506,1
2025,.36263331603143,1
2025,.362639101493917,1
2025,.362656769714443,1
2025,.362658876013947,1
2025,.362668273259782,1
2025,.362668386945669,1
2025,.362687761384151,1
2025,.36269109010484,1
2025,.362692006201946,1
2025,.362698272768915,1
2025,.362700385541948,1
2025,.362706240547632,1
2025,.362708783855004,1
2025,.362715432531058,1
2025,.362738499573988,1
2025,.362759053559142,1
2025,.362804066597417,1
2025,.362806827484596,1
2025,.362812021953115,1
2025,.362826126299975,1
2025,.362831349395123,1
2025,.362841844205475,1
2025,.362843958458358,1
2025,.362848944879875,1
2025,.362850567018976,1
2025,.362850689572948,1
2025,.362878432705523,1
2025,.36290650652999,1
2025,.362933467343541,1
2025,.362955571778652,1
2025,.362958241848782,1
2025,.362999356849195,1
2025,.363000461437029,1
2025,.363023565430997,1
2025,.363041964819825,1
2025,.363051753709684,1
2025,.363056814149141,1
2025,.363114726582109,1
2025,.363115644787471,1
2025,.363140759975936,1
2025,.36314489435504,1
2025,.363167635572554,1
2025,.363169236185511,1
2025,.363180217830563,1
2025,.363188924013636,1
2025,.363192852763612,1
2025,.363197795467736,1
2025,.363206506211046,1
2025,.363207481180384,1
2025,.363221538247757,1
2025,.363239952466205,1
2025,.363242428858228,1
2025,.363245653161204,1
2025,.363249797811631,1
2025,.363251989571484,1
2025,.363262407334733,1
2025,.363263049641993,1
2025,.363264113870772,1
2025,.363283369958555,1
2025,.363284291973264,1
2025,.363317564410734,1
2025,.363346449466998,1
2025,.363350451613675,1
2025,.363352393210426,1
2025,.363352718650809,1
2025,.363380923903702,1
2025,.363383151549315,1
2025,.363387714189402,1
2025,.363395651225356,1
2025,.363397188816137,1
2025,.363403195303862,1
2025,.363405423869715,1
2025,.363406948064939,1
2025,.363415578519271,1
2025,.363421960034192,1
2025,.363427496412831,1
2025,.363434650545364,1
2025,.363444133279999,1
2025,.363447436343162,1
2025,.363472945091046,1
2025,.36349406049013,1
2025,.363496820759178,1
2025,.363532372171724,1
2025,.363543502285789,1
2025,.363545249050023,1
2025,.363567294401432,1
2025,.363575327618121,1
2025,.363594137477587,1
2025,.363612322384745,1
2025,.36361813760515,1
2025,.363631354048335,1
2025,.363648519787232,1
2025,.36366460300782,1
2025,.363667289488274,1
2025,.363670789682983,1
2025,.363678133957856,1
2025,.363685489000084,1
2025,.36368708853232,1
2025,.363689916914871,1
2025,.363692273736621,1
2025,.363693070191894,1
2025,.363698059534858,1
2025,.363715416913763,1
2025,.363715947090745,1
2025,.363727370371121,1
2025,.363760284441971,1
2025,.363771788759196,1
2025,.363791258996298,1
2025,.36379708985156,1
2025,.363800880684439,1
2025,.363805980580713,1
2025,.363890521534941,1
2025,.363920023226735,1
2025,.363923537971139,1
2025,.363957653482235,1
2025,.363977338313892,1
2025,.36397751570364,1
2025,.36398059363614,1
2025,.363981214127388,1
2025,.363982420902004,1
2025,.363986862485089,1
2025,.36398976990747,1
2025,.36399011636161,1
2025,.363995591872887,1
2025,.364015934144497,1
2025,.364030529386468,1
2025,.364036335866535,1
2025,.364043067605978,1
2025,.36404528772979,1
2025,.364073003511356,1
2025,.364077114037132,1
2025,.364082671331184,1
2025,.364083748375063,1
2025,.364085196068322,1
2025,.364099386070648,1
2025,.364102632122356,1
2025,.364107052265565,1
2025,.364128642275046,1
2025,.364142655540051,1
2025,.364164368220152,1
2025,.364195740219121,1
2025,.364204802369004,1
2025,.364206597974502,1
2025,.364245125232182,1
2025,.364251846921177,1
2025,.364254473698948,1
2025,.364257296707616,1
2025,.364259779360617,1
2025,.364262799472343,1
2025,.364266091526416,1
2025,.364271888735664,1
2025,.364316670394025,1
2025,.364317170901791,1
2025,.364331832845936,1
2025,.364341268284623,1
2025,.364355109295834,1
2025,.364386588659091,1
2025,.364391757145295,1
2025,.364395917412275,1
2025,.36441792697196,1
2025,.364422822810502,1
2025,.364426153714255,1
2025,.364439029774236,1
2025,.364441506758526,1
2025,.364485885576869,1
2025,.364492988497849,1
2025,.364498174073668,1
2025,.364504196962361,1
2025,.364509091239772,1
2025,.364510853052176,1
2025,.364512916363874,1
2025,.364521298313535,1
2025,.364584022888524,1
2025,.36460459501483,1
2025,.364619502329387,1
2025,.364626321449999,1
2025,.364632101157029,1
2025,.364664343000915,1
2025,.364684456783897,1
2025,.364686118833133,1
2025,.36469517393703,1
2025,.364703352680601,1
2025,.36471402062210584,1
2025,.364715083495767,1
2025,.364738966734081,1
2025,.364751581623901,1
2025,.364756953066148,1
2025,.364777581915726,1
2025,.364827587971766,1
2025,.36483664354249,1
2025,.364840636533223,1
2025,.364844521641641,1
2025,.364865371914407,1
2025,.364895846426922,1
2025,.364896407395557,1
2025,.364915293579482,1
2025,.364965729916112,1
2025,.364968655718483,1
2025,.365018687374119,1
2025,.365033570930735,1
2025,.365058077917932,1
2025,.365066594170264,1
2025,.365087885420553,1
2025,.365100346843064,1
2025,.365102158788257,1
2025,.365109734952598,1
2025,.365115220540577,1
2025,.365116891764659,1
2025,.365122127451621,1
2025,.365124580860346,1
2025,.365127190290976,1
2025,.365139684993606,1
2025,.36514223060227,1
2025,.365160461278839,1
2025,.365193567004884,1
2025,.365219551741534,1
2025,.365226097658947,1
2025,.365228059485877,1
2025,.365241005113797,1
2025,.365267048709152,1
2025,.365267111005992,1
2025,.365302717111603,1
2025,.365306069288841,1
2025,.365320461879472,1
2025,.365324800280901,1
2025,.365331400220463,1
2025,.365336794054736,1
2025,.365359426395584,1
2025,.365371005899779,1
2025,.365377253094515,1
2025,.365383175457843,1
2025,.365389486513285,1
2025,.365396212635085,1
2025,.365397676662101,1
2025,.365423012598262,1
2025,.365426605188058,1
2025,.36544723024600612,1
2025,.365456497066547,1
2025,.365469152313952,1
2025,.365480487298045,1
2025,.365480949329019,1
2025,.365481567271278,1
2025,.365490875302501,1
2025,.365497134183265,1
2025,.365525570499044,1
2025,.365531295658004,1
2025,.36557217899656,1
2025,.365576539735377,1
2025,.365585369441433,1
2025,.365623839998977,1
2025,.36562511495795,1
2025,.365643326567039,1
2025,.365644840584867,1
2025,.365650951962464,1
2025,.365657922452886,1
2025,.365662491120714,1
2025,.365672381027856,1
2025,.365674461455428,1
2025,.365678353692981,1
2025,.365696990438848,1
2025,.365697137795372,1
2025,.365699804078181,1
2025,.365717142421954,1
2025,.365744802541024,1
2025,.36574666603895,1
2025,.365749204512498,1
2025,.365752793124311,1
2025,.365754503783899,1
2025,.365785449092335,1
2025,.365786856987497,1
2025,.365793665202511,1
2025,.365820152265506,1
2025,.365847248077063,1
2025,.365862171423373,1
2025,.365881206777561,1
2025,.36589244559495959,1
2025,.365896629138685,1
2025,.365903302248944,1
2025,.36590787423042,1
2025,.365917107351254,1
2025,.365934000824492,1
2025,.365934395074732,1
2025,.36595175281987,1
2025,.366001901734731,1
2025,.366004795432708,1
2025,.366049235994222,1
2025,.36605021653738,1
2025,.366050417098862,1
2025,.36605106530115650,1
2025,.366072407393994,1
2025,.366083517605239,1
2025,.366147363051815,1
2025,.366162997008462,1
2025,.366173851463324,1
2025,.366179223063873,1
2025,.36618988287266,1
2025,.366193034172872,1
2025,.366224502467614,1
2025,.36623588919424,1
2025,.366245449077036,1
2025,.366283631649943,1
2025,.366290407479784,1
2025,.366292334869713,1
2025,.3663165731828,1
2025,.366332609357722,1
2025,.366333134529841,1
2025,.366345656409795,1
2025,.366358664908564,1
2025,.366359928869103,1
2025,.366363116750229,1
2025,.36638432150078,1
2025,.366385981394644,1
2025,.366394987731398,1
2025,.366428067876118,1
2025,.366429390742775,1
2025,.366433753635487,1
2025,.366454168486943,1
2025,.366465155594318,1
2025,.366477287178331,1
2025,.366530800494818,1
2025,.366562691850243,1
2025,.366573010730597,1
2025,.366589953530234,1
2025,.366591686775905,1
2025,.366596859028883,1
2025,.366604666292684,1
2025,.366605633090903,1
2025,.366616505008685,1
2025,.366617192156934,1
2025,.366631047996844,1
2025,.366635837547467,1
2025,.366636785522649,1
2025,.366667081889878,1
2025,.36666735697194,1
2025,.366673012471641,1
2025,.366673648547214,1
2025,.366678788086397,1
2025,.366682619427692,1
2025,.366686468957138,1
2025,.366689279062654,1
2025,.366699077453763,1
2025,.366717792838175,1
2025,.366719169769426,1
2025,.366725469115568,1
2025,.366739454166326,1
2025,.366765848567249,1
2025,.366794764139329,1
2025,.366828250669761,1
2025,.366836851377586,1
2025,.366838689868153,1
2025,.366844239706111,1
2025,.366873772743363,1
2025,.366874749932228,1
2025,.366881175161964,1
2025,.366887851952825,1
2025,.366892641538251,1
2025,.36694176785871,1
2025,.366959531496173,1
2025,.366970201154988,1
2025,.366993050766114,1
2025,.366993426572774,1
2025,.367007726240229,1
2025,.367023157047038,1
2025,.367025816278703,1
2025,.367038940621208,1
2025,.367082260401074,1
2025,.3670951964409,1
2025,.367116089464321,1
2025,.367129637918104,1
2025,.367133714087049,1
2025,.367144868379484,1
2025,.367149769578087,1
2025,.367151701720553,1
2025,.367158505942763,1
2025,.36717589247812715,1
2025,.367216773399551,1
2025,.367219966161482,1
2025,.367226348912808,1
2025,.367230887040433,1
2025,.367273252250323,1
2025,.367275343212525,1
2025,.367283172440795,1
2025,.367306000179253,1
2025,.367312034216446,1
2025,.367334630673425,1
2025,.367337492697912,1
2025,.367341596038056,1
2025,.367343011695849,1
2025,.367347996945845,1
2025,.367353091720506,1
2025,.367367013718579,1
2025,.367380352548497,1
2025,.367394937109982,1
2025,.367406803520556,1
2025,.367410179273816,1
2025,.367442955788715,1
2025,.367452624487833,1
2025,.367467959087776,1
2025,.367501821909561,1
2025,.36754605911515,1
2025,.36754794739763,1
2025,.36754895156138,1
2025,.367571390878304,1
2025,.367620076612593,1
2025,.367625557410618,1
2025,.367668150910065,1
2025,.367675516386306,1
2025,.367685459722589,1
2025,.367689025597762,1
2025,.367699118195152,1
2025,.367706770085901,1
2025,.367711494886914,1
2025,.367796076689473,1
2025,.367801153100481,1
2025,.367803570578056,1
2025,.367815409574086,1
2025,.367820420637401,1
2025,.367843701826677,1
2025,.367882826563816,1
2025,.367901298135799,1
2025,.367901300980308,1
2025,.367938155859845,1
2025,.367965721485097,1
2025,.367967838678537,1
2025,.367970150421872,1
2025,.367983662942589,1
2025,.367989283518731,1
2025,.367990504500242,1
2025,.367990649027614,1
2025,.368002050547564,1
2025,.368007056624008,1
2025,.368008709480113,1
2025,.368031089689443,1
2025,.368032520216499,1
2025,.36803394062085,1
2025,.368040942278055,1
2025,.368066441445354,1
2025,.368067216297532,1
2025,.368080818845554,1
2025,.368088308428416,1
2025,.368089305247295,1
2025,.368101525599116,1
2025,.368106612207012,1
2025,.368116677155705,1
2025,.368135526818907,1
2025,.36815110446317,1
2025,.368152246101606,1
2025,.368165774966115,1
2025,.368198580081186,1
2025,.36821198774693,1
2025,.368272794038264,1
2025,.368283978017708,1
2025,.368292394391283,1
2025,.36831701475577,1
2025,.36833120861448,1
2025,.368332231559278,1
2025,.368357625779982,1
2025,.368379753453912,1
2025,.368386562398127,1
2025,.368405899750663,1
2025,.368423876128862,1
2025,.368426838460802,1
2025,.368456808304021,1
2025,.368463563314381,1
2025,.368478846152704,1
2025,.368500074572548,1
2025,.368538852134693,1
2025,.368550210167314,1
2025,.368555342212848,1
2025,.36855633018501,1
2025,.368578132363928,1
2025,.368584983835678,1
2025,.368585109567666,1
2025,.368588123897046,1
2025,.368589839167118,1
2025,.368603606727587,1
2025,.36861111060072,1
2025,.368618279695878,1
2025,.36863455428289005,1
2025,.368636445714405,1
2025,.36863677597309,1
2025,.368646585380663,1
2025,.36868070015875,1
2025,.368692388469312,1
2025,.368719739503432,1
2025,.368736142363367,1
2025,.368738075945592,1
2025,.368743667755897,1
2025,.368751765223566,1
2025,.368767009838317,1
2025,.368789100478925,1
2025,.368806511649474,1
2025,.368829197841407,1
2025,.368847673358205,1
2025,.368880404332054,1
2025,.368897079661123,1
2025,.36889904209397,1
2025,.368901963780595,1
2025,.368904662439534,1
2025,.368922077468203,1
2025,.368934175122657,1
2025,.368950924218909,1
2025,.368959663634461,1
2025,.368970748858399,1
2025,.368976311963919,1
2025,.368991106471784,1
2025,.369008962487859,1
2025,.369020741296973,1
2025,.369023126176385,1
2025,.369023885288458,1
2025,.369030278636961,1
2025,.369034444947538,1
2025,.369039777609035,1
2025,.369058499128192,1
2025,.369061743357715,1
2025,.369079871837837,1
2025,.369093097225272,1
2025,.369110717908896,1
2025,.36912016503179,1
2025,.369132185896416,1
2025,.369180287032398,1
2025,.369211425845043,1
2025,.369216741959254,1
2025,.369229708139167,1
2025,.369237522802123,1
2025,.369248729052758,1
2025,.369262420542822,1
2025,.369265812992405,1
2025,.369286796085402,1
2025,.369290199624909,1
2025,.369293781446631,1
2025,.369333958843009,1
2025,.369336586352574,1
2025,.369340811216647,1
2025,.369353681838495,1
2025,.36935786855217,1
2025,.369362653634109,1
2025,.369382898484835,1
2025,.369397919159367,1
2025,.369409101084649,1
2025,.369424089079331,1
2025,.369441702164817,1
2025,.369448086907267,1
2025,.369468293853336,1
2025,.369481498485943,1
2025,.369507680272881,1
2025,.369517072813549,1
2025,.369566222409681,1
2025,.369568048945987,1
2025,.369590561066009,1
2025,.369610062778872,1
2025,.369613676963428,1
2025,.369625641366672,1
2025,.369628941860071,1
2025,.36964748432881,1
2025,.369653107814098,1
2025,.369658280259855,1
2025,.369661420012805,1
2025,.369662112721921,1
2025,.369682083756632,1
2025,.369682655097977,1
2025,.369708396342552,1
2025,.369715421320658,1
2025,.369719265919357,1
2025,.36972082145068,1
2025,.36973531309756,1
2025,.369739399653483,1
2025,.369749287662825,1
2025,.369778822727801,1
2025,.369789652707247,1
2025,.369796945070671,1
2025,.369834703591476,1
2025,.369839326033215,1
2025,.36986516342031,1
2025,.369869872093646,1
2025,.369871326739032,1
2025,.369875889668836,1
2025,.369882657822687,1
2025,.369913733519389,1
2025,.369914739132815,1
2025,.369937663437105,1
2025,.369952331033083,1
2025,.36995555049908,1
2025,.369958969262234,1
2025,.369971047463701,1
2025,.369978093090908,1
2025,.36999099879047,1
2025,.370008393412453,1
2025,.370010043109679,1
2025,.370027629557599,1
2025,.370049665622987,1
2025,.370067948071957,1
2025,.370079166824252,1
2025,.370097298724705,1
2025,.370101928032026,1
2025,.370102217853952,1
2025,.370111568281864,1
2025,.370133952929115,1
2025,.370134196289251,1
2025,.370165194620765,1
2025,.370170871604429,1
2025,.370184145929305,1
2025,.370191466098175,1
2025,.370209900364324,1
2025,.37024445560798,1
2025,.370252654911784,1
2025,.370271595318569,1
2025,.370276590743828,1
2025,.370284002200856,1
2025,.370317522658146,1
2025,.370332477143703,1
2025,.370335481685908,1
2025,.370337051484817,1
2025,.370337296207206,1
2025,.370366686333528,1
2025,.370370748802796,1
2025,.370377165703536,1
2025,.37041264321529,1
2025,.37041587929256,1
2025,.370427601909618,1
2025,.370441872053062,1
2025,.370444669910608,1
2025,.370448466090851,1
2025,.370467710526176,1
2025,.37046810604362,1
2025,.370469319158196,1
2025,.370470109563727,1
2025,.370497703909227,1
2025,.370552517956392,1
2025,.370565725149495,1
2025,.370570019472231,1
2025,.370571241800008,1
2025,.370599049695294,1
2025,.370600615814923,1
2025,.370600868962578,1
2025,.370626383132031,1
2025,.370630920187618,1
2025,.370647274940384,1
2025,.370650325220136,1
2025,.370653851781948,1
2025,.370660687962708,1
2025,.370669317802657,1
2025,.370704095732744,1
2025,.370705998945335,1
2025,.370712539411753,1
2025,.370712642485346,1
2025,.370716653885702,1
2025,.370731123068281,1
2025,.370745710690746,1
2025,.370756301181039,1
2025,.370757712911015,1
2025,.370769138290996,1
2025,.370787872832049,1
2025,.370789023178381,1
2025,.370811787108385,1
2025,.370835604949655,1
2025,.370846350775618,1
2025,.370853177623403,1
2025,.370865753826382,1
2025,.370868414932984,1
2025,.37089141216751,1
2025,.370933162972943,1
2025,.37093328613314,1
2025,.370936607872328,1
2025,.370952582970422,1
2025,.370979392108628,1
2025,.370989366335707,1
2025,.370993329839071,1
2025,.371018127034792,1
2025,.37102120507509,1
2025,.371021909008495,1
2025,.37106780470323,1
2025,.37106942019863,1
2025,.371072066272149,1
2025,.371083543671641,1
2025,.371084369367328,1
2025,.371103593098544,1
2025,.371105878621416,1
2025,.371110364504481,1
2025,.371124265756781,1
2025,.371135774392009,1
2025,.37116066383909,1
2025,.371168567443125,1
2025,.371195312385861,1
2025,.371195474076412,1
2025,.37120617517261,1
2025,.371206178856874,1
2025,.37121615199801,1
2025,.37121935747782,1
2025,.371285753419967,1
2025,.371286627916804,1
2025,.37129165563171,1
2025,.371305091242597,1
2025,.371306410799869,1
2025,.371336896821404,1
2025,.371338923855289,1
2025,.371379403660088,1
2025,.371381724292834,1
2025,.371390706667187,1
2025,.371391304038847,1
2025,.371393281699071,1
2025,.371417631313465,1
2025,.371422416099923,1
2025,.371424092404286,1
2025,.371436525348724,1
2025,.371441237477243,1
2025,.371446076692184,1
2025,.371449280862117,1
2025,.371474196027748,1
2025,.371480970732911,1
2025,.37148243707803,1
2025,.371501612539125,1
2025,.371514210955422,1
2025,.371524525825283,1
2025,.37152487604464,1
2025,.371525688248319,1
2025,.371531970973966,1
2025,.371548569017943,1
2025,.371573059924107,1
2025,.371573557351648,1
2025,.371580539438234,1
2025,.371582755122599,1
2025,.371584651611766,1
2025,.371591247518004,1
2025,.371591756139614,1
2025,.371608873990774,1
2025,.37163511272475,1
2025,.371636595990236,1
2025,.371666072213449,1
2025,.371668757508196,1
2025,.371673165126845,1
2025,.371673578311684,1
2025,.371702578805834,1
2025,.37170759618034,1
2025,.371711249445124,1
2025,.371726029720214,1
2025,.37174269204516,1
2025,.371745847340588,1
2025,.371755053826335,1
2025,.371780532964188,1
2025,.371783407354957,1
2025,.371791062536625,1
2025,.371792651152563,1
2025,.371804934997669,1
2025,.371805820306218,1
2025,.371829340535693,1
2025,.371837431806529,1
2025,.371863470116486,1
2025,.371865214147213,1
2025,.371866677858317,1
2025,.371874037591063,1
2025,.371874833027409,1
2025,.371879642221171,1
2025,.371881405526532,1
2025,.371890682100472,1
2025,.371932834065197,1
2025,.371934736895763,1
2025,.371943059104977,1
2025,.371951066213052,1
2025,.371951517459066,1
2025,.371960256193907,1
2025,.37200348134101,1
2025,.372019139407387,1
2025,.37202216027958,1
2025,.372045818238467,1
2025,.372052129367758,1
2025,.372057416954672,1
2025,.372061500953584,1
2025,.372065937407773,1
2025,.372067698919543,1
2025,.372074996305502,1
2025,.372082325834687,1
2025,.37208521752471,1
2025,.372086058061978,1
2025,.37210455242502694,1
2025,.372117696346902,1
2025,.372124912277967,1
2025,.372179490960283,1
2025,.372232096654354,1
2025,.37224933944229,1
2025,.372251442225952,1
2025,.372254014586294,1
2025,.372263094623287,1
2025,.372263357973665,1
2025,.372265582010732,1
2025,.372320833888283,1
2025,.372344683119024,1
2025,.372354589886522,1
2025,.372379462656308,1
2025,.372395221237451,1
2025,.372400090117749,1
2025,.372409690799504,1
2025,.37242361014263,1
2025,.37242528639423,1
2025,.372431943845071,1
2025,.372438175563228,1
2025,.372477270092932,1
2025,.372484664908346,1
2025,.372487438228671,1
2025,.372490827125014,1
2025,.372513850537766,1
2025,.372515068215081,1
2025,.372519678885639,1
2025,.372542212536022,1
2025,.372545075269938,1
2025,.372545438930859,1
2025,.372548783852597,1
2025,.372596340451908,1
2025,.372680968312511,1
2025,.372688237820575,1
2025,.372700492204942,1
2025,.372713700282327,1
2025,.372721163920193,1
2025,.372723862345806,1
2025,.372738629465185,1
2025,.372758323285611,1
2025,.372760035380968,1
2025,.372781651235238,1
2025,.372816955142015,1
2025,.372846927081051,1
2025,.372874425821345,1
2025,.37287609964895,1
2025,.372890744443301,1
2025,.372898102359761,1
2025,.372901977215338,1
2025,.372918232509444,1
2025,.372919450524281,1
2025,.372922595168814,1
2025,.372943649332158,1
2025,.37294414717806,1
2025,.372948499585925,1
2025,.372963675542236,1
2025,.372966287351056,1
2025,.372977240188879,1
2025,.372977343403514,1
2025,.372980567982639,1
2025,.372993986055226,1
2025,.372995974729168,1
2025,.373019657428376,1
2025,.373033035933663,1
2025,.373053612191025,1
2025,.373057749008143,1
2025,.373066855179137,1
2025,.373093245748948,1
2025,.373103594734694,1
2025,.373107563030156,1
2025,.37310948000856,1
2025,.373135487092709,1
2025,.373140185182927,1
2025,.37314487102031,1
2025,.373148956486852,1
2025,.373163413504928,1
2025,.373172326594833,1
2025,.373180371268102,1
2025,.373184841995898,1
2025,.373218024410788,1
2025,.373224046467135,1
2025,.373224708120407,1
2025,.373226524192786,1
2025,.373255005127154,1
2025,.373270220296078,1
2025,.373276293806942,1
2025,.37328042960736035,1
2025,.373283819741649,1
2025,.373288410596786,1
2025,.373309168992186,1
2025,.373318850774909,1
2025,.37332840161242,1
2025,.373361835897699,1
2025,.373402726419059,1
2025,.373428101728174,1
2025,.373428607079599,1
2025,.373446040520764,1
2025,.373450357578197,1
2025,.373455431172174,1
2025,.373467266809454,1
2025,.373493983199158,1
2025,.373525224513721,1
2025,.373528052068419,1
2025,.373540858702745,1
2025,.373564396458821,1
2025,.373564675769962,1
2025,.373572363141197,1
2025,.373617336462271,1
2025,.373620417057599,1
2025,.373626446998239,1
2025,.373645337516415,1
2025,.373655056829279,1
2025,.373662813842459,1
2025,.373669968015355,1
2025,.373676643682356,1
2025,.37368067679594,1
2025,.373688728489115,1
2025,.373699063783338,1
2025,.373723151209429,1
2025,.373727921954997,1
2025,.373736573273734,1
2025,.373741084142949,1
2025,.373741189043128,1
2025,.373760289712325,1
2025,.373761557821814,1
2025,.373773585219041,1
2025,.373776858040909,1
2025,.373786503245005,1
2025,.373805966276992,1
2025,.3738210613864,1
2025,.373832560231616,1
2025,.373859116469313,1
2025,.373860039943887,1
2025,.37386059913806,1
2025,.373866687328876,1
2025,.373881499096026,1
2025,.373906825280384,1
2025,.373913157633808,1
2025,.373918897099527,1
2025,.373921185250034,1
2025,.373979622777835,1
2025,.373982385287594,1
2025,.37404114009656,1
2025,.374047716304326,1
2025,.374058007576248,1
2025,.374062371959323,1
2025,.374090395169785,1
2025,.37414425487475,1
2025,.374145550561705,1
2025,.374160738952907,1
2025,.374162350120062,1
2025,.374178707989304,1
2025,.374236992062386,1
2025,.374251197536277,1
2025,.374262514758292,1
2025,.374266640840756,1
2025,.3742683162215,1
2025,.37426869393511,1
2025,.37427251095949,1
2025,.37428157514364,1
2025,.374282273582481,1
2025,.374305290732541,1
2025,.374306613508592,1
2025,.374316341561169,1
2025,.374321166922852,1
2025,.374327247327046,1
2025,.374340000175969,1
2025,.37435187393512,1
2025,.374363195682596,1
2025,.374386501564148,1
2025,.374392765191783,1
2025,.374408874740297,1
2025,.37441483031459,1
2025,.374426354953813,1
2025,.374430554699915,1
2025,.374440873809964,1
2025,.374449627351864,1
2025,.374476340990994,1
2025,.374501167797684,1
2025,.374558024193191,1
2025,.374558037851398,1
2025,.37457773063816,1
2025,.374579695709372,1
2025,.374596046634884,1
2025,.374604418128994,1
2025,.374607856402858,1
2025,.374612061729489,1
2025,.374616752633631,1
2025,.374628218619848,1
2025,.374648249110252,1
2025,.374700738604078,1
2025,.374703260403691,1
2025,.374711469539502,1
2025,.374725243220565,1
2025,.374727816721302,1
2025,.374740595411935,1
2025,.37474240251836122,1
2025,.374745235944449,1
2025,.374746543225154,1
2025,.374754132803366,1
2025,.374757662039009,1
2025,.374759412708519,1
2025,.374763751251751,1
2025,.374807511267163,1
2025,.374808382899087,1
2025,.374812709385119,1
2025,.374815346673752,1
2025,.374816723698063,1
2025,.374820859647732,1
2025,.374835525815843,1
2025,.374843014643232,1
2025,.374861747182956,1
2025,.374862424118047,1
2025,.374870503511323,1
2025,.374871848756219,1
2025,.374896418635917,1
2025,.374901920910376,1
2025,.374906210066393,1
2025,.374928946850293,1
2025,.374950547766098,1
2025,.374952890248876,1
2025,.374966911594349,1
2025,.374976479344657,1
2025,.374978442098744,1
2025,.374983046539167,1
2025,.374999366665914,1
2025,.375018958144938,1
2025,.37504768230267,1
2025,.375055227101604,1
2025,.375056621124269,1
2025,.375064875032929,1
2025,.375077041652329,1
2025,.375081088285367,1
2025,.375085303356286,1
2025,.375095277025787,1
2025,.375109765316062,1
2025,.375121727109342,1
2025,.37514957161438,1
2025,.375156416142079,1
2025,.375166800452968,1
2025,.375167872193456,1
2025,.375169253627745,1
2025,.375172311015033,1
2025,.375179978292916,1
2025,.375193202937308,1
2025,.37519678049549,1
2025,.375203639487598,1
2025,.375217528116983,1
2025,.375219153701008,1
2025,.375227562123757,1
2025,.375247897820317,1
2025,.37525438760081,1
2025,.375256840866346,1
2025,.375256868044465,1
2025,.375269613582544,1
2025,.375273955797786,1
2025,.375274611172952,1
2025,.375281186945029,1
2025,.375314011078515,1
2025,.375321875326539,1
2025,.375346612435161,1
2025,.375347887206103,1
2025,.375352379329116,1
2025,.375395091872944,1
2025,.375405654530532,1
2025,.375439220501127,1
2025,.375445833582919,1
2025,.375446509962368,1
2025,.375448778257271,1
2025,.375454715966054,1
2025,.375463772523449,1
2025,.375473634050075,1
2025,.375511318439759,1
2025,.375527982421988,1
2025,.375565976645899,1
2025,.375569304793571,1
2025,.375582003501314,1
2025,.375610534338855,1
2025,.375632569775145,1
2025,.375640224616592,1
2025,.375648772400224,1
2025,.375651729766417,1
2025,.375661091767381,1
2025,.375691414634517,1
2025,.375703390155485,1
2025,.375754238970696,1
2025,.375758276975098,1
2025,.375802761836637,1
2025,.375808402179224,1
2025,.375819899882015,1
2025,.37582305392326,1
2025,.375824676100203,1
2025,.375829855257583,1
2025,.375857610020594,1
2025,.37586944824776,1
2025,.37591829736975,1
2025,.375934118428296,1
2025,.375937456237218,1
2025,.375949886287734,1
2025,.375956631503652,1
2025,.375963808966514,1
2025,.375997532461197,1
2025,.375997543848725,1
2025,.376002290145578,1
2025,.376002334382872,1
2025,.376005956376127,1
2025,.376006523430939,1
2025,.376009109279446,1
2025,.376074321692914,1
2025,.376089717366276,1
2025,.376101964491731,1
2025,.376116714989326,1
2025,.37611841514232,1
2025,.37611901849965,1
2025,.376122438978783,1
2025,.37616342491228,1
2025,.376168418246968,1
2025,.376207195679783,1
2025,.376258361984198,1
2025,.3762788249285,1
2025,.376286775205691,1
2025,.376286935419232,1
2025,.376304587258401,1
2025,.376342970029053,1
2025,.376353619508989,1
2025,.376354489601718,1
2025,.376357964970852,1
2025,.376402061813915,1
2025,.376402579537063,1
2025,.376414791493579,1
2025,.376420640076449,1
2025,.376445935217507,1
2025,.376457446481358,1
2025,.376464784306588,1
2025,.376465850290088,1
2025,.376484469030013,1
2025,.376484506947674,1
2025,.37650120445305,1
2025,.376519468062781,1
2025,.376532556152713,1
2025,.376552241575177,1
2025,.376578780760943,1
2025,.376579072792441,1
2025,.376595358157561,1
2025,.376610357013145,1
2025,.376620626360199,1
2025,.376645119330729,1
2025,.376655372212127,1
2025,.376657065060595,1
2025,.376657715617985,1
2025,.376665917456851,1
2025,.37669243856275,1
2025,.376699274436094,1
2025,.37672343331989,1
2025,.37676466479766,1
2025,.376783262140092,1
2025,.376793514406979,1
2025,.376811026013582,1
2025,.376845835303285,1
2025,.376846093659778,1
2025,.376857155901208,1
2025,.376924737353187,1
2025,.37692937652687,1
2025,.376937090492868,1
2025,.376940489136448,1
2025,.376942314738417,1
2025,.376966953119278,1
2025,.376990582207564,1
2025,.377010181512863,1
2025,.377028459777737,1
2025,.377032938229222,1
2025,.377036033860075,1
2025,.377037386834273,1
2025,.377045523251001,1
2025,.377052145299906,1
2025,.377060198488091,1
2025,.377060929774063,1
2025,.37706392746982,1
2025,.377088745729321,1
2025,.377108288756162,1
2025,.377115373797876,1
2025,.377144542458117,1
2025,.377147100395951,1
2025,.377169212314598,1
2025,.377175409378073,1
2025,.377199075196728,1
2025,.377208259337983,1
2025,.377212239413216,1
2025,.37721462342878,1
2025,.377217508915532,1
2025,.377220033087319,1
2025,.377221237823738,1
2025,.377223089318224,1
2025,.377282000186878,1
2025,.377282408218162,1
2025,.377295751239307,1
2025,.377322651848692,1
2025,.377325073228039,1
2025,.377327585725335,1
2025,.377352754933588,1
2025,.377360708889728,1
2025,.377390056621397,1
2025,.37739817274401,1
2025,.377416124701854,1
2025,.377421579776196,1
2025,.377470819728524,1
2025,.377506571260011,1
2025,.377508232992674,1
2025,.377553474355785,1
2025,.377577086633981,1
2025,.377590769622113,1
2025,.377608941725147,1
2025,.377620416515881,1
2025,.377623293913035,1
2025,.377655712619792,1
2025,.377664713281953,1
2025,.377681499678761,1
2025,.377685857553241,1
2025,.377690452651172,1
2025,.377694026682945,1
2025,.377717093085077,1
2025,.377722251613569,1
2025,.377733245936602,1
2025,.377741073477972,1
2025,.3777422592123,1
2025,.377748425649433,1
2025,.377749781719696,1
2025,.377766679655114,1
2025,.377768019006764,1
2025,.377778064823096,1
2025,.37777899572912,1
2025,.377782828924008,1
2025,.377785806422289,1
2025,.377787106653494,1
2025,.377788592210065,1
2025,.377790860375929,1
2025,.37779293086486787,1
2025,.377798190634129,1
2025,.377800905620349,1
2025,.377810114170934,1
2025,.377810618899099,1
2025,.377825429091763,1
2025,.37783244254612,1
2025,.377861149661968,1
2025,.377885610932342,1
2025,.377894087977253,1
2025,.377894256935765,1
2025,.377896602816532,1
2025,.377907713316758,1
2025,.377941379282225,1
2025,.377943006649527,1
2025,.377966189098436,1
2025,.377967943019122,1
2025,.377971364994467,1
2025,.377978671742493,1
2025,.377983209515572,1
2025,.377990608858034,1
2025,.377994573029534,1
2025,.378012485029624,1
2025,.378039613028558,1
2025,.378050741051959,1
2025,.378062989308223,1
2025,.378064968897358,1
2025,.378068630733921,1
2025,.378072690821908,1
2025,.378081594859677,1
2025,.378083282348818,1
2025,.378085739227863,1
2025,.378087552774009,1
2025,.378129990773926,1
2025,.378135384383736,1
2025,.378155486714624,1
2025,.378166595589532,1
2025,.378172402528315,1
2025,.378173913373595,1
2025,.378177239257377,1
2025,.378180644890712,1
2025,.378202677340826,1
2025,.378203371901373,1
2025,.378224865570916,1
2025,.378244558222618,1
2025,.378251661008836,1
2025,.378259045250661,1
2025,.378262145831479,1
2025,.378287723237489,1
2025,.378287774621103,1
2025,.378293344453411,1
2025,.378293673592825,1
2025,.378328203718077,1
2025,.378350239124777,1
2025,.378351886166856,1
2025,.378357319095972,1
2025,.378374350524173,1
2025,.378399578390445,1
2025,.378442934003134,1
2025,.378468682567584,1
2025,.378475172597953,1
2025,.378487407303515,1
2025,.378487649259398,1
2025,.378489088982863,1
2025,.378492606246261,1
2025,.378512189236942,1
2025,.378518099268307,1
2025,.378520723856659,1
2025,.378520757890508,1
2025,.378523579284577,1
2025,.378542134419582,1
2025,.378574004760896,1
2025,.37857551316239,1
2025,.378597850930314,1
2025,.378628188082371,1
2025,.378629392527213,1
2025,.378634041657143,1
2025,.378639185292365,1
2025,.378698879933287,1
2025,.378700634000697,1
2025,.378704469539373,1
2025,.378712791125459,1
2025,.378714611748932,1
2025,.378735525461084,1
2025,.378744751809428,1
2025,.378764711918706,1
2025,.378764771656413,1
2025,.378770705706534,1
2025,.37877368494591,1
2025,.378773971306667,1
2025,.378823297605961,1
2025,.378835747182181,1
2025,.37883715922659,1
2025,.378841709993711,1
2025,.378843116508446,1
2025,.378850368643063,1
2025,.378854730677173,1
2025,.3788663179621,1
2025,.378897639679096,1
2025,.378899074770726,1
2025,.378900345728187,1
2025,.378906238583342,1
2025,.378906693545444,1
2025,.37891635447375,1
2025,.378937683072283,1
2025,.378944675157443,1
2025,.378951137675318,1
2025,.378962151269856,1
2025,.378969420919248,1
2025,.378978946576382,1
2025,.378980266155123,1
2025,.379015244746013,1
2025,.379016198069716,1
2025,.379024850003591,1
2025,.379043280841416,1
2025,.379049770730315,1
2025,.379091646619817,1
2025,.379092153901427,1
2025,.379110189286519,1
2025,.379111615867149,1
2025,.379122221323161,1
2025,.379145388532554,1
2025,.37915137419007,1
2025,.37916926239628,1
2025,.379185020456342,1
2025,.379200252462167,1
2025,.379215992296915,1
2025,.379245431430666,1
2025,.379270336712348,1
2025,.379272317942577,1
2025,.379296148615847,1
2025,.379297405042693,1
2025,.379301216911566,1
2025,.379301674690148,1
2025,.379333688986721,1
2025,.37934050480925,1
2025,.379364576344057,1
2025,.379370188915578,1
2025,.379404183316644,1
2025,.379408101660295,1
2025,.379423362326994,1
2025,.379433074136033,1
2025,.379451474898867,1
2025,.379469960043549,1
2025,.379483342328146,1
2025,.379496039696427,1
2025,.379541427775771,1
2025,.379554650044125,1
2025,.379582250307553,1
2025,.37958429981969,1
2025,.37960250990346,1
2025,.379622210902054,1
2025,.379626299159403,1
2025,.37963121013231,1
2025,.379644878508662,1
2025,.379660832411322,1
2025,.379674895176787,1
2025,.379704702350465,1
2025,.379714476486773,1
2025,.37972279636205,1
2025,.379728611863603,1
2025,.37974483731711,1
2025,.379754753007842,1
2025,.379758657461618,1
2025,.379778319650565,1
2025,.379779219263951,1
2025,.379781422497517,1
2025,.379802315352216,1
2025,.37981890164555,1
2025,.379821459577303,1
2025,.379841193023109,1
2025,.379886997336798,1
2025,.379893990941782,1
2025,.379894772429414,1
2025,.379902440771417,1
2025,.379907920018286,1
2025,.379918581255897,1
2025,.379925814758789,1
2025,.379927930823667,1
2025,.379929037500638,1
2025,.379946471146076,1
2025,.379946583778155,1
2025,.379954315299699,1
2025,.379958433052832,1
2025,.379984264053022,1
2025,.379990304491123,1
2025,.380000258108928,1
2025,.380016176276881,1
2025,.380033267128789,1
2025,.380041525769951,1
2025,.380064385509998,1
2025,.380068017663889,1
2025,.380093441976647,1
2025,.380095998660076,1
2025,.380158932899832,1
2025,.380171088619093,1
2025,.380173521995345,1
2025,.380183522824643,1
2025,.380183557988542,1
2025,.380188920394261,1
2025,.380258471279893,1
2025,.380272152917194,1
2025,.380281321651567,1
2025,.380285713088446,1
2025,.380373212230033,1
2025,.380406987955515,1
2025,.380412618397404,1
2025,.38042285892933,1
2025,.380423496989941,1
2025,.380425921543627,1
2025,.380433235802339,1
2025,.380447519130315,1
2025,.380460693155757,1
2025,.380488228541813,1
2025,.380496610921758,1
2025,.380509381119022,1
2025,.380511342113596,1
2025,.380513212270971,1
2025,.380514183961555,1
2025,.380518567579698,1
2025,.380536151513466,1
2025,.380549000973715,1
2025,.380553230953912,1
2025,.380559713748053,1
2025,.380569259930724,1
2025,.380591045280795,1
2025,.380622871169755,1
2025,.38063411356042,1
2025,.380635236625297,1
2025,.380639981751317,1
2025,.380653603380598,1
2025,.380655728309195,1
2025,.38066200203718,1
2025,.38067225896007,1
2025,.38067633036157,1
2025,.380700506814754,1
2025,.380736245063231,1
2025,.38074050013448502,1
2025,.380749053930347,1
2025,.380779918097747,1
2025,.380780736273998,1
2025,.380800309404963,1
2025,.380811788613113,1
2025,.380816410512221,1
2025,.38081755640789,1
2025,.380835043325421,1
2025,.380843789211714,1
2025,.380846419557806,1
2025,.380858916877073,1
2025,.380882065311935,1
2025,.380902261682074,1
2025,.380908841682974,1
2025,.380912290766436,1
2025,.38091605368591,1
2025,.380920694697276,1
2025,.380925400620685,1
2025,.380930527066944,1
2025,.380937287668526,1
2025,.380942341354437,1
2025,.380954954237818,1
2025,.380972170331746,1
2025,.380995632887822,1
2025,.381004919957096,1
2025,.381005715703632,1
2025,.381015843909614,1
2025,.381068560704906,1
2025,.381076037200701,1
2025,.381086725610417,1
2025,.381087690137918,1
2025,.38110524764875,1
2025,.381123905536069,1
2025,.381155917007118,1
2025,.381160622010887,1
2025,.381165826838501,1
2025,.381173233230333,1
2025,.381185749834655,1
2025,.38118782970678,1
2025,.381218725602689,1
2025,.381243772568912,1
2025,.381259366450405,1
2025,.381265719278673,1
2025,.381269846513575,1
2025,.381269931863601,1
2025,.381275607913743,1
2025,.381286347650699,1
2025,.381295107771175,1
2025,.381325224252448,1
2025,.381331353418469,1
2025,.381331647815675,1
2025,.381335348318867,1
2025,.381337955611092,1
2025,.381341844420925,1
2025,.381383555553175,1
2025,.381394558113327,1
2025,.38139868712131,1
2025,.381407351967149,1
2025,.381425611626846,1
2025,.381431754572269,1
2025,.381463030203983,1
2025,.381472815329419,1
2025,.381475782903698,1
2025,.381490943615358,1
2025,.381533234744824,1
2025,.381562006201987,1
2025,.381580710970875,1
2025,.381583082765942,1
2025,.3815961979295,1
2025,.381609979365531,1
2025,.381612356103379,1
2025,.381612733256604,1
2025,.381613881657559,1
2025,.381624402715871,1
2025,.381637105253493,1
2025,.381665459023656,1
2025,.381670349800038,1
2025,.381688183114845,1
2025,.381713314299292,1
2025,.381717041704484,1
2025,.381718775936741,1
2025,.381721955275698,1
2025,.381722936169211,1
2025,.381752292749407,1
2025,.381757507342961,1
2025,.381767681532468,1
2025,.381770893966183,1
2025,.381776587371779,1
2025,.381784327557682,1
2025,.381797855558,1
2025,.381800327983692,1
2025,.381810389901148,1
2025,.381820114690193,1
2025,.38182814513639,1
2025,.381837948428453,1
2025,.381876078638961,1
2025,.381883635905782,1
2025,.38188925158641,1
2025,.3818900928194,1
2025,.381910647311772,1
2025,.381918687758702,1
2025,.38194004268494,1
2025,.381972890750231,1
2025,.381973937649325,1
2025,.38197965865002,1
2025,.381987410427879,1
2025,.38200300904967543,1
2025,.382011037295522,1
2025,.382011608321001,1
2025,.382020766871786,1
2025,.382043455258326,1
2025,.382074578549592,1
2025,.382091040143796,1
2025,.382092237145722,1
2025,.38210831577556,1
2025,.382108838387673,1
2025,.382109417974795,1
2025,.382125464172953,1
2025,.382148797173418,1
2025,.382153659489171,1
2025,.382158706388245,1
2025,.382171700586432,1
2025,.382176016162566,1
2025,.382180442859591,1
2025,.382180716973367,1
2025,.382188658304547,1
2025,.382195853299137,1
2025,.382219765374824,1
2025,.382225795053229,1
2025,.382274782438824,1
2025,.38231018408363,1
2025,.382311163456452,1
2025,.382337224443737,1
2025,.382347469242882,1
2025,.382359135353885,1
2025,.382364445542691,1
2025,.382367560566353,1
2025,.382385458824247,1
2025,.382400800333836,1
2025,.382447689360158,1
2025,.382463709670419,1
2025,.382468787644934,1
2025,.382474710390255,1
2025,.382515886207879,1
2025,.382523377722777,1
2025,.382526830492766,1
2025,.382537918530199,1
2025,.382546851847203,1
2025,.382569101265706,1
2025,.382629942307803,1
2025,.382644372056616,1
2025,.382662354659072,1
2025,.382685357494101,1
2025,.382720180001553,1
2025,.382727375028616,1
2025,.382728389698502,1
2025,.382735008012082,1
2025,.382761759134794,1
2025,.382778074776637,1
2025,.382809666202061,1
2025,.382814607187311,1
2025,.382815785315691,1
2025,.382826037457015,1
2025,.38283499361896,1
2025,.382861715886176,1
2025,.38287939190401,1
2025,.382928657268622,1
2025,.382938096569206,1
2025,.382947053334445,1
2025,.38295727919271,1
2025,.38297167090569,1
2025,.382975116656102,1
2025,.382988350517229,1
2025,.382988470863356,1
2025,.383003822621944,1
2025,.383004604835111,1
2025,.383049652290829,1
2025,.38305911060287,1
2025,.383086616454483,1
2025,.383090991469173,1
2025,.383105472600124,1
2025,.383108927028052,1
2025,.383118097716422,1
2025,.383125800634294,1
2025,.383129303877117,1
2025,.38315186834387,1
2025,.383158823401524,1
2025,.383179773719302,1
2025,.383180630288593,1
2025,.383216788859468,1
2025,.383250791986261,1
2025,.383255443720581,1
2025,.383256948818495,1
2025,.383264353642897,1
2025,.383272555285928,1
2025,.383279833503123,1
2025,.383280890274627,1
2025,.383287706820659,1
2025,.383293312856181,1
2025,.383308755319534,1
2025,.383334443994295,1
2025,.383339644703231,1
2025,.383345540418771,1
2025,.383348654819985,1
2025,.383352868305993,1
2025,.383368080510183,1
2025,.383396289331391,1
2025,.383400967945657,1
2025,.383401890342561,1
2025,.383409917335818,1
2025,.383411367099811,1
2025,.38342054382019,1
2025,.383438168376233,1
2025,.383443824017672,1
2025,.383444982566878,1
2025,.383446468500112,1
2025,.38345180213176,1
2025,.383456768577599,1
2025,.383467173444462,1
2025,.383486144890356,1
2025,.383489118468893,1
2025,.383502234801848,1
2025,.383539634340136,1
2025,.383543717933696,1
2025,.383545394459395,1
2025,.383549939872735,1
2025,.383559587613502,1
2025,.383571425937809,1
2025,.383577780635119,1
2025,.383581236609057,1
2025,.383586875704357,1
2025,.38360587866284,1
2025,.383612815023633,1
2025,.383637797923741,1
2025,.383657890133757,1
2025,.383669166934063,1
2025,.383679623788999,1
2025,.383683342568485,1
2025,.383693686545501,1
2025,.383697793620684,1
2025,.383705084735141,1
2025,.383708597743627,1
2025,.383723061362888,1
2025,.383741978103004,1
2025,.383755232252297,1
2025,.383777671102432,1
2025,.383777736692408,1
2025,.38381075434404249,1
2025,.383845769518373,1
2025,.383926930439138,1
2025,.383928838516558,1
2025,.383937011886245,1
2025,.3839388292863,1
2025,.383946605827834,1
2025,.383950918260024,1
2025,.383962350688128,1
2025,.383992397048502,1
2025,.384096641749,1
2025,.384111738373453,1
2025,.384120040257082,1
2025,.384124164520025,1
2025,.384139763203141,1
2025,.384170894191636,1
2025,.384182031911597,1
2025,.384187902973138,1
2025,.384198864392572,1
2025,.384202217821844,1
2025,.384203598385148,1
2025,.384209808550042,1
2025,.384211050860771,1
2025,.384212881551125,1
2025,.384233267765347,1
2025,.384237345282264,1
2025,.38424014948103,1
2025,.384251480208382,1
2025,.384266510130618,1
2025,.384267886243673,1
2025,.384269532385906,1
2025,.384270801182092,1
2025,.384275062534213,1
2025,.38427989641771,1
2025,.384283737953055,1
2025,.384300426415048,1
2025,.384303932158335,1
2025,.384309965364127,1
2025,.384330366620221,1
2025,.384338414051588,1
2025,.384343773650843,1
2025,.384369725779851,1
2025,.384370266306248,1
2025,.384375946878791,1
2025,.384395265347921,1
2025,.384415469555767,1
2025,.384442143483877,1
2025,.384444170074359,1
2025,.384470363039538,1
2025,.384477595379886,1
2025,.384479269192275,1
2025,.384496507803828,1
2025,.38450370610791,1
2025,.384508718286018,1
2025,.384521033990209,1
2025,.384523070385683,1
2025,.384527231926609,1
2025,.384529922616813,1
2025,.384534744591198,1
2025,.384536769018807,1
2025,.38455582952337,1
2025,.38457499178075,1
2025,.384577730956343,1
2025,.384587028176345,1
2025,.384591285098541,1
2025,.384602538358932,1
2025,.384630244680083,1
2025,.384652296459082,1
2025,.384689033693884,1
2025,.38469207121483,1
2025,.384692638550499,1
2025,.384695950759945,1
2025,.384696814131201,1
2025,.384726159442698,1
2025,.384741406662346,1
2025,.384750516858242,1
2025,.384773749030465,1
2025,.384783078636711,1
2025,.384783220051577,1
2025,.384790014134614,1
2025,.384797090487588,1
2025,.384801184939901,1
2025,.384819027774333,1
2025,.384823931452459,1
2025,.384827039427363,1
2025,.384833101527393,1
2025,.384871107558306,1
2025,.384876159772384,1
2025,.384897642468155,1
2025,.384922810317132,1
2025,.384930885620629,1
2025,.384932314849455,1
2025,.384933154640313,1
2025,.38493556648099,1
2025,.384936407493812,1
2025,.384942535290059,1
2025,.384951214231421,1
2025,.384962444183996,1
2025,.384996518208218,1
2025,.385001163759557,1
2025,.385002604168148,1
2025,.385002666612236,1
2025,.385003533890543,1
2025,.385034633076613,1
2025,.38505201312446,1
2025,.385065748407224,1
2025,.385073808582454,1
2025,.385083187737829,1
2025,.385112322886053,1
2025,.385119740257949,1
2025,.385142028056894,1
2025,.385151362247832,1
2025,.385159054713863,1
2025,.385183199412824,1
2025,.385191428789439,1
2025,.385231349052055,1
2025,.385232071516123,1
2025,.385240652637415,1
2025,.385267568195268,1
2025,.385292156057741,1
2025,.385293933809558,1
2025,.38529538664809,1
2025,.385300377864987,1
2025,.385303587428384,1
2025,.385308787930301,1
2025,.385312772012106,1
2025,.385322049873635,1
2025,.385344248897964,1
2025,.385350816777364,1
2025,.385353512535266,1
2025,.38536334024834773,1
2025,.385364049823957,1
2025,.385365404923651,1
2025,.38541128144604,1
2025,.385411813761845,1
2025,.385412433787978,1
2025,.385424331533127,1
2025,.385427277118489,1
2025,.385450927948154,1
2025,.385458790837062,1
2025,.385473168176365,1
2025,.385488105290608,1
2025,.385500058773013,1
2025,.385507707068492,1
2025,.385522516442638,1
2025,.38552302930941,1
2025,.385525089318603,1
2025,.385535587779406,1
2025,.3855883073653,1
2025,.385592416544236,1
2025,.385603787773396,1
2025,.385640933611406,1
2025,.385645987055186,1
2025,.385669408769312,1
2025,.385671926008044,1
2025,.385692923924726,1
2025,.385694687868771,1
2025,.385710245030143,1
2025,.385711500206173,1
2025,.385716450038347,1
2025,.385734481827387,1
2025,.385749844461991,1
2025,.385750886953792,1
2025,.385792726108371,1
2025,.385802642051548,1
2025,.38580898575351,1
2025,.385835020591539,1
2025,.385844509926344,1
2025,.385849451967736,1
2025,.385857677881472,1
2025,.38586440935,1
2025,.385872423929474,1
2025,.385985273844274,1
2025,.386003038477591,1
2025,.386026482959549,1
2025,.386029744562749,1
2025,.386039583104165,1
2025,.386044170349809,1
2025,.386051636646358,1
2025,.386089112389881,1
2025,.386112087918742,1
2025,.386124439284033,1
2025,.386133155604287,1
2025,.386158883504644,1
2025,.386170649080229,1
2025,.386175188345321,1
2025,.386181514080302,1
2025,.386195867532934,1
2025,.386221979575852,1
2025,.386235598570475,1
2025,.386248744509045,1
2025,.386265131608374,1
2025,.386266849106088,1
2025,.386279241660393,1
2025,.38631491768044,1
2025,.38631524765514058,1
2025,.386320622174447,1
2025,.386333562674955,1
2025,.386346374092729,1
2025,.386355921943452,2
2025,.386358015802866,1
2025,.38635803909008,1
2025,.386368394476939,1
2025,.386368620062711,1
2025,.386373470339304,1
2025,.386389046032418,1
2025,.386411458411067,1
2025,.386436102400903,1
2025,.386447459880775,1
2025,.38645773584787,1
2025,.386476697837738,1
2025,.386489703223561,1
2025,.386496492758367,1
2025,.386500564744435,1
2025,.386524781764981,1
2025,.38652995609564,1
2025,.386530207467124,1
2025,.386533181560861,1
2025,.386533645434895,1
2025,.386534095340661,1
2025,.386544052892151,1
2025,.38655356584093,1
2025,.386555393974037,1
2025,.386563534039385,1
2025,.38658737919658,1
2025,.386595756539338,1
2025,.386626000037308,1
2025,.38663120394561,1
2025,.386646972427299,1
2025,.386648021032331,1
2025,.386648067820613,1
2025,.386651122832101,1
2025,.386658542060028,1
2025,.386661023101308,1
2025,.386661794933931,1
2025,.386666704476937,1
2025,.386676743883441,1
2025,.386692280987707,1
2025,.386699097494548,1
2025,.386702661740853,1
2025,.386703433050978,1
2025,.386704606826318,1
2025,.386706509597801,1
2025,.38672955478763,1
2025,.38676397125021,1
2025,.386784149809733,1
2025,.386794531913658,1
2025,.386795374032974,1
2025,.386798720422902,1
2025,.386810166222788,1
2025,.386831103810196,1
2025,.386847309118471,1
2025,.386853393567375,1
2025,.386854414412957,1
2025,.386857593166558,1
2025,.386879180460872,1
2025,.386879267733652,1
2025,.386889560272043,1
2025,.386893035013407,1
2025,.386895685388109,1
2025,.386901960483111,1
2025,.386944597731117,1
2025,.386959081836392,1
2025,.386979859013569,1
2025,.386981539209904,1
2025,.386991602024855,1
2025,.386993203710976,1
2025,.387001441311501,1
2025,.387002220974203,1
2025,.387010618836697,1
2025,.387024547378348,1
2025,.387031779099305,1
2025,.387065621437903,1
2025,.387068002004778,1
2025,.387073158340601,1
2025,.387073721016599,1
2025,.387087971048659,1
2025,.387121515753316,1
2025,.387128392168426,1
2025,.387142396304265,1
2025,.38714249173478,1
2025,.387153563460706,1
2025,.387159673367181,1
2025,.387160849391673,1
2025,.387180473405053,1
2025,.387203491615147,1
2025,.387222073336806,1
2025,.387227293443064,1
2025,.387240325608653,1
2025,.387253688649577,1
2025,.387259020027269,1
2025,.387262007368204,1
2025,.387270734230272,1
2025,.387293380539552,1
2025,.387313644761146,1
2025,.387314580789595,1
2025,.387329776840823,1
2025,.387333285443375,1
2025,.387342340086883,1
2025,.387366955629579,1
2025,.387375031138492,1
2025,.387383443858396,1
2025,.387418007603905,1
2025,.387421190079938,1
2025,.387424250667858,1
2025,.387425658622374,1
2025,.387431140515901,1
2025,.387449475342262,1
2025,.387471698245471,1
2025,.387474313279672,1
2025,.387487467026793,1
2025,.387494525461051,1
2025,.38750338895988,1
2025,.387528924511487,1
2025,.38754862210679,1
2025,.387550393755516,1
2025,.387553463034184,1
2025,.387569020531136,1
2025,.387576017414876,1
2025,.387595621215291,1
2025,.387603326918686,1
2025,.387603552781258,1
2025,.387607615451674,1
2025,.387628599090598,1
2025,.387642258040806,1
2025,.387655558405237,1
2025,.387673193256677,1
2025,.387676479042488,1
2025,.387700386288691,1
2025,.387728305376357,1
2025,.38773016115759,1
2025,.387737477873402,1
2025,.387741287940017,1
2025,.387778878148215,1
2025,.38778957715402,1
2025,.387824474782925,1
2025,.387825991769322,1
2025,.387826418462832,1
2025,.38783050810131,1
2025,.387836552367259,1
2025,.387840030085763,1
2025,.387846972258757,1
2025,.387852875521073,1
2025,.387859810262189,1
2025,.387863234499203,1
2025,.387864961272164,1
2025,.387876170711381,1
2025,.387885854785998,1
2025,.387895525280098,1
2025,.387902106321296,1
2025,.387919594080445,1
2025,.387923826002624,1
2025,.387928246215776,1
2025,.387929455408901,1
2025,.3879443466554,1
2025,.387960923928374,1
2025,.387967047198766,1
2025,.387968709918111,1
2025,.38797484329851,1
2025,.387978444447094,1
2025,.388010682891556,1
2025,.388013403162368,1
2025,.388014020626611,1
2025,.38801739230394816,1
2025,.388025885472707,1
2025,.388030824833987,1
2025,.38805257544405,1
2025,.388056875392557,1
2025,.388061090100597,1
2025,.388072994867127,1
2025,.388077964767723,1
2025,.388081341466016,1
2025,.388114287186073,1
2025,.388116645147176,1
2025,.388117584561247,1
2025,.388120212511475,1
2025,.38812217081099,1
2025,.388132273869763,1
2025,.388134353265404,1
2025,.388141018478838,1
2025,.388145611852072,1
2025,.388146536132604,1
2025,.388173129531462,1
2025,.38817477377903,1
2025,.388178790549266,1
2025,.388182536507075,1
2025,.388184147441583,1
2025,.388186041458941,1
2025,.38820055538398029,1
2025,.388212801068559,1
2025,.388226217428853,1
2025,.388236117466658,1
2025,.38823681127826,1
2025,.388259790421336,1
2025,.388262981356872,1
2025,.388268723555914,1
2025,.38828025657188,1
2025,.388300245385433,1
2025,.388312579900933,1
2025,.388343606597151,1
2025,.388348504102019,1
2025,.388351128703583,1
2025,.388353355917242,1
2025,.388354182866012,1
2025,.388370125941212,1
2025,.38837904447234,1
2025,.388387121184857,1
2025,.388389332622974,1
2025,.388461316218962,1
2025,.388481476781824,1
2025,.388496266662599,1
2025,.388507400279418,1
2025,.388518789988663,1
2025,.388526765145591,1
2025,.388528286854392,1
2025,.38853440751185,1
2025,.388542948165693,1
2025,.38855373057593,1
2025,.388557234577496,1
2025,.38857631334561,1
2025,.388591171979304,1
2025,.388595769983237,1
2025,.388609635624925,1
2025,.388609826252197,1
2025,.388615540705044,1
2025,.388622232070394,1
2025,.388624784514818,1
2025,.388627152379166,1
2025,.388627239161302,1
2025,.388648880636414,1
2025,.38864973386169,1
2025,.388669586298169,1
2025,.388726086428841,1
2025,.388730619057279,1
2025,.388748967272637,1
2025,.388775590239904,1
2025,.388779719688533,1
2025,.388786658821876,1
2025,.388789254568765,1
2025,.388834797360721,1
2025,.388840082023914,1
2025,.388868487949763,1
2025,.388869863266986,1
2025,.388902562344388,1
2025,.388922010811831,1
2025,.388926775207131,1
2025,.388984886841201,1
2025,.38899124703655,1
2025,.389000561018274,1
2025,.389002653158506,1
2025,.389019924758539,1
2025,.389022374956653,1
2025,.389089864655146,1
2025,.389090647723271,1
2025,.389112968206144,1
2025,.389122332975453,1
2025,.389124802493736,1
2025,.389143174997329,1
2025,.389148246166433,1
2025,.389150843444396,1
2025,.389162400717636,1
2025,.389176477727833,1
2025,.389183519339828,1
2025,.3891908976634,1
2025,.389213023493294,1
2025,.389218953784444,1
2025,.389219890131095,1
2025,.38923040159121,1
2025,.389255635924064,1
2025,.389268193113243,1
2025,.389276327607894,1
2025,.389294677773991,1
2025,.389306645291308,1
2025,.389307154882804,1
2025,.38931201718194,1
2025,.389312090384305,1
2025,.389313348231665,1
2025,.38931500117493,1
2025,.389316126770502,1
2025,.38932468028792,1
2025,.389328750382889,1
2025,.389364760300031,1
2025,.389367036194017,1
2025,.389384502870066,1
2025,.389399552812317,1
2025,.389412512690938,1
2025,.389412891160128,1
2025,.389413456828065,1
2025,.38942071621707,1
2025,.3894233592894,1
2025,.389430442886368,1
2025,.389451965926207,1
2025,.389484362868469,1
2025,.38949139751054,1
2025,.389508021434259,1
2025,.389539711044418,1
2025,.389547214447888,1
2025,.389571228576156,1
2025,.389573639360132,1
2025,.389574207391665,1
2025,.3895772753661,1
2025,.389583577083669,1
2025,.389590158960531,1
2025,.389592992429762,1
2025,.389593116379271,1
2025,.389597311731094,1
2025,.389601366783344,1
2025,.389602847228289,1
2025,.38962268566932,1
2025,.38962880154095,1
2025,.389628964128965,1
2025,.389656370812823,1
2025,.389681906940246,1
2025,.389684096060222,1
2025,.389687019317327,1
2025,.389697886576015,1
2025,.389697914958977,1
2025,.389703146158468,1
2025,.38972388580346,1
2025,.389732770185015,1
2025,.389733702452774,1
2025,.389751442094344,1
2025,.389756545997344,1
2025,.38976982384422,1
2025,.38978472714334,1
2025,.389785359577782,1
2025,.389789431477049,1
2025,.389801163878202,1
2025,.389801868775239,1
2025,.389826441837526,1
2025,.38982645414256201,1
2025,.389831411946333,1
2025,.389882855824246,1
2025,.389896820673914,1
2025,.389906682026535,1
2025,.389907426553388,1
2025,.389923629368904,1
2025,.389924964401245,1
2025,.389925336512008,1
2025,.38993302327823698,1
2025,.389942364946347,1
2025,.389976988493578,1
2025,.389992555191715,1
2025,.390016807675565,1
2025,.390018164311591,1
2025,.390018327148586,1
2025,.390044495451638,1
2025,.390060358849211,1
2025,.390062359068383,1
2025,.39008939133314,1
2025,.390092391625201,1
2025,.390092397587347,1
2025,.390099689432507,1
2025,.390099895526946,1
2025,.390110001993086,1
2025,.39011536190324,1
2025,.390133576208138,1
2025,.390133694870207,1
2025,.39014054996985,1
2025,.390141594450868,1
2025,.390159460193844,1
2025,.390160188933303,1
2025,.390171618029748,1
2025,.390184718031001,1
2025,.39022144472782,1
2025,.390230028918137,1
2025,.390237708327474,1
2025,.390243592750162,1
2025,.390257287630384,1
2025,.390259217645117,1
2025,.390273125996349,1
2025,.390284041633078,1
2025,.39028793255092,1
2025,.390289211846233,1
2025,.390301234586409,1
2025,.390308001934726,1
2025,.390314287508516,1
2025,.390319272821575,1
2025,.390343235458896,1
2025,.390356446660934,1
2025,.390361787572051,1
2025,.390371386167636,1
2025,.390381618650523,1
2025,.390386869713332,1
2025,.39040308534028,1
2025,.390425035367726,1
2025,.390476866193934,1
2025,.390479509618983,1
2025,.390491382732559,1
2025,.390514783398057,1
2025,.390536031272376,1
2025,.390539312626751,1
2025,.390546958069831,1
2025,.390550654228306,1
2025,.390554261048412,1
2025,.390560684393524,1
2025,.390568099457327,1
2025,.390574835103823,1
2025,.390592395617815,1
2025,.390613176797324,1
2025,.390633214465864,1
2025,.390635400477146,1
2025,.390636619004544,1
2025,.390641018714673,1
2025,.390676534729942,1
2025,.390741319260712,1
2025,.390753147823245,1
2025,.390814303754779,1
2025,.390847390106241,1
2025,.390850399476463,1
2025,.390857205227384,1
2025,.39085723964998265,1
2025,.390863861343835,1
2025,.390893158465631,1
2025,.390906805469632,1
2025,.390913097617492,1
2025,.390915020662466,1
2025,.390926957098873,1
2025,.390940235878358,1
2025,.39094942864411,1
2025,.391009131312784,1
2025,.39101632088795,1
2025,.391029275311113,1
2025,.391043644749301,1
2025,.391045112584271,1
2025,.391046284197916,1
2025,.391050278586385,1
2025,.391079545798376,1
2025,.391112569965422,1
2025,.391124555731195,1
2025,.391151635406013,1
2025,.391152032468505,1
2025,.391162890178647,1
2025,.391169381401168,1
2025,.391172986273957,1
2025,.391227900497672,1
2025,.391233318739217,1
2025,.391250981078607,1
2025,.391267808541503,1
2025,.391280057944262,1
2025,.391309625286953,1
2025,.39133257911115,1
2025,.391339877746581,1
2025,.39136842045577,1
2025,.391396325724835,1
2025,.39139706302699,1
2025,.391410426606866,1
2025,.391411897484666,1
2025,.391421568951265,1
2025,.391437113347109,1
2025,.391456353890073,1
2025,.391467623938023,1
2025,.391479914304431,1
2025,.391484960837531,1
2025,.391486362598601,1
2025,.391508950673042,1
2025,.391510143345861,1
2025,.39153043512597,1
2025,.391547950445745,1
2025,.391570529081955,1
2025,.391570581519524,1
2025,.391579037187895,1
2025,.391596085226599,1
2025,.3915971818631,1
2025,.391600124528635,1
2025,.391610934357108,1
2025,.39161988900259,1
2025,.391627902776675,1
2025,.391644109667003,1
2025,.391656573044157,1
2025,.391660760255262,1
2025,.391696742356153,1
2025,.391704137850429,1
2025,.391718468645556,1
2025,.39172520145016,1
2025,.391748257765062,1
2025,.391784680083346,1
2025,.391795974248934,1
2025,.391833965769193,1
2025,.391863622342635,1
2025,.391868223280581,1
2025,.391886692975054,1
2025,.391942037843696,1
2025,.391942427306588,1
2025,.391954266540221,1
2025,.391989137865864,1
2025,.39199380734651,1
2025,.392001991931757,1
2025,.392009519525275,1
2025,.392010583570951,1
2025,.392011371305923,1
2025,.39202663664657,1
2025,.392039625451498,1
2025,.392040701574534,1
2025,.392041664083299,1
2025,.392083832705677,1
2025,.392108786394681,1
2025,.392114890142972,1
2025,.392120019967261,1
2025,.392124936085746,1
2025,.392144755627684,1
2025,.392150233894446,1
2025,.392172051566284,1
2025,.39217469590567,1
2025,.392196885467216,1
2025,.392199653828553,1
2025,.392212357023917,1
2025,.392212531411483,1
2025,.392221855650092,1
2025,.392224469780271,1
2025,.392251380306924,1
2025,.392257708657488,1
2025,.392267872508298,1
2025,.392275877619599,1
2025,.392286434493128,1
2025,.392290719841646,1
2025,.392293997751332,1
2025,.392299552179786,1
2025,.392300143108922,1
2025,.392300221399368,1
2025,.392303024340412,1
2025,.392304519493323,1
2025,.39232721208982,1
2025,.39232866579604,1
2025,.392343926261782,1
2025,.392349162777168,1
2025,.39236207432162,1
2025,.392368762610648,1
2025,.392391320327465,1
2025,.392421268053066,1
2025,.392421461799781,1
2025,.392425898905183,1
2025,.392459879849194,1
2025,.392495334247389,1
2025,.39250280459835,1
2025,.392517345313465,1
2025,.392518824662918,1
2025,.392528889872403,1
2025,.392534987328502,1
2025,.392547941575302,1
2025,.392591944691526,1
2025,.392595307310385,1
2025,.392597519305615,1
2025,.392611499280812,1
2025,.392640407940769,1
2025,.39265161468275,1
2025,.392651733382633,1
2025,.392653787480908,1
2025,.392678032504126,1
2025,.392728781450217,1
2025,.392749774741404,1
2025,.392771122200755,1
2025,.392776672285631,1
2025,.392802096450108,1
2025,.392814001005421,1
2025,.392824930955635,1
2025,.392835206360383,1
2025,.392876002991669,1
2025,.392902955536838,1
2025,.392906231302769,1
2025,.39291583322759,1
2025,.392928089263108,1
2025,.392928209050614,1
2025,.392937601191077,1
2025,.39294133036921,1
2025,.392946490066653,1
2025,.392953194755266,1
2025,.392977829510944,1
2025,.393013749268323,1
2025,.393020175592576,1
2025,.393063725236237,1
2025,.393068308255129,1
2025,.393075782554992,1
2025,.39308377492915,1
2025,.393086873308264,1
2025,.393091459681984,1
2025,.393101077128428,1
2025,.393104428595447,1
2025,.393109134134133,1
2025,.393111926477776,1
2025,.393139826796576,1
2025,.393143234444079,1
2025,.393143642911431,1
2025,.393153065745767,1
2025,.393154219633771,1
2025,.393161871899867,1
2025,.393164488551514,1
2025,.393165556044659,1
2025,.393175631724177,1
2025,.393181393481523,1
2025,.393186956089436,1
2025,.393194027264247,1
2025,.393202281312414,1
2025,.393206091694351,1
2025,.393210384819606,1
2025,.393222703697808,1
2025,.393229901640269,1
2025,.393244510989533,1
2025,.393257628241068,1
2025,.393258858147604,1
2025,.393273819812837,1
2025,.393291160744575,1
2025,.393319252862451,1
2025,.393368133286261,1
2025,.393371848332792,1
2025,.393372442928751,1
2025,.393388712770694,1
2025,.393391017573402,1
2025,.393403770301416,1
2025,.393405477528737,1
2025,.393414638763351,1
2025,.393442477449851,1
2025,.393448007607116,1
2025,.393454109824277,1
2025,.393455388310664,1
2025,.393464681675652,1
2025,.393494087074225,1
2025,.393500397372114,1
2025,.393502282661223,1
2025,.393503194318607,1
2025,.393506301118977,1
2025,.393524731836058,1
2025,.39352555898496,1
2025,.393537926648231,1
2025,.393571349620063,1
2025,.393589275359455,1
2025,.39361995721682,1
2025,.39362394184751,1
2025,.393625270857561,1
2025,.393627775152143,1
2025,.3936292918663,1
2025,.393635029378945,1
2025,.3936417200997,1
2025,.393643004361767,1
2025,.393648490985358,1
2025,.393650289421713,1
2025,.39368628453173,1
2025,.393690570766969,1
2025,.393694512098415,1
2025,.393717005410892,1
2025,.393741950612632,1
2025,.393756731301687,1
2025,.393766928872307,1
2025,.39376737507622,1
2025,.393767783130698,1
2025,.393784542651926,1
2025,.393825641446905,1
2025,.393825912135602,1
2025,.393837401747085,1
2025,.393843633124972,1
2025,.393844325044209,1
2025,.39386263318569015,1
2025,.393870592246142,1
2025,.393887430147141,1
2025,.393904270431581,1
2025,.393906407901273,1
2025,.393951373585165,1
2025,.393953853572904,1
2025,.3939640765436,1
2025,.393980935166737,1
2025,.393986743996185,1
2025,.393997287075787,1
2025,.394007160722837,1
2025,.394015961294627,1
2025,.394021041988014,1
2025,.394055602111785,1
2025,.394065140368318,1
2025,.394078994119898,1
2025,.394097758545842,1
2025,.394118947801921,1
2025,.394119236749312,1
2025,.394121185067292,1
2025,.394126596408492,1
2025,.394148116421272,1
2025,.394160389500203,1
2025,.394181758480033,1
2025,.394191428398895,1
2025,.394207119379261,1
2025,.394208267371116,1
2025,.394228886722986,1
2025,.394229763170442,1
2025,.394239866864333,1
2025,.39424027815019,1
2025,.394246218961731,1
2025,.394251479664795,1
2025,.394254506345249,1
2025,.394264406531617,1
2025,.394274476855005,1
2025,.394283339430061,1
2025,.394293410500873,1
2025,.394318932484289,1
2025,.394330426902581,1
2025,.394338590498525,1
2025,.394343006727809,1
2025,.394369530549817,1
2025,.394375074004374,1
2025,.394380864639581,1
2025,.394383761427878,1
2025,.394395291768635,1
2025,.394408820353971,1
2025,.394417077447791,1
2025,.394461192078215,1
2025,.394476598923252,1
2025,.394480997674414,1
2025,.394494430157685,1
2025,.394505352985558,1
2025,.39453088912548,1
2025,.394536491023214,1
2025,.394537216151852,1
2025,.394541269060383,1
2025,.394589891046458,1
2025,.394593673677409,1
2025,.39459816740166,1
2025,.394601475985715,1
2025,.39461762532546,1
2025,.394622007742863,1
2025,.394622663855347,1
2025,.394631655695561,1
2025,.39463729039792,1
2025,.394642865618194,1
2025,.394648501566802,1
2025,.39466895936745,1
2025,.394688677774721,1
2025,.3946938353149,1
2025,.394721599148866,1
2025,.394729237736293,1
2025,.394733374206721,1
2025,.394738409723342,1
2025,.394753898774051,1
2025,.394756446070785,1
2025,.394762954348375,1
2025,.394764335651812,1
2025,.394764440260888,1
2025,.394770862064836,1
2025,.394789505659245,1
2025,.394790093357013,1
2025,.394799184492742,1
2025,.394814872700293,1
2025,.394824701271447,1
2025,.394839852414752,1
2025,.394841988367466,1
2025,.394865123573878,1
2025,.394883765357682,1
2025,.394913517636534,1
2025,.3949391821151,1
2025,.394944505612699,1
2025,.39494741239068,1
2025,.39498698806114951,1
2025,.394999974269052,1
2025,.395001112454571,1
2025,.395014928945471,1
2025,.39503393550939,1
2025,.395068628344149,1
2025,.395071144896759,1
2025,.395077061656494,1
2025,.395079684119019,1
2025,.395084007071354,1
2025,.39509933507369,1
2025,.395120141395862,1
2025,.3951698915334,1
2025,.395186718007089,1
2025,.395219906718018,1
2025,.395225642696371,1
2025,.395251677653386,1
2025,.395255639855934,1
2025,.395269270731466,1
2025,.395292662308388,1
2025,.395302783462465,1
2025,.395312701915358,1
2025,.395324081177829,1
2025,.395347430933621,1
2025,.395387581850111,1
2025,.395388713429267,1
2025,.395393819088624,1
2025,.395396975614249,1
2025,.395411448449131,1
2025,.395412519845988,1
2025,.395415754419722,1
2025,.395416138169376,1
2025,.395447449892845,1
2025,.395455369550386,1
2025,.39545613219976555,1
2025,.395461845659631,1
2025,.395462374511306,1
2025,.395464957614446,1
2025,.395476719960673,1
2025,.395477287776248,1
2025,.395496354682808,1
2025,.395506334712994,1
2025,.395533110838191,1
2025,.395535667866583,1
2025,.395537207610911,1
2025,.395544788546321,1
2025,.395550749568453,1
2025,.395554803361223,1
2025,.39555959438621,1
2025,.395567347963726,1
2025,.395580508898543,1
2025,.395593287683918,1
2025,.395606990840516,1
2025,.395610260389832,1
2025,.395616498862953,1
2025,.39561841761244,1
2025,.39563373545453,1
2025,.395659128786531,1
2025,.395661344339766,1
2025,.395663907140585,1
2025,.395665889589964,1
2025,.395671536266033,1
2025,.39568265948808,1
2025,.395709249400184,1
2025,.395719388571357,1
2025,.395742331293546,1
2025,.395777338574094,1
2025,.395780689011827,1
2025,.395781651705193,1
2025,.395782029557922,1
2025,.395792619338632,1
2025,.395797300230786,1
2025,.395815465509442,1
2025,.395816522666024,1
2025,.395818096359357,1
2025,.39582150499062,1
2025,.395822304774831,1
2025,.395837561723041,1
2025,.395882898176267,1
2025,.395884979207036,1
2025,.395892016475009,1
2025,.395899111674637,1
2025,.395903565199855,1
2025,.395905690490999,1
2025,.395907307720348,1
2025,.395931250029675,1
2025,.395936897530183,1
2025,.395940782423689,1
2025,.395954408708095,1
2025,.395963996859116,1
2025,.395964440557024,1
2025,.395970657321209,1
2025,.395979333388301,1
2025,.395995216639941,1
2025,.396026561754552,1
2025,.396027294281026,1
2025,.396036988674247,1
2025,.396047168578755,1
2025,.396048066756526,1
2025,.396057041043292,1
2025,.396058069585234,1
2025,.39606218322659,1
2025,.396117051778534,1
2025,.396120186235237,1
2025,.396160412018655,1
2025,.396173187508125,1
2025,.396195301608365,1
2025,.396200464861366,1
2025,.396224216046972,1
2025,.396240439971015,1
2025,.396245414425199,1
2025,.396246355109492,1
2025,.396261704306469,1
2025,.396266169091523,1
2025,.39627595207044,1
2025,.396291119456501,1
2025,.396307787744428,1
2025,.396329384217312,1
2025,.396366674271891,1
2025,.396382726700302,1
2025,.396385607491792,1
2025,.396414231083332,1
2025,.396430867308078,1
2025,.396432798967172,1
2025,.396434894094399,1
2025,.396437625416408,1
2025,.396460658704027,1
2025,.396501300301599,1
2025,.396502926179471,1
2025,.396515704061768,1
2025,.396516144001838,1
2025,.396534453676406,1
2025,.396535139983309,1
2025,.396563552917931,1
2025,.396603450845065,1
2025,.396611398495352,1
2025,.396615763389529,1
2025,.396636650550191,1
2025,.396640995588334,1
2025,.396654701910783,1
2025,.396655928150476,1
2025,.396655991201734,1
2025,.396672802041106,1
2025,.396684047357185,1
2025,.396698941571315,1
2025,.396708415909275,1
2025,.396755959676658,1
2025,.396797879977906,1
2025,.396803920873328,1
2025,.396811235636722,1
2025,.39681304431293,1
2025,.396824485728275,1
2025,.396842672787559,1
2025,.39685462232794,1
2025,.396871666723417,1
2025,.396871963619839,1
2025,.396883194408478,1
2025,.396883768574898,1
2025,.396886473882219,1
2025,.396890301073839,1
2025,.396900658499384,1
2025,.396906871450557,1
2025,.396911994205937,1
2025,.396914245436741,1
2025,.396916022758879,1
2025,.396921144249604,1
2025,.396925143069162,1
2025,.396927813652047,1
2025,.396950924499078,1
2025,.39696793329985,1
2025,.397009623115742,1
2025,.397045802260058,1
2025,.397067343976092,1
2025,.397074860473904,1
2025,.39708105513467,1
2025,.397089405396436,1
2025,.39709617779245,1
2025,.397100968830133,1
2025,.397105070892998,1
2025,.397120222414322,1
2025,.397145656053555,1
2025,.397145971350521,1
2025,.397152954077792,1
2025,.397202120329817,1
2025,.397205702589889,1
2025,.397205744536316,1
2025,.397215289586928,1
2025,.397216511183371,1
2025,.397216999231089,1
2025,.397253828097277,1
2025,.397258532222213,1
2025,.397266503788811,1
2025,.397269199667516,1
2025,.397275532445732,1
2025,.397283021428784,1
2025,.39728974660474,1
2025,.397297683174398,1
2025,.397300341030473,1
2025,.397311651692081,1
2025,.397316853027414,1
2025,.397360263127963,1
2025,.397377090300533,1
2025,.397390691172928,1
2025,.397392724296187,1
2025,.397395625425056,1
2025,.39739968419601818,1
2025,.397405947150847,1
2025,.397406155229439,1
2025,.397426029023895,1
2025,.397438143819518,1
2025,.397450700572072,1
2025,.397477091365691,1
2025,.397516302602445,1
2025,.397533487096426,1
2025,.397537015797219,1
2025,.397551638340809,1
2025,.397580983312436,1
2025,.397620895954674,1
2025,.397626748704064,1
2025,.39763066332799,1
2025,.397648080508561,1
2025,.397655327313745,1
2025,.397667002649986,1
2025,.397680493223162,1
2025,.397692893261156,1
2025,.397700492817622,1
2025,.397752379530612,1
2025,.397756562060665,1
2025,.397766890493274,1
2025,.397791607086571,1
2025,.397802087603066,1
2025,.397818768295036,1
2025,.397820044280591,1
2025,.397839911920555,1
2025,.397850517970363,1
2025,.397854016940991,1
2025,.397859723156714,1
2025,.397865530663956,1
2025,.397880414187237,1
2025,.397880819183605,1
2025,.397887345135506,1
2025,.397905402631247,1
2025,.397906324299249,1
2025,.397972032733235,1
2025,.397974538910199,1
2025,.398026553758379,1
2025,.398034057332938,1
2025,.398054511496899,1
2025,.398099138758333,1
2025,.398130201663006,1
2025,.398149811646285,1
2025,.398157434319674,1
2025,.398166403975187,1
2025,.398177963909491,1
2025,.398180776581199,1
2025,.398191134817488,1
2025,.398200043034076,1
2025,.398204604940304,1
2025,.398216080466486,1
2025,.398221339270986,1
2025,.398229790511843,1
2025,.398231494753159,1
2025,.398242932634434,1
2025,.398246156111619,1
2025,.398250345211389,1
2025,.398261045137874,1
2025,.398266095282373,1
2025,.398279632607237,1
2025,.398287176934965,1
2025,.398292179311427,1
2025,.398294704943914,1
2025,.398298918251467,1
2025,.398301879148971,1
2025,.398303702575112,1
2025,.39830934344421,1
2025,.398318355307912,1
2025,.398324028146343,1
2025,.398336967138226,1
2025,.398370800715738,1
2025,.398408086719613,1
2025,.398427096915898,1
2025,.398430943480077,1
2025,.398457413609656,1
2025,.398462308588591,1
2025,.398473112568357,1
2025,.398518759382116,1
2025,.398519871564826,1
2025,.398523263809129,1
2025,.398528476258007,1
2025,.398528893209904,1
2025,.398530727428003,1
2025,.398534723955917,1
2025,.398584136102105,1
2025,.398589504611924,1
2025,.398591612925654,1
2025,.398602756108093,1
2025,.398604513649763,1
2025,.398620527772384,1
2025,.398673207842938,1
2025,.398685527022443,1
2025,.398692263954921,1
2025,.398704163471516,1
2025,.398714225224298,1
2025,.398738636338825,1
2025,.398779266000416,1
2025,.398783160888836,1
2025,.398793851438026,1
2025,.398794407154835,1
2025,.398807258508062,1
2025,.398807635566765,1
2025,.398812093153107,1
2025,.398812702655126,1
2025,.398858247951757,1
2025,.398862721315741,1
2025,.398878525875718,1
2025,.398893504076958,1
2025,.398899946710582,1
2025,.398914653855067,1
2025,.398929005684009,1
2025,.398931294379693,1
2025,.398936166333025,1
2025,.398945212807163,1
2025,.39895450986313,1
2025,.398967649579956,1
2025,.398980088054819,1
2025,.39899090638738549,1
2025,.39899105879155672,1
2025,.399006709094696,1
2025,.399014700126419,1
2025,.399034408319232,1
2025,.399044870047081,1
2025,.399045341918876,1
2025,.399059785472719,1
2025,.399067553609746,1
2025,.399072654926939,1
2025,.399087727133824,1
2025,.399095722780725,1
2025,.399109246860043,1
2025,.399127829313265,1
2025,.399132106679285,1
2025,.399139050373818,1
2025,.399145683313789,1
2025,.399151444542388,1
2025,.399155626789731,1
2025,.399176487445841,1
2025,.399177049907738,1
2025,.399189240739507,1
2025,.399200434296995,1
2025,.399205112980564,1
2025,.399211505769277,1
2025,.399218845700929,1
2025,.39922301137049,1
2025,.399230934088897,1
2025,.399249610138796,1
2025,.399252700908597,1
2025,.399255638705683,1
2025,.39929544494039,1
2025,.399315406202271,1
2025,.399316239048343,1
2025,.399330107545601,1
2025,.39939373385205,1
2025,.39939579765694,1
2025,.399402579553724,1
2025,.399409978176425,1
2025,.399419999604724,1
2025,.39943753288796,1
2025,.399458079808158,1
2025,.399473178023795,1
2025,.399503102160805,1
2025,.399506571963316,1
2025,.399522893341281,1
2025,.399525131330176,1
2025,.399528220596036,1
2025,.399528736198852,1
2025,.399542211067707,1
2025,.399546508691733,1
2025,.399569059676517,1
2025,.39960577702068,1
2025,.399642149057189,1
2025,.399672453079543,1
2025,.399697307949683,1
2025,.399710018793887,1
2025,.399712173283385,1
2025,.399727122186393,1
2025,.399748508227909,1
2025,.399756893682797,1
2025,.399760103892833,1
2025,.399763258917085,1
2025,.399784382196674,1
2025,.399795279028934,1
2025,.399802128775357,1
2025,.399808270534176,1
2025,.399809569305061,1
2025,.399813634375503,1
2025,.399844484650466,1
2025,.399857531131073,1
2025,.39986352992254,1
2025,.399867905303908,1
2025,.399894570621859,1
2025,.399905476981217,1
2025,.399922324048887,1
2025,.399924340256023,1
2025,.399925964970359,1
2025,.399926230222816,1
2025,.399926243020249,1
2025,.399928306717356,1
2025,.399936003933474,1
2025,.399975385336604,1
2025,.399991652278754,1
2025,.40000927562802,1
2025,.400011061132139,1
2025,.400020423396612,1
2025,.400028877977019,1
2025,.400044617121888,1
2025,.40004812223203,1
2025,.400057285813118,1
2025,.400057867341429,1
2025,.400058456158303,1
2025,.400064969778843,1
2025,.400085384737518,1
2025,.400087105048426,1
2025,.400092163199645,1
2025,.400111164437764,1
2025,.400111881995433,1
2025,.400127345922962,1
2025,.400151764481199,1
2025,.400166143258552,1
2025,.40018487624843,1
2025,.400186490965225,1
2025,.400195740742828,1
2025,.400197934856303,1
2025,.400198833894117,1
2025,.40021344531415,1
2025,.400259580498326,1
2025,.400266159399362,1
2025,.400274628831611,1
2025,.400297252150022,1
2025,.400298239630946,1
2025,.400310768528137,1
2025,.400334090604199,1
2025,.40034246200621,1
2025,.400344279269382,1
2025,.40035822622,1
2025,.400373640031342,1
2025,.400403666937821,1
2025,.400404345294262,1
2025,.400424414093403,1
2025,.400431852602398,1
2025,.400434525878207,1
2025,.400450569529754,1
2025,.400466354989582,1
2025,.400466890338392,1
2025,.40047008154458,1
2025,.400502995972523,1
2025,.400503179407909,1
2025,.400528630752503,1
2025,.400539573920157,1
2025,.40054090714463,1
2025,.400544323501694,1
2025,.400547874119187,1
2025,.400548757801819,1
2025,.400548876129238,1
2025,.40055246964635283,1
2025,.400578641641263,1
2025,.400579040495084,1
2025,.400584744099037,1
2025,.400602507206406,1
2025,.400607656933824,1
2025,.400611797009469,1
2025,.40061253385421,1
2025,.400631774211663,1
2025,.400639699415544,1
2025,.400640349232495,1
2025,.400640658421789,1
2025,.400658247782073,1
2025,.400665245434817,1
2025,.400666152055483,1
2025,.400667486151143,1
2025,.400668020920631,1
2025,.40066962457473654,1
2025,.400672506250525,1
2025,.400689084289091,1
2025,.400692082808484,1
2025,.400703109964489,1
2025,.400704879431041,1
2025,.400711018505777,1
2025,.400712503751501,1
2025,.400714009845067,1
2025,.400716487087976,1
2025,.400727834708714,1
2025,.400736761281111,1
2025,.400739931909645,1
2025,.400748480874045,1
2025,.400755582281945,1
2025,.400778758484028,1
2025,.400784297985603,1
2025,.400787747676689,1
2025,.400797184698433,1
2025,.400797797880887,1
2025,.400808823436049,1
2025,.400821631585803,1
2025,.4008285708279,1
2025,.400837476331525,1
2025,.400839055186951,1
2025,.400859520818868,1
2025,.400863466271701,1
2025,.400885752343615,1
2025,.400901399430601,1
2025,.400913131905673,1
2025,.400934017809137,1
2025,.400944713601349,1
2025,.400992809419689,1
2025,.400993209402067,1
2025,.401002515206632,1
2025,.401025288251835,1
2025,.401027068585372,1
2025,.40103715115907,1
2025,.401055768474532,1
2025,.40108316121744,1
2025,.40109650775791,1
2025,.401098487196842,1
2025,.401111498386199,1
2025,.401128490927692,1
2025,.401128840568793,1
2025,.40114067069965,1
2025,.401152530936569,1
2025,.401158069027688,1
2025,.401172361983861,1
2025,.401173998941058,1
2025,.401175259086923,1
2025,.401240698048598,1
2025,.401241316193152,1
2025,.401269565560312,1
2025,.401283774907037,1
2025,.401288552761456,1
2025,.401290888096601,1
2025,.401312892870228,1
2025,.401314432029932,1
2025,.40133986555675,1
2025,.401348029834542,1
2025,.401353346417581,1
2025,.401369162304675,1
2025,.40138177177218,1
2025,.401385805356837,1
2025,.401388220425497,1
2025,.401393319273882,1
2025,.401401067450334,1
2025,.401411080450101,1
2025,.401427410142326,1
2025,.401431419071041,1
2025,.401463743122799,1
2025,.401469933855137,1
2025,.401492213907815,1
2025,.40149569486976,1
2025,.401523137421133,1
2025,.401536504447836,1
2025,.401541198775218,1
2025,.401543668529221,1
2025,.401552353210119,1
2025,.401552693390863,1
2025,.401565090136231,1
2025,.401583427963806,1
2025,.401587870487125,1
2025,.40159084564137,1
2025,.401622363602089,1
2025,.401645481064984,1
2025,.401660477103339,1
2025,.40166301864855,1
2025,.401705150706267,1
2025,.401734156862902,1
2025,.401755859233954,1
2025,.401762565178551,1
2025,.401781844351034,1
2025,.401785681378159,1
2025,.401786531777602,1
2025,.401787144064057,1
2025,.401788449154162,1
2025,.401791781098258,1
2025,.401812686890168,1
2025,.401814798316665,1
2025,.401815608625033,1
2025,.401815661749882,1
2025,.401843437588224,1
2025,.401872742352631,1
2025,.401875122698148,1
2025,.401884767886324,1
2025,.401892589719378,1
2025,.401896743143279,1
2025,.401906552381526,1
2025,.401920347674664,1
2025,.401923217099172,1
2025,.401926957544228,1
2025,.401935441076113,1
2025,.401945657552029,1
2025,.401960391750409,1
2025,.401981730657719,1
2025,.401995281322213,1
2025,.402010707552048,1
2025,.402029005078197,1
2025,.402037537529271,1
2025,.402038532991925,1
2025,.402051393617468,1
2025,.402052678087154,1
2025,.402054326007351,1
2025,.402068522733973,1
2025,.402102251611534,1
2025,.40212699737761,1
2025,.402129705831407,1
2025,.402140754604665,1
2025,.402172438000321,1
2025,.402175858407095,1
2025,.402196142788023,1
2025,.402199754249784,1
2025,.402210204068681,1
2025,.402211771063602,1
2025,.402215319671403,1
2025,.402244292327435,1
2025,.402255595475417,1
2025,.402264397853684,1
2025,.402267450334085,1
2025,.402276002871161,1
2025,.402293690059785,1
2025,.402318274396578,1
2025,.402325877029273,1
2025,.402330667602738,1
2025,.402337506375214,1
2025,.402346211897112,1
2025,.402370684379392,1
2025,.402410955590182,1
2025,.402411812942391,1
2025,.402430021350344,1
2025,.402438540554352,1
2025,.402444807382177,1
2025,.402445395410297,1
2025,.402460756805725,1
2025,.402465402380677,1
2025,.402467114645572,1
2025,.402474923054707,1
2025,.402490352433826,1
2025,.402505469791363,1
2025,.402508580745355,1
2025,.402543515097372,1
2025,.402543568945569,1
2025,.402558340266337,1
2025,.402581657825425,1
2025,.402620308064991,1
2025,.402624175140639,1
2025,.4026324864057,1
2025,.40263808640072,1
2025,.402650501940012,1
2025,.402660039972161,1
2025,.402697863465468,1
2025,.402699203389925,1
2025,.402711303706362,1
2025,.402711644637509,1
2025,.402713890383665,1
2025,.402716029121379,1
2025,.402729950728813,1
2025,.402731912579858,1
2025,.402755386085953,1
2025,.402777925832848,1
2025,.402806217313406,1
2025,.402821484174597,1
2025,.402827210783927,1
2025,.402842886453055,1
2025,.402843413360039,1
2025,.402865751319413,1
2025,.402889710080364,1
2025,.402890843829644,1
2025,.402912165376337,1
2025,.402924005507106,1
2025,.402950517726308,1
2025,.402956078814982,1
2025,.402962506230339,1
2025,.402971323771581,1
2025,.40298264945454,1
2025,.403006591685588,1
2025,.403009937874445,1
2025,.403018051638992,1
2025,.403043411919012,1
2025,.40305216293127,1
2025,.40305860995721,1
2025,.403079851134271,1
2025,.40313170921426,1
2025,.403162437496962,1
2025,.403181143453429,1
2025,.403207534816954,1
2025,.403215131168586,1
2025,.403215236660775,1
2025,.403241346388669,1
2025,.403247054715537,1
2025,.403259659345101,1
2025,.403273940201471,1
2025,.403304933452503,1
2025,.403306245318243,1
2025,.40331618662448,1
2025,.403357259569694,1
2025,.403359088722151,1
2025,.403369080944156,1
2025,.403369157829023,1
2025,.403385875480277,1
2025,.403386655371238,1
2025,.403387119030781,1
2025,.403387314679225,1
2025,.403387836110364,1
2025,.403409491634735,1
2025,.403411639751359,1
2025,.403428496435376,1
2025,.403430279013785,1
2025,.403433263153377,1
2025,.40344965793722,1
2025,.403462622970359,1
2025,.403462838629415,1
2025,.403464210263094,1
2025,.403468511014687,1
2025,.403469150305395,1
2025,.403469966799924,1
2025,.403473425689015,1
2025,.403474977771206,1
2025,.403478109318616,1
2025,.403492641034979,1
2025,.403518605126467,1
2025,.403544087207003,1
2025,.403560364534086,1
2025,.403578688329271,1
2025,.403583411498688,1
2025,.403586231159582,1
2025,.403611155325006,1
2025,.40363127621245,1
2025,.403640579160169,1
2025,.403641046689957,1
2025,.403654805782697,1
2025,.403687591152703,1
2025,.403691488939338,1
2025,.403697083049269,1
2025,.403702993267851,1
2025,.403715699374461,1
2025,.403722112388481,1
2025,.403723467875727,1
2025,.403730695092316,1
2025,.403738969323609,1
2025,.403742394138536,1
2025,.403765594151124,1
2025,.403771169840957,1
2025,.403797982135672,1
2025,.403811337410476,1
2025,.403817338953178,1
2025,.403823387257857,1
2025,.403835275465051,1
2025,.403858860301907,1
2025,.403907004216139,1
2025,.403913751122928,1
2025,.403919223929016,1
2025,.403923974124595,1
2025,.403943213646309,1
2025,.403946286317241,1
2025,.403951177953277,1
2025,.403964127262393,1
2025,.403967232660493,1
2025,.40396802501341,1
2025,.403997893096635,1
2025,.404014420723487,1
2025,.404038302083205,1
2025,.404051079637682,1
2025,.404063424289713,1
2025,.404064882930155,1
2025,.40407066969274,1
2025,.404073625613058,1
2025,.404116308466554,1
2025,.40412934314371,1
2025,.404132248702611,1
2025,.404138781700073,1
2025,.404157031168006,1
2025,.404158499361701,1
2025,.40416001312782,1
2025,.404164270663164,1
2025,.404205718519858,1
2025,.404207434005774,1
2025,.404217836662478,1
2025,.404224971874157,1
2025,.404259186661315,1
2025,.40427081383847,1
2025,.404321552294916,1
2025,.404329782426882,1
2025,.404335110318129,1
2025,.404335433137538,1
2025,.404338429917734,1
2025,.40434226364397,1
2025,.40435044048485,1
2025,.404356672943763,1
2025,.404359989540636,1
2025,.404370449579659,1
2025,.404375259505681,1
2025,.404378713648543,1
2025,.404391149116258,1
2025,.404394564225433,1
2025,.404406408567054,1
2025,.404437454589115,1
2025,.404445234872988,1
2025,.404494346461514,1
2025,.404497810452483,1
2025,.404519095993372,1
2025,.404545427198827,1
2025,.404546837048349,1
2025,.404548995144626,1
2025,.404589146201531,1
2025,.404602046964894,1
2025,.404613688973798,1
2025,.404629300756606,1
2025,.404631697575105,1
2025,.404660514375075,1
2025,.40466475266041,1
2025,.404681381017459,1
2025,.404685199402917,1
2025,.40468691862613,1
2025,.404709118029641,1
2025,.40471963433676,1
2025,.404725731624329,1
2025,.40473665156331,1
2025,.404749580727176,1
2025,.404749929022043,1
2025,.404750017979132,1
2025,.404752749664304,1
2025,.404774829192523,1
2025,.404777872784098,1
2025,.404799175176871,1
2025,.404802360654977,1
2025,.404812195865791,1
2025,.404820864104555,1
2025,.404821102973189,1
2025,.404832094327324,1
2025,.40483605409932,1
2025,.404846228315729,1
2025,.404851442103595,1
2025,.404933687255186,1
2025,.404937812624029,1
2025,.404950247422286,1
2025,.404953767628969,1
2025,.404959451308667,1
2025,.4049845819324,1
2025,.405001050792185,1
2025,.405003284226347,1
2025,.405012587337047,1
2025,.405025927797582,1
2025,.405057868768546,1
2025,.405058454726928,1
2025,.405078091898497,1
2025,.405083107606497,1
2025,.405083993387164,1
2025,.405095383248348,1
2025,.405103735261416,1
2025,.405116912649767,1
2025,.405127151132885,1
2025,.40514578947212,1
2025,.405147303847765,1
2025,.405151467801948,1
2025,.405181709711773,1
2025,.405192007389707,1
2025,.405199430669068,1
2025,.405211991300401,1
2025,.40524310501623,1
2025,.405258035599651,1
2025,.405277980982062,1
2025,.405280411064285,1
2025,.405282158468926,1
2025,.405294869548565,1
2025,.405300175377024,1
2025,.405303665892361,1
2025,.405308041455604,1
2025,.405315263309838,1
2025,.405315449709556,1
2025,.405317581122896,1
2025,.405319633128567,1
2025,.405321423475518,1
2025,.405348561944785,1
2025,.405349792670521,1
2025,.405364696987061,1
2025,.405380209306456,1
2025,.405392550136134,1
2025,.405401030137887,1
2025,.405402756754437,1
2025,.40542073467778,1
2025,.40544737535595,1
2025,.405463203357377,1
2025,.405526546834153,1
2025,.405535780427433,1
2025,.405555400583766,1
2025,.40556396329833,1
2025,.405576592486608,1
2025,.405627792248452,1
2025,.405658128043234,1
2025,.405662602474314,1
2025,.405684177991486,1
2025,.405685596070885,1
2025,.40570796315092,1
2025,.405710898229154,1
2025,.40571746531468,1
2025,.405731255750239,1
2025,.405736754393781,1
2025,.405740314335693,1
2025,.405744151884328,1
2025,.405756537227397,1
2025,.405779443286118,1
2025,.405780731870341,1
2025,.405826607046079,1
2025,.405846262518486,1
2025,.405849169779423,1
2025,.405894160937414,1
2025,.405921110522596,1
2025,.405936988336434,1
2025,.405942813666551,1
2025,.405953977298345,1
2025,.405973032867934,1
2025,.405975928872177,1
2025,.405983114609496,1
2025,.405990719076422,1
2025,.40600069651939,1
2025,.406026247510773,1
2025,.406059447812523,1
2025,.406104832851569,1
2025,.406125448309818,1
2025,.406129401678625,1
2025,.40615500885363,1
2025,.406159461001439,1
2025,.406160161040203,1
2025,.406163907810721,1
2025,.406189681168632,1
2025,.406193068168542,1
2025,.406193183222382,1
2025,.406193651303082,1
2025,.406205398210547,1
2025,.406214922969727,1
2025,.406235753143378,1
2025,.406254009910417,1
2025,.406290552140265,1
2025,.406305806683956,1
2025,.40631590853323,1
2025,.406337717151304,1
2025,.40634986428662,1
2025,.406360753548668,1
2025,.406365407955266,1
2025,.406366979262048,1
2025,.406421769160619,1
2025,.406432683495735,1
2025,.406438896390428,1
2025,.406448589106013,1
2025,.406465837449873,1
2025,.40650993005223,1
2025,.40651873561139,1
2025,.406525337414853,1
2025,.406545575208613,1
2025,.406550909315864,1
2025,.406552945373623,1
2025,.4065547548825,1
2025,.406571860402971,1
2025,.406597946293002,1
2025,.406606402305453,1
2025,.406622523176055,1
2025,.406623670765838,1
2025,.406625105147643,1
2025,.406625901802441,1
2025,.406645090734584,1
2025,.406667217825954,1
2025,.406672465053087,1
2025,.406673128341813,1
2025,.406686519287353,1
2025,.406688140508126,1
2025,.406692365760625,1
2025,.406699144903187,1
2025,.406699468908903,1
2025,.406703946244981,1
2025,.406721693988031,1
2025,.40674936892785,1
2025,.406753226294444,1
2025,.406794423546382,1
2025,.406811514860206,1
2025,.406811604579497,1
2025,.406822157984723,1
2025,.406827458727227,1
2025,.406836779034686,1
2025,.406841906147012,1
2025,.406843610865858,1
2025,.406850052833438,1
2025,.406852402094752,1
2025,.406865054842984,1
2025,.406865692152354,1
2025,.406871277529497,1
2025,.40688599904345,1
2025,.406886296702016,1
2025,.406895805880083,1
2025,.406906752788607,1
2025,.40693628840181,1
2025,.40694184366197,1
2025,.406947045999505,1
2025,.406960734703438,1
2025,.406984292544178,1
2025,.406990779615125,1
2025,.406992649803912,1
2025,.406996040995495,1
2025,.407024838034741,1
2025,.407030492737196,1
2025,.407034825919998,1
2025,.407070589747709,1
2025,.407070772026711,1
2025,.407112936361664,1
2025,.407131660611473,1
2025,.407143883575184,1
2025,.407146899597489,1
2025,.407173458051098,1
2025,.407182080050139,1
2025,.407183531126337,1
2025,.407190656689548,1
2025,.407198540875617,1
2025,.40723883530723,1
2025,.40724862634579,1
2025,.40725936349474,1
2025,.407263419236743,1
2025,.407265431680008,1
2025,.407288801337939,1
2025,.407297868209143,1
2025,.40731371550613,1
2025,.407316805004167,1
2025,.407320021675999,1
2025,.407320572464083,1
2025,.407341610011854,1
2025,.407347961341774,1
2025,.407374296789306,1
2025,.407383753583261,1
2025,.407384565842038,1
2025,.407389168207511,1
2025,.407407044886027,1
2025,.407425677456462,1
2025,.407444651803112,1
2025,.407457847625564,1
2025,.407478604317513,1
2025,.407489555949655,1
2025,.407503994527031,1
2025,.407514942436163,1
2025,.407524032255672,1
2025,.407527015409295,1
2025,.407567689170094,1
2025,.407590151074017,1
2025,.407626810216011,1
2025,.407630121844107,1
2025,.407654443123743,1
2025,.40768879912296,1
2025,.407692326671622,1
2025,.407695940540205,1
2025,.407702164418605,1
2025,.407751092991007,1
2025,.407757789374519,1
2025,.407765851612943,1
2025,.407767730504405,1
2025,.407769381414208,1
2025,.407775453732728,1
2025,.407794494938006,1
2025,.407800351665374,1
2025,.407807811625124,1
2025,.407826503634765,1
2025,.407835635346547,1
2025,.407836092540293,1
2025,.407838075401533,1
2025,.407850300198675,1
2025,.407862392430296,1
2025,.407872367965623,1
2025,.407882965406192,1
2025,.407898966920174,1
2025,.407905280406973,1
2025,.407907890546022,1
2025,.407917944527966,1
2025,.407921468427479,1
2025,.407936368602695,1
2025,.407946456750292,1
2025,.407956800739724,1
2025,.40799129122444,1
2025,.407995931697996,1
2025,.408057980640557,1
2025,.408066078446648,1
2025,.408069556868135,1
2025,.408075393630342,1
2025,.408093149550914,1
2025,.408101814125364,1
2025,.408116659503209,1
2025,.408117107836826,1
2025,.408136692694611,1
2025,.408148729246614,1
2025,.408157245439188,1
2025,.408165131212317,1
2025,.40819125000636863,1
2025,.408207679838526,1
2025,.408210614266111,1
2025,.408217234722808,1
2025,.408218503608446,1
2025,.408222652087423,1
2025,.408223045927251,1
2025,.408235103707376,1
2025,.408237843202418,1
2025,.408252009245642,1
2025,.408256772563861,1
2025,.408260808137776,1
2025,.408274131488629,1
2025,.408306350001541,1
2025,.408330672270944,1
2025,.408338244009503,1
2025,.408338951179503,1
2025,.408358202632112,1
2025,.408393053429235,1
2025,.408394208764898,1
2025,.408402305324197,1
2025,.408409632435154,1
2025,.408412546375231,1
2025,.408413664878438,1
2025,.408417749426124,1
2025,.408421816736725,1
2025,.408446871264653,1
2025,.408476786010146,1
2025,.408509035895946,1
2025,.40853570358465,1
2025,.408541771750245,1
2025,.408578824709609,1
2025,.40859673987307,1
2025,.408600804708823,1
2025,.408611898373806,1
2025,.408633199415572,1
2025,.408652007470148,1
2025,.408655878882044,1
2025,.408656111910517,1
2025,.408659108270495,1
2025,.408668391456426,1
2025,.40872317878155,1
2025,.408731905695307,1
2025,.408746898037062,1
2025,.408752574712608,1
2025,.408762478332578,1
2025,.408787987551164,1
2025,.408797958198612,1
2025,.408817781246051,1
2025,.408877591472427,1
2025,.408905320292831,1
2025,.408911450115369,1
2025,.408925400962585,1
2025,.408931973131355,1
2025,.408986926073529,1
2025,.408988259336074,1
2025,.408993265023312,1
2025,.40899833322925,1
2025,.409012703597746,1
2025,.40902812219969,1
2025,.409028403158853,1
2025,.409040010353938,1
2025,.40904376157895,1
2025,.409051380714247,1
2025,.409054464750707,1
2025,.409063388117851,1
2025,.409067502303885,1
2025,.409093288630369,1
2025,.409102334545953,1
2025,.409118084654658,1
2025,.409120727790574,1
2025,.409142767095981,1
2025,.409143844689578,1
2025,.409144814973795,1
2025,.409145048668451,1
2025,.409145579118751,1
2025,.409158437644136,1
2025,.409161879188197,1
2025,.409185897345311,1
2025,.409221125514604,1
2025,.409247432848572,1
2025,.409256049792948,1
2025,.409259060440237,1
2025,.409320477833538,1
2025,.409321457825529,1
2025,.40934181124152,1
2025,.409342213773296,1
2025,.409347616781512,1
2025,.409350942675436,1
2025,.409358430072737,1
2025,.409363019278262,1
2025,.409364905215441,1
2025,.409366294833766,1
2025,.409383195129247,1
2025,.409389667348331,1
2025,.409420973040582,1
2025,.40942729004962,1
2025,.409468953559881,1
2025,.409474278432395,1
2025,.409479254811505,1
2025,.409492656170541,1
2025,.409532341709623,1
2025,.409546724605799,1
2025,.409554733920096,1
2025,.409561995576273,1
2025,.409584670988726,1
2025,.40958519609127,1
2025,.40960558932607,1
2025,.409617448911643,1
2025,.409630324699956,1
2025,.409640130972858,1
2025,.409651204743093,1
2025,.409664072418604,1
2025,.409681445433174,1
2025,.409687405506727,1
2025,.409690263906703,1
2025,.409698746728497,1
2025,.409721860700936,1
2025,.409726452370167,1
2025,.409727050687377,1
2025,.409740598858343,1
2025,.40977845787487,1
2025,.409788469192896,1
2025,.409793254306258,1
2025,.409835477988405,1
2025,.409845970925189,1
2025,.409849736588838,1
2025,.409891259346475,1
2025,.409891889415254,1
2025,.409895517646653,1
2025,.409911822207599,1
2025,.409920886769079,1
2025,.409928085821487,1
2025,.409928736188496,1
2025,.409943776652239,1
2025,.409958346482354,1
2025,.409966368898375,1
2025,.409985641762934,1
2025,.409986076545214,1
2025,.40999738665215,1
2025,.410003430078166,1
2025,.410007160513043,1
2025,.410018403218668,1
2025,.410069881984049,1
2025,.410080670409097,1
2025,.410092121320463,1
2025,.410114934639105,1
2025,.410121085064223,1
2025,.41014533270447,1
2025,.41015611068978,1
2025,.410216559590919,1
2025,.410231440666525,1
2025,.410242178153501,1
2025,.410258423144968,1
2025,.410262101879763,1
2025,.410265572926475,1
2025,.410270330002874,1
2025,.410272010073966,1
2025,.410272090445091,1
2025,.410279768834374,1
2025,.410294326786454,1
2025,.410313713201087,1
2025,.410321072480335,1
2025,.41033362149869,1
2025,.4103483635848,1
2025,.410401516872162,1
2025,.410416993923209,1
2025,.410434161421242,1
2025,.41044581894108,1
2025,.410446182097844,1
2025,.41045051062445,1
2025,.410451484213152,1
2025,.410458763959226,1
2025,.410460738214549,1
2025,.410489744024923,1
2025,.410499308845502,1
2025,.410552547802355,1
2025,.410561643667499,1
2025,.410564917744554,1
2025,.410568112369242,1
2025,.410570764232463,1
2025,.410574586535304,1
2025,.41058079616708,1
2025,.410584497211358,1
2025,.410604158340916,1
2025,.410604898968504,1
2025,.410624720088993,1
2025,.41062550600466657,1
2025,.410628761795381,1
2025,.410630630313312,1
2025,.410633678071987,1
2025,.410644597025274,1
2025,.410652668805849,1
2025,.410676715260019,1
2025,.410688846357586,1
2025,.410693922059885,1
2025,.410702086015176,1
2025,.410709682954157,1
2025,.41071274990042,1
2025,.410737512564505,1
2025,.41074281992638,1
2025,.410745168733552,1
2025,.410772154787953,1
2025,.410779976982113,1
2025,.410827017836307,1
2025,.410835701305289,1
2025,.410845224108281,1
2025,.410855734387206,1
2025,.410857379484744,1
2025,.410861957543023,1
2025,.41087359909657,1
2025,.410886253029773,1
2025,.410896899573074,1
2025,.410901766965845,1
2025,.410921214756966,1
2025,.410956635721192,1
2025,.410961186423266,1
2025,.410973251659046,1
2025,.410973354173045,1
2025,.410989347401848,1
2025,.410998309137111,1
2025,.411016099067131,1
2025,.411026426669487,1
2025,.411045573270366,1
2025,.411047205991867,1
2025,.411060109239983,1
2025,.411083047425777,1
2025,.411095685161657,1
2025,.411098372505406,1
2025,.411101064891219,1
2025,.411108256582958,1
2025,.41113077100428,1
2025,.411137063251701,1
2025,.411152564916062,1
2025,.411158219484754,1
2025,.411164028810828,1
2025,.411184498069676,1
2025,.411201370171687,1
2025,.41120315768988,1
2025,.411203643727212,1
2025,.411205756349596,1
2025,.411210453798638,1
2025,.411217366351188,1
2025,.41121742962776,1
2025,.411221399432394,1
2025,.41122518200848,1
2025,.411231990883076,1
2025,.411232824861824,1
2025,.411241381391289,1
2025,.411268328977038,1
2025,.411272946756732,1
2025,.411276783876698,1
2025,.411279733999368,1
2025,.411289208191667,1
2025,.411289327684364,1
2025,.41130712736511,1
2025,.411308346606469,1
2025,.411315049648465,1
2025,.411316698920931,1
2025,.411327705575478,1
2025,.411335213143001,1
2025,.411346628425172,1
2025,.411351310680863,2
2025,.4113520843753,1
2025,.411357471759644,1
2025,.411363891645133,1
2025,.411401911547087,1
2025,.41140818382361,1
2025,.41145792328179,1
2025,.411461719123801,1
2025,.411463336078757,1
2025,.411465120496726,1
2025,.411495845542515,1
2025,.411508476778011,1
2025,.411555394152874,1
2025,.411578378348176,1
2025,.41158628530044,1
2025,.411590015094736,1
2025,.411596376167421,1
2025,.411596437778948,1
2025,.411671056454695,1
2025,.411684228592817,1
2025,.411684654581825,1
2025,.411697182639691,1
2025,.411730262137842,1
2025,.411746869256087,1
2025,.411754996649013,1
2025,.411755819323179,1
2025,.41176642081866,1
2025,.411776722578871,1
2025,.411788036616207,1
2025,.411794585640129,1
2025,.411798090228672,1
2025,.411804531487431,1
2025,.411811145730273,1
2025,.411853398724532,1
2025,.411853691395342,1
2025,.411858139409021,1
2025,.411873226754079,1
2025,.411900507624886,1
2025,.41190121277842,1
2025,.411928782100085,1
2025,.411935605491404,1
2025,.41193845997325,1
2025,.41194535578484,1
2025,.411945891044296,1
2025,.411951075529027,1
2025,.411958865149705,1
2025,.411972577249003,1
2025,.411977600184522,1
2025,.411982893465232,1
2025,.411997561171729,1
2025,.412018433102789,1
2025,.412019587160778,1
2025,.412039238368861,1
2025,.412048259816742,1
2025,.412051716954482,1
2025,.412058698611173,1
2025,.412059491173679,1
2025,.412067145935313,1
2025,.412073898909639,1
2025,.412103197769413,1
2025,.412150007904863,1
2025,.412173915344946,1
2025,.412211757384946,1
2025,.412216871450695,1
2025,.412248615716717,1
2025,.412261168627963,1
2025,.412269013361512,1
2025,.412281259145103,1
2025,.412309098559075,1
2025,.412315329413837,1
2025,.412316816951202,1
2025,.412354453649835,1
2025,.412374821395622,1
2025,.412377486946375,1
2025,.412388169846762,1
2025,.412406043781153,1
2025,.412412386104396,1
2025,.412436462779606,1
2025,.412441734992631,1
2025,.412451475389707,1
2025,.412460885304354,1
2025,.41247115508478,1
2025,.412480952623059,1
2025,.412481673741435,1
2025,.412503169282178,1
2025,.412544682590932,1
2025,.412545543939514,1
2025,.4125514553934,1
2025,.412567743643936,1
2025,.412586964579566,1
2025,.412587770112023,1
2025,.412589186891443,1
2025,.412595005330847,1
2025,.412607570604497,1
2025,.412618347363841,1
2025,.412624914312459,1
2025,.412638091586942,1
2025,.412650023896071,1
2025,.412666864985545,1
2025,.412685018120319,1
2025,.412688368957584,1
2025,.412696703720097,1
2025,.412701330006378,1
2025,.412716473816143,1
2025,.412737852126901,1
2025,.412738930366578,1
2025,.412746065770753,1
2025,.412754646803651,1
2025,.412782921429016,1
2025,.41280462713689,1
2025,.41282264675238,1
2025,.412825864441526,1
2025,.412828384665726,1
2025,.412839983891015,1
2025,.412856348794231,1
2025,.412877074243815,1
2025,.412885140292492,1
2025,.412904203257609,1
2025,.412931870060736,1
2025,.412935469797235,1
2025,.412935596283818,1
2025,.412944695388618,1
2025,.412947439879582,1
2025,.412947707251866,1
2025,.412960455558184,1
2025,.41296595084629,1
2025,.412973673695327,1
2025,.412998762834414,1
2025,.413007506902387,1
2025,.41300798181332,1
2025,.413031944455798,1
2025,.4130375370164,1
2025,.41304396201491,1
2025,.413054366242087,1
2025,.413065013932896,1
2025,.413065321363508,1
2025,.413066989248025,1
2025,.413079168405221,1
2025,.413080416214691,1
2025,.413090552151288,1
2025,.413113854079485,1
2025,.413114523575182,1
2025,.413118964112272,1
2025,.413124541674505,1
2025,.413178584301858,1
2025,.413191450346257,1
2025,.413195658750621,1
2025,.413195903614443,1
2025,.413201175319903,1
2025,.413230003859507,1
2025,.413251576415437,1
2025,.413262560634837,1
2025,.413263632191557,1
2025,.413279179401133,1
2025,.413285228152424,1
2025,.413289770518373,1
2025,.413291316490931,1
2025,.413296081282553,1
2025,.413318906257521,1
2025,.413335734255745,1
2025,.413369523927803,1
2025,.413378445876281,1
2025,.41337878606163,1
2025,.413394230975821,1
2025,.413394585680918,1
2025,.413399561013817,1
2025,.413404987530733,1
2025,.413406444179666,1
2025,.413413900132897,1
2025,.413415317976782,1
2025,.413421281477322,1
2025,.413442021127887,1
2025,.413456930282653,1
2025,.413465264353974,1
2025,.413474767589495,1
2025,.413477310865014,1
2025,.41348139303716464,1
2025,.413481474995161,1
2025,.41349747665264,1
2025,.413516021555307,1
2025,.413519346823121,1
2025,.41353771418353,1
2025,.413560539162856,1
2025,.413565458171607,1
2025,.413566776928586,1
2025,.413570464258167,1
2025,.413605839991184,1
2025,.413612501972244,1
2025,.413618654606255,1
2025,.413641699032147,1
2025,.41365088859214,1
2025,.413671807357946,1
2025,.413672219849455,1
2025,.413681035476587,1
2025,.41368927328485,1
2025,.413697070607838,2
2025,.413698974171873,1
2025,.413739732175679,1
2025,.413756561985395,1
2025,.413760034817104,1
2025,.413760345887629,1
2025,.413771095333763,1
2025,.413833097660893,1
2025,.413841356794208,1
2025,.413846575471871,1
2025,.413862547469146,1
2025,.41388514236305,1
2025,.413892940362332,1
2025,.41391458750033933,1
2025,.413945132554226,1
2025,.413957224009314,1
2025,.413965865481607,1
2025,.413976560116615,1
2025,.413996238977693,1
2025,.413997885081517,1
2025,.413999658415588,1
2025,.4140052673129,1
2025,.414017174916491,1
2025,.41405428057882,1
2025,.41407487479974,1
2025,.414088829509139,1
2025,.414093766654929,1
2025,.414095855631933,1
2025,.414096270434853,1
2025,.414096900123314,1
2025,.41409889918472,1
2025,.414113989266001,1
2025,.414216068838275,1
2025,.414227845704166,1
2025,.414255226777506,1
2025,.414261593659579,1
2025,.414286551415294,1
2025,.41431267629651,1
2025,.414326217854335,1
2025,.414352094669031,1
2025,.414361236123591,1
2025,.414377800926901,1
2025,.414406167966792,1
2025,.414408710224569,1
2025,.41441787837734,1
2025,.414442776875332,1
2025,.414448348698517,1
2025,.414451983825214,1
2025,.414452375746784,1
2025,.414479194503083,1
2025,.41448401806282,1
2025,.414500648707729,1
2025,.414502477240532,1
2025,.414510763361255,1
2025,.414517153321101,1
2025,.41452551218123,1
2025,.414525674290273,1
2025,.414526169621563,1
2025,.414526305424046,1
2025,.414527790949895,1
2025,.414561608334265,1
2025,.414565487636639,1
2025,.414580044399931,1
2025,.414591924865552,1
2025,.414607823820955,1
2025,.41461566854374,1
2025,.414623722507998,1
2025,.414628477226983,1
2025,.414631326912614,1
2025,.414641681863463,1
2025,.41464663753209,1
2025,.414647592742908,1
2025,.414679853792874,1
2025,.414680048608973,1
2025,.414700112404383,1
2025,.41470662099354,1
2025,.414738605978214,1
2025,.414740247969629,1
2025,.414742675347286,1
2025,.414750790687011,1
2025,.414757640916134,1
2025,.414809039051782,1
2025,.414820668893665,1
2025,.414821787032782,1
2025,.414830791658783,1
2025,.414840897275902,1
2025,.414870670538726,1
2025,.41488573101913,1
2025,.414892646522495,1
2025,.414903453302972,1
2025,.414904308411555,1
2025,.414917653273119,1
2025,.414927382159216,1
2025,.414932026452643,1
2025,.414965954694274,1
2025,.414965959260087,1
2025,.414998639362732,1
2025,.415015760325092,1
2025,.415019708011417,1
2025,.415026825711367,1
2025,.41504876137784,1
2025,.415051386431853,1
2025,.41508265754007,1
2025,.415082967064414,1
2025,.415090404033942,1
2025,.415090898610093,1
2025,.415110992385247,1
2025,.415124084763937,1
2025,.415131630816568,1
2025,.415155816937662,1
2025,.415169610253736,1
2025,.4151732499134,1
2025,.415175716787777,1
2025,.41519628821123,1
2025,.415221336143508,1
2025,.415240399867351,1
2025,.415244646747696,1
2025,.415257193717812,1
2025,.415285370522177,1
2025,.415295186473591,1
2025,.415303009356182,1
2025,.415307366789737,1
2025,.415331514490201,1
2025,.415349511112678,1
2025,.415364789378688,1
2025,.415368750495527,1
2025,.415369770969088,1
2025,.415382457287034,1
2025,.41539778872085,1
2025,.415422806789059,1
2025,.415436720028697,1
2025,.415439773886233,1
2025,.41545118792526,1
2025,.415459412279982,1
2025,.415480774757311,1
2025,.415484579989471,1
2025,.415492519802981,1
2025,.415512246155016,1
2025,.415516879953061,1
2025,.415527142727351,1
2025,.415542940290959,1
2025,.415551320121497,1
2025,.415557783710555,1
2025,.415565944965048,1
2025,.415571574326647,1
2025,.415576911522358,1
2025,.415579455647748,1
2025,.415582940197786,1
2025,.415585805702847,1
2025,.415588357708875,1
2025,.415622057717509,1
2025,.415648555706304,1
2025,.415658960684993,1
2025,.415671994868735,1
2025,.415674159619143,1
2025,.415678416286302,1
2025,.415682816200536,1
2025,.415699039072917,1
2025,.415701299031025,1
2025,.415731036109142,1
2025,.415731552797961,1
2025,.415738132950978,1
2025,.415744804250417,1
2025,.415767283876363,1
2025,.41576934815229,1
2025,.415775893158037,1
2025,.41578880982307,1
2025,.415797579968073,1
2025,.415797701587576,1
2025,.415799165116675,1
2025,.415803824445675,1
2025,.415809181384532,1
2025,.415825604938616,1
2025,.415851000284249,1
2025,.415859723378368,1
2025,.415878862848426,1
2025,.415878865933822,1
2025,.415881332177809,1
2025,.415903466289501,1
2025,.415924527472828,1
2025,.415939150878017,1
2025,.415945071373436,1
2025,.415951350502262,1
2025,.415974693546309,1
2025,.415979190045282,1
2025,.416005790408574,1
2025,.416016929883046,1
2025,.41602794832978,1
2025,.416049881512124,1
2025,.416062917951611,1
2025,.416063164895889,1
2025,.41606659741565,1
2025,.416069705872589,1
2025,.416077821179935,1
2025,.41609687980601723,1
2025,.416101879606747,1
2025,.416131605259866,1
2025,.416184714311755,1
2025,.416204885447667,1
2025,.416216566268961,1
2025,.416234146698577,1
2025,.416247667908971,1
2025,.416249867275089,1
2025,.416251391711521,1
2025,.416267209879914,1
2025,.416285336540899,1
2025,.416288551982478,1
2025,.41629286086544,1
2025,.416295487927519,1
2025,.416298095960056,1
2025,.416303523634706,1
2025,.416323333483229,1
2025,.416325688796677,1
2025,.416337028470575,1
2025,.416348892291565,1
2025,.4163599557089,1
2025,.416363078066739,1
2025,.416380841117359,1
2025,.416414151274146,1
2025,.416421324455579,1
2025,.416454246252871,1
2025,.416471146368091,1
2025,.41647165857329,1
2025,.416476899668005,1
2025,.416483567068491,1
2025,.41649461415631,1
2025,.416496004434695,1
2025,.41652751711327,1
2025,.416528374873355,1
2025,.416559203906195,1
2025,.416564941593231,1
2025,.416566573073174,1
2025,.416572767067393,1
2025,.41659579056518,1
2025,.416613613844297,1
2025,.416619789096355,1
2025,.416622326930979,1
2025,.416649713905006,1
2025,.416681760341449,1
2025,.416703084354803,1
2025,.416703643277735,1
2025,.416733212882043,1
2025,.416740451288228,1
2025,.416760939163897,1
2025,.416761266205482,1
2025,.416763252374128,1
2025,.416773222825261,1
2025,.416774484421708,1
2025,.416775007965452,1
2025,.416789831737427,1
2025,.416798775921108,1
2025,.416849420460999,1
2025,.416859953146613,1
2025,.416869231616374,1
2025,.416876833753269,1
2025,.416907890439234,1
2025,.416916960850094,1
2025,.416923445665755,1
2025,.416962182150908,1
2025,.416963807740052,1
2025,.416965159386355,1
2025,.416970424121754,1
2025,.416990828640366,1
2025,.416997552122037,1
2025,.41700264853642,1
2025,.41703247727215,1
2025,.417052688324189,1
2025,.417066689094602,1
2025,.417070531671002,1
2025,.417090098314765,1
2025,.417109187592808,1
2025,.417119681490256,1
2025,.417125794997449,1
2025,.417132729649953,1
2025,.417133366886734,1
2025,.417145904792751,1
2025,.417175324359225,1
2025,.417181321570946,1
2025,.417196692475167,1
2025,.417203285795568,1
2025,.417212321479058,1
2025,.417241134884308,1
2025,.417243083789406,1
2025,.41725952969215,1
2025,.417268378415838,1
2025,.417285008724321,1
2025,.417285143036798,1
2025,.417308575136325,1
2025,.417314261961428,1
2025,.417328319666614,1
2025,.417331516312326,1
2025,.417339450960327,1
2025,.417340722431486,1
2025,.417341324132543,1
2025,.417351945250955,1
2025,.417352690792508,1
2025,.417379115239316,1
2025,.41738200321255,1
2025,.417388558105262,1
2025,.417406176520579,1
2025,.417428895372053,1
2025,.417451660119178,1
2025,.41745999363286,1
2025,.417467720772837,1
2025,.417481670822431,1
2025,.417482391547691,1
2025,.417484187634138,1
2025,.417487883576857,1
2025,.417490294607216,1
2025,.417491389888668,1
2025,.417500184261365,1
2025,.417511528804299,1
2025,.417512979248749,1
2025,.417539268866213,1
2025,.417557647578249,1
2025,.417561953148405,1
2025,.417587364296341,1
2025,.417588625354903,1
2025,.417593430235583,1
2025,.417635807654649,1
2025,.417655411851751,1
2025,.417693368813453,1
2025,.417727709325424,1
2025,.417733747243203,1
2025,.417735987897908,1
2025,.41775082677591,1
2025,.417752683085629,1
2025,.417757995063749,1
2025,.417759004518416,1
2025,.417767213166339,1
2025,.417773432640191,1
2025,.417776856376408,1
2025,.417779415010457,1
2025,.417803314063099,1
2025,.417822755771757,1
2025,.417830600063296,1
2025,.417845064568739,1
2025,.417876449429138,1
2025,.417883347087908,1
2025,.417899146103136,1
2025,.417927636199801,1
2025,.417933674576284,1
2025,.41797583797565,1
2025,.417977336942656,1
2025,.417988728462573,1
2025,.417992544895928,1
2025,.418025309358044,1
2025,.418036689625455,1
2025,.418050666980631,1
2025,.418061780980511,1
2025,.418070055548239,1
2025,.418089206342901,1
2025,.418095518086607,1
2025,.418095653656352,1
2025,.418129483768852,1
2025,.418183098657809,1
2025,.418184299910018,1
2025,.418195345987493,1
2025,.418201217030927,1
2025,.418217075709784,1
2025,.418232901022419,1
2025,.418247201900437,1
2025,.418253121842836,1
2025,.418255020560103,1
2025,.418257329811279,1
2025,.41826494833085,1
2025,.418284700265338,1
2025,.418313467931459,1
2025,.418327807216807,1
2025,.418382243847534,1
2025,.418384036946097,1
2025,.418403861165276,1
2025,.418431415433402,1
2025,.418448365140044,1
2025,.418452224201807,1
2025,.418461216572795,1
2025,.418474179124361,1
2025,.418480375245256,1
2025,.418498328501662,1
2025,.418514364821634,1
2025,.418528800786156,1
2025,.418536425847147,1
2025,.418536729325669,1
2025,.418584011143465,1
2025,.418587424040183,1
2025,.418593057633505,1
2025,.41860596129688,1
2025,.418632602121555,1
2025,.418639933384529,1
2025,.418709293937961,1
2025,.418714522511582,1
2025,.418726120942689,1
2025,.418747391453768,1
2025,.418751527381089,1
2025,.418761957788087,1
2025,.418766488354625,1
2025,.418781162629782,1
2025,.418784386205804,1
2025,.418793601359507,1
2025,.418795006123397,1
2025,.418806211825967,1
2025,.418821090175442,1
2025,.418834874067929,1
2025,.418885083982424,1
2025,.418888434577841,1
2025,.418911296166104,1
2025,.418913562392848,1
2025,.41891976592686,1
2025,.418950608441984,1
2025,.418977892047844,1
2025,.418990567373267,1
2025,.419000463702269,1
2025,.41900258007572,1
2025,.419007587699636,1
2025,.419022961043482,1
2025,.419035033913357,1
2025,.419100169000695,1
2025,.419102285411505,1
2025,.419132861890827,1
2025,.419136326428885,1
2025,.419146177872063,1
2025,.419147832106811,1
2025,.419194413118953,1
2025,.419196441363134,1
2025,.419215813510547,1
2025,.419267524554885,1
2025,.419286102037954,1
2025,.419302409494059,1
2025,.419355518271146,1
2025,.41935622928558,1
2025,.419418193255916,1
2025,.419443920832213,1
2025,.419444022242245,1
2025,.419461409412732,1
2025,.419480983863134,1
2025,.419512959785041,1
2025,.419514407572947,1
2025,.419526137213188,1
2025,.41953006526726,1
2025,.419530799418351,1
2025,.419534461680679,1
2025,.419537286204713,1
2025,.419542271921121,1
2025,.419606305924638,1
2025,.419642290753346,1
2025,.419645128708722,1
2025,.419659886381339,1
2025,.419680549863954,1
2025,.419684050026635,1
2025,.419688083641292,1
2025,.419688641288934,1
2025,.419691892942821,1
2025,.419706767278119,1
2025,.419720560401954,1
2025,.419729627012818,1
2025,.419739041322179,1
2025,.419748055135613,1
2025,.419749269629868,1
2025,.419781081725919,1
2025,.419791598474905,1
2025,.419807147770749,1
2025,.419836674171974,1
2025,.419863581149988,1
2025,.419883460997945,1
2025,.419890398101525,1
2025,.419905190196508,1
2025,.419906694650811,1
2025,.419910533731591,1
2025,.419911080143591,1
2025,.419964204390267,1
2025,.419980215880486,1
2025,.419996752536859,1
2025,.420004536311847,1
2025,.420013990772804,1
2025,.420045728398974,1
2025,.420054043089556,1
2025,.420060258259731,1
2025,.420061124461691,1
2025,.420064521017455,1
2025,.420069649923917,1
2025,.420070848331223,1
2025,.420133744271544,1
2025,.42014796663784,1
2025,.420189188253563,1
2025,.420194317064869,1
2025,.42020291186583,1
2025,.420210949962977,1
2025,.420226594692692,1
2025,.420257399465069,1
2025,.420265340963146,1
2025,.420270354641645,1
2025,.420270588221194,1
2025,.420282910229295,1
2025,.420291437116335,1
2025,.420324807135784,1
2025,.420336654133369,1
2025,.420347698950436,1
2025,.420349422960312,1
2025,.420380704397114,1
2025,.420395516141818,1
2025,.4203993009832,1
2025,.420401287167909,1
2025,.420404417932612,1
2025,.420410410110557,1
2025,.420433399796146,1
2025,.420445951721842,1
2025,.420475365928651,1
2025,.420491963940784,1
2025,.420504658549556,1
2025,.42051621503181,1
2025,.42052111448948,1
2025,.420529762220158,1
2025,.420537422331787,1
2025,.420542890163615,1
2025,.420548241510901,1
2025,.42055270013794,1
2025,.420554788113853,1
2025,.420559549429306,1
2025,.420610121828797,1
2025,.420620136741059,1
2025,.42062291963491,1
2025,.420627902351853,1
2025,.420663601533924,1
2025,.420665988596116,1
2025,.420666146329228,1
2025,.420667051488823,1
2025,.420675658696627,1
2025,.420678667210861,1
2025,.420690763298997,1
2025,.420699034601773,1
2025,.420705527362962,1
2025,.420708047327709,1
2025,.420726106186383,1
2025,.420730265617508,1
2025,.420746310615933,1
2025,.420770391505272,1
2025,.420784686382861,1
2025,.420833525751194,1
2025,.420842108195615,1
2025,.420846910164903,1
2025,.420848054536845,1
2025,.420855818480838,1
2025,.420871135330021,1
2025,.420880600754357,1
2025,.420890255652904,1
2025,.420901203042714,1
2025,.420901808101477,1
2025,.420903425195882,1
2025,.420928010516222,1
2025,.420934306759296,1
2025,.420945124156224,1
2025,.420956568318314,1
2025,.420979141229554,1
2025,.42098729512801,1
2025,.421006769225989,1
2025,.421012926125916,1
2025,.421015198314039,1
2025,.421063324103657,1
2025,.421065058777034,1
2025,.421065602847872,1
2025,.421074135669357,1
2025,.421077655806916,1
2025,.421082868868807,1
2025,.421099763151608,1
2025,.421102765789163,1
2025,.421140636743805,1
2025,.421146429643423,1
2025,.421148283349287,1
2025,.421157430148418,1
2025,.4211682331842,1
2025,.421196483722192,1
2025,.421208252429072,1
2025,.42123875778839,1
2025,.421254464537222,1
2025,.421261906121145,1
2025,.421266072326008,1
2025,.421332270972681,1
2025,.42133510985619,1
2025,.42137086424753,1
2025,.421395963546921,1
2025,.42140194565169,1
2025,.421495243418915,1
2025,.421505017289043,1
2025,.421537052000447,1
2025,.421539599703784,1
2025,.421540444120632,1
2025,.421549279183381,1
2025,.421571749331769,1
2025,.421575944537727,1
2025,.421580494751574,1
2025,.421588523814519,1
2025,.421598952762343,1
2025,.421600316705899,1
2025,.421602120646124,1
2025,.421603028268539,1
2025,.421607722237396,1
2025,.421653099357712,1
2025,.421658080922519,1
2025,.421669452301018,1
2025,.421671592746211,1
2025,.42169557849813,1
2025,.421699790220057,1
2025,.421700161521616,1
2025,.421702537703342,1
2025,.421703894316855,1
2025,.421726119100882,1
2025,.421732524537567,1
2025,.421739948712598,1
2025,.421748335006144,1
2025,.421751208094274,1
2025,.421804464849313,1
2025,.421815563636668,1
2025,.421827020874052,1
2025,.421827960899916,1
2025,.42183078217918,1
2025,.421859101886678,1
2025,.421862474980579,1
2025,.421881850546429,1
2025,.421886499703378,1
2025,.42189914034506,1
2025,.421937234282614,1
2025,.421939050963136,1
2025,.421967614033222,1
2025,.421968546014324,1
2025,.4219788561947,1
2025,.421980854277325,1
2025,.422006961904945,1
2025,.422015611722596,1
2025,.422033771469864,1
2025,.422053597597405,1
2025,.422058480130804,1
2025,.422061114527525,1
2025,.422091543953191,1
2025,.42209433181802,1
2025,.422105150815047,1
2025,.422108906057237,1
2025,.422123361974128,1
2025,.422125177430778,1
2025,.422144316534837,1
2025,.422146711421971,1
2025,.422158939926208,1
2025,.422160267883281,1
2025,.422200965218531,1
2025,.422212029798009,1
2025,.422215640724335,1
2025,.422227960979976,1
2025,.422235636708138,1
2025,.422241279890376,1
2025,.422248486939326,1
2025,.422248515676569,1
2025,.422260725459947,1
2025,.422268087881499,1
2025,.422310082109243,1
2025,.422312415821859,1
2025,.422329208764296,1
2025,.422331575719694,1
2025,.422353099082464,1
2025,.422375285686005,1
2025,.422379780987306,1
2025,.422380336144361,1
2025,.422382528606171,1
2025,.42240618928613,1
2025,.422442223404998,1
2025,.422444826663533,1
2025,.422446773808612,1
2025,.422460313874985,1
2025,.422461827799522,1
2025,.422468223294158,1
2025,.422473764105309,1
2025,.422475691416779,1
2025,.422480833610678,1
2025,.422484239295941,1
2025,.4225072135913,1
2025,.422507602145645,1
2025,.422508492488857,1
2025,.422513546771619,1
2025,.422521419589735,1
2025,.422538407496891,1
2025,.42254195073834,1
2025,.422561389286216,1
2025,.422566060865783,1
2025,.422594869180648,1
2025,.422595752155358,1
2025,.422603171825208,1
2025,.422623936158082,1
2025,.422627204736586,1
2025,.422675414921297,1
2025,.422683877108808,1
2025,.422684081687951,1
2025,.422684872868741,1
2025,.422699561090709,1
2025,.422705677444725,1
2025,.422705843189664,1
2025,.422715024469476,1
2025,.422734835392622,1
2025,.422740598847949,1
2025,.422768258033469,1
2025,.42278467319913,1
2025,.42280294105983,1
2025,.422836358063344,1
2025,.422897395051998,1
2025,.422900038058741,1
2025,.422901595630867,1
2025,.422918435510289,1
2025,.422945989439953,1
2025,.422949492924221,1
2025,.42295438643602,1
2025,.422965555598875,1
2025,.422969404246449,1
2025,.422980301677325,1
2025,.422985568781339,1
2025,.422996036611366,1
2025,.42302614395775,1
2025,.42302724603067,1
2025,.423028220941432,1
2025,.423034019924067,1
2025,.423053324830453,1
2025,.423069581596588,1
2025,.423098612000432,1
2025,.423106671799947,1
2025,.42311023446283,1
2025,.423112877459584,1
2025,.423114139969589,1
2025,.423129368857212,1
2025,.42317299099054,1
2025,.423196192472418,1
2025,.423205033341841,1
2025,.423223495109288,1
2025,.423233215929532,1
2025,.423234183053395,1
2025,.42324901434044,1
2025,.423249183204759,1
2025,.423275088043174,1
2025,.423285812419382,1
2025,.423323259279274,1
2025,.423327984102662,1
2025,.423332789675438,1
2025,.423340596217859,1
2025,.423340902614671,1
2025,.423355503419233,1
2025,.423389322893196,1
2025,.423390964254731,1
2025,.4233975915971,1
2025,.423401638144187,1
2025,.423413196720362,1
2025,.423436596915047,1
2025,.423444268827056,1
2025,.423445799004745,1
2025,.423446340853568,1
2025,.423448218795663,1
2025,.423474797011826,1
2025,.423478241931506,1
2025,.423484062263737,1
2025,.423494732204434,1
2025,.423499428402474,1
2025,.423499906446747,1
2025,.423503635679763,1
2025,.423514393004155,1
2025,.423516549059582,1
2025,.423536954269339,1
2025,.423540602494909,1
2025,.423544964229302,1
2025,.423548262173724,1
2025,.423549481982332,1
2025,.423560245563836,1
2025,.423567205703042,1
2025,.423568933179014,1
2025,.423571534391155,1
2025,.423582101836964,1
2025,.423583421302377,1
2025,.423598815602245,1
2025,.423610468707918,1
2025,.423623238288879,1
2025,.423655691285476,1
2025,.42365644663986,1
2025,.423663573438532,1
2025,.423669380967613,1
2025,.423703591509514,1
2025,.423716032479345,1
2025,.423720543302321,1
2025,.423721291061675,1
2025,.423721872971653,1
2025,.423777842339977,1
2025,.423778067847722,1
2025,.423795417206257,1
2025,.423796079089612,1
2025,.423801282636524,1
2025,.423803241262893,1
2025,.423806003063192,1
2025,.423860328205761,1
2025,.423866913120171,1
2025,.423873881850121,1
2025,.423883175359624,1
2025,.423883795255343,1
2025,.423886138604107,1
2025,.423892820922382,1
2025,.423902585642516,1
2025,.423928280108303,1
2025,.423940138922478,1
2025,.423942848922688,1
2025,.423958247858627,1
2025,.423979751675382,1
2025,.423981387989327,1
2025,.423982696010541,1
2025,.424000468874306,1
2025,.424000858269851,1
2025,.42400715340835,1
2025,.424017586009135,1
2025,.424028566308795,1
2025,.424069479632191,1
2025,.424085569287066,1
2025,.424089525599145,1
2025,.424090866226108,1
2025,.424096277461804,1
2025,.424099360035207,1
2025,.4241008080757,1
2025,.424106635834578,1
2025,.424109220499865,1
2025,.424131931352945,1
2025,.424137010062606,1
2025,.424138655637668,1
2025,.424146210341208,1
2025,.424154899001714,1
2025,.424159978783862,1
2025,.424189643607198,1
2025,.424197615327316,1
2025,.424205051232558,1
2025,.424207988216119,1
2025,.424211091746919,1
2025,.424232560634727,1
2025,.424232657093294,1
2025,.424247635685271,1
2025,.42425115264287,1
2025,.424266242905821,1
2025,.424283963580061,1
2025,.424299116931786,1
2025,.424302921413173,1
2025,.424359965061975,1
2025,.424369579867911,1
2025,.424375549999059,1
2025,.424377953818252,1
2025,.42437961444833,1
2025,.424399551835612,1
2025,.424414680952012,1
2025,.424444843025071,1
2025,.424446222109044,1
2025,.424446705305777,1
2025,.42446538053184,1
2025,.424466208090317,1
2025,.424466594279531,1
2025,.4244706974472,1
2025,.424507309128024,1
2025,.424510787160157,1
2025,.424537466500423,1
2025,.424542873957892,1
2025,.424549090629796,1
2025,.42454958100514,1
2025,.424574343378723,1
2025,.424584681134583,1
2025,.424614010192634,1
2025,.424616838817332,1
2025,.424631296578011,1
2025,.424638197204655,1
2025,.424641385943765,1
2025,.424647843398509,1
2025,.424688910053791,1
2025,.424697061046378,1
2025,.424699879150946,1
2025,.424709920275547,1
2025,.424745464574472,1
2025,.424762765863036,1
2025,.424764544529227,1
2025,.424771985894366,1
2025,.42478865095562,1
2025,.424796147046288,1
2025,.424803717232596,1
2025,.424807599149056,1
2025,.424807630828253,1
2025,.424852600997308,1
2025,.424873169542544,1
2025,.424878525954512,1
2025,.424892683170927,1
2025,.424897237680419,1
2025,.424897511171358,1
2025,.424938438140708,1
2025,.424945143348367,1
2025,.424957109421982,1
2025,.424971309123768,1
2025,.424977561486753,1
2025,.424980456638787,1
2025,.424988531902714,1
2025,.425002277643677,1
2025,.42500566333354,1
2025,.42501151293906,1
2025,.425021696343704,1
2025,.425026190483941,1
2025,.425028411523458,1
2025,.425042052970798,1
2025,.425044036276842,1
2025,.425048993198171,1
2025,.42505605476063,1
2025,.425064705200722,1
2025,.425066020643444,1
2025,.425076920123756,1
2025,.425077706820299,1
2025,.425081909282337,1
2025,.425100296928794,1
2025,.425120265544055,1
2025,.425120622101215,1
2025,.425132601401636,1
2025,.425132896941835,1
2025,.42513489466667,1
2025,.425135007738921,1
2025,.425143803345446,1
2025,.425173479800959,1
2025,.425178200757579,1
2025,.425184205305542,1
2025,.42523729535681,1
2025,.425241342877876,1
2025,.425249320931545,1
2025,.425276700682835,1
2025,.425288993173414,1
2025,.425290472554865,1
2025,.425304831024404,1
2025,.42530734645269,1
2025,.425309087774262,1
2025,.425320326872014,1
2025,.425331099618684,1
2025,.425343108199868,1
2025,.425354438648115,1
2025,.425376040385454,1
2025,.425411508167033,1
2025,.425413473812362,1
2025,.425415719535031,1
2025,.425436769127204,1
2025,.42545109028411,1
2025,.425451733541745,1
2025,.425500838397188,1
2025,.425566941071153,1
2025,.425573629511013,1
2025,.425576629080636,1
2025,.42560864187568,1
2025,.42561347397853,1
2025,.42561415867625,1
2025,.425629857494866,1
2025,.425637546861675,1
2025,.425648035625968,1
2025,.425653770833121,1
2025,.425668402106939,1
2025,.425669796310224,1
2025,.425676986873872,1
2025,.425681579816452,1
2025,.425687402300183,1
2025,.425690880519828,1
2025,.425700263328218,1
2025,.425705133811087,1
2025,.425726014356569,1
2025,.425754433696105,1
2025,.425762268616538,1
2025,.425763797006264,1
2025,.425766370783622,1
2025,.42577646690684,1
2025,.425787786587852,1
2025,.425791820797344,1
2025,.425807488017931,1
2025,.425826133605203,1
2025,.425830799659227,1
2025,.425847611709036,1
2025,.425868238944313,1
2025,.425870188219902,1
2025,.425870717612847,1
2025,.425887179864966,1
2025,.425897455804364,1
2025,.425912521385074,1
2025,.425940247147174,1
2025,.425959669476795,1
2025,.425965606848815,1
2025,.425987607385289,1
2025,.426015203915221,1
2025,.426052510377039,1
2025,.426071812361774,1
2025,.426075484648694,1
2025,.426076129177266,1
2025,.426077924388682,1
2025,.426093309151537,1
2025,.426101460606411,1
2025,.426104649367642,1
2025,.426130434087079,1
2025,.426148199735333,1
2025,.426159259234648,1
2025,.426193725993644,1
2025,.426199303804742,1
2025,.426199791366968,1
2025,.42620184386895,1
2025,.426205340829509,1
2025,.426241752965958,1
2025,.426244663385249,1
2025,.426259528444327,1
2025,.426284957143813,1
2025,.426301570393397,1
2025,.426309534249872,1
2025,.42631336022245,1
2025,.426357933128429,1
2025,.426358708987302,1
2025,.426363827953454,1
2025,.426395577391637,1
2025,.426399202828395,1
2025,.426436434522193,1
2025,.426450550650746,1
2025,.426453541748896,1
2025,.426454631317499,1
2025,.426471909754039,1
2025,.426490944817912,1
2025,.426524940778594,1
2025,.426541427776322,1
2025,.42654319686407,1
2025,.42663647187489,1
2025,.426639808111151,1
2025,.426653879792465,1
2025,.42667318706891,1
2025,.426682537213283,1
2025,.426684715258374,1
2025,.426700207545165,1
2025,.426711070136632,1
2025,.426712023879559,1
2025,.426720310765037,1
2025,.426731617996343,1
2025,.426732265768611,1
2025,.426751758537788,1
2025,.426754857014343,1
2025,.426768890189453,1
2025,.426773099240302,1
2025,.426773955168342,1
2025,.426778973229566,1
2025,.426806361812424,1
2025,.426810227266143,1
2025,.426813794151165,1
2025,.426824196487642,1
2025,.426828188812155,1
2025,.426828290711729,1
2025,.426831061604931,1
2025,.426841987116324,1
2025,.426849775169909,1
2025,.426861039153443,1
2025,.426874457992627,1
2025,.426886879870095,1
2025,.426908560705359,1
2025,.426921839422329,1
2025,.426946041251548,1
2025,.426949649306429,1
2025,.426954990901381,1
2025,.426956613194526,1
2025,.426961536751389,1
2025,.427054471142061,1
2025,.427054981363134,1
2025,.427072930674341,1
2025,.427086366780325,1
2025,.427091924322791,1
2025,.427092586030198,1
2025,.427098512536966,1
2025,.427103600709234,1
2025,.427117529350994,1
2025,.427118956896032,1
2025,.427133217773511,1
2025,.42714990438668,1
2025,.427174519950004,1
2025,.427179569834286,1
2025,.427183359514408,1
2025,.427189085953385,1
2025,.427189120387225,1
2025,.427193125329341,1
2025,.427203663696511,1
2025,.427230430176429,1
2025,.427236079694902,1
2025,.427275089775512,1
2025,.427295855190162,1
2025,.427300765642856,1
2025,.427308605864918,1
2025,.42731447117867,1
2025,.427315601286985,1
2025,.427316599157106,1
2025,.4273170568299,1
2025,.427325571291637,1
2025,.427330242349019,1
2025,.427335800393973,1
2025,.427367301227074,1
2025,.427373305379267,1
2025,.427379321573301,1
2025,.427396946774498,1
2025,.427427845635032,1
2025,.427442926973831,1
2025,.427480158209482,1
2025,.427487693853781,1
2025,.427500061157484,1
2025,.427505255578263,1
2025,.427518169767108,1
2025,.427532746115693,1
2025,.427537196912735,1
2025,.427542847920808,1
2025,.427543325782479,1
2025,.427546491728143,1
2025,.427546933748888,1
2025,.427547838880297,1
2025,.427565451524525,1
2025,.427567579897256,1
2025,.427586175067211,1
2025,.427590218975087,1
2025,.427593090192042,1
2025,.4275973304435,1
2025,.427598410018254,1
2025,.42760276475534,1
2025,.427633376103527,1
2025,.427641036828291,1
2025,.427648742420821,1
2025,.427672574185827,1
2025,.427676588776047,1
2025,.427681277181626,1
2025,.427684167344209,1
2025,.427689959387484,1
2025,.427695720092563,1
2025,.427713929979712,1
2025,.427719780999511,1
2025,.427748589938505,1
2025,.427758248890057,1
2025,.427766040337067,1
2025,.427791117358557,1
2025,.427822055132417,1
2025,.427839527853897,1
2025,.427878603730166,1
2025,.4278817677568,1
2025,.427882602110261,1
2025,.42788288028275,1
2025,.427944416619275,1
2025,.42794581691409,1
2025,.427953485173227,1
2025,.427955733066207,1
2025,.427971677526205,1
2025,.42797800398131,1
2025,.42798997102123,1
2025,.428018990934879,1
2025,.428030115822548,1
2025,.428042261590415,1
2025,.42807042959681,1
2025,.428114113943444,1
2025,.428120926194301,1
2025,.428126782821344,1
2025,.428129648817482,1
2025,.428145379157539,1
2025,.42815010037838,1
2025,.428163440642283,1
2025,.428213953841292,1
2025,.428300424064547,1
2025,.428329919412085,1
2025,.4283322531015,1
2025,.428342781283173,1
2025,.428350628710539,1
2025,.428389264309328,1
2025,.428391447563146,1
2025,.428416164388541,1
2025,.428429002696685,1
2025,.428437174009567,1
2025,.428452884310699,1
2025,.428459695592098,1
2025,.428466692878451,1
2025,.428478524693406,1
2025,.42847985049555,1
2025,.428481423579537,1
2025,.428481759076843,1
2025,.428507256098775,1
2025,.42853238342074,1
2025,.428538857610693,1
2025,.428541362772744,1
2025,.428567930380908,1
2025,.428569557759731,1
2025,.428572782489546,1
2025,.428573792950586,1
2025,.42858402736064,1
2025,.428595683524051,1
2025,.428605209735356,1
2025,.428621539971664,1
2025,.428642039749495,1
2025,.428652177216467,1
2025,.428687455961733,1
2025,.428708072376602,1
2025,.428710692243681,1
2025,.428711168353683,1
2025,.428717176439178,1
2025,.4287195803613,1
2025,.428731778460416,1
2025,.428737985385535,1
2025,.428738776357808,1
2025,.428739260733962,1
2025,.42873931519264,1
2025,.428743906672685,1
2025,.428749363372346,1
2025,.428758907282758,1
2025,.428823597664538,1
2025,.428848773187472,1
2025,.428854137919855,1
2025,.42886410794397,1
2025,.428873008844015,1
2025,.428880073021003,1
2025,.428894687414507,1
2025,.428894700572815,1
2025,.428898980339647,1
2025,.428903144704749,1
2025,.428908615831145,1
2025,.429006815547746,1
2025,.429028748731949,1
2025,.429032229035446,1
2025,.429049649212851,1
2025,.429053695576138,1
2025,.429069577835778,1
2025,.429071288447572,1
2025,.429085772227297,1
2025,.429097111112937,1
2025,.429099317029786,1
2025,.429103010317816,1
2025,.429129516627751,1
2025,.429135268514155,1
2025,.429148910768029,1
2025,.429154214907421,1
2025,.429157913859629,1
2025,.429166018479665,1
2025,.429175966801612,1
2025,.429176650308368,1
2025,.429195695738049,1
2025,.429203243842127,1
2025,.429226597321662,1
2025,.429228603305927,1
2025,.429271048917666,1
2025,.429311936233359,1
2025,.429320563635206,1
2025,.429353288875264,1
2025,.429362321819637,1
2025,.429381450631995,1
2025,.429414224561139,1
2025,.429416633367484,1
2025,.429455801012758,1
2025,.429473143378104,1
2025,.429474136546198,1
2025,.429479785337166,1
2025,.429481322791276,1
2025,.429492527490099,1
2025,.42949955138047563,1
2025,.429507636988436,1
2025,.429517530692416,1
2025,.429519172821582,1
2025,.429520830191496,1
2025,.429548671195929,1
2025,.429549056391281,1
2025,.429554294452022,1
2025,.42956784983665,1
2025,.429576091811948,1
2025,.429615856769973,1
2025,.429631715227674,1
2025,.429641920826506,1
2025,.429667676824185,1
2025,.429675597008523,1
2025,.429680763414866,1
2025,.429685160940871,1
2025,.429688045853788,1
2025,.429688963156785,1
2025,.429693778380386,1
2025,.429706405624429,1
2025,.429717517881226,1
2025,.429760557686551,1
2025,.429766019494108,1
2025,.429771997546264,1
2025,.429776538771467,1
2025,.429794669892019,1
2025,.429794819284258,1
2025,.429798820372932,1
2025,.429803185304717,1
2025,.429809503955993,1
2025,.429825110612342,1
2025,.429846409482798,1
2025,.429875403564493,1
2025,.429887884354388,1
2025,.429912521567237,1
2025,.42992571001981,1
2025,.429928938799864,1
2025,.429936423732206,1
2025,.429938841243987,1
2025,.429950771119079,1
2025,.429961619599158,1
2025,.429967916824588,1
2025,.42997664367544,1
2025,.429978403169458,1
2025,.430003716967479,1
2025,.430020006686482,1
2025,.430031885716444,1
2025,.430039373334077,1
2025,.430049880467879,1
2025,.430057573327878,1
2025,.430074038991046,1
2025,.430076082503181,1
2025,.430082471263813,1
2025,.430091040344473,1
2025,.430107303051088,1
2025,.430112349882266,1
2025,.430122274388594,1
2025,.430149703887536,1
2025,.430197938469004,1
2025,.430206790919297,1
2025,.430208070849559,1
2025,.430208585354996,1
2025,.430229664224442,1
2025,.430279171575655,1
2025,.430289490515117,1
2025,.430289698476262,1
2025,.430295683561771,1
2025,.430300993389928,1
2025,.4303168242038,1
2025,.430325001812764,1
2025,.430348872630758,1
2025,.430352121300394,1
2025,.430367962363935,1
2025,.4303682415259,1
2025,.430369288821588,1
2025,.430390873057784,1
2025,.430401008392289,1
2025,.430402112347158,1
2025,.430405377811921,1
2025,.430429394245385,1
2025,.430439493850944,1
2025,.430451336865117,1
2025,.430492151540189,1
2025,.430496431849483,1
2025,.430502549327632,1
2025,.430509943292538,1
2025,.430563916751246,1
2025,.430564994678084,1
2025,.430587903587175,1
2025,.43058926767059,1
2025,.430598147976196,1
2025,.430599845397329,1
2025,.430622728989633,1
2025,.430625389602189,1
2025,.430648186244079,1
2025,.430648657543487,1
2025,.430661203932389,1
2025,.430670251037537,1
2025,.430686491931018,1
2025,.430708013760206,1
2025,.430713440056999,1
2025,.430716602661588,1
2025,.430722442188656,1
2025,.430726152993985,1
2025,.430815866163462,1
2025,.430830657852919,1
2025,.430842309708395,1
2025,.430851264583541,1
2025,.430857413338807,1
2025,.430858844187259,1
2025,.430864526174762,1
2025,.430875380597057,1
2025,.430886269080619,1
2025,.430914625073983,1
2025,.430919627409788,1
2025,.430935715290627,1
2025,.430938205709392,1
2025,.43095754382888,1
2025,.430965839053834,1
2025,.430980016666598,1
2025,.430998708175255,1
2025,.431016400510786,1
2025,.431023887558934,1
2025,.431035468010746,1
2025,.431039554799469,1
2025,.431041487706309,1
2025,.43107943165315,1
2025,.431080590138521,1
2025,.431095774945173,1
2025,.431101310164452,1
2025,.431114195334166,1
2025,.431121797908445,1
2025,.431132605412573,1
2025,.43113652088495,1
2025,.431143830172585,1
2025,.431164881492376,1
2025,.431193681912212,1
2025,.431203891162074,1
2025,.431208789980378,1
2025,.431215769910861,1
2025,.431238902164835,1
2025,.431251218060212,1
2025,.431251958697536,1
2025,.43126141212991,1
2025,.431274521349688,1
2025,.43132370124703,1
2025,.431335519979649,1
2025,.431349759206052,1
2025,.431369487340381,1
2025,.431374853476648,1
2025,.431389101403279,1
2025,.431391704974053,1
2025,.43139620414987,1
2025,.431396282104479,1
2025,.431404992715825,1
2025,.431411872955074,1
2025,.431422574785394,1
2025,.431446971232898,1
2025,.431451958864737,1
2025,.431482554548549,1
2025,.431526050116496,1
2025,.431532096000273,1
2025,.431545717617264,1
2025,.431562266216201,1
2025,.431601277966197,1
2025,.431606860508213,1
2025,.431627403836655,1
2025,.431629603083019,1
2025,.43163608803621,1
2025,.431640741212672,1
2025,.431664740183057,1
2025,.431664778847901,1
2025,.431675310229545,1
2025,.431678924038635,1
2025,.4317003390032,1
2025,.431722530942283,1
2025,.431726019962433,1
2025,.431733811907101,1
2025,.431746116119006,1
2025,.431747034020819,1
2025,.431751757789838,1
2025,.431792594070332,1
2025,.431836001416612,1
2025,.431855414095158,1
2025,.431863296007079,1
2025,.431870994239692,1
2025,.431879380975379,1
2025,.431881956634688,1
2025,.431913742908997,1
2025,.431934683021098,1
2025,.431939584526001,1
2025,.431946536974035,1
2025,.431952980784977,1
2025,.431962594347138,1
2025,.43196785704866,1
2025,.431970599395803,1
2025,.431971071330981,1
2025,.431975198098033,1
2025,.431991441812181,1
2025,.431997225058468,1
2025,.432009847207686,1
2025,.432023210802058,1
2025,.432027024300826,1
2025,.432047682031928,1
2025,.432053971941528,1
2025,.432064457531676,1
2025,.432081524576054,1
2025,.432102497998658,1
2025,.432104043999378,1
2025,.432105198808838,1
2025,.432118173210137,1
2025,.432119388076443,1
2025,.432122704808925,1
2025,.432140381759261,1
2025,.432141519017426,1
2025,.432145116688269,1
2025,.432147937834334,1
2025,.432153559494484,1
2025,.432167883935456,1
2025,.432195731342896,1
2025,.432217749213343,1
2025,.432242713555474,1
2025,.432247384409851,1
2025,.432255852597806,1
2025,.432304167960242,1
2025,.432305234229325,1
2025,.432308657905174,1
2025,.432310983949189,1
2025,.432330641384031,1
2025,.432335829625257,1
2025,.432338047731226,1
2025,.43233979521032,1
2025,.43235601113344,1
2025,.432361192639297,1
2025,.432387691334254,1
2025,.432390889194356,1
2025,.432400548101954,1
2025,.432409985410693,1
2025,.432422388075068,1
2025,.432422816273127,1
2025,.43245681655519,1
2025,.43246322491268,1
2025,.432470802150432,1
2025,.432485761203728,1
2025,.432495552969365,1
2025,.432502017167023,1
2025,.432502482220318,1
2025,.432524115533006,1
2025,.432526746369314,1
2025,.432537463612693,1
2025,.432539932138032,1
2025,.432542557168426,1
2025,.43256975630932,1
2025,.432579587854273,1
2025,.432594690493925,1
2025,.432601112618281,1
2025,.432623423909813,1
2025,.43262619339237,1
2025,.432633124457746,1
2025,.432633226121191,1
2025,.432645729093597,1
2025,.432661857562389,1
2025,.43266383940916,1
2025,.432690742475695,1
2025,.432721048789621,1
2025,.432725438720133,1
2025,.432737847543616,1
2025,.432752800136544,1
2025,.432762391326357,1
2025,.432766815500664,1
2025,.432769002095483,1
2025,.432770439120952,1
2025,.432776781319047,1
2025,.432783973166601,1
2025,.432791950104475,1
2025,.432793054102029,1
2025,.432817658338627,1
2025,.432818274525351,1
2025,.432818512667256,1
2025,.432823416709845,1
2025,.432826996871159,1
2025,.43283811770354,1
2025,.432839492329553,1
2025,.432843894428783,1
2025,.43285927300425,1
2025,.432877930257415,1
2025,.432897280006065,1
2025,.432911089415391,1
2025,.432961601074869,1
2025,.43298197703421,1
2025,.432995554833898,1
2025,.433009178077635,1
2025,.433024684560756,1
2025,.433031145715371,1
2025,.433033556830445,1
2025,.433038096324188,1
2025,.43304883165874,1
2025,.433152985959166,1
2025,.433154540980246,1
2025,.433165903792169,1
2025,.433166778763432,1
2025,.433170371563824,1
2025,.433176175595646,1
2025,.433183460477357,1
2025,.433225920052848,1
2025,.43323352927183,1
2025,.433237679173649,1
2025,.433243814580028,1
2025,.433245172411137,1
2025,.433287269121368,1
2025,.433297670593668,1
2025,.433331293444272,1
2025,.433333640636868,1
2025,.433363056007528,1
2025,.43338891603624,1
2025,.433396465690663,1
2025,.433397769954856,1
2025,.433400036340693,1
2025,.433447943074933,1
2025,.433460394239409,1
2025,.433474913997315,1
2025,.433483368671489,1
2025,.433490363455054,1
2025,.433492407903693,1
2025,.433519599040143,1
2025,.433553223916114,1
2025,.433563114302171,1
2025,.433577508925359,1
2025,.433580720827703,1
2025,.433582619776133,1
2025,.433586502050041,1
2025,.433588425450503,1
2025,.433594093824967,1
2025,.433605089360636,1
2025,.433609508091071,1
2025,.433615637258129,1
2025,.433637621122668,1
2025,.433639385486333,1
2025,.433669769549814,1
2025,.43367101526858,1
2025,.433702181537428,1
2025,.433733971949461,1
2025,.433756313961349,1
2025,.433760524692489,1
2025,.433784083046188,1
2025,.433791414719647,1
2025,.433807928539675,1
2025,.433811996580123,1
2025,.433819616600524,1
2025,.433828751462628,1
2025,.433832625540019,1
2025,.433833554581807,1
2025,.433840862094986,1
2025,.433842282254657,1
2025,.433866920928713,1
2025,.433874817751481,1
2025,.433888397176669,1
2025,.433898312976546,1
2025,.433905365209343,1
2025,.433908947610875,1
2025,.433911556414282,1
2025,.433914522338056,1
2025,.433924683807176,1
2025,.43392861958079,1
2025,.433938436901583,1
2025,.433972428969031,1
2025,.433994977890102,1
2025,.434001801030237,1
2025,.434008117122063,1
2025,.434009143917853,1
2025,.434009425120119,1
2025,.43401552704762,1
2025,.434021185052388,1
2025,.434041538699296,1
2025,.434045775260628,1
2025,.434047755959384,1
2025,.434067596295982,1
2025,.434076077205403,1
2025,.434085470887415,1
2025,.43409190443867,1
2025,.434101009916578,1
2025,.434102104141552,1
2025,.434104325819139,1
2025,.434143675040869,1
2025,.434150581935353,1
2025,.434185361248305,1
2025,.434186745666256,1
2025,.434190568569681,1
2025,.434226229002068,1
2025,.434245694072566,1
2025,.434249948480289,1
2025,.43428774122069,1
2025,.434294695622592,1
2025,.43429600837077,1
2025,.434308188245206,1
2025,.434406460222349,1
2025,.434421164649631,1
2025,.434423051084537,1
2025,.434447537854331,1
2025,.434448920066179,1
2025,.434453209064626,1
2025,.434456336580979,1
2025,.434458471633359,1
2025,.434467299798451,1
2025,.434470272516487,1
2025,.434479317108101,1
2025,.434499277636439,1
2025,.434505825424821,1
2025,.434513408855515,1
2025,.43456640136279,1
2025,.434580639436941,1
2025,.434616796788381,1
2025,.434623782423691,1
2025,.434628719125482,1
2025,.434647962131494,1
2025,.434668759343449,1
2025,.434684754423275,1
2025,.434701879687214,1
2025,.434769960951267,1
2025,.43478555779355,1
2025,.434795437308466,1
2025,.434799608291081,1
2025,.434805277542317,1
2025,.434810449197844,1
2025,.43482284512895,1
2025,.434822918936182,1
2025,.434841190442739,1
2025,.434857137827091,1
2025,.434863150218366,1
2025,.434867209751025,1
2025,.434877094430879,1
2025,.434917902357527,1
2025,.434935983764788,1
2025,.434950795927159,1
2025,.434983425571123,1
2025,.434999500272906,1
2025,.435007968537559,1
2025,.435016765098117,1
2025,.435023802198847,1
2025,.435028152671634,1
2025,.435044969152211,1
2025,.435046567388996,1
2025,.435051271061298,1
2025,.435067231416729,1
2025,.435076074085214,1
2025,.435083857661741,1
2025,.435090799452873,1
2025,.435120170733086,1
2025,.435124810878214,1
2025,.435144543277176,1
2025,.435159004097295,1
2025,.435170727321095,1
2025,.435176285719972,1
2025,.435216513856259,1
2025,.435242586412835,1
2025,.435252019380888,1
2025,.435256153339167,1
2025,.435256438734645,1
2025,.435272528754371,1
2025,.435287783087939,1
2025,.435296776079223,1
2025,.435300003334862,1
2025,.435306966122559,1
2025,.435307677762769,1
2025,.435329598320521,1
2025,.435339383517221,1
2025,.435356501855897,1
2025,.435374663248066,1
2025,.435383709084217,1
2025,.435412679290016,1
2025,.43542909530636,1
2025,.435432939111231,1
2025,.435433543865426,1
2025,.435446699884953,1
2025,.435454415942198,1
2025,.435471025010632,1
2025,.43549406445804,1
2025,.435495358569282,1
2025,.435500379312055,1
2025,.435506357230093,1
2025,.43550786692205423,1
2025,.435508667013771,1
2025,.435512298238755,1
2025,.435523551922386,1
2025,.435534496960758,1
2025,.435559802935182,1
2025,.435564417248161,1
2025,.435569127073012,1
2025,.435574451656908,1
2025,.435587796159482,1
2025,.43558972906033,1
2025,.435628739937694,1
2025,.435631701904497,1
2025,.435648632107717,1
2025,.435676946970546,1
2025,.435693732781147,1
2025,.435704139469546,1
2025,.435704250266926,1
2025,.435708134584148,1
2025,.435709605566381,1
2025,.43572412302902,1
2025,.43575995587159,1
2025,.435762588023052,1
2025,.435766964515478,1
2025,.435791109960734,1
2025,.435807406784905,1
2025,.435813772997681,1
2025,.435842585371101,1
2025,.435864232609701,1
2025,.435865959071475,1
2025,.43591936227112,1
2025,.435951461846455,1
2025,.435952805769449,1
2025,.435961227408753,1
2025,.435961973347237,1
2025,.43598821041745,1
2025,.435995389416185,1
2025,.436027493641232,1
2025,.436092683666141,1
2025,.436100435797004,1
2025,.436118086965225,1
2025,.436134050291273,1
2025,.43614935721566,1
2025,.436156842628695,1
2025,.436167318854961,1
2025,.43620364178049,1
2025,.43621157717075,1
2025,.436225131018301,1
2025,.436228333894628,1
2025,.436239918080461,1
2025,.436263868605128,1
2025,.436266804085123,1
2025,.436276821303009,1
2025,.436296660757574,1
2025,.436300159275051,1
2025,.43631194836021,1
2025,.436315498421059,1
2025,.436323660648981,1
2025,.436325955457416,1
2025,.436380478733158,1
2025,.436414491994807,1
2025,.436418859994392,1
2025,.436434451786236,1
2025,.436435128815352,1
2025,.436439211235259,1
2025,.436442758529871,1
2025,.436454384257674,1
2025,.436455114402983,1
2025,.436455908275094,1
2025,.436459887437294,1
2025,.436462238165298,1
2025,.436471449547279,1
2025,.436473566076577,1
2025,.436476325822259,1
2025,.436480083814635,1
2025,.436491483080784,1
2025,.43649567982096,1
2025,.43650182354014,1
2025,.436511456236738,1
2025,.436525007034867,1
2025,.436526372897632,1
2025,.436531110561372,1
2025,.436556329108278,1
2025,.436562147423703,1
2025,.436600918036535,1
2025,.436627158044217,1
2025,.436639375040283,1
2025,.436643818170855,1
2025,.436687004790035,1
2025,.436697531084812,1
2025,.436703374554469,1
2025,.4367054310442,1
2025,.43670642913949,1
2025,.436723603063032,1
2025,.436740196009771,1
2025,.43674413931044,1
2025,.436759528563988,1
2025,.436767032400072,1
2025,.43677079282608,1
2025,.436771174517445,1
2025,.436789512748619,1
2025,.436853788383044,1
2025,.436885127173055,1
2025,.436934288840432,1
2025,.436935205653038,1
2025,.436954438857073,1
2025,.436957447896763,1
2025,.436979085151765,1
2025,.436983900266593,1
2025,.436991460610644,1
2025,.437037758932484,1
2025,.437038347407648,1
2025,.437042002021647,1
2025,.437048144000151,1
2025,.437060393989563,1
2025,.437072106431854,1
2025,.437089728545882,1
2025,.437107154650795,1
2025,.437127025850083,1
2025,.437140095390372,1
2025,.437161297128629,1
2025,.437171240149755,1
2025,.437173470134674,1
2025,.437174291739074,1
2025,.437176064203317,1
2025,.437184040617459,1
2025,.437193968297202,1
2025,.437201362264644,1
2025,.437249378789265,1
2025,.437253264137836,1
2025,.437259289137479,1
2025,.437264763590903,1
2025,.437286329868036,1
2025,.43729037253702,1
2025,.4372968707305,1
2025,.437344698664294,1
2025,.437347400869508,1
2025,.437376917803221,1
2025,.437378927702634,1
2025,.437379561641386,1
2025,.43739887492488,1
2025,.43744962226218,1
2025,.437450304038867,1
2025,.437460942614605,1
2025,.437476009984695,1
2025,.437520527759077,1
2025,.43756012881258,1
2025,.437578703505657,1
2025,.437582338216776,1
2025,.437607301491321,1
2025,.43761876126101,1
2025,.437621060861251,1
2025,.437623082603907,1
2025,.437667758474964,1
2025,.437695438008159,1
2025,.437728384758757,1
2025,.437738369257726,1
2025,.437744743958788,1
2025,.437747172630163,1
2025,.437747357240953,1
2025,.437751758838841,1
2025,.437753520253526,1
2025,.437767014232049,1
2025,.437792323149094,1
2025,.43779810492063,1
2025,.437798812086395,1
2025,.437803571175954,1
2025,.437809435462957,1
2025,.437814613463721,1
2025,.43784550839151,1
2025,.437856763942433,1
2025,.43785893278198,1
2025,.437860784147915,1
2025,.437864749567884,1
2025,.437873533811674,1
2025,.437887394499504,1
2025,.437890729340597,1
2025,.437895750166091,1
2025,.437899521006258,1
2025,.437906049209515,1
2025,.43793626782773,1
2025,.437939073057472,1
2025,.437953322866063,1
2025,.43795940475507,1
2025,.437960126120395,1
2025,.437972324395668,1
2025,.437983772210512,1
2025,.437984284433793,1
2025,.437986767749439,1
2025,.437988022368252,1
2025,.437996334769362,1
2025,.438021381208728,1
2025,.438028427418213,1
2025,.438040685153802,1
2025,.438047498707365,1
2025,.43806899260448,1
2025,.438073530086101,1
2025,.438077174291518,1
2025,.43807838041479,1
2025,.438096408566412,1
2025,.438096957360536,1
2025,.438105094277715,1
2025,.438146228187507,1
2025,.438179980175234,1
2025,.438183580793338,1
2025,.438240796526615,1
2025,.438255154178145,1
2025,.43825559093447,1
2025,.438259424654398,1
2025,.438335837627012,1
2025,.43833765747332,1
2025,.438338263473092,1
2025,.438349379956899,1
2025,.438353901867619,1
2025,.438353984837068,1
2025,.438368246604777,1
2025,.438392710714544,1
2025,.438399434182261,1
2025,.438400969101809,1
2025,.438407122763028,1
2025,.438407721199518,1
2025,.438411967234043,1
2025,.438423056439651,1
2025,.438462053866707,1
2025,.438470091524137,1
2025,.438489548366643,1
2025,.438494735822398,1
2025,.438499417852505,1
2025,.438505644640497,1
2025,.438510256340391,1
2025,.438551425175082,1
2025,.438551831865855,1
2025,.43856917521957,1
2025,.438621485767554,1
2025,.438659908957157,1
2025,.438682627703683,1
2025,.438691409750543,1
2025,.438704556000485,1
2025,.43871652063373,1
2025,.438716910150408,1
2025,.438777087752734,1
2025,.438798700124712,1
2025,.43881203055604190,1
2025,.438814635900754,1
2025,.438824087240837,1
2025,.438850987098477,1
2025,.438863280954645,1
2025,.438872011415513,1
2025,.438889215378106,1
2025,.43891941297672,1
2025,.438933619435458,1
2025,.438938454405684,1
2025,.4389505680534,1
2025,.438972992242534,1
2025,.438974913583002,1
2025,.438981030154376,1
2025,.439046975339994,1
2025,.439047092834667,1
2025,.439088572268709,1
2025,.439092864537435,1
2025,.439107312427846,1
2025,.439127699860932,1
2025,.439129709377086,1
2025,.439132230132562,1
2025,.439140000875195,1
2025,.439145616156726,1
2025,.439147661826461,1
2025,.439155190675532,1
2025,.439163689618503,1
2025,.439175661959408,1
2025,.439177959977378,1
2025,.439185065517526,1
2025,.439185689913061,1
2025,.439197701260856,1
2025,.43921740573647,1
2025,.439250792098211,1
2025,.43926382373332,1
2025,.439265786139368,1
2025,.43928438802973,1
2025,.439295647254008,1
2025,.439301361189946,1
2025,.43931980058637,1
2025,.439322500932719,1
2025,.439331686821514,1
2025,.439333937086463,1
2025,.439345486402424,1
2025,.439348367972563,1
2025,.439355426058004,1
2025,.439367450300119,1
2025,.439376406397803,1
2025,.439391925000943,1
2025,.43943253537856,1
2025,.439451369073387,1
2025,.439456664911942,1
2025,.439495332749746,1
2025,.43950869643993,1
2025,.439532668506408,1
2025,.439546365734102,1
2025,.439572112126409,1
2025,.439578252910199,1
2025,.439579747038128,1
2025,.439602309431033,1
2025,.439605020900978,1
2025,.439607189799921,1
2025,.439643145473245,1
2025,.439663038094462,1
2025,.439682713591491,1
2025,.439684314501057,1
2025,.439711486037457,1
2025,.439728703798322,1
2025,.439729377121124,1
2025,.439738122128798,1
2025,.43974109294811,1
2025,.439744656582461,1
2025,.439744661886861,1
2025,.439797747391421,1
2025,.439810404534066,1
2025,.43981157098911,1
2025,.439826955233583,1
2025,.439829186362872,1
2025,.439855278693339,1
2025,.439897453760314,1
2025,.439911541114965,1
2025,.439919043802124,1
2025,.439926712593722,1
2025,.43992857082793,1
2025,.439943378317544,1
2025,.439948319688195,1
2025,.439959737810549,1
2025,.439991327003433,1
2025,.440002300965241,1
2025,.440034361165798,1
2025,.440041188287779,1
2025,.440057807945022,1
2025,.440060663636824,1
2025,.440062828903093,1
2025,.44006373448887,1
2025,.440078653728676,1
2025,.440106899667994,1
2025,.440134858635274,1
2025,.440161130061208,1
2025,.440163145515326,1
2025,.440167479654803,1
2025,.440173482778165,1
2025,.440178722999712,1
2025,.440183529997142,1
2025,.44020025405897,1
2025,.440229658423963,1
2025,.4402466408886,1
2025,.440255928071071,1
2025,.440281437580374,1
2025,.440283621576747,1
2025,.440289554876235,1
2025,.440292714152232,1
2025,.440312241423671,1
2025,.440354203432665,1
2025,.440376775744164,1
2025,.440382458046073,1
2025,.440397033752152,1
2025,.440401559602165,1
2025,.440416344087947,1
2025,.440430651666143,1
2025,.440431059957484,1
2025,.440437930433874,1
2025,.440449701181863,1
2025,.440461839055461,1
2025,.440484744690915,1
2025,.440492161591884,1
2025,.440503251024788,1
2025,.440508050631153,1
2025,.440510083372149,1
2025,.440519992335055,1
2025,.440522326061637,1
2025,.440558589725009,1
2025,.440562564475728,2
2025,.440568897586497,1
2025,.44058191496044,1
2025,.440617036274941,1
2025,.440644734117093,1
2025,.440652015739933,1
2025,.440659880800646,1
2025,.440688680714827,1
2025,.4406959584717,1
2025,.44070368430445,1
2025,.440706178029043,1
2025,.440719823590279,1
2025,.440724283935683,1
2025,.44074121593704796,1
2025,.440744342792457,1
2025,.440751851235789,1
2025,.440795211310814,1
2025,.440797828456179,1
2025,.440805214754565,1
2025,.440812511603745,1
2025,.440814072093466,1
2025,.44081588170489377,1
2025,.440839236225952,1
2025,.44085539977146,1
2025,.440855988038909,1
2025,.440857834984577,1
2025,.440866032644002,1
2025,.440875507149055,1
2025,.440877522047013,1
2025,.440883594555167,1
2025,.440896394135696,1
2025,.440913243124667,1
2025,.440920373240032,1
2025,.440924951170752,1
2025,.440937732955048,1
2025,.440945684120381,1
2025,.440952885291806,1
2025,.440958070001461,1
2025,.440974312625576,1
2025,.440987027495237,1
2025,.440997980236958,1
2025,.441012345059643,1
2025,.441016344460701,1
2025,.441068267083263,1
2025,.441080815112664,1
2025,.441088330553498,1
2025,.441096519257866,1
2025,.441099254325771,1
2025,.44116337029991,1
2025,.441182870443477,1
2025,.441214835848905,1
2025,.441273660605877,1
2025,.441275750836401,1
2025,.441277743363303,1
2025,.441328652794156,1
2025,.441330592744721,1
2025,.441348315794159,1
2025,.441361497907644,1
2025,.441392816669018,1
2025,.441414438646542,1
2025,.441428313222796,1
2025,.441436733985303,1
2025,.441455583144504,1
2025,.441461491369788,1
2025,.441470032524237,1
2025,.441484893002889,1
2025,.441489202091245,1
2025,.441489992119902,1
2025,.441511982966174,1
2025,.441523538892685,1
2025,.441539241133491,1
2025,.441542824604517,1
2025,.441545596245688,1
2025,.44154860473913,1
2025,.441562587104518,1
2025,.441585047954325,1
2025,.441606063513993,1
2025,.441624978506076,1
2025,.44163613210855,1
2025,.441649133608752,1
2025,.441650590812222,1
2025,.441662916400567,1
2025,.441717838675941,1
2025,.441725510614109,1
2025,.441726243591822,1
2025,.441750983700661,1
2025,.441753184638043,1
2025,.441764103510667,1
2025,.441765088962147,1
2025,.441781036088513,1
2025,.441805103533483,1
2025,.441807818977986,1
2025,.441810822365351,1
2025,.441819105856673,1
2025,.441825433117974,1
2025,.441842853699785,1
2025,.441856482656167,1
2025,.441857633474907,1
2025,.441861343014194,1
2025,.441861397220612,1
2025,.441870156524583,1
2025,.441889517652899,1
2025,.4418914700531,1
2025,.441908814681944,1
2025,.441912299386759,1
2025,.441953479925906,1
2025,.441956973044342,1
2025,.44197718806914,1
2025,.441985361564097,1
2025,.44198579095686,1
2025,.441990311918151,1
2025,.442008002568344,1
2025,.442022798882758,1
2025,.442029200556372,1
2025,.442045588655112,1
2025,.442048432274505,1
2025,.442061755876116,1
2025,.44206795506244,1
2025,.442117885871146,1
2025,.442130709516913,1
2025,.442135375209378,1
2025,.442149203630318,1
2025,.442153655178058,1
2025,.442161919267547,1
2025,.442163356878629,1
2025,.442165451173295,1
2025,.442168254971821,1
2025,.442182261559993,1
2025,.442197324728701,1
2025,.44220046677142,1
2025,.442213090695512,1
2025,.442225602046165,1
2025,.442239428724171,1
2025,.44224821702388,1
2025,.442251018007085,1
2025,.44225858274938,1
2025,.442260693234061,1
2025,.442269248170573,1
2025,.442291467861286,1
2025,.442292371803578,1
2025,.442335247343205,1
2025,.442350900594879,1
2025,.44239460362316,1
2025,.442395291543567,1
2025,.442402767740762,1
2025,.442443388908328,1
2025,.442461010906233,1
2025,.442473770494595,1
2025,.442475826187187,1
2025,.442498811020893,1
2025,.442520350257925,1
2025,.442546980273552,1
2025,.442553582309213,1
2025,.442561892926173,1
2025,.442570669558708,1
2025,.442597266930767,1
2025,.442612527316434,1
2025,.442622808324986,1
2025,.442664227169564,1
2025,.442666823785734,1
2025,.44269561637976,1
2025,.442705867137632,1
2025,.442707534390529,1
2025,.442713592067894,1
2025,.44271969879734,1
2025,.442722537036011,1
2025,.442735193946324,1
2025,.442766556895995,1
2025,.442771319561391,1
2025,.442776086112903,1
2025,.442783313420344,1
2025,.442820863284013,1
2025,.442825470375664,1
2025,.442847070160656,1
2025,.442848585176874,1
2025,.442856339072913,1
2025,.442856628506587,1
2025,.442858353079444,1
2025,.442894240955266,1
2025,.442894666706179,1
2025,.442901432684318,1
2025,.442907259734542,1
2025,.44291953759479,1
2025,.442981803188805,1
2025,.44300933342785,1
2025,.443031178744958,1
2025,.443035885832485,1
2025,.443064094134037,1
2025,.443071213797101,1
2025,.443077238120284,1
2025,.443090901264836,1
2025,.443106393278807,1
2025,.443127635783931,1
2025,.44313448030494,1
2025,.443134786939367,1
2025,.443140909813341,1
2025,.443144186290915,1
2025,.443152632250681,1
2025,.443156122841929,1
2025,.443158071031971,1
2025,.443166551470888,1
2025,.443180756790211,1
2025,.443215527102585,1
2025,.443227253490081,1
2025,.443238099138421,1
2025,.443246931804107,1
2025,.443249123013728,1
2025,.44328652703237,1
2025,.443286802713169,1
2025,.443312851074514,1
2025,.443353161812759,1
2025,.443376512900048,1
2025,.443394489437739,1
2025,.443400085374776,1
2025,.44342430301455,1
2025,.443444907287579,1
2025,.443465603301273,1
2025,.443513498485406,1
2025,.443516486554945,1
2025,.44356813723783,1
2025,.443573918926057,1
2025,.44357673753121,1
2025,.443606745020877,1
2025,.443631731992522,1
2025,.443659763193966,1
2025,.443664566660553,1
2025,.443665837249591,1
2025,.443676192960455,1
2025,.443689128148243,1
2025,.443696143357998,1
2025,.443711018546016,1
2025,.443714671282608,1
2025,.443736576196623,1
2025,.443758809542574,1
2025,.443783759571225,1
2025,.443798410766462,1
2025,.443813144657885,1
2025,.443836458187651,1
2025,.443841800644258,1
2025,.443851824422022,1
2025,.443899572144069,1
2025,.443955635296537,1
2025,.443966050179385,1
2025,.443971117220462,1
2025,.443974825265489,1
2025,.444006798546315,1
2025,.444008719942171,1
2025,.444013425921257,1
2025,.444027389524194,1
2025,.444082260230637,1
2025,.444083997850266,1
2025,.444084773918036,1
2025,.444092023166838,1
2025,.44409682860542,1
2025,.444125619654627,1
2025,.444128638992185,1
2025,.444133666971759,1
2025,.444134249527813,1
2025,.44418065146694,1
2025,.444181133847378,1
2025,.444204746310132,1
2025,.444205050044602,1
2025,.444210212477643,1
2025,.444212708968533,1
2025,.444251118502572,1
2025,.444269186055255,1
2025,.444271443274728,1
2025,.444276469080318,1
2025,.444298816124807,1
2025,.444309631328329,1
2025,.44431950113947,1
2025,.444377038741771,1
2025,.444468829685354,1
2025,.444470220055948,1
2025,.444498410257526,1
2025,.444505963964565,1
2025,.444507271799421,1
2025,.444509439172397,1
2025,.444515466091594,1
2025,.444518919709693,1
2025,.444538174576363,1
2025,.444582221147501,1
2025,.444594011188994,1
2025,.444596547897559,1
2025,.444607390979028,1
2025,.444619995639494,1
2025,.444623283818533,1
2025,.444631865191644,1
2025,.444632130786059,1
2025,.44468327480582,1
2025,.444695259420587,1
2025,.444712898517777,1
2025,.444733555028216,1
2025,.444743399035581,1
2025,.444787806142024,1
2025,.444803338619478,1
2025,.444898217822572,1
2025,.444909135204955,1
2025,.444913202576278,1
2025,.444914152461473,1
2025,.444923239044221,1
2025,.444925979573661,1
2025,.444932363872205,1
2025,.4449629839876,1
2025,.444969585401131,1
2025,.44497410929015,1
2025,.444975084006448,1
2025,.444979769588278,1
2025,.444989470671423,1
2025,.444996068401982,1
2025,.44501008814845,1
2025,.445010094470997,1
2025,.445022007852214,1
2025,.445024497018698,1
2025,.44504735437721,1
2025,.445059219552744,1
2025,.445075354883332,1
2025,.445147195456773,1
2025,.445179451205865,1
2025,.445207737501223,1
2025,.445213110494542,1
2025,.445229444022101,1
2025,.445290746945569,1
2025,.445310758900743,1
2025,.445318529551852,1
2025,.445329155402577,1
2025,.445334396088327,1
2025,.44535425596601,1
2025,.445355129514834,1
2025,.44540492041933,1
2025,.445411239589466,1
2025,.445421547096261,1
2025,.445428250961152,1
2025,.445432309989589,1
2025,.44544599136072,1
2025,.44544959257999,1
2025,.445450755320543,1
2025,.445458347587913,1
2025,.445483219478257,1
2025,.445500232236201,1
2025,.445516264244991,1
2025,.445519913695806,1
2025,.445532612253473,1
2025,.44553740403182,1
2025,.445540645952952,1
2025,.44554697191306,1
2025,.445557765367343,1
2025,.445558004048087,1
2025,.445570435893357,1
2025,.44558344635814,1
2025,.445600181556795,1
2025,.445608743399336,1
2025,.445618166119948,1
2025,.445634988780463,1
2025,.445658961548358,1
2025,.445674750306572,1
2025,.445691392165267,1
2025,.445713167911217,1
2025,.445723730587609,1
2025,.445728228684125,1
2025,.445728550857412,1
2025,.445739375951889,1
2025,.445746985529912,1
2025,.445754989595284,1
2025,.445806854476543,1
2025,.445819499306743,1
2025,.445822814106649,1
2025,.445842897216097,1
2025,.445854443111,1
2025,.445876185759273,1
2025,.445904433608388,1
2025,.445918212479106,1
2025,.445918686035317,1
2025,.445923062103409,1
2025,.445928826445253,1
2025,.445964532692876,1
2025,.445964780958991,1
2025,.445975427297346,1
2025,.44597567830777,1
2025,.445986499560641,1
2025,.4459908826034,1
2025,.446041969989677,1
2025,.446052187592496,1
2025,.446054361157622,1
2025,.446055603679656,1
2025,.446068501179413,1
2025,.446071079113895,1
2025,.446089258563044,1
2025,.446103104332152,1
2025,.446134002585598,1
2025,.446146496302717,1
2025,.44618122184548,1
2025,.446185831289845,1
2025,.446236692437557,1
2025,.446238747238686,1
2025,.446245790220908,1
2025,.446249310747515,1
2025,.446253253849217,1
2025,.446268229261764,1
2025,.446271429368618,1
2025,.446272109268128,1
2025,.446286856411983,1
2025,.446288563117477,1
2025,.446291929355696,1
2025,.446314156661132,1
2025,.446318516298919,1
2025,.446319462709971,1
2025,.446326647825674,1
2025,.446341482701571,1
2025,.446350310059208,1
2025,.446353711222465,1
2025,.446370206633716,1
2025,.446384980784778,1
2025,.446385759751542,1
2025,.446398576032803,1
2025,.446424447718063,1
2025,.446433869282038,1
2025,.446439190042322,1
2025,.446455311664136,1
2025,.446468593070261,1
2025,.446486136405256,1
2025,.446490384794608,1
2025,.446494273058027,1
2025,.446528487407943,1
2025,.446544537367985,1
2025,.446551654867412,1
2025,.446557883506506,1
2025,.446567147770988,1
2025,.44657726787808,1
2025,.446585276268928,1
2025,.446585938212738,1
2025,.446639320479841,1
2025,.446646558517017,1
2025,.44667427206048,1
2025,.44668478647682,1
2025,.446685403697503,1
2025,.446703119623674,1
2025,.446703626987032,1
2025,.446713126143625,1
2025,.446750005751779,1
2025,.44677630404589,1
2025,.446806445347943,1
2025,.446810770912683,1
2025,.446817105727688,1
2025,.446830692204021,1
2025,.446842889811603,1
2025,.446846657477689,1
2025,.446850126815244,1
2025,.446862679279302,1
2025,.446866791232016,1
2025,.446896374011635,1
2025,.446898164126121,1
2025,.446898519808903,1
2025,.446911967139703,1
2025,.446919537970243,1
2025,.446924749120009,1
2025,.446928944110602,1
2025,.446933135067407,1
2025,.446935963816016,1
2025,.446941224115688,1
2025,.446951091090395,1
2025,.446957043094583,1
2025,.447000927781934,1
2025,.447003655499079,1
2025,.447034318591805,1
2025,.447047880341369,1
2025,.447055705325887,1
2025,.447066902030946,1
2025,.447091632999416,1
2025,.44709538854122,1
2025,.447099156274316,1
2025,.447122121122677,1
2025,.447135608254712,1
2025,.447139554167261,1
2025,.44716006084395,1
2025,.447188985665589,1
2025,.447196876534343,1
2025,.447249966339746,1
2025,.447261503846646,1
2025,.44726932046737,1
2025,.447274550723949,1
2025,.447295122583352,1
2025,.447296026168258,1
2025,.447296510665459,1
2025,.447297848557952,1
2025,.44729885453967,1
2025,.447311695899593,1
2025,.447315728568729,1
2025,.447339199729068,1
2025,.447346314291714,1
2025,.447346458721204,1
2025,.447352569661485,1
2025,.447364245752471,1
2025,.447390094542599,1
2025,.447438109025238,1
2025,.447446195998362,1
2025,.44751199263482,1
2025,.447552491704154,1
2025,.447565291448804,1
2025,.447565545762545,1
2025,.447567558487918,1
2025,.447567980483688,1
2025,.447588633051448,1
2025,.447589086376555,1
2025,.447594155116305,1
2025,.447595218494104,1
2025,.447605424853189,1
2025,.44760832540531,1
2025,.447622970526523,1
2025,.447625037839632,1
2025,.447687058856438,1
2025,.447705591828267,1
2025,.447720980080863,1
2025,.44772521055294,1
2025,.447735850949691,1
2025,.447744174240013,1
2025,.447750384440522,1
2025,.447752009180716,1
2025,.447764522807048,1
2025,.447770573758422,1
2025,.447792505776297,1
2025,.447811437474116,1
2025,.447814263070755,1
2025,.447819502351195,1
2025,.44782652481954,1
2025,.447893323197545,1
2025,.447897108824694,1
2025,.447903898421738,1
2025,.447906505945853,1
2025,.447942535356972,1
2025,.447958475159869,1
2025,.447972441940201,1
2025,.447977957654588,1
2025,.44798535632148,1
2025,.448007063135585,1
2025,.448012982077452,1
2025,.448053165289086,1
2025,.448061450180099,1
2025,.448065041707246,1
2025,.448069040708951,1
2025,.448085658774844,1
2025,.448117170845301,1
2025,.448142721654023,1
2025,.448160478594206,1
2025,.448163175219064,1
2025,.448169526059279,1
2025,.448200402835446,1
2025,.448212057457525,1
2025,.448225309999652,1
2025,.448227616615486,1
2025,.448245156494618,1
2025,.448247622942217,1
2025,.448249882865515,1
2025,.448252133383401,1
2025,.448258046624353,1
2025,.448258984547986,1
2025,.44827123721922,1
2025,.44828597297535,1
2025,.448287316183557,1
2025,.448295300554565,1
2025,.448301965066062,1
2025,.448313363746787,1
2025,.448326133023373,1
2025,.44834604494053,1
2025,.448359419796208,1
2025,.44838689955238,1
2025,.448389491291521,1
2025,.448398296447009,1
2025,.448406026526311,1
2025,.448416835723874,1
2025,.448421068355587,1
2025,.448422263281957,1
2025,.448423873831162,1
2025,.448453987189228,1
2025,.448457591523708,1
2025,.448461210687164,1
2025,.448469721759864,1
2025,.448472655411241,1
2025,.448472998927729,1
2025,.448481445049221,1
2025,.448485989817324,1
2025,.448493647651379,1
2025,.448495580598379,1
2025,.448504977028836,1
2025,.448509093931263,1
2025,.448515822575851,1
2025,.448515846312101,1
2025,.448520975576147,1
2025,.448526152751875,1
2025,.448531066919848,1
2025,.448535335633823,1
2025,.448536823538545,1
2025,.448553720999633,1
2025,.448555007651888,1
2025,.44856922573054,1
2025,.448590998886787,1
2025,.44859282298787,1
2025,.448603193295357,1
2025,.44861079903062,1
2025,.448639407049866,1
2025,.448641132756767,1
2025,.448670598209929,1
2025,.448702384988274,1
2025,.448722673758669,1
2025,.448726276895042,1
2025,.44873850357514,1
2025,.44876269561036,1
2025,.448764298609741,1
2025,.448769832517743,1
2025,.448833702066044,1
2025,.448845599334867,1
2025,.448911659710429,1
2025,.448911992025312,1
2025,.448931730983399,1
2025,.448944979270045,1
2025,.448956268479768,1
2025,.448971941154333,1
2025,.448973762669313,1
2025,.44898762673726,1
2025,.449021901861031,1
2025,.449039005421887,1
2025,.449040756317777,1
2025,.449044320545816,1
2025,.449055234906857,1
2025,.449057840935601,1
2025,.44910135730282,1
2025,.449115294369492,1
2025,.449132782483021,1
2025,.449141864178196,1
2025,.449147174938704,1
2025,.44915021240136,1
2025,.449156843241069,1
2025,.449179884591654,1
2025,.449206107158909,1
2025,.449217933929484,1
2025,.449228461210988,1
2025,.449244735942701,1
2025,.449248335815576,1
2025,.44926519321503,1
2025,.449281250701015,1
2025,.449282147572362,1
2025,.449289209985454,1
2025,.449331360628788,1
2025,.449337679210575,1
2025,.449340457012736,1
2025,.449379127945473,1
2025,.449416498919119,1
2025,.449428744302556,1
2025,.449434164649821,1
2025,.449475140440432,1
2025,.449481060189986,1
2025,.449487899210046,1
2025,.449500783761265,1
2025,.449533328928337,1
2025,.449533560910066,1
2025,.449539094908946,1
2025,.449550857164558,1
2025,.449562057859963,1
2025,.44958319664869,1
2025,.449585398803992,1
2025,.449597456249642,1
2025,.44959861121442,1
2025,.449666628868149,1
2025,.449666756898415,1
2025,.449692546231374,1
2025,.449701500833752,1
2025,.449737334802367,1
2025,.449761076221837,1
2025,.449791184754688,1
2025,.449796428223791,1
2025,.44980362974518,1
2025,.449827288219311,1
2025,.449842459080783,1
2025,.449868632983003,1
2025,.449897044883939,1
2025,.449914131449982,1
2025,.44991819047783,1
2025,.449919953727171,1
2025,.449945093339336,1
2025,.449955829182308,1
2025,.449963552113224,1
2025,.449993159003379,1
2025,.4500211042784,1
2025,.450030236453722,1
2025,.450051773408243,1
2025,.450105769392723,1
2025,.450113278431515,1
2025,.450119444316042,1
2025,.450124921006672,1
2025,.450143958288433,1
2025,.45014492543532,1
2025,.450154523279493,1
2025,.450155505521911,1
2025,.450159073456667,1
2025,.450179052039545,1
2025,.450186714357498,1
2025,.45018917363132,1
2025,.450206096104017,1
2025,.45026276016225,1
2025,.450281357857677,1
2025,.45028849752873,1
2025,.450301274649145,1
2025,.450370368075303,1
2025,.450371552238009,1
2025,.450377067715741,1
2025,.450384301519578,1
2025,.450408197524147,1
2025,.450419133559537,1
2025,.450435110480131,1
2025,.450441107535755,1
2025,.450454434497062,1
2025,.450466911096005,1
2025,.450468919657781,1
2025,.450488385295279,1
2025,.450508092094085,1
2025,.450521355047976,1
2025,.450539342407229,1
2025,.450588643460692,1
2025,.450594105042192,1
2025,.450594797607142,1
2025,.450607628866652,1
2025,.45061529590087,1
2025,.450636653884766,1
2025,.450653468851251,1
2025,.450655957462054,1
2025,.450659863916108,1
2025,.450660168623936,1
2025,.450667200484214,1
2025,.450696721274997,1
2025,.450710134468222,1
2025,.450720562420014,1
2025,.450728947643114,1
2025,.450762351961567,1
2025,.450768498875721,1
2025,.450777051380622,1
2025,.450784155688334,1
2025,.450831532279488,1
2025,.450837755263714,1
2025,.450840279813571,1
2025,.450844286202514,1
2025,.450868192278512,1
2025,.45087383028164,1
2025,.450930671497246,1
2025,.450937988380542,1
2025,.450951792974399,1
2025,.450956916584828,1
2025,.450964464123495,1
2025,.450991915548803,1
2025,.451002471090014,1
2025,.451014370066689,1
2025,.451015118587844,1
2025,.451015928076364,1
2025,.451017064120479,1
2025,.451027568410857,1
2025,.451039764247897,1
2025,.451051385965381,1
2025,.451058559623386,1
2025,.451061824801217,1
2025,.451078515987875,1
2025,.451085395209662,1
2025,.451101689007135,1
2025,.451144566221313,1
2025,.451155129380662,1
2025,.451173992988976,1
2025,.451175978191802,1
2025,.451201103477856,1
2025,.4512053068059,1
2025,.451222184755945,1
2025,.451227690938386,1
2025,.451268564765774,1
2025,.451274977591077,1
2025,.451292113508413,1
2025,.451301626263038,1
2025,.451308217640932,1
2025,.451308449563985,1
2025,.451309934559061,1
2025,.451314891336275,1
2025,.451349424105994,1
2025,.451352437059579,1
2025,.451365019120803,1
2025,.451397581047399,1
2025,.451408585008404,1
2025,.451440418099307,1
2025,.451442398178469,1
2025,.451453158074372,1
2025,.451471146476392,1
2025,.451479718802096,1
2025,.451488831359202,1
2025,.451505759771227,1
2025,.451533963998632,1
2025,.451538747410167,1
2025,.451542099498209,1
2025,.45154242675027,1
2025,.451565094297338,1
2025,.451566736379372,1
2025,.451567558198285,1
2025,.451572675383084,1
2025,.451597002041645,1
2025,.45159945946102,1
2025,.451603229838715,1
2025,.451619564752582,1
2025,.451620685349122,1
2025,.451628926552442,1
2025,.451641989477878,1
2025,.451658998502388,1
2025,.451672010836868,1
2025,.45168556602628929,1
2025,.451696552723629,1
2025,.451708804862038,1
2025,.451719991390243,1
2025,.451733800556164,1
2025,.451744095757344,1
2025,.451785225028119,1
2025,.451803409518793,1
2025,.451809147989652,1
2025,.45181970850391,1
2025,.451876046063696,1
2025,.451884359075261,1
2025,.451888792970952,1
2025,.451951257862329,1
2025,.451954261126851,1
2025,.451960164085393,1
2025,.451965417437109,1
2025,.451980063812798,1
2025,.452019599542636,1
2025,.452027238891427,1
2025,.452060351465017,1
2025,.452066296895644,1
2025,.452079572910231,1
2025,.452082432776355,1
2025,.452083086729587,1
2025,.452085585511888,1
2025,.452114356373629,1
2025,.452138861921614,1
2025,.452139115237429,1
2025,.452142502501332,1
2025,.452148113457293,1
2025,.452149154035537,1
2025,.452152242422124,1
2025,.452155843439626,1
2025,.452158507048341,1
2025,.452177444802428,1
2025,.452177888061484,1
2025,.452199188959381,1
2025,.452208208071073,1
2025,.452222994026661,1
2025,.452231184442725,1
2025,.452234131372712,1
2025,.452314598550627,1
2025,.452323413072867,1
2025,.452337238016196,1
2025,.452350032703893,1
2025,.452368297786577,1
2025,.45238585126659,1
2025,.452393345199947,1
2025,.452411889875056,1
2025,.452435717577921,1
2025,.452443534366418,1
2025,.452454112672258,1
2025,.452466970603488,1
2025,.452480582627573,1
2025,.452535272748746,1
2025,.452544951468576,1
2025,.4525553804495,1
2025,.452557274842987,1
2025,.452557571473605,1
2025,.452617695340018,1
2025,.452638069824547,1
2025,.452642190969931,1
2025,.452655366715936,1
2025,.45267387527422,1
2025,.452677511306737,1
2025,.452680676576656,1
2025,.452705189611966,1
2025,.452710976712768,1
2025,.452723711393553,1
2025,.452768723580563,1
2025,.452794065419228,1
2025,.452807558678006,1
2025,.452823980406992,1
2025,.452828777712921,1
2025,.452874168536077,1
2025,.452881670718646,1
2025,.452885553486094,1
2025,.452890052128801,1
2025,.452914548242909,1
2025,.45292647364083,1
2025,.452947477004535,1
2025,.452960496306076,1
2025,.452965465832945,1
2025,.452989972446079,1
2025,.452992004820957,1
2025,.452992794088039,1
2025,.453002847703042,1
2025,.453007194563645,1
2025,.453011016041918,1
2025,.453011250439632,1
2025,.453061114762766,1
2025,.453083014774916,1
2025,.453095254290315,1
2025,.453119808471946,1
2025,.453147592582425,1
2025,.453156462011,1
2025,.453156587994974,1
2025,.453162786840877,1
2025,.453169307074968,1
2025,.453175176613362,1
2025,.453207103629795,1
2025,.45320876574294,1
2025,.453209232069202,1
2025,.453218198847562,1
2025,.453219830334253,1
2025,.45323081328075,1
2025,.45323220206255,1
2025,.453235951743757,1
2025,.453284995493603,1
2025,.453314521182231,1
2025,.453315653675576,1
2025,.453317322174382,1
2025,.453320699891728,1
2025,.453322726825723,1
2025,.453329118395016,1
2025,.453333138500016,1
2025,.453334876755344,1
2025,.45333999898329,1
2025,.45334406348235,1
2025,.453346227204089,1
2025,.453347138353637,1
2025,.453349874818986,1
2025,.453351957246018,1
2025,.453386013843714,1
2025,.453392768141576,1
2025,.453421307619851,1
2025,.453452972257576,1
2025,.453472042323059,1
2025,.453485753823933,1
2025,.453499146846874,1
2025,.453503950613917,1
2025,.453506644206075,1
2025,.453509758767774,1
2025,.453510143903284,1
2025,.453516162730396,1
2025,.453531510399161,1
2025,.453571339996208,1
2025,.453579287365836,1
2025,.453630605730779,1
2025,.45364676952717,1
2025,.453646851678323,1
2025,.453686035348581,1
2025,.453718509837841,1
2025,.453762839442237,1
2025,.453765492376545,1
2025,.453783803897297,1
2025,.453820107005063,1
2025,.453828328029805,1
2025,.453858564402509,1
2025,.453869024116444,1
2025,.453870992659502,1
2025,.453888274920503,1
2025,.453925826758679,1
2025,.453932830093546,1
2025,.453937011444188,1
2025,.453940147583832,1
2025,.453943317159205,1
2025,.453970120174474,1
2025,.454012296829717,1
2025,.454067329749638,1
2025,.454072188544096,1
2025,.454072781344075,1
2025,.454074747404341,1
2025,.454085830774831,1
2025,.454093044281752,1
2025,.454098330327972,1
2025,.454106085493277,1
2025,.454143916069474,1
2025,.454151037992359,1
2025,.454181122417466,1
2025,.454206486460196,1
2025,.45423894998885,1
2025,.454240757867452,1
2025,.454266585097433,1
2025,.45427614989598,1
2025,.45428762931034,1
2025,.45430378821122,1
2025,.454321547343452,1
2025,.454339781798326,1
2025,.454347409104917,1
2025,.454383741552026,1
2025,.454392600292652,1
2025,.454404651337788,1
2025,.45443002454819,1
2025,.454430837522908,1
2025,.454437860447794,1
2025,.454439309694548,1
2025,.45445919673938,1
2025,.454467635582674,1
2025,.454476285068415,1
2025,.454478109220899,1
2025,.454493255378367,1
2025,.454570869235658,1
2025,.454581267217511,1
2025,.454589569363708,1
2025,.454591488774358,1
2025,.454599161937642,1
2025,.454617364366688,1
2025,.454631321131138,1
2025,.454641174979019,1
2025,.454644729239934,1
2025,.454647526111311,1
2025,.454652330053533,1
2025,.454685913869337,1
2025,.454686312118989,1
2025,.45470233814687,1
2025,.454711321815985,1
2025,.454714143726647,1
2025,.454717990884892,1
2025,.45473898206923,1
2025,.454755208874787,1
2025,.454758967272018,1
2025,.454782274854745,1
2025,.454782588965769,1
2025,.454786524765706,1
2025,.454789028489194,1
2025,.454793084605903,1
2025,.454819214920573,1
2025,.454825294040196,1
2025,.454857140553105,1
2025,.45488166355492,1
2025,.454904193875307,1
2025,.454935990336373,1
2025,.454946219482581,1
2025,.454946328951276,1
2025,.454946495590327,1
2025,.45494766877126,1
2025,.454951930665722,1
2025,.454960333891624,1
2025,.454976999917006,1
2025,.454981305839654,1
2025,.455005097630276,1
2025,.455033538172755,1
2025,.45504699633785,1
2025,.455050383205279,1
2025,.455053444754162,1
2025,.455054438802144,1
2025,.455060926870368,1
2025,.455136568043388,1
2025,.45513967116901,1
2025,.455150708750532,1
2025,.455160139802519,1
2025,.455173620463292,1
2025,.455176476391511,1
2025,.455192372971883,1
2025,.455256905081347,1
2025,.455265239698685,1
2025,.455270276067844,1
2025,.455276917044817,1
2025,.455297739001145,1
2025,.455309179191185,1
2025,.455332958184046,1
2025,.455337280426817,1
2025,.455353521441654,1
2025,.455387758575603,1
2025,.455418675032483,1
2025,.455427853994498,1
2025,.45543078628767,1
2025,.455468064170366,1
2025,.455497717842709,1
2025,.455500745088374,1
2025,.45550498202507,1
2025,.455530878999218,1
2025,.455532734279349,1
2025,.455540124885382,1
2025,.455551370564664,1
2025,.455552831544923,1
2025,.455574332357001,1
2025,.455587397178546,1
2025,.455595413478606,1
2025,.455598620874447,1
2025,.455601964364968,1
2025,.455607719729501,1
2025,.455608282114049,1
2025,.455626466866528,1
2025,.455654345352791,1
2025,.455687292789763,1
2025,.455718957214293,1
2025,.455719229137409,1
2025,.455724018867105,1
2025,.455730412054247,12
2025,.455736453096127,1
2025,.455736680690802,1
2025,.455739240018984,1
2025,.455740058727366,1
2025,.455746560358339,1
2025,.455747693974498,1
2025,.455766185657013,1
2025,.455782861119952,1
2025,.455782875226126,1
2025,.455786255428515,1
2025,.455808629059602,1
2025,.455829100246046,1
2025,.455861804456548,1
2025,.455862812830232,1
2025,.455876498369579,1
2025,.455895116973806,1
2025,.455921552022756,1
2025,.455949663830378,1
2025,.455951826443269,1
2025,.45596903681459,1
2025,.455996986408391,1
2025,.456000550862043,1
2025,.45600238096361,1
2025,.45600388373928,1
2025,.456022407586111,1
2025,.456040053123612,1
2025,.456095485295754,1
2025,.456116533993899,1
2025,.456126868882632,1
2025,.456141736980096,1
2025,.456143490818153,1
2025,.456169504773687,1
2025,.456193543421421,1
2025,.45620599039478,1
2025,.456210297607376,1
2025,.456212961263304,1
2025,.456242797803844,1
2025,.456286318289971,1
2025,.456294188112434,1
2025,.45639082041263357,1
2025,.456401181634234,1
2025,.45642293724777,1
2025,.456441137971875,1
2025,.456451412911742,1
2025,.456481346334348,1
2025,.456494548877413,1
2025,.456503450130488,1
2025,.456518579162446,1
2025,.456521587823809,1
2025,.45653971646379,1
2025,.456559233188547,1
2025,.456565369831,1
2025,.456569210072291,1
2025,.456580754277469,1
2025,.456582706901147,1
2025,.456595389699536,1
2025,.456608911878669,1
2025,.45665404893398,1
2025,.456662616044507,1
2025,.456680281809583,1
2025,.456695935545572,1
2025,.456726807682072,1
2025,.456730584222946,1
2025,.456814410868872,1
2025,.456854304536036,1
2025,.45688176199749,1
2025,.456882773604644,1
2025,.456938954455044,1
2025,.456942790005673,1
2025,.456962493577933,1
2025,.456964461874001,1
2025,.456971110055854,1
2025,.45698155095766,1
2025,.457003989177181,1
2025,.45701033621049,1
2025,.457037327016575,1
2025,.45703752293429178,1
2025,.457049587373305,1
2025,.457063809456762,1
2025,.457068250825932,1
2025,.457093252940704,1
2025,.457102731756479,1
2025,.45713575807597,1
2025,.457139602007802,1
2025,.4571442288136,1
2025,.457148876910156,1
2025,.45721945054608,1
2025,.45722201051013,1
2025,.457233298634322,1
2025,.457238807560561,1
2025,.457240052042567,1
2025,.457250209452646,1
2025,.457260193077354,1
2025,.457263665855832,1
2025,.457268894523281,1
2025,.457272805013934,1
2025,.457289330600265,1
2025,.457300120001747,1
2025,.457319087783204,1
2025,.457351343516223,1
2025,.457391465299906,1
2025,.457393713878416,1
2025,.457404958334284,1
2025,.457408256073515,1
2025,.457421250773035,1
2025,.457425687386929,1
2025,.457433837012328,1
2025,.457454449448964,1
2025,.457463955060336,1
2025,.457466189787157,1
2025,.457502584491788,1
2025,.45753038515244,1
2025,.457531893508431,1
2025,.457534530192097,1
2025,.457535604103301,1
2025,.457535843006341,1
2025,.457559248026932,1
2025,.457572337763237,1
2025,.457577383975657,1
2025,.457592506287104,1
2025,.457614998977306,1
2025,.457638724893523,1
2025,.457658740391985,1
2025,.45768100797355,1
2025,.457686068441106,1
2025,.45769365515393,1
2025,.457714628906108,1
2025,.457764388906456,1
2025,.457765825358838,1
2025,.457770529718721,1
2025,.457784330896518,1
2025,.457788282289867,1
2025,.457803737370488,1
2025,.457807369415501,1
2025,.457807468323635,1
2025,.457819229193816,1
2025,.457822973863224,1
2025,.45782421894772,1
2025,.457843128244368,1
2025,.457843796011215,1
2025,.457857878079357,1
2025,.457888607387309,1
2025,.457901846188317,1
2025,.457905963578141,1
2025,.457934614144146,1
2025,.457934913919024,1
2025,.457936015030488,1
2025,.457937707414558,1
2025,.457949648354316,1
2025,.457956546095766,1
2025,.457981149985841,1
2025,.457996725078261,1
2025,.458003332114854,1
2025,.458011960256525,1
2025,.458012524151655,1
2025,.458044733032149,1
2025,.45804988852445,1
2025,.458087112051283,1
2025,.458098379652985,1
2025,.458111033687708,1
2025,.458122882946357,1
2025,.458130148179144,1
2025,.458143463421891,1
2025,.458143990373027,1
2025,.458158674537055,1
2025,.458188619608529,1
2025,.458192260835061,1
2025,.458193470814649,1
2025,.458197963341992,1
2025,.458201624957134,1
2025,.458235447240742,1
2025,.458250235697924,1
2025,.458254394006806,1
2025,.458261637180961,1
2025,.458284497784913,1
2025,.458318076591664,1
2025,.458354350387096,1
2025,.458361505637501,1
2025,.458381340225807,1
2025,.458382808939998,1
2025,.458396700689892,1
2025,.45842076121777,1
2025,.458457011665464,1
2025,.458463180843455,1
2025,.458475077884873,1
2025,.458494719867319,1
2025,.458499393699591,1
2025,.458517147084164,1
2025,.458523279282927,1
2025,.458589453172664,1
2025,.458631789153237,1
2025,.458643041348998,1
2025,.458663964538229,1
2025,.458676237825004,1
2025,.458703678906542,1
2025,.458718415793549,1
2025,.458733248013988,1
2025,.458740501554243,1
2025,.458742052653125,1
2025,.458770070764987,1
2025,.4587947697742,1
2025,.458802465166674,1
2025,.45883431005664,1
2025,.45884936746627,1
2025,.458851198628484,1
2025,.458855703865216,1
2025,.458921803945289,1
2025,.458925726707133,1
2025,.458972566879545,1
2025,.458985567249635,1
2025,.45904799448243,1
2025,.459055546332512,1
2025,.459077907053186,1
2025,.459091257264051,1
2025,.459099806494216,1
2025,.459100470492184,1
2025,.459112960229171,1
2025,.459119952936898,1
2025,.459132543336345,1
2025,.459133358046026,1
2025,.459146831178108,1
2025,.459151939395521,1
2025,.459152919083472,1
2025,.459163828428254,1
2025,.459179520557138,1
2025,.459223773017363,1
2025,.459224783646411,1
2025,.459227937823377,1
2025,.459230555243609,1
2025,.459240498465024,1
2025,.459256971863542,1
2025,.459269267678364,1
2025,.45930772761829,1
2025,.459314061099004,1
2025,.459369404006878,1
2025,.459416261890318,1
2025,.459426646388525,1
2025,.459470663645306,1
2025,.459484435731195,1
2025,.459492700939318,1
2025,.459494582402507,1
2025,.459501921848058,1
2025,.459519752204352,1
2025,.459545968937763,1
2025,.459596527014001,1
2025,.459598898582608,1
2025,.459602382508775,1
2025,.45960914469739,1
2025,.459639751919636,1
2025,.459650806681122,1
2025,.459656592761418,1
2025,.459667158067268,1
2025,.459676535410849,1
2025,.459682317640918,1
2025,.459726832750199,1
2025,.459749842834125,1
2025,.459769531876878,1
2025,.459773988690062,1
2025,.459785968686182,1
2025,.459790677357215,1
2025,.459816099229782,1
2025,.459849859068189,1
2025,.459850243233206,1
2025,.459876875060265,1
2025,.459882787028753,1
2025,.459885584989659,1
2025,.45988918288118,1
2025,.459890299855548,1
2025,.459902972028899,1
2025,.459921427370721,1
2025,.459936116847032,1
2025,.459949856484548,1
2025,.459962080451066,1
2025,.459962701599663,1
2025,.459968893805226,1
2025,.459980948480963,1
2025,.459985512387676,1
2025,.459986746247094,1
2025,.460009144761393,1
2025,.460024152068545,1
2025,.46002575055181,1
2025,.460043693162462,1
2025,.460054700671795,1
2025,.460057196930128,1
2025,.460069546535903,1
2025,.460088632597569,1
2025,.460095651501107,1
2025,.460149753840426,1
2025,.460158197968289,1
2025,.460170420767628,1
2025,.460179070321159,1
2025,.46019230301748,1
2025,.460194381411865,1
2025,.460274090872571,1
2025,.460287953031645,1
2025,.460292134555759,1
2025,.46030500535592,1
2025,.460322017657059,1
2025,.460351534425483,1
2025,.46035430282326,1
2025,.460370493370035,1
2025,.46038355926645,1
2025,.460388428810539,1
2025,.460404925867843,1
2025,.460407260826639,1
2025,.460420956988851,1
2025,.460442592433313,1
2025,.460455868427636,1
2025,.460515290415823,1
2025,.460537085385782,1
2025,.460540891620332,1
2025,.460563800125752,1
2025,.460565772862748,1
2025,.460572595266615,1
2025,.460578911158534,1
2025,.4606006859363,1
2025,.46061021922233,1
2025,.460645932530895,1
2025,.460649609707096,1
2025,.460650951586965,1
2025,.460653242872036,1
2025,.460665732079975,1
2025,.460683805684852,1
2025,.460710633179122,1
2025,.460719315555686,1
2025,.460720697830258,1
2025,.460721471904409,1
2025,.46072369613544,1
2025,.460734076475641,1
2025,.460736601195652,1
2025,.460750930307979,1
2025,.460765709583369,1
2025,.46076782959036,1
2025,.460772397047866,1
2025,.460776916587005,1
2025,.460783725172212,1
2025,.460784069243445,1
2025,.46078525654973,1
2025,.46078757038523649,1
2025,.460797887878158,1
2025,.460817641708625,1
2025,.460821979999502,1
2025,.460827457473448,1
2025,.460832359620158,1
2025,.460835387138156,1
2025,.460839426993717,1
2025,.460849228267779,1
2025,.460876931077572,1
2025,.460891703303258,1
2025,.460894291964729,1
2025,.460912899929322,1
2025,.460914859122481,1
2025,.460928023177203,1
2025,.460930064097889,1
2025,.460954827111305,1
2025,.460962239092194,1
2025,.461016135199275,1
2025,.461021670589501,1
2025,.461028865743619,1
2025,.461063505131766,1
2025,.461079326007571,1
2025,.461086545250518,1
2025,.461108151525576,1
2025,.461125215233788,1
2025,.461149656904234,1
2025,.461156746391039,1
2025,.461183754836508,1
2025,.461185319594092,1
2025,.461220235957156,1
2025,.461222192309698,1
2025,.461228759590516,1
2025,.461232338976595,1
2025,.461237087312186,1
2025,.461242767818358,1
2025,.461268938328673,1
2025,.461269984332257,1
2025,.461291964671217,1
2025,.461301966625786,1
2025,.461307902620814,1
2025,.461340723004044,1
2025,.461363860031456,1
2025,.461364091345751,1
2025,.46136878877931,1
2025,.461378793597996,1
2025,.461379198197121,1
2025,.461380243300698,1
2025,.461401200223228,1
2025,.461406207686048,1
2025,.461419128502083,1
2025,.461420833600303,1
2025,.461433228986502,1
2025,.461438207948918,1
2025,.461446612833619,1
2025,.461474487393431,1
2025,.46149548527233,1
2025,.461497549722478,1
2025,.461518322070077,1
2025,.461524041510712,1
2025,.461534274708238,1
2025,.461542370955098,1
2025,.461544287280643,1
2025,.461561221116478,1
2025,.461571607430099,1
2025,.46157425638412,1
2025,.461584528678153,1
2025,.46159767490236,1
2025,.461602083485495,1
2025,.461606638342604,1
2025,.461617135540373,1
2025,.461629495933691,1
2025,.461643271112553,1
2025,.461681674818675,1
2025,.461746574352532,1
2025,.461746926746225,1
2025,.461755674779608,1
2025,.461773341248212,1
2025,.461780232936361,1
2025,.461800804952523,1
2025,.461804215237164,1
2025,.461808097374443,1
2025,.461810619503536,1
2025,.461875043061256,1
2025,.461889631623169,1
2025,.46190688358648,1
2025,.461915000949228,1
2025,.461935099208028,1
2025,.461940413698152,1
2025,.461940690203885,1
2025,.461965837843931,1
2025,.46196619728224,1
2025,.462014959609672,1
2025,.462015111216529,1
2025,.46202727897197,1
2025,.462028238323752,1
2025,.462030344147627,1
2025,.462059543614703,1
2025,.462064920043253,1
2025,.462110631041714,1
2025,.462125765476737,1
2025,.46213997141328,1
2025,.462142786818957,1
2025,.462187462111637,1
2025,.462203579524186,1
2025,.462286886779123,1
2025,.462292183065812,1
2025,.462308952749246,1
2025,.462312077266043,1
2025,.462346394365689,1
2025,.462369907995179,1
2025,.46238731160101,1
2025,.462398008765698,1
2025,.462399473657748,1
2025,.462419106254799,1
2025,.462420762051578,1
2025,.462423539950773,1
2025,.462424168518171,1
2025,.46242942448471,1
2025,.462430912331127,1
2025,.462443754302327,1
2025,.4624636394741,1
2025,.462504903220707,1
2025,.462524323151276,1
2025,.462537651602253,1
2025,.46255128070172,1
2025,.462551720813191,1
2025,.462604442655747,1
2025,.462631370605754,1
2025,.462640667724712,1
2025,.462643167886357,1
2025,.462646166659631,1
2025,.462654639963051,1
2025,.462712194069079,1
2025,.462721081677164,1
2025,.462722113252192,1
2025,.462724595480596,1
2025,.46273435649414,1
2025,.462743430587019,1
2025,.462757457896516,1
2025,.462778393346155,1
2025,.462794307222177,1
2025,.462815238503881,1
2025,.462865799733639,1
2025,.46287271948494,1
2025,.462875601033108,1
2025,.462883449450993,1
2025,.462925146580801,1
2025,.462929576840893,1
2025,.462930570455587,1
2025,.462931730011725,1
2025,.462963333377728,1
2025,.462967838378657,1
2025,.462994933847533,1
2025,.462998000507697,1
2025,.462999730566348,1
2025,.463003668898619,1
2025,.463023613695885,1
2025,.463029909425206,1
2025,.463046898788769,1
2025,.46304714951955,1
2025,.463063770177774,1
2025,.463087679811092,1
2025,.463106826702287,1
2025,.463134342557682,1
2025,.463158683673142,1
2025,.463172465465796,1
2025,.463172677525831,1
2025,.46317316507715,1
2025,.463207321178224,1
2025,.463217424362243,1
2025,.463219859326689,1
2025,.463227222386637,1
2025,.463234406625991,1
2025,.463237401326142,1
2025,.463265201523623,1
2025,.463266711001382,1
2025,.463279159413468,1
2025,.463289406763987,1
2025,.463290008024739,1
2025,.463299095814826,1
2025,.463304772176067,1
2025,.463333817954417,1
2025,.463339292891138,1
2025,.463351833500018,1
2025,.46335484123299,1
2025,.463383253024489,1
2025,.463396115551332,1
2025,.463401424748839,1
2025,.463406017420344,1
2025,.463417187752325,1
2025,.463429197996126,1
2025,.463452753104889,1
2025,.463473228899638,1
2025,.46348313568043,1
2025,.463488789742639,1
2025,.463492913330973,1
2025,.463501638303721,1
2025,.463506536884704,1
2025,.463543273678167,1
2025,.463545018029806,1
2025,.463553961340355,1
2025,.463569996703744,1
2025,.463579146690641,1
2025,.463592622772152,1
2025,.463596620629636,1
2025,.463598123495022,1
2025,.463611749359921,1
2025,.463613179160106,1
2025,.463619434317608,1
2025,.463622461664065,1
2025,.463624922371031,1
2025,.463637341471999,1
2025,.463642781377865,1
2025,.463652583388572,1
2025,.463655046399441,1
2025,.463659955308818,1
2025,.463676254619324,1
2025,.463683446434888,1
2025,.463684670424706,1
2025,.463704420283195,1
2025,.463758532177215,1
2025,.463774006169384,1
2025,.463789072371105,1
2025,.463800670160773,1
2025,.463805074563708,1
2025,.463820216252308,1
2025,.463846822759933,1
2025,.463857617707107,1
2025,.463859759773029,1
2025,.463874675723344,1
2025,.463878452803395,1
2025,.46387933823543,1
2025,.463890610310889,1
2025,.463912600163812,1
2025,.46392789956376,1
2025,.463941206453705,1
2025,.463990437846997,1
2025,.464020625170342,1
2025,.464030330155351,1
2025,.46405313344692,1
2025,.464085274972139,1
2025,.464085604098159,1
2025,.464098115885454,1
2025,.46410285017585,1
2025,.464127965494313,1
2025,.464138528904641,1
2025,.464146537107581,1
2025,.464161354896483,1
2025,.46420476273975,1
2025,.464227815410614,1
2025,.464228812340797,1
2025,.464238407961753,1
2025,.464243740029527,1
2025,.4642468027968,1
2025,.464258508520694,1
2025,.464262990651605,1
2025,.464266794835852,1
2025,.464277699212548,1
2025,.464285163274382,1
2025,.464301699918743,1
2025,.464327354911893,1
2025,.464362164652269,1
2025,.464386363802039,1
2025,.464396788477167,1
2025,.464413657173337,1
2025,.464415271338772,1
2025,.464424908776571,1
2025,.464445758302403,1
2025,.464471503630231,1
2025,.464475381238834,1
2025,.464491344987499,1
2025,.464492298428224,1
2025,.464520137720046,1
2025,.464531253583598,1
2025,.464541006572675,1
2025,.464553188003825,1
2025,.464565183856737,1
2025,.46458055100348,1
2025,.464590196408647,1
2025,.464604257944592,1
2025,.464612070731961,1
2025,.464612777251491,1
2025,.464640872514106,1
2025,.464647799095049,1
2025,.464662191884588,1
2025,.464664339960172,1
2025,.464708387455576,1
2025,.464724776077927,1
2025,.464740728906985,1
2025,.464746027546187,1
2025,.464749962028758,1
2025,.464756023146841,1
2025,.464757504808184,1
2025,.464781247983599,1
2025,.464781388732299,1
2025,.46480344641178,1
2025,.464822802907619,1
2025,.464827680002244,1
2025,.464827704173568,1
2025,.464854394252599,1
2025,.464887580173475,1
2025,.464896550603315,1
2025,.464903105498681,1
2025,.464918298419524,1
2025,.464922878853381,1
2025,.464925988683978,1
2025,.464931518152097,1
2025,.464947801372244,1
2025,.464980658154127,1
2025,.465028241052383,1
2025,.46509235571313,1
2025,.465118915988434,1
2025,.465127828282844,1
2025,.465129385586551,1
2025,.465131496676783,1
2025,.465183575271302,1
2025,.465195995731913,1
2025,.465210768463715,1
2025,.465212289013968,1
2025,.465233364824242,1
2025,.465269090509605,1
2025,.465276212183244,1
2025,.465276701625374,1
2025,.465279238204679,1
2025,.465293396223148,1
2025,.465329088692653,1
2025,.465348289189185,1
2025,.465354504675383,1
2025,.46538149303903,1
2025,.465389255368505,1
2025,.46539647347658,1
2025,.465410324022305,1
2025,.465422847057618,1
2025,.465431353274856,1
2025,.465439644907616,1
2025,.465484158008113,1
2025,.465488250838834,1
2025,.46554525496854,1
2025,.465564089481098,1
2025,.465587354198988,1
2025,.465593673262118,1
2025,.465597316040281,1
2025,.46559868309725672,1
2025,.465601725409842,1
2025,.465619724142665,1
2025,.465628982388817,1
2025,.465632249159987,1
2025,.465649520336054,1
2025,.46565655672996,1
2025,.46566767940053,1
2025,.465671619300275,1
2025,.465676449699309,1
2025,.465710040446137,1
2025,.465727943210559,1
2025,.465735714984226,1
2025,.465750173838579,1
2025,.465760836363623,1
2025,.465778196608335,1
2025,.465790179061499,1
2025,.465832726446919,1
2025,.465833630032677,1
2025,.465899289975927,1
2025,.465912573099028,1
2025,.465959668145381,1
2025,.465965022693162,1
2025,.465968747504023,1
2025,.465968947970892,1
2025,.465973667787764,1
2025,.466003594489036,1
2025,.466009562465554,1
2025,.466012905527474,1
2025,.466018694120962,1
2025,.466046298666343,1
2025,.466051484384465,1
2025,.466074293084722,1
2025,.466082428939421,1
2025,.466120142844965,1
2025,.466121677089276,1
2025,.46614021758363,1
2025,.466143023038369,1
2025,.466226856562861,1
2025,.466233365888335,1
2025,.466256683202992,1
2025,.466260459279151,1
2025,.466264834145593,1
2025,.466268061923816,1
2025,.466279455485306,1
2025,.466290741077818,1
2025,.466292574890106,1
2025,.466293801493138,1
2025,.466294066419163,1
2025,.466309830363542,1
2025,.46633097833262,1
2025,.46633338877684,1
2025,.466349489313584,1
2025,.466364843123079,1
2025,.466376541237106,1
2025,.466399306327487,1
2025,.466413539308522,1
2025,.466423164778324,1
2025,.466468747432411,1
2025,.46647973778147,1
2025,.46649351298046,1
2025,.466504280720612,1
2025,.466520977705296,1
2025,.466526990763773,1
2025,.46652894353445,1
2025,.466535454382792,1
2025,.466541195746664,1
2025,.466560070209462,1
2025,.466574925530651,1
2025,.466603684348655,1
2025,.466614380862481,1
2025,.466630200136339,1
2025,.46663523380617,1
2025,.466673022964119,1
2025,.466680366149684,1
2025,.466695611301499,1
2025,.466702911791349,1
2025,.466726971348863,1
2025,.466764622618113,1
2025,.466779729997487,1
2025,.466783859677643,1
2025,.466796884532959,1
2025,.466797260654915,1
2025,.466800878157943,1
2025,.466812664060451,1
2025,.466836892754021,1
2025,.466846045835556,1
2025,.466849505854904,1
2025,.466853767214604,1
2025,.466862757398607,1
2025,.466866984497472,1
2025,.466888889045378,1
2025,.466893432601186,1
2025,.466912320245588,1
2025,.466939165679785,1
2025,.466962678510633,1
2025,.46697653768506,1
2025,.466977581019987,1
2025,.466978689234507,1
2025,.466982784588394,1
2025,.466987337210519,1
2025,.467016694270537,1
2025,.467021727610986,1
2025,.467040134912785,1
2025,.467047197418117,1
2025,.467048954081338,1
2025,.467049581521123,1
2025,.46705106034182,1
2025,.467056038667802,1
2025,.467087250254407,1
2025,.467098158956524,1
2025,.467122067719716,1
2025,.467122285505971,1
2025,.467126023692247,1
2025,.467131405012562,1
2025,.467133566000851,1
2025,.467136784485892,1
2025,.467144880292423,1
2025,.467147257270843,1
2025,.467149429243832,1
2025,.467178651289671,1
2025,.467181870201946,1
2025,.467184530898956,1
2025,.467188427342176,1
2025,.467206481255697,1
2025,.467233656338089,1
2025,.467245469299102,1
2025,.46726277761464,1
2025,.467267210517906,1
2025,.467273379182465,1
2025,.467306216628971,1
2025,.46731942859427,1
2025,.467319449745141,1
2025,.467323982333531,1
2025,.467327229470948,1
2025,.467330733988723,1
2025,.46734064875823,1
2025,.467371200928053,1
2025,.467374119865444,1
2025,.467378475998192,1
2025,.467378802405008,1
2025,.467407792903676,1
2025,.467426221656271,1
2025,.467461206463143,1
2025,.467495648996237,1
2025,.467503773872592,1
2025,.467520948326109,1
2025,.467549727142699,1
2025,.467555842358895,1
2025,.467590383803325,1
2025,.467603203399424,1
2025,.467611122536816,1
2025,.467612044158797,1
2025,.467624321661798,1
2025,.467630377207843,1
2025,.467645389793344,1
2025,.467681507211441,1
2025,.467682375292067,1
2025,.467686084334261,1
2025,.467737361573983,1
2025,.467762888503928,1
2025,.467767165101015,1
2025,.467768305198732,1
2025,.467779157931628,1
2025,.467787933779861,1
2025,.467803773925036,1
2025,.467833881917712,1
2025,.467879752199706,1
2025,.467880393619671,1
2025,.467890800803177,1
2025,.467948051621558,1
2025,.468003574277384,1
2025,.468024097622051,1
2025,.468032298753714,1
2025,.468033144548481,1
2025,.46805961170855,1
2025,.468074088445372,1
2025,.468113767133465,1
2025,.468150849425958,1
2025,.468173892690026,1
2025,.468186202926717,1
2025,.468193671241862,1
2025,.468197281478999,1
2025,.468213121935809,1
2025,.468234671558326,1
2025,.468235099750006,1
2025,.46824551846643,1
2025,.468259250460546,1
2025,.46829691301809,1
2025,.468301452969891,1
2025,.468301460072602,1
2025,.468317185353955,1
2025,.468329551313424,1
2025,.468374523509128,1
2025,.46837944514247,1
2025,.468379868810413,1
2025,.46842500326031,1
2025,.468431687560257,1
2025,.468457828965537,1
2025,.468471139722022,1
2025,.468472062992424,1
2025,.468476894940232,1
2025,.468482200469776,1
2025,.468504749616675,1
2025,.468517687084098,1
2025,.468520610763795,1
2025,.468523359626786,1
2025,.46855701798224,1
2025,.468571729583038,1
2025,.468613314581975,1
2025,.468621188449338,1
2025,.468625850039959,1
2025,.468649154090071,1
2025,.468650715385619,1
2025,.468652155801424,1
2025,.468654722567766,1
2025,.468659258633439,1
2025,.468660255494056,1
2025,.468660783085046,1
2025,.46866958461086,1
2025,.468684939759854,1
2025,.468733316656807,1
2025,.468746857418595,1
2025,.468749746721554,1
2025,.468776650805507,1
2025,.468799003560151,1
2025,.468813867465971,1
2025,.468846427195465,1
2025,.468853617136378,1
2025,.468862610405991,1
2025,.468866937032745,1
2025,.468871021648682,1
2025,.468897513965352,1
2025,.468917769328097,1
2025,.468931271515597,1
2025,.468931779335756,1
2025,.468933306612687,1
2025,.468968977364682,1
2025,.469003103674485,1
2025,.469016572398877,1
2025,.469019628862727,1
2025,.469026129827359,1
2025,.469037179252649,1
2025,.469039793818126,1
2025,.469069960458896,1
2025,.469077853615458,1
2025,.469082753121357,1
2025,.469094203454472,1
2025,.469103697797894,1
2025,.469135724502364,1
2025,.469142809144204,1
2025,.469172809852262,1
2025,.469196894054487,1
2025,.469207294165048,1
2025,.469207830203561,1
2025,.469208756390773,1
2025,.46921636887435,1
2025,.469236150372188,1
2025,.46927084328578,1
2025,.469285717560286,1
2025,.469331642609078,1
2025,.469347953593515,1
2025,.46938479753234,1
2025,.469395937875869,1
2025,.469403255717644,1
2025,.469414953361499,1
2025,.469425781749759,1
2025,.469440094301731,1
2025,.469466969565321,1
2025,.469479650829914,1
2025,.469489590090235,1
2025,.469492125102496,1
2025,.469494137454352,1
2025,.469528361205701,1
2025,.46955080372275,1
2025,.469578421983522,1
2025,.469616934654387,1
2025,.469628337592811,1
2025,.469631646309027,1
2025,.469637907110299,1
2025,.469642653299224,1
2025,.469657049537309,1
2025,.469658898643462,1
2025,.469664151714391,1
2025,.469672957537452,1
2025,.469683481174775,1
2025,.469685129143291,1
2025,.469706354872867,1
2025,.469737920522764,1
2025,.469740427420072,1
2025,.469744870356008,1
2025,.469778475041735,1
2025,.469796474289411,1
2025,.469796508817589,1
2025,.46980531195667,1
2025,.469806038555871,1
2025,.469817490003114,1
2025,.469819762984599,1
2025,.469836574128108,1
2025,.469886207530308,1
2025,.469895661390779,1
2025,.469912817600148,1
2025,.469913307044598,1
2025,.469918770704774,1
2025,.469933922912409,1
2025,.469968341469316,1
2025,.469976257553487,1
2025,.469976421254302,1
2025,.469985935634477,1
2025,.469997391022776,1
2025,.470008187592219,1
2025,.470008794905319,1
2025,.470014323918443,1
2025,.470017373901286,1
2025,.47004562593468,1
2025,.470050623868411,1
2025,.470052676281328,1
2025,.47005771180747,1
2025,.470077794328161,1
2025,.47007967056007,1
2025,.470093231381843,1
2025,.47009490012067,1
2025,.470101395102618,1
2025,.470119304054307,1
2025,.470125770796879,1
2025,.470126809949683,1
2025,.470148622716029,1
2025,.470154652300989,1
2025,.470167012550451,1
2025,.470198694654564,1
2025,.470202593467133,1
2025,.470203400120153,1
2025,.470215253571716,1
2025,.470227067650164,1
2025,.47025001091916,1
2025,.47025325220162,1
2025,.470257129076529,1
2025,.470259617390705,1
2025,.470326233924821,1
2025,.470330259888138,1
2025,.470352239757557,1
2025,.47036626903363,1
2025,.470375119495172,1
2025,.470378912728196,1
2025,.470401044702418,1
2025,.47041536666386,1
2025,.470426196950344,1
2025,.470454326519594,1
2025,.47048043198241,1
2025,.470493352884984,1
2025,.470499220867229,1
2025,.470506023314576,1
2025,.470523953361568,1
2025,.470535511572271,1
2025,.470562551914833,1
2025,.470563927405501,1
2025,.470569854766213,1
2025,.470577507867414,1
2025,.470586314794909,1
2025,.470586322386068,1
2025,.470601619883955,1
2025,.470606153728592,1
2025,.470624643266193,1
2025,.470650002931343,1
2025,.470709632805116,1
2025,.470765039488512,1
2025,.470770948581323,1
2025,.470781572437958,1
2025,.470787798835064,1
2025,.470788305307002,1
2025,.470817410078762,1
2025,.47083651650858,1
2025,.47083707776358,1
2025,.470863836018139,1
2025,.470865325392638,1
2025,.470902397525273,1
2025,.470907362276186,1
2025,.470912019105035,1
2025,.470916454983119,1
2025,.470919891153769,1
2025,.470940749379478,1
2025,.470942879968593,1
2025,.4709608821744,1
2025,.470997111910687,1
2025,.471012883069324,1
2025,.471019336329733,1
2025,.471028681785445,1
2025,.471029034878812,1
2025,.47105445941492,1
2025,.471055300447106,1
2025,.471079769818026,1
2025,.47109315525567,1
2025,.471097247868537,1
2025,.471113577788279,1
2025,.471126917496097,1
2025,.471159161733397,1
2025,.471159859155209,1
2025,.471164384932484,1
2025,.471166171844679,1
2025,.471172818397166,1
2025,.471176471096832,1
2025,.471176971584483,1
2025,.471196973065039,1
2025,.47119999366103,1
2025,.471208144955507,1
2025,.471210795619787,1
2025,.471214223298724,1
2025,.471286766370024,1
2025,.471313550348592,1
2025,.471327335285947,1
2025,.471338089177481,1
2025,.471351501717418,1
2025,.471352797750762,1
2025,.471394167578728,1
2025,.471409017007202,1
2025,.471428072459636,1
2025,.471435049676935,1
2025,.471448950515532,1
2025,.471494393008485,1
2025,.471504773735762,1
2025,.471515552841495,1
2025,.471515684496891,1
2025,.471516441841954,1
2025,.471536630903491,1
2025,.471564194652096,1
2025,.471580368727806,1
2025,.471600631479283,1
2025,.471660103680613,1
2025,.471692944977013,1
2025,.471704714374869,1
2025,.47171761356247,1
2025,.471723232217282,1
2025,.471746499663262,1
2025,.4717566609423,1
2025,.471758811327356,1
2025,.471762913810297,1
2025,.471764499146124,1
2025,.471786049149357,1
2025,.471787215848214,1
2025,.471787536468714,1
2025,.471800479955198,1
2025,.471817890537949,1
2025,.471822692147526,1
2025,.47182400263868,1
2025,.471834974450021,1
2025,.471843458415442,1
2025,.471851852757418,1
2025,.471869812859691,1
2025,.471887303789326,1
2025,.471918600714264,1
2025,.471943450747482,1
2025,.471958828967939,1
2025,.471966410167195,1
2025,.471987106122144,1
2025,.471988226827168,1
2025,.471997374388209,1
2025,.472023351914795,1
2025,.472024231836603,1
2025,.472074309040272,1
2025,.472127989080432,1
2025,.472131089041948,1
2025,.472136432604591,1
2025,.472160191360935,1
2025,.472176936463397,1
2025,.472196828379312,1
2025,.472203087225508,1
2025,.472223998553458,1
2025,.472224683543305,1
2025,.472230823660586,1
2025,.472255066963314,1
2025,.472269692231861,1
2025,.472280884405625,1
2025,.472291356516546,1
2025,.472308449067972,1
2025,.472332355532484,1
2025,.472334564052107,1
2025,.472339316744797,1
2025,.472347910545187,1
2025,.472348031984996,1
2025,.472368628693547,1
2025,.472374509722744,1
2025,.472386431115963,1
2025,.472401532876762,1
2025,.472404405548517,1
2025,.472406960843095,1
2025,.472418049915164,1
2025,.472424760146845,1
2025,.472424948168815,1
2025,.472428007321096,1
2025,.472430809645999,1
2025,.472437783942873,1
2025,.472441388608634,1
2025,.472495832247933,1
2025,.472521610720919,1
2025,.472569356412132,1
2025,.47257510326818,1
2025,.472580766290662,1
2025,.472581218825502,1
2025,.472626041016436,1
2025,.47267096693704,1
2025,.472705452364342,1
2025,.47273931183763,1
2025,.472748413972226,1
2025,.472776496382644,1
2025,.472794943930501,1
2025,.472864952575805,1
2025,.472879471060419,1
2025,.472879756404133,1
2025,.472893691502168,1
2025,.472893711696069,1
2025,.472930082176073,1
2025,.472953520061722,1
2025,.47297958751499,1
2025,.472988413021837,1
2025,.472995354608541,1
2025,.473006168426273,1
2025,.473008621898346,1
2025,.473034333453927,1
2025,.473051725717971,1
2025,.473056361880965,1
2025,.47308655939541,1
2025,.473147508543655,1
2025,.473156068625817,1
2025,.473157112084332,1
2025,.473176671148574,1
2025,.473192663391106,1
2025,.47319480650418,1
2025,.47321492882269,1
2025,.473225611721086,1
2025,.473260704963636,1
2025,.473287758607154,1
2025,.473295935522482,1
2025,.473299018555081,1
2025,.47330572769803,1
2025,.473309976150095,1
2025,.473338372492202,1
2025,.473345494251905,1
2025,.473348734580241,1
2025,.473349813517874,1
2025,.473358358298297,1
2025,.473370070895453,1
2025,.473385402756236,1
2025,.47338889788778,1
2025,.473389135901895,1
2025,.473422501035833,1
2025,.473433787703161,1
2025,.473473747338717,1
2025,.473491249679137,1
2025,.47350258670047,1
2025,.473506838230296,1
2025,.4735075030385,1
2025,.473529613198102,1
2025,.473529798047669,1
2025,.473533819001656,1
2025,.473538659125562,1
2025,.473549922273383,1
2025,.473562095996018,1
2025,.473586434392265,1
2025,.473652855456179,1
2025,.47368691182764,1
2025,.473707790119025,1
2025,.473729757550836,1
2025,.473759563291591,1
2025,.473769409792057,1
2025,.47376943379792,1
2025,.473804959043829,1
2025,.473828675525905,1
2025,.473831071234844,1
2025,.47383271913995,1
2025,.473855161348858,1
2025,.473863793445981,1
2025,.473866388019172,1
2025,.473870268916409,1
2025,.473906381723724,1
2025,.473919592988667,1
2025,.473940892280729,1
2025,.474005124619709,1
2025,.474063985816666,1
2025,.474078755575044,1
2025,.474093993525136,1
2025,.474112426047742,1
2025,.474160468729822,1
2025,.47418455483259,1
2025,.47420907068769,1
2025,.474224301741679,1
2025,.474254503790733,1
2025,.474254535115086,1
2025,.474264513559637,1
2025,.474266024303751,1
2025,.474308876844357,1
2025,.474350960489283,1
2025,.474373564377424,1
2025,.474388342394275,1
2025,.474401024345168,1
2025,.474410430295974,1
2025,.474419052744106,1
2025,.474425480257585,1
2025,.474458984283706,1
2025,.474478228940671,1
2025,.474486448777803,1
2025,.474496882977581,1
2025,.474558745630549,1
2025,.474559412667715,1
2025,.474569976043584,1
2025,.474572990143138,1
2025,.47457444519767,1
2025,.474574949412574,1
2025,.474585646558295,1
2025,.474606810130101,1
2025,.474610061245812,1
2025,.474611951989183,1
2025,.474617864116884,1
2025,.474653611190397,1
2025,.474655431815958,1
2025,.474669847074288,1
2025,.474686631093643,1
2025,.474705754414413,1
2025,.474738483395856,1
2025,.474760980674764,1
2025,.47476224815268,1
2025,.474771095555704,1
2025,.474778387315319,1
2025,.474821872834659,1
2025,.474829841074373,1
2025,.47483811688049,1
2025,.474839740413486,1
2025,.474851567800075,1
2025,.474869968510757,1
2025,.474890649021616,1
2025,.474898510540487,1
2025,.474906551397338,1
2025,.47492583870354,1
2025,.474968911069521,1
2025,.475035940458106,1
2025,.475049128014209,1
2025,.475088955482329,1
2025,.475102741143836,1
2025,.475121078636121,1
2025,.475139412879833,1
2025,.475141329976095,1
2025,.475246953522177,1
2025,.475247382827703,1
2025,.475260794528957,1
2025,.475278163235959,1
2025,.475323565837642,1
2025,.475338068251598,1
2025,.475341760319346,1
2025,.475356403449601,1
2025,.475357089749557,1
2025,.475397516319644,1
2025,.475448693916968,1
2025,.475458669328981,1
2025,.47548524996254,1
2025,.475488232920353,1
2025,.475509497328896,1
2025,.475520554784139,1
2025,.475531543647864,1
2025,.475545862552231,1
2025,.47560121431887,1
2025,.475623981236452,1
2025,.475641699531852,1
2025,.4756439720281,1
2025,.475661037193492,1
2025,.475672770008108,1
2025,.475672918789107,1
2025,.47567337791543896,1
2025,.47567722087597,1
2025,.475687426513195,1
2025,.475716172055774,1
2025,.47573414120899,1
2025,.47573602345557,1
2025,.475754776566401,1
2025,.475778849645632,1
2025,.475801275114134,1
2025,.47581265537064,1
2025,.475856917386752,1
2025,.475875519058502,1
2025,.475883754957632,1
2025,.475935002803387,1
2025,.475945244214004,1
2025,.476055418028259,1
2025,.476083759156182,1
2025,.476085287392635,1
2025,.476092217672563,1
2025,.476105008076947,1
2025,.476105211275121,1
2025,.476111762625091,1
2025,.47615981895734,1
2025,.476164332633501,1
2025,.476175546764025,1
2025,.476207091005517,1
2025,.476273342039736,1
2025,.476288111742521,1
2025,.47631397721616,1
2025,.476317199303945,1
2025,.476327330115979,1
2025,.476340865939189,1
2025,.476344771032373,1
2025,.476345697821811,1
2025,.476373465095737,1
2025,.476378059312857,1
2025,.476390138073991,1
2025,.476431500875495,1
2025,.476466603507497,1
2025,.476467195386745,1
2025,.476489301060009,1
2025,.476491042198564,1
2025,.476492615496788,1
2025,.476497755827186,1
2025,.476498912450257,1
2025,.476499932567182,1
2025,.476526396763557,1
2025,.476535959244094,1
2025,.476537839243497,1
2025,.476574387031611,1
2025,.47658545461221,1
2025,.476589573306085,1
2025,.476594786688405,1
2025,.476615959443288,1
2025,.476642078944392,1
2025,.476645356888344,1
2025,.47667770154682,1
2025,.476686821211412,1
2025,.47669199710137,1
2025,.47670371357708,1
2025,.476706058531952,1
2025,.476735572500541,1
2025,.476784327046904,1
2025,.476785942746032,1
2025,.476786124668127,1
2025,.476789756917772,1
2025,.47681924478730975,1
2025,.476842536635848,1
2025,.476850805822087,1
2025,.47685116028172,1
2025,.476851480843889,1
2025,.476861631459236,1
2025,.476905091650966,1
2025,.47691840820014,1
2025,.476949168611619,1
2025,.476963111675024,1
2025,.476969309454703,1
2025,.476969512180327,1
2025,.476973533268323,1
2025,.476991515015303,1
2025,.476994457873093,1
2025,.477003487377615,1
2025,.477016552244855,1
2025,.477020397916209,1
2025,.477024724347699,1
2025,.477046136566872,1
2025,.477056960125064,1
2025,.477057426609626,1
2025,.477061016237554,1
2025,.477065210725641,1
2025,.477077705921066,1
2025,.477080266904949,1
2025,.477082861415287,1
2025,.477089391567394,1
2025,.477117564360608,1
2025,.477123796474298,1
2025,.477132178724844,1
2025,.477147818408716,1
2025,.477169299259436,1
2025,.477180822959587,1
2025,.477193783784924,1
2025,.477194057636338,1
2025,.47720786557254,1
2025,.477213125016976,1
2025,.477221338274853,1
2025,.477224109450859,1
2025,.477251349645071,1
2025,.477252470228783,1
2025,.477252928837418,1
2025,.477253019624361,1
2025,.477258131790713,1
2025,.477261884280333,1
2025,.477270122495559,1
2025,.477279705446809,1
2025,.477283365761223,1
2025,.477298316288357,1
2025,.477371277335216,1
2025,.477409697026342,1
2025,.477427023497073,1
2025,.477430301836303,1
2025,.477443275136006,1
2025,.477445274183364,1
2025,.477445672571459,1
2025,.477447066021033,1
2025,.477458537585835,1
2025,.477484629632929,1
2025,.47749567368441,1
2025,.477497509621137,1
2025,.477499673696836,1
2025,.477523282178846,1
2025,.477540312115741,1
2025,.477548799848327,1
2025,.477565030795269,1
2025,.477576647579101,1
2025,.477595105783234,1
2025,.477596778557935,1
2025,.477603302684396,1
2025,.477660561082022,1
2025,.477661022449438,1
2025,.477672461623285,1
2025,.477679487568443,1
2025,.477691022160195,1
2025,.477731760316972,1
2025,.477732847321731,1
2025,.477744687286288,1
2025,.477759178235202,1
2025,.47779206487285,1
2025,.4777965914542,1
2025,.477797085071794,1
2025,.477810194946448,1
2025,.477813041481394,1
2025,.477821658127055,1
2025,.477835105718156,1
2025,.477849248520354,1
2025,.477904737401559,1
2025,.477906722548584,1
2025,.477918880187173,1
2025,.477925897971669,1
2025,.477967756665894,1
2025,.477970637521886,1
2025,.477980565688088,1
2025,.477984758806715,1
2025,.478006078788076,1
2025,.478008348470515,1
2025,.478030174897982,1
2025,.478032370396679,1
2025,.478037229902963,1
2025,.478053495274416,1
2025,.478077566777845,1
2025,.47809227242059,1
2025,.47810373536115,1
2025,.478115583247672,1
2025,.478147981843088,1
2025,.478150307620181,1
2025,.478151511631374,1
2025,.478164830780427,1
2025,.478178084058568,1
2025,.478179421637002,1
2025,.478187184332449,1
2025,.478200483297269,1
2025,.478214315336992,1
2025,.478220299847409,1
2025,.478260319015753,1
2025,.478284252092912,1
2025,.478287289576463,1
2025,.478318741910372,1
2025,.478323253417495,1
2025,.478325642053648,1
2025,.47833201114394,1
2025,.478350821624865,1
2025,.47835247998336,1
2025,.478367109067014,1
2025,.478373028054114,1
2025,.478405428916825,1
2025,.478405790977479,1
2025,.478407213674968,1
2025,.478414371058179,1
2025,.478437467826718,1
2025,.478496743555802,1
2025,.478508297831101,1
2025,.478513609658358,1
2025,.478530008272047,1
2025,.478553441742362,1
2025,.478562026972586,1
2025,.478566377134574,1
2025,.478566543866269,1
2025,.478569265797992,1
2025,.478586677135524,1
2025,.478593229075266,1
2025,.478600168209941,1
2025,.478605598011916,1
2025,.478618923229315,1
2025,.47862430704895,1
2025,.478629427131137,1
2025,.478652554361001,1
2025,.478666232198344,1
2025,.478683688650913,1
2025,.478695331780789,1
2025,.478727086323051,1
2025,.478731557186881,1
2025,.478743117841031,1
2025,.478756330110229,1
2025,.478804778515335,1
2025,.478838742127316,1
2025,.478858242253114,1
2025,.478862457151733,1
2025,.478864555989977,1
2025,.478866613075327,1
2025,.478880128484292,1
2025,.478923622216138,1
2025,.478932900999875,1
2025,.478952756284218,1
2025,.478976242966572,1
2025,.478978372187162,1
2025,.478986638977346,1
2025,.479002597431405,1
2025,.479029840883983,1
2025,.479032922280223,1
2025,.47904563198362,1
2025,.479089914178308,1
2025,.479093542047981,1
2025,.479107178727045,1
2025,.479121972665439,1
2025,.479140092482506,1
2025,.479170270898749,1
2025,.479179490077948,1
2025,.479182706766126,1
2025,.479184688437552,1
2025,.47918690299368,1
2025,.479195485185084,1
2025,.479240885566268,1
2025,.479257341389902,1
2025,.479259198658338,1
2025,.479265315484376,1
2025,.479280486159981,1
2025,.479284531616271,1
2025,.479301077703168,1
2025,.479307330096761,1
2025,.47930839827408,1
2025,.479318401405195,1
2025,.479328661628559,1
2025,.479329022499044,1
2025,.479330424965499,1
2025,.479341488920426,1
2025,.479344910460102,1
2025,.479363690712686,1
2025,.479401358803916,1
2025,.479408902594025,1
2025,.479415971873574,1
2025,.479426617503116,1
2025,.479437565331368,1
2025,.479446060508789,1
2025,.479452109582153,1
2025,.479469353883818,1
2025,.479482088468763,1
2025,.479526446914798,1
2025,.479541175028429,1
2025,.479545544822671,1
2025,.47957050145138,1
2025,.479574079834738,1
2025,.479602275776617,1
2025,.47960886364845,1
2025,.479631218488576,1
2025,.479639278081375,1
2025,.47970318726872,1
2025,.479706273360989,1
2025,.47971650609982,1
2025,.479725305519185,1
2025,.479731172037809,1
2025,.479753625148503,1
2025,.479765363243736,1
2025,.479782152921039,1
2025,.479800233239681,1
2025,.479805938175309,1
2025,.479840804937989,1
2025,.479848625500322,1
2025,.479851258392485,1
2025,.479856295154261,1
2025,.479870064051376,1
2025,.47987423751993,1
2025,.479896357522376,1
2025,.479938201515899,1
2025,.479943493320298,1
2025,.479951686229524,1
2025,.479957910995425,1
2025,.480040144001564,1
2025,.480043825932946,1
2025,.480070109225479,1
2025,.480086502649025,1
2025,.480088485671528,1
2025,.480104864777304,1
2025,.480115204394093,1
2025,.48013224295038,1
2025,.480136685974143,1
2025,.480141256851853,1
2025,.480145041561594,1
2025,.480159430641852,1
2025,.480168743064194,1
2025,.48016945193218,1
2025,.480172352637891,1
2025,.480185029787954,1
2025,.480190554146965,1
2025,.480200431980532,1
2025,.480255889872305,1
2025,.480261493142415,1
2025,.480309358497458,1
2025,.480338628651971,1
2025,.480354460270215,1
2025,.48037929111647,1
2025,.48039314668461,1
2025,.480433113502335,1
2025,.480459149047267,1
2025,.480465727186801,1
2025,.480514140313444,1
2025,.480514762651263,1
2025,.480519724732859,1
2025,.48052516651080696,1
2025,.480537163633067,1
2025,.480603023196124,1
2025,.480609895579521,1
2025,.48061284346122,1
2025,.480628744373587,1
2025,.480634633008876,1
2025,.480638432621722,1
2025,.480642424872946,1
2025,.480643299400646,1
2025,.480647821483785,1
2025,.480653645120805,1
2025,.480668960967238,1
2025,.480684856700713,1
2025,.480716419059636,1
2025,.480718166031434,1
2025,.480754330573174,1
2025,.480778430269831,1
2025,.480781097405161,1
2025,.480788341748257,1
2025,.480788974375395,1
2025,.480794431961155,1
2025,.480809769218206,1
2025,.480810433862241,1
2025,.480856247215038,1
2025,.480868237894455,1
2025,.480908822069655,1
2025,.48092284317776,1
2025,.480929427883883,1
2025,.480929783518067,1
2025,.480939417691986,1
2025,.480945274276963,1
2025,.480958639777454,1
2025,.48098070896833,1
2025,.480981173814406,1
2025,.480982772716792,1
2025,.48099090517278,1
2025,.480997077429691,1
2025,.481026410647186,1
2025,.481050997568385,1
2025,.481054940062242,1
2025,.481063544511154,1
2025,.481071973766503,1
2025,.481085518211637,1
2025,.48111221429622,1
2025,.481126566879732,1
2025,.481136430296934,1
2025,.481158988047584,1
2025,.48117635914975,1
2025,.48118001983222,1
2025,.481184554365397,1
2025,.481198912540553,1
2025,.481209548666373,1
2025,.481215500386582,1
2025,.481236396314278,1
2025,.48124158760172,1
2025,.481272128062967,1
2025,.481289987093407,1
2025,.481293785116081,1
2025,.481315046246369,1
2025,.481316878958908,1
2025,.481322324655174,1
2025,.481337991850525,1
2025,.481342899666921,1
2025,.481377396520547,1
2025,.481391460435974,1
2025,.481393165738576,1
2025,.481405706920672,1
2025,.481416275626229,1
2025,.481418643980845,1
2025,.481457865088768,1
2025,.481464737786993,1
2025,.481479522785041,1
2025,.481492276518915,1
2025,.481505848359328,1
2025,.481514466693787,1
2025,.481520964839357,1
2025,.481534288663381,1
2025,.481534511640831,1
2025,.481541948725796,1
2025,.481554038616364,1
2025,.481598650879211,1
2025,.481626683497242,1
2025,.481635811655188,1
2025,.481684628050502,1
2025,.481713285942832,1
2025,.48172626776551,1
2025,.481726410980793,1
2025,.481733379823845,1
2025,.481742044611578,1
2025,.481760961119719,1
2025,.481769348972868,1
2025,.481776679586085,1
2025,.481780459878712,1
2025,.481796514453706,1
2025,.481824584279255,1
2025,.481828011841099,1
2025,.481831562585275,1
2025,.481835412300412,1
2025,.48185499586864,1
2025,.481855373086457,1
2025,.481878832451005,1
2025,.481894803631796,1
2025,.481902145279072,1
2025,.481930232522091,1
2025,.481944715998605,1
2025,.481957446355977,1
2025,.481976246620556,1
2025,.48198867525072,1
2025,.4819934064585,1
2025,.481995074538611,1
2025,.481998723158551,1
2025,.482044937347145,1
2025,.48205062760102,1
2025,.482069712843152,1
2025,.482122982879569,1
2025,.48212575256464,1
2025,.482183788417417,1
2025,.482184652901219,1
2025,.482191055600346,1
2025,.482204612440261,1
2025,.482229614570158,1
2025,.482229826619577,1
2025,.482247113505906,1
2025,.482266897969789,1
2025,.482315423959638,1
2025,.482320095611553,1
2025,.482334240419463,1
2025,.48233813690725,1
2025,.482343671009628,1
2025,.482354608511482,1
2025,.482354667635602,1
2025,.482402982780625,1
2025,.48240481076127,1
2025,.482428812928698,1
2025,.482435431219469,1
2025,.482436745512391,1
2025,.482436769379053,1
2025,.482437084435626,1
2025,.482447696071136,1
2025,.482468913926339,1
2025,.482472108506093,1
2025,.482474275541488,1
2025,.482487421338023,1
2025,.482488635838449,1
2025,.482521804246334,1
2025,.482539021880481,1
2025,.482546031805177,1
2025,.482580039573155,1
2025,.482597559405491,1
2025,.482599974220336,1
2025,.48264408282288,1
2025,.482681198724364,1
2025,.482690622574191,1
2025,.482701338083684,1
2025,.482721430047416,1
2025,.482732753715973,1
2025,.482736154859035,1
2025,.482740921587889,1
2025,.48275134682304111,1
2025,.482752276519026,1
2025,.482754430904219,1
2025,.482761526674207,1
2025,.482763038914971,1
2025,.482768300857036,1
2025,.482789383414842,1
2025,.482793739073612,1
2025,.482818262409759,1
2025,.482826808632055,1
2025,.482838068024948,1
2025,.482884645574086,1
2025,.482933589640422,1
2025,.482993920124856,1
2025,.482996385477206,1
2025,.48300935800796,1
2025,.483023049507683,1
2025,.483023727854217,1
2025,.483025114829871,1
2025,.483046570496789,1
2025,.483060749218637,1
2025,.483074658107458,1
2025,.483081475137387,1
2025,.483082412230572,1
2025,.483091060408312,1
2025,.48311009740753,1
2025,.483115059256119,1
2025,.483130076142394,1
2025,.483130733119115,1
2025,.483150950154066,1
2025,.483160171245897,1
2025,.483183937368879,1
2025,.483225656542324,1
2025,.483234278615286,1
2025,.483250337926115,1
2025,.483285236861735,1
2025,.483293166314764,1
2025,.483301899697535,1
2025,.483310443797534,1
2025,.483310804290061,1
2025,.483333156498348,1
2025,.483333328488282,1
2025,.483338208701212,1
2025,.483382755148101,1
2025,.483391162451364,1
2025,.48340087773447,1
2025,.483416041221295,1
2025,.483440472748842,1
2025,.483487461194561,1
2025,.483503539346386,1
2025,.483509745913927,1
2025,.483515183073781,1
2025,.483516314762159,1
2025,.483527257595763,1
2025,.483541771172322,1
2025,.483546625738878,1
2025,.483595197416101,1
2025,.483617709152668,1
2025,.483624743855372,1
2025,.483633782159191,1
2025,.48364221094264,1
2025,.483652092966844,1
2025,.483689687320229,1
2025,.483690134649638,1
2025,.483699576578915,1
2025,.483702711858798,1
2025,.483744259876649,1
2025,.483785076297448,1
2025,.483789160890527,1
2025,.483813182408725,1
2025,.483863844854706,1
2025,.483889895312109,1
2025,.483897858587904,1
2025,.483920350584739,1
2025,.483925681758234,1
2025,.483928981769951,1
2025,.483958791930046,1
2025,.483974262864179,1
2025,.483982716051375,1
2025,.484001406933711,1
2025,.484010717491006,1
2025,.484024917009976,1
2025,.484028834101472,1
2025,.484038349565123,1
2025,.484076980738566,1
2025,.484089715181301,1
2025,.484094319325639,1
2025,.484124206438845,1
2025,.484140846874345,1
2025,.484159111335896,1
2025,.484160822089443,1
2025,.484166640933678,1
2025,.484196884063524,1
2025,.484201805367916,1
2025,.484208806534534,1
2025,.484228052973957,1
2025,.484229638586102,1
2025,.484251986834251,1
2025,.484263577919651,1
2025,.484264351278222,1
2025,.484270026886411,1
2025,.484276282646635,1
2025,.484282445418039,1
2025,.484289585989598,1
2025,.484314196122871,1
2025,.484355488935172,1
2025,.484365484409055,1
2025,.484370643496781,1
2025,.484384203818442,1
2025,.484392772795012,1
2025,.484396771053202,1
2025,.484405711671799,1
2025,.484421334516506,1
2025,.484426110936867,1
2025,.484449968954736,1
2025,.484457836609663,1
2025,.484470261366733,1
2025,.484472006439546,1
2025,.484498866957637,1
2025,.484534380281719,1
2025,.484544265961402,1
2025,.484548574141292,1
2025,.484584836937663,1
2025,.484598424523271,1
2025,.484614704938762,1
2025,.484616132221803,1
2025,.484636743365121,1
2025,.484671024113853,1
2025,.484695749861135,1
2025,.484703516659421,1
2025,.484711742486376,1
2025,.484715234472316,1
2025,.484720323758313,1
2025,.484725518028009,1
2025,.484753501092012,1
2025,.484755248945901,1
2025,.484759048633852,1
2025,.484787539143435,1
2025,.484805656311615,1
2025,.484809336974405,1
2025,.484860687569219,1
2025,.484864795111974,1
2025,.484876573249935,1
2025,.484895908774558,1
2025,.484943839497026,1
2025,.484954134492413,1
2025,.484957382317953,1
2025,.48495825189784,1
2025,.484970709194771,1
2025,.484973744383305,1
2025,.484981486664411,1
2025,.48502289183305,1
2025,.485039528312801,1
2025,.485059867427729,1
2025,.485073556741152,1
2025,.485084005694775,1
2025,.485100927327236,1
2025,.485113761736651,1
2025,.485115120123314,1
2025,.485175811260371,1
2025,.485178532335747,1
2025,.485178756793024,1
2025,.485190516224701,1
2025,.485216779208832,1
2025,.485224023287246,1
2025,.485224477812377,1
2025,.485230986883338,1
2025,.485231992954534,1
2025,.485283623024387,1
2025,.485340123177236,1
2025,.485360053747998,1
2025,.485364646343613,1
2025,.485369039524054,1
2025,.485386724514443,1
2025,.485399673406219,1
2025,.485409982252833,1
2025,.485412505577634,1
2025,.48544356483284,1
2025,.48544424478385,1
2025,.485452730474689,1
2025,.485499813854622,1
2025,.485507544454223,1
2025,.485516504814627,1
2025,.485633764927653,1
2025,.485646119487225,1
2025,.485646671506335,1
2025,.485651740497697,1
2025,.4856585874059,1
2025,.485680789562424,1
2025,.485722301253629,1
2025,.485727246254765,1
2025,.485727589261798,1
2025,.485739621434808,1
2025,.485748673041536,1
2025,.48576323818204,1
2025,.485779651718706,1
2025,.485779879996224,1
2025,.485822169095705,1
2025,.485824784843584,1
2025,.485838115346139,1
2025,.485887388306976,1
2025,.485906074299177,1
2025,.485911646829219,1
2025,.485928464782597,1
2025,.485955656478245,1
2025,.485972399678369,1
2025,.485990244418694,1
2025,.486002647076221,1
2025,.486004695328671,1
2025,.486004746427019,1
2025,.486005390891966,1
2025,.486036176337584,1
2025,.486087881124264,1
2025,.486092384281085,1
2025,.486144055854992,1
2025,.486156655605227,1
2025,.486167544921105,1
2025,.48621985980915,1
2025,.486221294735385,1
2025,.486246357710317,1
2025,.486251609891964,1
2025,.48625229018178,1
2025,.486259161847574,1
2025,.486260655450549,1
2025,.486269734866304,1
2025,.486272351766139,1
2025,.486326466322156,1
2025,.486331062372882,1
2025,.486333966925236,1
2025,.486357850106107,1
2025,.486368435742349,1
2025,.486371373905225,1
2025,.486404538296413,1
2025,.48641575282604,1
2025,.486427967239982,1
2025,.486438363992887,1
2025,.486450887728929,1
2025,.486454094529694,1
2025,.486454933789959,1
2025,.486459678947585,1
2025,.486477760317227,1
2025,.48649747433533,1
2025,.486502323290165,1
2025,.486509191000518,1
2025,.486568008103564,1
2025,.486593660996603,1
2025,.486600153044183,1
2025,.486650341371862,1
2025,.486656276141051,1
2025,.486659071034484,1
2025,.486702544665713,1
2025,.486715031767112,1
2025,.486727080887274,1
2025,.486730881014514,1
2025,.486748189333722,1
2025,.486771188954748,1
2025,.486772221024162,1
2025,.486776929555786,1
2025,.48678041336871,1
2025,.486781056479232,1
2025,.486826024092373,1
2025,.486830468951319,2
2025,.486862177208322,1
2025,.486880578945283,1
2025,.486890213770461,1
2025,.486893304106021,1
2025,.486903581608222,1
2025,.486910020832725,1
2025,.486919275810192,1
2025,.486923046036803,1
2025,.486944830998155,1
2025,.486954657353739,1
2025,.486972638487245,1
2025,.486977233195492,1
2025,.487028264998046,1
2025,.487059961858889,1
2025,.487060911368309,1
2025,.487071310965526,1
2025,.487078851228922,1
2025,.487080601833014,1
2025,.487093665694881,1
2025,.487096202005188,1
2025,.487100236539924,1
2025,.487102092996312,1
2025,.487119566586803,1
2025,.487126316565625,1
2025,.487134209529194,1
2025,.487152993707969,1
2025,.487163749843394,1
2025,.487175748706606,1
2025,.487180465477449,1
2025,.487273044543978,1
2025,.487275078085029,1
2025,.487288863157812,1
2025,.48729423892682,1
2025,.487299929452396,1
2025,.487303049689039,1
2025,.487319464051532,1
2025,.487335110270987,1
2025,.487361033582049,1
2025,.487362986634358,1
2025,.487388343262282,1
2025,.487404544247194,1
2025,.487410825265447,1
2025,.487421262044728,1
2025,.487426889109218,1
2025,.487460835419484,1
2025,.487480548319318,1
2025,.487490798619063,1
2025,.487519920759518,1
2025,.487541924986799,1
2025,.487553321018848,1
2025,.487553930453951,1
2025,.487555766640161,1
2025,.487559344084197,1
2025,.487571715545576,1
2025,.487610627010668,1
2025,.487633068082644,1
2025,.487634894113457,1
2025,.487637509851729,1
2025,.4876465383415,1
2025,.487646985762189,1
2025,.487685157243493,1
2025,.487685838259993,1
2025,.487697976916939,1
2025,.48772033453619,1
2025,.487731939943333,1
2025,.487742415825591,1
2025,.487760688487697,1
2025,.4877732059795,1
2025,.487788048661282,1
2025,.487797639347073,1
2025,.487799362914526,1
2025,.487808380442783,1
2025,.487816297159972,1
2025,.487821353813962,1
2025,.487826472520638,1
2025,.48783185796547496,1
2025,.487839405463375,1
2025,.487839450421531,1
2025,.487858412060068,1
2025,.487862841656725,1
2025,.487866523597203,1
2025,.487892881684632,1
2025,.487901264717784,1
2025,.487906930156576,1
2025,.487907620255131,1
2025,.487922628540145,1
2025,.487926631464645,1
2025,.488028703143606,1
2025,.488081103901675,1
2025,.488104173406987,1
2025,.488126451707039,1
2025,.488132111295958,1
2025,.488138057892801,1
2025,.488151123606408,1
2025,.48815302221526,1
2025,.488158570828634,1
2025,.488176357868356,1
2025,.48818482204225,1
2025,.488234086859958,1
2025,.48824311888072364,1
2025,.488243707054513,1
2025,.488245592892308,1
2025,.488257620667951,1
2025,.488327155707915,1
2025,.488327642333333,1
2025,.488340361451666,1
2025,.488341129181523,1
2025,.488357599663364,1
2025,.488387119028973,1
2025,.488417984376044,1
2025,.488436344207517,1
2025,.488436409986614,1
2025,.488452298118721,1
2025,.488456775688532,1
2025,.488484175471995,1
2025,.488521779416181,1
2025,.488522341833618,1
2025,.488540423068172,1
2025,.48856526634563,1
2025,.488566479968445,1
2025,.488574312803865,1
2025,.488577715027373,1
2025,.488583009700193,1
2025,.488597782839525,1
2025,.488606171675967,1
2025,.488608881058947,1
2025,.488612586707921,1
2025,.488622979464827,1
2025,.488637721255436,1
2025,.488658300812568,1
2025,.488666298668219,1
2025,.488677589688147,1
2025,.488692483747242,1
2025,.488693009840792,1
2025,.488697917364605,1
2025,.488700705791382,1
2025,.488706267479139,1
2025,.48871805448998,1
2025,.488727229774498,1
2025,.488763264646327,1
2025,.488801369343947,1
2025,.488867775908606,1
2025,.488878783577733,1
2025,.488884876127298,1
2025,.488908744457944,1
2025,.488908983269784,1
2025,.488919551048993,1
2025,.488935769664149,1
2025,.488937232550421,1
2025,.488946669256065,1
2025,.488947834539196,1
2025,.488947955153342,1
2025,.488970723303061,1
2025,.488992788098467,1
2025,.489015659177746,1
2025,.48902503854392,1
2025,.489033516800881,1
2025,.489033913423917,1
2025,.489052841194309,1
2025,.489078783270468,1
2025,.489110079752395,1
2025,.489111124050723,1
2025,.489112804360105,1
2025,.489112847256092,1
2025,.489113708362709,1
2025,.489121600914281,1
2025,.489133868795324,1
2025,.489143012647906,1
2025,.489152817740076,1
2025,.489157220449912,1
2025,.489164476611532,1
2025,.489185202663049,1
2025,.489193668266065,1
2025,.489193963633653,1
2025,.489203765747819,1
2025,.489221492790873,1
2025,.489224340233229,1
2025,.489237806314321,1
2025,.489241000975102,1
2025,.489272327944271,1
2025,.489294480861516,1
2025,.48930316136518,1
2025,.489315788664148,1
2025,.489326932023283,1
2025,.489333540860102,1
2025,.489362236281048,1
2025,.489368806315173,1
2025,.48937667661717,1
2025,.489383371578885,1
2025,.489400593615778,1
2025,.489433537494851,1
2025,.489433818760739,1
2025,.489462892333639,1
2025,.489469754049955,1
2025,.489476582612018,1
2025,.489483831820643,1
2025,.489512262514475,1
2025,.489534610786429,1
2025,.489543210609438,1
2025,.489555891468117,1
2025,.489582964895839,1
2025,.489596633073522,1
2025,.489610000451407,1
2025,.48962490555614,1
2025,.489631835610136,1
2025,.489673678828278,1
2025,.489687288122405,1
2025,.489703203694412,1
2025,.489703417554786,1
2025,.489724884939846,1
2025,.489766572428406,1
2025,.489767306699405,1
2025,.489812999661592,1
2025,.489819629066656,1
2025,.489830066924126,1
2025,.489830572506617,1
2025,.489838019216018,1
2025,.489850823790241,1
2025,.489852782688448,1
2025,.489860295755741,1
2025,.489877446938994,1
2025,.489880266246083,1
2025,.4898984586074,1
2025,.489921083271902,1
2025,.48994518270797,1
2025,.489957947243549,1
2025,.489963778312243,1
2025,.489964022733024,1
2025,.489967712918209,1
2025,.489969327490065,1
2025,.489972990570776,1
2025,.489984780104576,1
2025,.489996411321527,1
2025,.490016340212637,1
2025,.490035839612071,1
2025,.490036826728968,1
2025,.490063432806516,1
2025,.490081317814815,1
2025,.490090150588799,1
2025,.4900968900736,1
2025,.490105968671989,1
2025,.490135809164494,1
2025,.490163322644297,1
2025,.490165834755534,1
2025,.490179599100314,1
2025,.490186891587576,1
2025,.490191790734533,1
2025,.490210406140118,1
2025,.490232707340245,1
2025,.490239816286862,1
2025,.490239911667765,1
2025,.49026141453465,1
2025,.490288409007756,1
2025,.490297021244035,1
2025,.490309923725712,1
2025,.490335002722896,1
2025,.490340984253642,1
2025,.490341855747916,1
2025,.490345895374738,1
2025,.490379662447996,1
2025,.490380278787927,1
2025,.490385934767895,1
2025,.49039950727247,1
2025,.490407630050436,1
2025,.49045831249585,1
2025,.490458545886573,1
2025,.490459344357237,1
2025,.490459508589226,1
2025,.490463592801516,1
2025,.490464298347783,1
2025,.490540558789738,1
2025,.490556042770379,1
2025,.490561029755472,1
2025,.49056668044552,1
2025,.490570469791122,1
2025,.490578456086867,1
2025,.490604271704867,1
2025,.490638264339236,1
2025,.490677285294864,1
2025,.490683776459628,1
2025,.490697975669801,1
2025,.490699495819478,1
2025,.490707074063458,1
2025,.490709667737007,1
2025,.490724818197769,1
2025,.490730142945537,1
2025,.490733325306102,1
2025,.490754531455126,1
2025,.490775311294819,1
2025,.490781370958,1
2025,.490812448580049,1
2025,.490820845073825,1
2025,.490831058847631,1
2025,.490871027526728,1
2025,.490886680387611,1
2025,.490887217125942,1
2025,.49090069710084,1
2025,.49090481132695,1
2025,.490916060170733,1
2025,.490927991932799,1
2025,.490953292471072,1
2025,.490971482556176,1
2025,.491001607570978,1
2025,.491015980441086,1
2025,.491025357946602,1
2025,.491025410359694,1
2025,.491026172640711,1
2025,.491030808162752,1
2025,.491032958415373,1
2025,.491037263046591,1
2025,.491052765892285,1
2025,.491070031054168,1
2025,.491091849110797,1
2025,.49111200965628,1
2025,.491116515900177,1
2025,.491135794437712,1
2025,.491144450645765,1
2025,.491148717899734,1
2025,.491164506694312,1
2025,.491192054762006,1
2025,.491213114898376,1
2025,.491220437922283,1
2025,.491232251648671,1
2025,.491232797463467,1
2025,.49123741051623,1
2025,.491248276977418,1
2025,.49125096709492,1
2025,.491252250920866,1
2025,.491253791858449,1
2025,.491279870216669,1
2025,.49128862890587,1
2025,.491293897031088,1
2025,.491309362980394,1
2025,.491339447064282,1
2025,.491341119711038,1
2025,.491343633488148,1
2025,.491352550082558,1
2025,.491390940283419,1
2025,.49141621409627,1
2025,.491419708092183,1
2025,.491422942425811,1
2025,.491428595657026,1
2025,.491458847416262,1
2025,.491465132324248,1
2025,.491524352428929,1
2025,.491541533165928,1
2025,.491574825519128,1
2025,.49157500760613,1
2025,.491593968562926,1
2025,.491595577109979,1
2025,.491597683270683,1
2025,.491616682184981,1
2025,.491629049137216,1
2025,.491657255866216,1
2025,.491666802677046,1
2025,.491666932191844,1
2025,.491728359808505,1
2025,.491736872951921,1
2025,.491749471202655,1
2025,.491781465726986,1
2025,.491809085846162,1
2025,.491816532989204,1
2025,.491823798617203,1
2025,.491837962352554,1
2025,.491863402346841,1
2025,.491864831924737,1
2025,.491867415903168,1
2025,.491963371901127,1
2025,.49197532579032,1
2025,.491975632738052,1
2025,.491983260509786,1
2025,.491985780000189,1
2025,.491990463340043,1
2025,.491991273411527,1
2025,.49200459949411,1
2025,.492013948870112,1
2025,.492016816886441,1
2025,.492080660156869,1
2025,.492094826616815,1
2025,.492103220162091,1
2025,.49213960571843,1
2025,.492142779578168,1
2025,.49214896334351,1
2025,.49215398336371,1
2025,.492158397620481,1
2025,.492176587146628,1
2025,.492181961283394,1
2025,.492183865792369,1
2025,.492199366585354,1
2025,.492212855720277,1
2025,.49222451258747,1
2025,.492248813309739,1
2025,.492249630835562,1
2025,.492260200360532,1
2025,.492290376705383,1
2025,.492293286885158,1
2025,.492314281060033,1
2025,.492315388809214,1
2025,.492341433995615,1
2025,.492342194260534,1
2025,.492342517933066,1
2025,.49238678834393,1
2025,.492395284303461,1
2025,.49240447791803,1
2025,.492430534940073,1
2025,.492431676920863,1
2025,.492438581952881,1
2025,.492439578957949,1
2025,.492441344825101,1
2025,.492482297517103,1
2025,.492485501636455,1
2025,.492499225849321,1
2025,.492521216220724,1
2025,.49256263983164,1
2025,.492569303794428,1
2025,.492573285278027,1
2025,.492576947355007,1
2025,.492592755966383,1
2025,.49259748065442,1
2025,.49261953793156,1
2025,.492663119436696,1
2025,.492692181216484,1
2025,.49270446238332,1
2025,.492725285551133,1
2025,.492727194424013,1
2025,.492727645409059,1
2025,.492731737416354,1
2025,.492736161816933,1
2025,.492747077855856,1
2025,.492752284349085,1
2025,.492754596895125,1
2025,.492773705095917,1
2025,.492786184266701,1
2025,.492813989878391,1
2025,.492814025909403,1
2025,.492814251642097,1
2025,.492816709943299,1
2025,.49282326697441,1
2025,.492868230188108,1
2025,.492882195511284,1
2025,.492892672454654,1
2025,.492895784440067,1
2025,.492898720944789,1
2025,.492909892335228,1
2025,.492923228840737,1
2025,.492933221906905,1
2025,.492945174720347,1
2025,.492947355700429,1
2025,.492965108868936,1
2025,.49300143378764,1
2025,.493046606168095,1
2025,.493080052593427,1
2025,.493084552483706,1
2025,.493087351056283,1
2025,.493094375049914,1
2025,.493176265393046,1
2025,.493212002888434,1
2025,.493242207597124,1
2025,.49324398928547,1
2025,.493263129926475,1
2025,.49330400241433,1
2025,.493321817663401,1
2025,.49333765412089,1
2025,.493354512646447,1
2025,.49336793762547,1
2025,.493373956710688,1
2025,.493376146060382,1
2025,.493451452617496,1
2025,.493452590983916,1
2025,.493453212096838,1
2025,.493485579388244,1
2025,.493503754231951,1
2025,.493517242949041,1
2025,.49353587452004,1
2025,.493553055183975,1
2025,.493574451282865,1
2025,.493580513067204,1
2025,.493590089303565,1
2025,.493590595002575,1
2025,.49361957863458,1
2025,.493623470177428,1
2025,.493625269624721,1
2025,.493643079716152,1
2025,.493668392101381,1
2025,.4936766820724,1
2025,.493695045206747,1
2025,.493700245681377,1
2025,.493714607354144,1
2025,.493729532641047,1
2025,.493746346690095,1
2025,.493750043080498,1
2025,.49376133011301,1
2025,.493772496839046,1
2025,.493802629911495,1
2025,.493822244296492,1
2025,.493831772213812,1
2025,.493833250760569,1
2025,.493834034813721,1
2025,.493856955517079,1
2025,.493857825287212,1
2025,.493891037637789,1
2025,.493910326253381,1
2025,.493933167373846,1
2025,.493942657991546,1
2025,.493945271641251,1
2025,.493962350696186,1
2025,.493987858151842,1
2025,.493988075086483,1
2025,.494011883484582,1
2025,.494020233657989,1
2025,.494021940764609,1
2025,.494040406207779,1
2025,.494045232985081,1
2025,.494050918564359,1
2025,.49405419103978,1
2025,.494106827945269,1
2025,.494112652365661,1
2025,.494131274925337,1
2025,.494165933100099,1
2025,.494178708801294,1
2025,.494184196665085,1
2025,.494206912318718,1
2025,.494207320277146,1
2025,.494222530976095,1
2025,.494224317439144,1
2025,.494225626534494,1
2025,.494229723517092,1
2025,.494231972102756,1
2025,.494254389885513,1
2025,.494267916679436,1
2025,.494274092497281,1
2025,.494289901967176,1
2025,.49431259715488318,1
2025,.494339811077492,1
2025,.494353251696242,1
2025,.494362570954099,1
2025,.494387989980457,1
2025,.494400971807063,1
2025,.494407493758638,1
2025,.494410308386999,1
2025,.494425890764247,1
2025,.494453213191236,1
2025,.494455263127589,1
2025,.494473941687478,1
2025,.49450504643184,1
2025,.494511151677953,1
2025,.494518148060982,1
2025,.494529643502703,1
2025,.49455286486659,1
2025,.49459883073043,1
2025,.494607413009633,1
2025,.494628578747714,1
2025,.494630896082506,1
2025,.494631033363546,1
2025,.494635356441765,1
2025,.494635924039913,1
2025,.494649128205283,1
2025,.494680195586253,1
2025,.494694430542588,1
2025,.494698470979649,1
2025,.494712036709001,1
2025,.494733930896856,1
2025,.49473586845581,1
2025,.494743581030715,1
2025,.494745093806679,1
2025,.494746438453323,1
2025,.494753643960347,1
2025,.494764251788112,1
2025,.494768518372991,1
2025,.494772645731953,1
2025,.494829485471256,1
2025,.494853994591826,1
2025,.494855513491347,1
2025,.494861772928351,1
2025,.494868073077347,1
2025,.494885401159898,1
2025,.494895056029996,1
2025,.494907741854918,1
2025,.494912227322406,1
2025,.494932970095748,1
2025,.494939174226514,1
2025,.494941928164701,1
2025,.494942734430988,1
2025,.494975416486387,1
2025,.494986920034591,1
2025,.494996902985165,1
2025,.495026150616529,1
2025,.495029450100988,1
2025,.495034032746014,1
2025,.495041442757172,1
2025,.49505901817299,1
2025,.495081389139538,1
2025,.495085800830936,1
2025,.495089362939769,1
2025,.495105629246545,1
2025,.495119832398454,1
2025,.49512091812987,1
2025,.495121562694474,1
2025,.495147664470782,1
2025,.495151988560058,1
2025,.495169466859698,1
2025,.495189387673076,1
2025,.495216443714926,1
2025,.495222057940434,1
2025,.495231697056861,1
2025,.495231889479754,1
2025,.495254350953265,1
2025,.495268394157477,1
2025,.495342478481018,1
2025,.495350416571483,1
2025,.495374219439278,1
2025,.495408737278357,1
2025,.4954117177693,1
2025,.495425019300829,1
2025,.495482334484996,1
2025,.495504350227384,1
2025,.495520904111231,1
2025,.495523582914386,1
2025,.49552405981838,1
2025,.495527375805134,1
2025,.495538010691265,1
2025,.495560252810781,1
2025,.495567516132124,1
2025,.495583690670194,1
2025,.495607908482402,1
2025,.495628351210986,1
2025,.495646485420273,1
2025,.495673396109438,1
2025,.495710331094729,1
2025,.495729450258525,1
2025,.495739263963703,1
2025,.495762600423658,1
2025,.49578283264915,1
2025,.495784097180915,1
2025,.495786539774255,1
2025,.495792267490032,1
2025,.495831494799712,1
2025,.495837607983413,1
2025,.495849689033407,1
2025,.495858291925218,1
2025,.49587884334327,1
2025,.495881255169473,1
2025,.495881487523505,1
2025,.495881658947866,1
2025,.495920830368623,1
2025,.495928201408708,1
2025,.495939269998358,1
2025,.495947315314204,1
2025,.495985012267979,1
2025,.496005994658464,1
2025,.496006786586033,1
2025,.496010564048082,1
2025,.496013400660725,1
2025,.496020130814872,1
2025,.49606731922213,1
2025,.49607391012547,1
2025,.496075602550322,1
2025,.496086397887813,1
2025,.496093269610251,1
2025,.496095841581432,1
2025,.496165020168348,1
2025,.49616595780736,1
2025,.49619048839305,1
2025,.496190599888169,1
2025,.496211757457584,1
2025,.496236298027108,1
2025,.496241032658981,1
2025,.496271909975326,1
2025,.496297971463239,1
2025,.496312946515141,1
2025,.496336968011369,1
2025,.496343443981809,1
2025,.496353884091835,1
2025,.496363246475,1
2025,.496371826131343,1
2025,.496390208418752,1
2025,.496402155661257,1
2025,.496460989034371,1
2025,.496524062896239,1
2025,.496528344028068,1
2025,.496559063576904,1
2025,.496592491420987,1
2025,.496594880854113,1
2025,.496650986880443,1
2025,.496656844131338,1
2025,.496658805894856,1
2025,.496690038293499,1
2025,.496704647980016,1
2025,.496750498148783,1
2025,.496808740294306,1
2025,.496820468377688,1
2025,.496841031185311,1
2025,.496842057380928,1
2025,.496844432697715,1
2025,.496847972527049,1
2025,.496867224465231,1
2025,.496877526428047,1
2025,.496885370659877,1
2025,.496939585394286,1
2025,.496944221472039,1
2025,.496957478528827,1
2025,.49695878226721,1
2025,.496961298817049,1
2025,.496964979268799,1
2025,.496973311730943,1
2025,.496985711453419,1
2025,.496991915897298,1
2025,.49702764139393,1
2025,.497062366311632,1
2025,.497107986814572,1
2025,.497124628786391,1
2025,.497131587711585,1
2025,.497137243102971,1
2025,.497162189024159,1
2025,.497201138346907,1
2025,.497221259273238,1
2025,.497221870355066,1
2025,.497250151859213,1
2025,.497252361435167,1
2025,.497264003721269,1
2025,.497293150887909,1
2025,.49731100959325,1
2025,.497342235782993,1
2025,.497359674375875,1
2025,.497364154683127,1
2025,.497413937717726,1
2025,.497431237983532,1
2025,.497482999187283,1
2025,.497491362570672,1
2025,.49750077175772,1
2025,.497527609529456,1
2025,.49752782202862,1
2025,.497542641787008,1
2025,.497549511165462,1
2025,.497554632814786,1
2025,.497564355657853,1
2025,.497593454374728,1
2025,.497638887829061,1
2025,.4976545274421,1
2025,.497661786584732,1
2025,.497669839254591,1
2025,.497684007197689,1
2025,.497703381638715,1
2025,.497715706076686,1
2025,.497765178974851,1
2025,.497786439855219,1
2025,.497786678217463,1
2025,.497796518659219,1
2025,.497817074083781,1
2025,.497822662931075,1
2025,.497830885523426,1
2025,.497847835771734,1
2025,.497855897971856,1
2025,.497868869921502,1
2025,.49790277207349,1
2025,.497912938250674,1
2025,.497933688746274,1
2025,.49793557385677,1
2025,.497954521340671,1
2025,.497968067737702,1
2025,.497978188109078,1
2025,.497983545336735,1
2025,.497993694572663,1
2025,.49800522137098,1
2025,.498024315043999,1
2025,.498029148597011,1
2025,.498082140020825,1
2025,.498087515797253,1
2025,.498097000416104,1
2025,.498121846665146,1
2025,.498138208453584,1
2025,.498174611930976,1
2025,.498181201223033,1
2025,.498182748422608,1
2025,.498200782183381,1
2025,.498201390126088,1
2025,.498233922094307,1
2025,.498238532907454,1
2025,.498244537436729,1
2025,.498247189517301,1
2025,.498273680936791,1
2025,.498280132119036,1
2025,.498281215305333,1
2025,.498295197074093,1
2025,.49830117973442,1
2025,.498321842982351,1
2025,.498323142526677,1
2025,.498327363936883,1
2025,.498358067095236,1
2025,.49836514161128,1
2025,.498371303553533,1
2025,.498383668606614,1
2025,.498396338849625,1
2025,.498406507227973,1
2025,.498412353405572,1
2025,.498412386329361,1
2025,.498441614251852,1
2025,.498468843539278,1
2025,.498481795263593,1
2025,.498491505825808,1
2025,.498495923302401,1
2025,.498522026536503,1
2025,.498546147886063,1
2025,.498555261218029,1
2025,.498560533036319,1
2025,.498575702777797,1
2025,.498595362707961,1
2025,.498608057952184,1
2025,.498609571854492,1
2025,.498634458799577,1
2025,.498638593736447,1
2025,.498660045223169,1
2025,.498692040354293,1
2025,.498702745502115,1
2025,.498726934625299,1
2025,.498730850724264,1
2025,.498734565100462,1
2025,.49874476407529,1
2025,.498747082346917,1
2025,.498767764334074,1
2025,.498779280705607,1
2025,.498788662438584,1
2025,.498792981854027,1
2025,.498797660623211,1
2025,.498827825350721,1
2025,.498843785942175,1
2025,.498857692000338,1
2025,.498871246204114,1
2025,.498882058826848,1
2025,.498940258221155,1
2025,.49894251246809,1
2025,.498965712981321,1
2025,.498966326646492,1
2025,.498978126754596,1
2025,.498993311343867,1
2025,.499019245712874,1
2025,.499089418747599,1
2025,.499101174429965,1
2025,.499122962597468,1
2025,.499151537831894,1
2025,.499155322658543,1
2025,.49916354764066,1
2025,.499164925824817,1
2025,.499180981172377,1
2025,.499191899727169,1
2025,.499195615285249,1
2025,.499200118867299,1
2025,.499219459152161,1
2025,.499245914317962,1
2025,.499246198841999,1
2025,.499264321860229,1
2025,.49926465781067,1
2025,.499274044520056,1
2025,.4992836248135,1
2025,.499289716525796,1
2025,.499293983021721,1
2025,.499295234986093,1
2025,.499345736642823,1
2025,.499384821855562,1
2025,.49941314433868,1
2025,.499422183577934,1
2025,.499435560052154,1
2025,.499443690554919,1
2025,.499444619636383,1
2025,.499477149389377,1
2025,.499489439868073,1
2025,.499507460061052,1
2025,.49951795056687,1
2025,.499556017435128,1
2025,.499557635460269,1
2025,.499606512824185,1
2025,.499614937078805,1
2025,.499635606688033,1
2025,.499647762162676,1
2025,.4996512792063,1
2025,.499675249681471,1
2025,.499681597340923,1
2025,.499701860104558,1
2025,.499708947474929,1
2025,.49970991183276,1
2025,.499718427285272,1
2025,.499751277398823,1
2025,.499768055264544,1
2025,.499769845784594,1
2025,.499778287583429,1
2025,.499782369591647,1
2025,.499787070274453,1
2025,.499873787768445,1
2025,.49988397075544,1
2025,.499892552052209,1
2025,.499920212555176,1
2025,.499931230785893,1
2025,.499938418585137,1
2025,.499988608355568,1
2025,.500010160677719,1
2025,.500017559998084,1
2025,.500020816967096,1
2025,.500065900855483,1
2025,.500084726709454,1
2025,.500109248132483,1
2025,.500127228267111,1
2025,.500127907094434,1
2025,.500186684117755,1
2025,.500194242485044,1
2025,.500201706898878,1
2025,.500220315110232,1
2025,.500230914929294,1
2025,.500247268337138,1
2025,.500256491011561,1
2025,.500256739996239,1
2025,.500277046425476,1
2025,.500301944904734,1
2025,.500310795487202,1
2025,.500317404046797,1
2025,.500319135441291,1
2025,.500325114195359,1
2025,.5003486197789,1
2025,.500364260940426,1
2025,.500388382855128,1
2025,.500398128381344,1
2025,.500416253932161,1
2025,.500428238233501,1
2025,.5004367609502,1
2025,.500495380315226,1
2025,.500495775470823,1
2025,.50050015807951,1
2025,.500502345160684,1
2025,.500510782108317,1
2025,.50055804752213,1
2025,.500562672135181,1
2025,.500581769477376,1
2025,.500605700223834,1
2025,.500613900330129,1
2025,.500631272259949,1
2025,.500661463454682,1
2025,.50067470461948,1
2025,.500674856386114,1
2025,.50068777275015,1
2025,.500689937896652,1
2025,.500694359075833,1
2025,.500728005433528,1
2025,.500751602178817,1
2025,.500762005997508,1
2025,.500766593290967,1
2025,.500772005985225,1
2025,.500793425517328,1
2025,.500850705648846,1
2025,.500860465174566,1
2025,.500864191883496,1
2025,.50086890106621,1
2025,.50089898402993,1
2025,.500899976545021,1
2025,.500912960141713,1
2025,.500914038023395,1
2025,.500932114202334,1
2025,.500936381733756,1
2025,.500952865277577,1
2025,.500986880375697,1
2025,.500998277289888,1
2025,.501011887045516,1
2025,.501017744347126,1
2025,.50103295954799,1
2025,.501041987576464,1
2025,.501043333402943,1
2025,.501070441469986,1
2025,.501075465732541,1
2025,.501133279201565,1
2025,.501133994187821,1
2025,.501146333058518,1
2025,.501161782865749,1
2025,.501170963481728,1
2025,.50120650070617,1
2025,.501231094085845,1
2025,.501233398672269,1
2025,.501249043916763,1
2025,.501285747568459,1
2025,.501309810028121,1
2025,.501312709377678,1
2025,.501356803165754,1
2025,.50135851973455,1
2025,.501389710531064,1
2025,.501413076040197,1
2025,.501423096074666,1
2025,.501436416507067,1
2025,.501526821490656,1
2025,.501577538162073,1
2025,.501578816950925,1
2025,.501582289743858,1
2025,.501589486484212,1
2025,.501610757951209,1
2025,.501660661726128,1
2025,.501690189348976,1
2025,.501696579005197,1
2025,.501704809852469,1
2025,.501705860188729,1
2025,.501711430393735,1
2025,.501713982023306,1
2025,.501796032739322,1
2025,.501810195364606,1
2025,.501828681073054,1
2025,.501831350704523,1
2025,.501833466252846,1
2025,.501838358627262,1
2025,.501842271166549,1
2025,.501844130975143,1
2025,.501846121234779,1
2025,.501864654053743,1
2025,.501883057256956,1
2025,.501885956808359,1
2025,.501888125292266,1
2025,.501904775713879,1
2025,.501905594014083,1
2025,.501908427408883,1
2025,.501930583265523,1
2025,.501933185146612,1
2025,.50194176823682,1
2025,.501951463272361,1
2025,.501965753129631,1
2025,.501970091247916,1
2025,.501979421091048,1
2025,.502003792342195,1
2025,.502008018154142,1
2025,.50200906837864,1
2025,.502015416854961,1
2025,.502019152034993,1
2025,.502027240889594,1
2025,.502035188840636,1
2025,.50203549663836,1
2025,.502048274797455,1
2025,.502099670705559,1
2025,.502108490079902,1
2025,.502116429000737,1
2025,.502137026637125,1
2025,.502141377299248,1
2025,.502154551220448,1
2025,.502201051982353,1
2025,.502206518602702,1
2025,.502208673988687,1
2025,.502216189999537,1
2025,.502225516583007,1
2025,.502230068183396,1
2025,.50223388302004,1
2025,.502239175153124,1
2025,.502259862988341,1
2025,.502276471391586,1
2025,.50228493958553,1
2025,.502298779071979,1
2025,.502308171500575,1
2025,.502319012986203,1
2025,.502328272481177,1
2025,.502335742708212,1
2025,.502338118752205,1
2025,.502338385945242,1
2025,.502341633369183,1
2025,.502355523419134,1
2025,.502373390690289,1
2025,.502403328362207,1
2025,.502403468128554,1
2025,.502417919304764,1
2025,.502426715729215,1
2025,.502431528476604,1
2025,.502440806331388,1
2025,.502449453026224,1
2025,.502456403733189,1
2025,.50246235475021,1
2025,.502491101441703,1
2025,.502500091618164,1
2025,.502509636873584,1
2025,.502511004067333,1
2025,.502518272636491,1
2025,.502568804531036,1
2025,.502607875139235,1
2025,.502618709122957,1
2025,.502636149900136,1
2025,.50263801119909,1
2025,.502640519475298,1
2025,.502662924254969,1
2025,.502669690396591,1
2025,.502745092981679,1
2025,.502810297165183,1
2025,.502854748392148,1
2025,.502856921918366,1
2025,.502870022624205,1
2025,.502908914771682,1
2025,.502918405209152,1
2025,.502957885461696,1
2025,.502981990874901,1
2025,.5029879184673,1
2025,.502989528262747,1
2025,.502993058296355,1
2025,.502999579823363,1
2025,.503011139122425,1
2025,.503035945026003,1
2025,.503053692132578,1
2025,.503058065887458,1
2025,.503112470567342,1
2025,.503134751848178,1
2025,.503160423166103,1
2025,.503167765252272,1
2025,.503175320301775,1
2025,.503185802959838,1
2025,.503214711053977,1
2025,.503230350254917,1
2025,.503270614574361,1
2025,.503291384135868,1
2025,.503305278420025,1
2025,.503318877851138,1
2025,.503319037023227,1
2025,.503321230173893,1
2025,.503343665757763,1
2025,.503371148555819,1
2025,.503386454670581,1
2025,.50338653710945,1
2025,.503410421813822,1
2025,.503411566509566,1
2025,.503425374741143,1
2025,.50344005363714,1
2025,.503460016914184,1
2025,.503481826727039,1
2025,.50349503812752,1
2025,.503515514956391,1
2025,.503525669363506,1
2025,.50356522147286,1
2025,.503573937475941,1
2025,.503584996596259,1
2025,.503603553631778,1
2025,.503612771171907,1
2025,.503618127939937,1
2025,.50363042264717,1
2025,.503636467280189,1
2025,.503650377909882,1
2025,.503657368802156,1
2025,.503663192712649,1
2025,.503673450276525,1
2025,.503686056545487,1
2025,.503750132265136,1
2025,.503762233383087,1
2025,.503763337462527,1
2025,.50377106935729,1
2025,.50382238808104,1
2025,.503830710016525,1
2025,.503836019951498,1
2025,.503839198769425,1
2025,.503844001028472,1
2025,.50387232461406,1
2025,.503874750958026,1
2025,.503887561185201,1
2025,.503903401794032,1
2025,.503911492929161,1
2025,.503956616581528,1
2025,.503963926343344,1
2025,.503965271617558,1
2025,.503983351126258,1
2025,.504010832003058,1
2025,.504015644226184,1
2025,.50405133139571,1
2025,.504069560661832,1
2025,.504080302705199,1
2025,.504081817390433,1
2025,.504086248656278,1
2025,.504115329344381,1
2025,.504141759230244,1
2025,.50415038754289,1
2025,.504161784535096,1
2025,.504182520088916,1
2025,.504188193342763,1
2025,.504190934888935,1
2025,.504195911605367,1
2025,.504197360012821,1
2025,.504222897398139,1
2025,.504233268056987,1
2025,.504256749868009,1
2025,.504299523014628,1
2025,.504302562729878,1
2025,.504331240505614,1
2025,.504403157393306,1
2025,.504426895989112,1
2025,.504432279627765,1
2025,.504436616113688,1
2025,.504480276871387,1
2025,.504509998586668,1
2025,.504523571117544,1
2025,.504538649379806,1
2025,.504540938368023,1
2025,.504596830390517,1
2025,.504603567743373,1
2025,.504611037032744,1
2025,.504622565538591,1
2025,.504644135562826,1
2025,.504646018558135,1
2025,.504648677251129,1
2025,.504650844744748,1
2025,.504688013087019,1
2025,.504704458463734,1
2025,.50470532185973,1
2025,.504720709427182,1
2025,.504723396209607,1
2025,.504737669585172,1
2025,.504745047081457,1
2025,.504765962316829,1
2025,.504782135562737,1
2025,.504815495378278,1
2025,.504822381030737,1
2025,.504823858832585,1
2025,.504846217679456,1
2025,.504862476872539,1
2025,.504872122642435,1
2025,.504874232563046,1
2025,.504885409527979,1
2025,.504896240862737,1
2025,.504898830632781,1
2025,.504899865845052,1
2025,.504901041557171,1
2025,.50492581325191,1
2025,.504933397394732,1
2025,.504943968032154,1
2025,.504947820152001,1
2025,.504960109760109,1
2025,.504970033304144,1
2025,.505025331554932,1
2025,.505049855528121,1
2025,.505052130892679,1
2025,.505079460325248,1
2025,.505092786954057,1
2025,.505136562706382,1
2025,.505140088794146,1
2025,.505140456167432,1
2025,.505157273639697,1
2025,.505169369992277,1
2025,.50517580435116,1
2025,.505218133432913,1
2025,.505228650835231,1
2025,.505232214683928,1
2025,.505272944738531,1
2025,.50527740949737,1
2025,.505279821663911,1
2025,.505282385080478,1
2025,.505303560732303,1
2025,.505315515902893,1
2025,.505315911323097,1
2025,.505366686766185,1
2025,.505421037251847,1
2025,.505425165303198,1
2025,.505444953696239,1
2025,.505487481385286,1
2025,.505518498301278,1
2025,.505555414932382,1
2025,.505589988940574,1
2025,.505592550622411,1
2025,.505604573063198,1
2025,.505613401488396,1
2025,.505633503968889,1
2025,.505707221904934,1
2025,.505722871782721,1
2025,.505728350075341,1
2025,.505737951141982,1
2025,.505746730863834,1
2025,.505747820390233,1
2025,.505750818703043,1
2025,.50575099589275,1
2025,.505801128625571,1
2025,.505812109869771,1
2025,.50582319337736026,1
2025,.505840299548695,1
2025,.50585398491095,1
2025,.505856030687189,1
2025,.505876557967989,1
2025,.505886113210649,1
2025,.505895500789097,1
2025,.505909374483269,1
2025,.505919080323816,1
2025,.505936937353537,1
2025,.50594393213189,1
2025,.505950422278253,1
2025,.505957116778061,1
2025,.505969440650401,1
2025,.505997383362409,1
2025,.50600179572459,1
2025,.506010441157871,1
2025,.506012156709758,1
2025,.506022303872529,1
2025,.506031076743711,1
2025,.506046937794765,1
2025,.506055558304614,1
2025,.506088312363535,1
2025,.506103280792035,1
2025,.506104556601817,1
2025,.506107704984019,1
2025,.506149414803022,1
2025,.50614959271606,1
2025,.50618620138066,1
2025,.506191527708795,1
2025,.506204089801645,1
2025,.506213239909719,1
2025,.506230112026001,1
2025,.506231217619221,1
2025,.506233222885201,1
2025,.506239288485181,1
2025,.506253657814259,1
2025,.506256550496484,1
2025,.506289158615,1
2025,.506348791342214,1
2025,.506359223741874,1
2025,.506382900638818,1
2025,.506431801444524,1
2025,.506442022719652,1
2025,.50646186404586,1
2025,.506470178354005,1
2025,.506510117433011,1
2025,.506529690798475,1
2025,.506548462696578,1
2025,.506570728263666,1
2025,.506579704747811,1
2025,.506594707072832,1
2025,.506594725884288,1
2025,.506602014734463,1
2025,.506615167585046,1
2025,.506623900595004,1
2025,.506627696695841,1
2025,.506660860447884,1
2025,.506678814299777,1
2025,.506700925657259,1
2025,.506744962137584,1
2025,.506745039215439,1
2025,.506756110324164,1
2025,.506761989325552,1
2025,.506780681093331,1
2025,.506787685424743,1
2025,.50682970294441,1
2025,.506829803356481,1
2025,.5068410099354,1
2025,.50687047965677,1
2025,.506870723208459,1
2025,.506890532976673,1
2025,.50690373113162,1
2025,.50691371558317,1
2025,.506935531163178,1
2025,.506938915057878,1
2025,.506939315693071,1
2025,.506940297721705,1
2025,.506995088116093,1
2025,.506995158185354,1
2025,.506998999298988,1
2025,.507000052961836,1
2025,.507015046585937,1
2025,.5070206568574,1
2025,.507044533740747,1
2025,.507052137495557,1
2025,.507067165574389,1
2025,.507094724673015,1
2025,.507123662969429,1
2025,.507127636311328,1
2025,.50721788673369150,1
2025,.507229966014785,1
2025,.507259042823642,1
2025,.50726688197989,1
2025,.507298472791231,1
2025,.507303891297462,1
2025,.507305887654006,1
2025,.507333126714847,1
2025,.5073353518077,1
2025,.507344418030693,1
2025,.507353950532444,1
2025,.507380695596061,1
2025,.507389281866498,1
2025,.507405016092834,1
2025,.507405290954415,1
2025,.507416766197739,1
2025,.507465346577456,1
2025,.507472370554476,1
2025,.507488882913976,1
2025,.507515213229285,1
2025,.50752438113338,1
2025,.507532099380328,1
2025,.507538162167942,1
2025,.507568653960213,1
2025,.507574889067825,1
2025,.507583851384938,1
2025,.507586520503878,1
2025,.507650111892415,1
2025,.507658040568649,1
2025,.50766590769281,1
2025,.50769554899591,1
2025,.507729060257744,1
2025,.507746867619701,1
2025,.507750193622394,1
2025,.507777060359293,1
2025,.507786923905962,1
2025,.507788483137631,1
2025,.507822419042248,1
2025,.507830124777661,1
2025,.507844572376513,1
2025,.507865200178784,1
2025,.507884060377743,1
2025,.507892305108769,1
2025,.507901583461481,1
2025,.507907011628178,1
2025,.507907654473351,1
2025,.507921735710717,1
2025,.507961641606275,1
2025,.507968960718537,1
2025,.508005672892052,1
2025,.508036043608044,1
2025,.508039049595841,1
2025,.508043766347211,1
2025,.508065529285885,1
2025,.508079476066727,1
2025,.508079761484813,1
2025,.508094811525771,1
2025,.508103394336588,1
2025,.5081095704854,1
2025,.508112358270004,1
2025,.508115177830045,1
2025,.508133787841128,1
2025,.508151825132314,1
2025,.508152260229175,1
2025,.508160167125634,1
2025,.508186755595255,1
2025,.508193534521446,1
2025,.508200694243355,1
2025,.508206949402228,1
2025,.508227530063492,1
2025,.508271776847301,1
2025,.50827307182515,1
2025,.508274528742421,1
2025,.508300384524874,1
2025,.508323672359666,1
2025,.508331919314005,1
2025,.508336663429474,1
2025,.508397440860491,1
2025,.508427235432824,1
2025,.508443898822513,1
2025,.508450603551109,1
2025,.508453059494875,1
2025,.508468976164657,1
2025,.508488918863138,1
2025,.508502675803568,1
2025,.508502802938253,1
2025,.508540708236789,1
2025,.508541379786082,1
2025,.508545027315109,1
2025,.508552705754623,1
2025,.508561714140109,1
2025,.508568807047902,1
2025,.508573487509758,1
2025,.50858165330804,1
2025,.508583270290535,1
2025,.50860716257139,1
2025,.50861628512893,1
2025,.508718988590804,1
2025,.508731433622989,1
2025,.508733263395228,1
2025,.508737443828569,1
2025,.508740325132259,1
2025,.508767803318407,1
2025,.508784394760004,1
2025,.508798815511127,1
2025,.508806881359537,1
2025,.508816009371188,1
2025,.508819624906776,1
2025,.508846014803428,1
2025,.508860224908441,1
2025,.508863746031483,1
2025,.508887087540675,1
2025,.508887420108188,1
2025,.508888873270002,1
2025,.508891894329369,1
2025,.508918235590907,1
2025,.508918407467808,1
2025,.508925161256345,1
2025,.508965219490882,1
2025,.508985160291208,1
2025,.50899540024652,1
2025,.509040679967266,1
2025,.509068519260943,1
2025,.509075755166698,1
2025,.509075839642915,1
2025,.509080295485924,1
2025,.50909608978694,1
2025,.50912829686832,1
2025,.509148104949326,1
2025,.509155117931094,1
2025,.509168044532315,1
2025,.509202911007006,1
2025,.509215300666717,1
2025,.5092220906245,1
2025,.509226799505683,1
2025,.509228738644088,1
2025,.509233367025265,1
2025,.50923687896921,1
2025,.5092373637727,1
2025,.509290582431693,1
2025,.509320387743587,1
2025,.509340785860446,1
2025,.509366332768934,1
2025,.509366683081395,1
2025,.509372818380708,1
2025,.509390681190139,1
2025,.509409362593909,1
2025,.509424209130922,1
2025,.509429453220245,1
2025,.509456492688158,1
2025,.509492945074201,1
2025,.509494495251629,1
2025,.509502697536617,1
2025,.50951351907963,1
2025,.50951909232321,1
2025,.509520143346727,1
2025,.509529492837531,1
2025,.509536667011809,1
2025,.509546432588663,1
2025,.509561453040803,1
2025,.509583807648773,1
2025,.509602492864657,1
2025,.509639200328203,1
2025,.509639728713635,1
2025,.509646972913628,1
2025,.509690143774862,1
2025,.509709717674755,1
2025,.509764630587829,1
2025,.509770784248659,1
2025,.509793391846537,1
2025,.509796053060792,1
2025,.509810096693899,1
2025,.509810854289069,1
2025,.509812543760527,1
2025,.509854340125107,1
2025,.509868365338389,1
2025,.509873047265323,1
2025,.509893697697865,1
2025,.509921614723933,1
2025,.509934344920842,1
2025,.509952119256184,1
2025,.509953819508848,1
2025,.509979926935338,1
2025,.509980362105504,1
2025,.509999650083331,1
2025,.510017319724251,1
2025,.51007027204571,1
2025,.51010327227401,1
2025,.510122410370671,1
2025,.510137290750293,1
2025,.510147514710145,1
2025,.510168146146697,1
2025,.510174968162893,1
2025,.510178248850227,1
2025,.510179333019292,1
2025,.510193482634265,1
2025,.510198878050375,1
2025,.51021336230932,1
2025,.510214451124415,1
2025,.510233813810896,1
2025,.510291897001838,1
2025,.510295972827303,1
2025,.510314625271711,1
2025,.510319515494608,1
2025,.510326684290049,1
2025,.510343423862666,1
2025,.510364074395943,1
2025,.510368963590655,1
2025,.510375952161755,1
2025,.510387412966947,1
2025,.510389028736848,1
2025,.510463306127569,1
2025,.51048131724177,1
2025,.510486617083269,1
2025,.510513475788517,1
2025,.510513531666316,1
2025,.510544152030807,1
2025,.510581876152064,1
2025,.510597365122729,1
2025,.510607919190308,1
2025,.510625242026642,1
2025,.510653098005218,1
2025,.510676652242697,1
2025,.510680082477954,1
2025,.510691694317414,1
2025,.510695010087515,1
2025,.510706909169487,1
2025,.510733663948723,1
2025,.510746618810572,1
2025,.510748130529234,1
2025,.510762638783468,1
2025,.510776260816842,1
2025,.510780301785455,1
2025,.510781784366697,1
2025,.510824105124326,1
2025,.510856934753356,1
2025,.510860410002391,1
2025,.510867839116575,1
2025,.510868952776996,1
2025,.510888006466664,1
2025,.510896897000578,1
2025,.510897789627715,1
2025,.510902809262759,1
2025,.510905770025026,1
2025,.51090958462349,1
2025,.510948978280923,1
2025,.510953362542262,1
2025,.511053360098693,1
2025,.511055763516232,1
2025,.511060497310904,1
2025,.511097200925042,1
2025,.511098656780782,1
2025,.51110321842382,1
2025,.511111112733988,1
2025,.511111843789777,1
2025,.511165304441742,1
2025,.511197389973237,1
2025,.511203277710534,1
2025,.511205623563122,1
2025,.511208362145944,1
2025,.511226620406724,1
2025,.511256368985009,1
2025,.511274441170217,1
2025,.511288287924406,1
2025,.511296479443226,1
2025,.511303301715203,1
2025,.511349009338273,1
2025,.5113576164232,1
2025,.511359082379034,1
2025,.511359609933177,1
2025,.511375253330108,1
2025,.511401788723926,1
2025,.511404119050703,1
2025,.511416610633456,1
2025,.511417300539191,1
2025,.511422662778662,1
2025,.511458202215826,1
2025,.511461396172107,1
2025,.511493073022281,1
2025,.511536942736454,1
2025,.51154773442717,1
2025,.511573089635585,1
2025,.511578760700203,1
2025,.511588538457312,1
2025,.511591837185917,1
2025,.511606808031736,1
2025,.511661792102154,1
2025,.511667863691601,1
2025,.511672198480833,1
2025,.511672579621658,1
2025,.511712429233024,1
2025,.511732259749138,1
2025,.511741057172442,1
2025,.51174957107121,1
2025,.511760539879269,1
2025,.511768264689009,1
2025,.511769560182573,1
2025,.511772562987821,1
2025,.511791890138379,1
2025,.511846038906729,1
2025,.511867257518675,1
2025,.51186892581059,1
2025,.511885799088305,1
2025,.511917989141774,1
2025,.511918362109611,1
2025,.511926020704679,1
2025,.511941675426516,1
2025,.511951229425162,1
2025,.511959133403669,1
2025,.511959937158358,1
2025,.511987662402215,1
2025,.512005617716906,1
2025,.512037394984462,1
2025,.512055514938971,1
2025,.51208701772831,1
2025,.5120926350139,1
2025,.512097300252736,1
2025,.512123802046508,1
2025,.512140556112105,1
2025,.512144029769429,1
2025,.512151520250325,1
2025,.512162360061126,1
2025,.512164142513886,1
2025,.512194644737457,1
2025,.512203671757779,1
2025,.512204564731269,1
2025,.512207658573249,1
2025,.512227555958133,1
2025,.512268422396531,1
2025,.512271827023796,1
2025,.512278406357978,1
2025,.51227976167528,3
2025,.51228285991607,1
2025,.512305965299288,1
2025,.512306888645708,1
2025,.512311469294906,1
2025,.512315405615465,1
2025,.512321363502355,1
2025,.512347718641961,1
2025,.51235422054815982,1
2025,.512354947157498,1
2025,.512366384906864,1
2025,.51236954595937212,1
2025,.512372180878844,1
2025,.512410318163584,1
2025,.51241929623501,1
2025,.512421456066804,1
2025,.512428919774928,1
2025,.512429735207497,1
2025,.512456816114776,1
2025,.512460621289219,1
2025,.512530253489996,1
2025,.512532416953584,1
2025,.512602582571438,1
2025,.512606600219644,1
2025,.512607930599206,1
2025,.512626706039239,1
2025,.512637870027951,1
2025,.512644377616411,1
2025,.51270320486311,1
2025,.512707733919649,1
2025,.512709073105354,1
2025,.512713284568416,1
2025,.512726039194586,1
2025,.512745194850456,1
2025,.512752872701501,1
2025,.512764891800719,1
2025,.512769562249194,1
2025,.512783623989956,1
2025,.512788240933163,1
2025,.512842469347394,1
2025,.512853806931037,1
2025,.512858705269683,1
2025,.512872538867287,1
2025,.512878472210031,1
2025,.512889961844419,1
2025,.512896047062842,1
2025,.512901002374471,1
2025,.512902518904626,1
2025,.512921206409637,1
2025,.512935240568903,1
2025,.512941080585537,1
2025,.512949143133761,1
2025,.512971831937102,1
2025,.512972756321101,1
2025,.512973811228472,1
2025,.512978833013067,1
2025,.512994266221008,1
2025,.513016041938735,1
2025,.513079105565787,1
2025,.513092898043558,1
2025,.513098656000996,1
2025,.51309970027455,1
2025,.513113636564622,1
2025,.513117194246118,1
2025,.513117395019618,1
2025,.513134329262091,1
2025,.513137578150482,1
2025,.51314342332206,1
2025,.513160765632889,1
2025,.51317736096898,1
2025,.513177814695711,1
2025,.513254087083785,1
2025,.513268674242312,1
2025,.513301620463578,1
2025,.513304975968888,1
2025,.513305648912302,1
2025,.513310334903265,1
2025,.513344500515874,1
2025,.51335015792572,1
2025,.513353657991582,1
2025,.513357175771142,1
2025,.513360423258543,1
2025,.513360705066807,1
2025,.513365973611277,1
2025,.513371083208029,1
2025,.513393346225868,1
2025,.513395030180765,1
2025,.513410264973222,1
2025,.513416062179091,1
2025,.513429182540605,1
2025,.513440255475269,2
2025,.513468977058053,1
2025,.513469163730204,1
2025,.513474941154467,1
2025,.513479944260625,1
2025,.513486060688471,1
2025,.513505674940922,1
2025,.513536457130417,1
2025,.513553652487217,1
2025,.513566735148087,1
2025,.513582798490101,1
2025,.513589965731013,1
2025,.513595631052481,1
2025,.513657909159902,1
2025,.513674269635587,1
2025,.513679939569586,1
2025,.513731709327951,1
2025,.513752053014174,1
2025,.51375259883497,1
2025,.513763602344669,1
2025,.513832837592002,1
2025,.513836457658458,1
2025,.513850923053739,1
2025,.513858126009836,1
2025,.513872999910503,1
2025,.51387443116127,1
2025,.513875709149435,1
2025,.513887176994593,1
2025,.513907950880076,1
2025,.513922662176634,1
2025,.513958888544633,1
2025,.513967463657557,1
2025,.513989626007344,1
2025,.51402158178005,1
2025,.514026168360102,1
2025,.514033961818463,1
2025,.514044496797182,1
2025,.514080926242817,1
2025,.514087256578278,1
2025,.514145759677802,1
2025,.514151804924554,1
2025,.514165010197724,1
2025,.514175598094288,1
2025,.514186168598045,1
2025,.514200595050825,1
2025,.514204890737576,1
2025,.514229829077959,1
2025,.514234256615452,1
2025,.514241891383456,1
2025,.514248043717326,1
2025,.514252506033093,1
2025,.514286602982572,1
2025,.514291159221832,1
2025,.514299540679276,1
2025,.514306174308665,1
2025,.514318763772587,1
2025,.514321183260628,1
2025,.514338682587777,1
2025,.514363230715541,1
2025,.51438658496588,1
2025,.514388011012647,1
2025,.51438943737607,1
2025,.514392777164389,1
2025,.514427433691215,1
2025,.514480894640823,1
2025,.514494315884371,1
2025,.514496222084319,1
2025,.514499343246055,1
2025,.514529699329389,1
2025,.514554442519211,1
2025,.514558391478281,1
2025,.514561736933958,1
2025,.5145851155624,1
2025,.514597830908396,1
2025,.514609855634643,1
2025,.514633049422733,1
2025,.514651783292308,1
2025,.514663272806968,1
2025,.514667674938511,1
2025,.514669096130802,1
2025,.514673549256333,1
2025,.514700123382931,1
2025,.514712045996265,1
2025,.514725696363267,1
2025,.514751539139525,1
2025,.514767467412948,1
2025,.514772666631416,1
2025,.514794836608574,1
2025,.514814191949871,1
2025,.514829252815318,1
2025,.514847729644561,1
2025,.51485021038081,1
2025,.514857543880138,1
2025,.514870519607812,1
2025,.51487083945828,1
2025,.514871000999978,1
2025,.51487984675495,1
2025,.514895835641024,1
2025,.5148977951629,1
2025,.51494325374183403,1
2025,.51495742234221,1
2025,.514983873502291,1
2025,.515009380630369,1
2025,.515019873121033,1
2025,.515045594826771,1
2025,.515092220766332,1
2025,.515144137113873,1
2025,.515148683358945,1
2025,.515149786214922,1
2025,.515150509799,1
2025,.51515505640854,1
2025,.515165076790423,1
2025,.515184230155542,1
2025,.515201359373811,1
2025,.515203252525431,1
2025,.515218835987593,1
2025,.515258372101536,1
2025,.515284804532139,1
2025,.515289532584343,1
2025,.515310013744978,1
2025,.515314508514661,1
2025,.515320019787564,1
2025,.515339068309923,1
2025,.515365888328362,1
2025,.515373985249691,1
2025,.515385162942227,1
2025,.515414285393698,1
2025,.515436925750219,1
2025,.515448627927729,1
2025,.515482696426352,1
2025,.515493913139953,1
2025,.515494971156671,1
2025,.515520060676795,1
2025,.515539783445245,1
2025,.515598166545619,4
2025,.515599366166006,1
2025,.515605678305966,1
2025,.515622827166848,1
2025,.515692833198546,1
2025,.515712470915777,1
2025,.515735208336665,1
2025,.515737481416918,1
2025,.515759346084303,1
2025,.515794702718788,1
2025,.515810261266461,1
2025,.515810357300133,1
2025,.515816734561375,1
2025,.515820936041207,1
2025,.515839634781157,1
2025,.515850667762556,1
2025,.515863523539783,1
2025,.515921128866133,1
2025,.515926438784346,1
2025,.515931789202557,1
2025,.515945770177903,1
2025,.515971908473148,1
2025,.51597891169561,1
2025,.515986892368822,1
2025,.516009630150443,1
2025,.51602709337575,1
2025,.516060720327998,1
2025,.516087571177785,1
2025,.516145975800167,1
2025,.516161163169117,1
2025,.516163185612541,1
2025,.516174189240997,1
2025,.516210954901099,1
2025,.516227596118649,1
2025,.516229415630864,1
2025,.516238746192415,1
2025,.516247547078341,1
2025,.516252433065545,1
2025,.516261303216683,1
2025,.516324463249235,1
2025,.516331653349232,1
2025,.516342271976912,1
2025,.516353239173735,1
2025,.516362690710945,1
2025,.516369667947109,1
2025,.516386476183782,1
2025,.516389387884568,1
2025,.516393751593949,1
2025,.516449498759579,1
2025,.516486716318925,1
2025,.516526485233304,1
2025,.516528759114592,1
2025,.516529902884287,1
2025,.516546211251725,1
2025,.516563254886372,1
2025,.51656690185542,1
2025,.516599850153551,1
2025,.516606153796598,1
2025,.516611129070621,1
2025,.51663353684596,1
2025,.516648542623642,1
2025,.516654544320182,1
2025,.516669300152936,1
2025,.516672069351174,1
2025,.516674282314042,1
2025,.516684906843058,1
2025,.516688413629101,1
2025,.516709268806649,1
2025,.516712130363151,1
2025,.516744248879371,1
2025,.51676062654374,1
2025,.51676220185076,1
2025,.516764368109471,1
2025,.516782892789973,1
2025,.516814360445494,1
2025,.516818973415626,1
2025,.516822626087355,1
2025,.51686409887018,1
2025,.516865381564922,1
2025,.516871540876861,1
2025,.51688873150442,1
2025,.516905153301507,1
2025,.516912599088493,1
2025,.516931354724153,1
2025,.516933390732148,1
2025,.516939051417847,1
2025,.516945135880995,1
2025,.516993870400768,1
2025,.516998162262428,1
2025,.517001720978912,1
2025,.517049570573903,1
2025,.517090016161991,1
2025,.517090816729393,1
2025,.517135086626975,1
2025,.517152890393524,1
2025,.517160447365159,1
2025,.5172029262263,1
2025,.517209404793525,1
2025,.517226883468634,1
2025,.517253789850105,1
2025,.517276952388778,1
2025,.517281002910411,1
2025,.51731547749899,1
2025,.517348269152654,1
2025,.517374023278419,1
2025,.517374451520824,1
2025,.517388297788413,1
2025,.517407469903066,1
2025,.517409314597751,1
2025,.517433104354933,1
2025,.517438128030602,1
2025,.517447282280004,1
2025,.517454636630845,1
2025,.517486897073238,1
2025,.517554036567231,1
2025,.517572726179768,1
2025,.51760394839474,1
2025,.517628705701877,1
2025,.517637238403645,1
2025,.517645117431566,1
2025,.5176495950967,1
2025,.517665339154419,1
2025,.517671160058945,1
2025,.517677159299842,1
2025,.5176929478841,1
2025,.517708370837762,1
2025,.517715757853555,1
2025,.517722052015283,1
2025,.517794949768953,1
2025,.517801221831931,1
2025,.51781063717959,1
2025,.517816459166988,1
2025,.517816502740511,1
2025,.517820399387248,1
2025,.517831441419089,1
2025,.517885437311807,1
2025,.517887346809024,1
2025,.517902405962318,1
2025,.517920367773914,1
2025,.517944592396711,1
2025,.517949869390178,1
2025,.517958399665412,1
2025,.517996940385309,1
2025,.518018123561229,1
2025,.518041689869866,1
2025,.518125521590543,1
2025,.518131392972855,1
2025,.518151422679205,1
2025,.518155720068618,1
2025,.518159894857075,1
2025,.518209001943951,1
2025,.518225639942737,1
2025,.518228709432367,1
2025,.518244308821111,1
2025,.518282665931377,1
2025,.518293415017912,1
2025,.518302705778234,1
2025,.518321701947386,1
2025,.518341558092358,1
2025,.518351647213375,1
2025,.51838610826151,1
2025,.51839353234748,1
2025,.518397252453364,1
2025,.518414595809573,1
2025,.518426692175514,1
2025,.518436795365972,1
2025,.518449022322711,1
2025,.51845562707589,1
2025,.518455871465637,1
2025,.518492629557185,1
2025,.518497966599753,1
2025,.518498382941143,1
2025,.51850294230453,1
2025,.518524041614754,1
2025,.518565688996046,1
2025,.518570325767636,1
2025,.518570541728945,1
2025,.518575410829251,1
2025,.518576328753978,1
2025,.518587404367155,1
2025,.518620076018292,1
2025,.518620447049171,1
2025,.518639738185644,1
2025,.518659543423833,1
2025,.518663426882298,1
2025,.518695094450084,1
2025,.518729088450059,1
2025,.518747304419194,1
2025,.518754106996683,1
2025,.518768144387836,1
2025,.518819403671063,1
2025,.518820309104359,1
2025,.518834930930487,1
2025,.518836119933928,1
2025,.518839089007822,1
2025,.518844566657976,1
2025,.518892333381506,1
2025,.518897166863444,1
2025,.518910054186854,1
2025,.518916932574882,1
2025,.518928424049408,1
2025,.51900591944872,1
2025,.519018712578978,1
2025,.519029108028736,1
2025,.519058761427624,1
2025,.519075239988136,1
2025,.519097329239591,1
2025,.519167079806777,1
2025,.519171653658472,1
2025,.519207800038306,1
2025,.519230138007196,1
2025,.519241123322571,1
2025,.519241894595597,1
2025,.519291222535294,1
2025,.519308802469606,1
2025,.519331373041126,1
2025,.519341320445691,1
2025,.519346046603672,1
2025,.519354246354167,1
2025,.519365857072471,1
2025,.51937387908465,1
2025,.519427737642871,1
2025,.519442300852366,1
2025,.5194574229995,1
2025,.519464555699479,1
2025,.519480973157084,1
2025,.519487025484595,1
2025,.51949060247333,1
2025,.51952644318685,1
2025,.519550736815886,1
2025,.519555845673613,1
2025,.519593869469904,1
2025,.519625070388182,1
2025,.519627161089487,1
2025,.519627379396748,1
2025,.519663431560298,1
2025,.519666681739873,1
2025,.519689901405837,1
2025,.519696752855985,1
2025,.519699203457662,1
2025,.519705019889214,1
2025,.519720056810242,1
2025,.519721785050815,1
2025,.519745939812118,1
2025,.519786008003054,1
2025,.519809703428715,1
2025,.519818577047894,1
2025,.519823824670317,1
2025,.519837079644564,1
2025,.519838148927387,1
2025,.519843784678362,1
2025,.519861792627664,1
2025,.519865634301827,1
2025,.519880728633559,1
2025,.519882941176084,1
2025,.519910656484096,1
2025,.519927128277662,1
2025,.519934014172754,1
2025,.519938402167229,1
2025,.519945984972432,1
2025,.519991458190854,1
2025,.52000916123148,1
2025,.520023373075331,1
2025,.520033941850779,1
2025,.520035378113895,1
2025,.520040266852669,1
2025,.520041829763903,1
2025,.520070436782444,1
2025,.520099544285067,1
2025,.520132087573534,1
2025,.520163819884179,1
2025,.520166143500507,1
2025,.520171946123688,1
2025,.520174442557977,1
2025,.520179478514756,1
2025,.520197612300959,1
2025,.520233522332124,1
2025,.520262714552678,1
2025,.520304280426189,1
2025,.520308967177223,1
2025,.520336179027728,1
2025,.520336401982372,1
2025,.520377761047756,1
2025,.520382537521155,1
2025,.520386832631829,1
2025,.520411125705853,1
2025,.52044009865291,1
2025,.520449663468019,1
2025,.520463149086845,1
2025,.520472755373594,1
2025,.520482107711891,1
2025,.520483310404166,1
2025,.520516847846799,1
2025,.520526130497861,1
2025,.520544500456293,1
2025,.520601400132692,1
2025,.520648498314823,1
2025,.520656736763073,1
2025,.520663801631519,1
2025,.52066442650086,1
2025,.520694299235352,1
2025,.520700017840803,1
2025,.520741114141938,1
2025,.520766432161689,1
2025,.520795586381996,1
2025,.520818144207443,1
2025,.520834554147092,1
2025,.520841099012821,1
2025,.520842945771829,1
2025,.520848311559118,1
2025,.520852579264509,1
2025,.520898613604804,1
2025,.52093356333479,1
2025,.520934169187973,1
2025,.52096626184138,1
2025,.520983741010222,1
2025,.520989900605007,1
2025,.520994295017322,1
2025,.520998896821857,1
2025,.521002661779351,1
2025,.521027820736838,1
2025,.521096545660422,1
2025,.521104038033217,1
2025,.521217115178618,1
2025,.521284602809503,1
2025,.521294460796911,1
2025,.521304353782993,1
2025,.521334821170093,1
2025,.521344577413837,1
2025,.521376954799164,1
2025,.52139093589668,1
2025,.521399729061471,1
2025,.521419630820733,1
2025,.52143784274827,1
2025,.52144043491624,1
2025,.521442533251376,1
2025,.521457488564247,1
2025,.521461113783252,1
2025,.521512850668555,1
2025,.5215209699036,1
2025,.521576635494816,1
2025,.521609590387903,1
2025,.521620958049775,1
2025,.521623044547175,1
2025,.521630941512109,1
2025,.521643848103103,1
2025,.521666184138764,1
2025,.521674268715121,1
2025,.521735342661821,1
2025,.521744305282627,1
2025,.521747825287612,1
2025,.521752831421386,1
2025,.521788372901652,1
2025,.5218141127398,1
2025,.521827798266068,1
2025,.521832071419378,1
2025,.521855464722136,1
2025,.521872547742269,1
2025,.521877429547183,1
2025,.521890576063668,1
2025,.521918304946023,1
2025,.521925235178068,1
2025,.521926286483996,1
2025,.521926574451029,1
2025,.521953603767086,1
2025,.521967954043611,1
2025,.521981772815504,1
2025,.521996498802656,1
2025,.52200137333751,1
2025,.522005359926709,1
2025,.522010786844611,1
2025,.52204625933829,1
2025,.52205849631477,1
2025,.522079063017973,1
2025,.522100554838132,1
2025,.522132182175952,1
2025,.522135579510792,1
2025,.522137572757768,1
2025,.522158189896209,1
2025,.52216496732529,1
2025,.522173558424877,1
2025,.522174762318987,1
2025,.522186779639397,1
2025,.5222019088813,1
2025,.522218859180128,1
2025,.522225347211366,1
2025,.522232609952445,1
2025,.522244147335483,1
2025,.522262572329741,1
2025,.522274001820173,1
2025,.522295230926557,1
2025,.52233244331296,1
2025,.522333470885345,1
2025,.522333952159039,1
2025,.522337281093892,1
2025,.522360025422496,1
2025,.522370425498153,1
2025,.522392461374038,1
2025,.522430801208406,1
2025,.522440231224097,1
2025,.522466952397872,1
2025,.52252082088736,1
2025,.522531365700162,1
2025,.522550933140204,1
2025,.522576606485126,1
2025,.522586980098155,1
2025,.52264247388339,1
2025,.522643639631226,1
2025,.522647018094999,1
2025,.522674737413002,1
2025,.522689367050167,1
2025,.522696324150485,1
2025,.522731611821379,1
2025,.522755147695891,1
2025,.522774635410188,1
2025,.522790357766703,1
2025,.522808705200497,1
2025,.5228088388561,1
2025,.522810068546485,1
2025,.522811119362408,1
2025,.522833688748593,1
2025,.522833849726644,1
2025,.522849004066651,1
2025,.522858177325252,1
2025,.522861262223805,1
2025,.522898199758697,1
2025,.522902449942222,1
2025,.522920349571403,1
2025,.522937760514654,1
2025,.522943829156615,1
2025,.522957042574892,1
2025,.522967481568263,1
2025,.522973800184724,1
2025,.522997037784103,1
2025,.523003449320529,1
2025,.523006008227512,1
2025,.523033395507914,1
2025,.523171437384066,1
2025,.523186783587499,1
2025,.523192016924805,1
2025,.523201486886758,1
2025,.523215385555484,1
2025,.523229792227591,1
2025,.523236839951559,1
2025,.523257594921208,1
2025,.523267650889451,1
2025,.523292400713004,1
2025,.523297563503996,1
2025,.523311208810465,1
2025,.523318638818699,1
2025,.523318784505449,1
2025,.523319607114144,1
2025,.523395009921032,1
2025,.523436223925869,1
2025,.523439820764562,1
2025,.523446539087471,1
2025,.523456150346134,1
2025,.523482648939539,1
2025,.523487189168843,1
2025,.523494648406808,1
2025,.523496154595418,1
2025,.52351443382832,1
2025,.523528379739274,1
2025,.523564810853333,1
2025,.523568974600547,1
2025,.523575182877105,1
2025,.523596374979955,1
2025,.523672644925558,1
2025,.523675544461305,1
2025,.52370036898531,1
2025,.52370702910653,1
2025,.523715854124834,1
2025,.523751228388823,1
2025,.523773268214951,1
2025,.523781492226379,1
2025,.523792866345885,1
2025,.523827566243873,1
2025,.523830881311214,1
2025,.52385194314453,1
2025,.523879623132018,1
2025,.523880400738945,1
2025,.523886077140771,1
2025,.523888009221818,1
2025,.523889171871425,1
2025,.523905594660069,1
2025,.52390982727065,1
2025,.523932826815026,1
2025,.523950508793276,1
2025,.52395552240457,1
2025,.523956280347331,1
2025,.523959465416516,1
2025,.523974342283232,1
2025,.523979678932346,1
2025,.524033544361039,1
2025,.524070412487123,1
2025,.524070579928037,1
2025,.524095945530574,1
2025,.524143526194165,1
2025,.524164838871792,1
2025,.524177247070192,1
2025,.524187035882233,1
2025,.524190513493537,1
2025,.524225322291258,1
2025,.524270676063352,1
2025,.524282368066663,1
2025,.524286546335776,1
2025,.524301291482002,1
2025,.524309333589897,1
2025,.524311459800329,1
2025,.524312733123888,1
2025,.524330696780023,1
2025,.524339827732239,1
2025,.524365259901677,1
2025,.524420582803163,1
2025,.52443031005265,1
2025,.524441630707148,1
2025,.524500517148378,1
2025,.524512650669648,1
2025,.524519905850191,1
2025,.524523797789457,1
2025,.52453207065419,1
2025,.524541807016322,1
2025,.524553264909985,1
2025,.52456585073954,1
2025,.524601976994752,1
2025,.524617555676568,1
2025,.524643421015376,1
2025,.524645616080158,1
2025,.524661388307071,1
2025,.524665659424455,1
2025,.524712442358145,1
2025,.524748497009901,1
2025,.524760392949368,1
2025,.524768636376258,1
2025,.524774214470533,1
2025,.524775722526,1
2025,.524803356592019,1
2025,.524822060594812,1
2025,.524833972321639,1
2025,.524854993452189,1
2025,.524904061741107,1
2025,.52491148033323,1
2025,.524912565257573,1
2025,.524926077809979,1
2025,.52495669059613,1
2025,.525009320778624,1
2025,.525020485841341,1
2025,.525027140396472,1
2025,.525052384703037,1
2025,.525057349309813,1
2025,.525057809996655,1
2025,.52506979827838,1
2025,.525077775059344,1
2025,.525080402546773,1
2025,.525095784292165,1
2025,.52510121280452,1
2025,.525157815189754,1
2025,.525168106093928,1
2025,.525176325463154,1
2025,.525185537934303,1
2025,.52520672945204,1
2025,.525229776112174,1
2025,.525242104076283,1
2025,.525264043339551,1
2025,.525275882129772,1
2025,.525283872892849,1
2025,.525285307723592,1
2025,.525302276467005,1
2025,.525320802973563,1
2025,.525332788622376,1
2025,.525351724751048,1
2025,.525362878390705,1
2025,.525373271796712,1
2025,.52538309702067,1
2025,.525408176256106,1
2025,.525414368900385,1
2025,.525418952845233,1
2025,.525429281524122,1
2025,.525447217703207,1
2025,.525447409194999,1
2025,.525460866919561,1
2025,.525460940900426,1
2025,.525480687877049,1
2025,.525497889720398,1
2025,.525541054201873,1
2025,.525549749569122,1
2025,.525558509263878,1
2025,.525581050699226,1
2025,.525581074587903,1
2025,.525597898139152,1
2025,.525606391437803,1
2025,.525610851231186,1
2025,.525638436355409,1
2025,.525654300461224,1
2025,.525662653314796,1
2025,.525672880194962,1
2025,.525688030344026,1
2025,.525718455507493,1
2025,.525735826840293,1
2025,.525791980830342,1
2025,.525823398952304,1
2025,.525826710392198,1
2025,.525828432270727,1
2025,.525839470926148,1
2025,.525841057895323,1
2025,.525843595920689,1
2025,.525870212477196,1
2025,.525880316921061,1
2025,.5258813539158,1
2025,.525882334472513,1
2025,.525901557321525,1
2025,.525924222778628,1
2025,.525964555026588,1
2025,.525965264524992,1
2025,.525966156348644,1
2025,.525969156256214,1
2025,.525978648828873,1
2025,.525998772546985,1
2025,.526022969298454,1
2025,.526098927296228,1
2025,.52613630594641,1
2025,.526170282028245,1
2025,.526193536123822,1
2025,.526194886982099,1
2025,.526201930051902,1
2025,.526217078571531,1
2025,.52623221039416,1
2025,.526250169018779,1
2025,.526256432632766,1
2025,.526300539260029,1
2025,.526324473730921,1
2025,.526327169505523,1
2025,.526332294162144,1
2025,.526333730315327,1
2025,.526342118636597,1
2025,.526346367930403,1
2025,.526349428468365,1
2025,.526356700218667,1
2025,.526357719659418,1
2025,.526361323403863,1
2025,.526398773432251,1
2025,.526430067956542,1
2025,.526430589403737,1
2025,.526438344113592,1
2025,.526467859452933,1
2025,.526484115476284,1
2025,.526507782096595,1
2025,.526513414570128,1
2025,.526541022727121,1
2025,.526546005890321,1
2025,.526553591484146,1
2025,.526572345482817,1
2025,.526580152162448,1
2025,.526619551252187,1
2025,.526651180582442,1
2025,.526666049071458,1
2025,.526672517851219,1
2025,.526691254565469,1
2025,.526708741841054,1
2025,.526722090724457,1
2025,.526738145911913,1
2025,.526741739372902,1
2025,.526745063799787,1
2025,.526761193661971,1
2025,.526817083123734,1
2025,.526827472297866,1
2025,.52683781803141,1
2025,.526869049714761,1
2025,.526881510788566,1
2025,.526898903033318,1
2025,.526902483030645,1
2025,.526939395702097,1
2025,.526951852539004,1
2025,.526958992874696,1
2025,.526959865241816,1
2025,.526989713474541,1
2025,.526999627335196,1
2025,.527011813560514,1
2025,.527014686138507,1
2025,.527025584219789,1
2025,.527034834657683,1
2025,.527089380189351,1
2025,.527103100688555,1
2025,.527130100565492,1
2025,.527147990210003,1
2025,.527228863007063,1
2025,.527233433967601,1
2025,.527261127068055,1
2025,.527282057715369,1
2025,.527286290626361,1
2025,.527313304876842,1
2025,.527381317040143,1
2025,.527381780272497,1
2025,.527391852888365,1
2025,.527393623227324,1
2025,.527412706692006,1
2025,.527442430856569,1
2025,.527456326950635,1
2025,.527478666113106,1
2025,.527480709163263,1
2025,.527483455193256,1
2025,.527490270193145,1
2025,.527506270496824,1
2025,.52751115198255,1
2025,.5275118088178,1
2025,.527523074272605,1
2025,.527542943931477,1
2025,.527592886409841,1
2025,.5275945979444,1
2025,.527611971271739,1
2025,.527632224942506,1
2025,.527632945779243,1
2025,.52765849336829,1
2025,.527691200115246,1
2025,.527699494792275,1
2025,.527701747654909,1
2025,.527717431484643,1
2025,.527723481370682,1
2025,.527723899615024,1
2025,.527744267050919,1
2025,.527784214531227,1
2025,.52778546013199,1
2025,.527789391731356,1
2025,.527806365051012,1
2025,.527824184996184,1
2025,.527838901611747,1
2025,.527853581260346,1
2025,.527859195896439,1
2025,.52787092401516,1
2025,.527937218451248,1
2025,.527966691919096,1
2025,.527968820961219,1
2025,.52797160163333146,1
2025,.527975835296883,1
2025,.527983843302644,1
2025,.52798519674417,1
2025,.527993198328039,1
2025,.528034342919593,1
2025,.528058246079428,1
2025,.528116144338851,1
2025,.528118104100971,1
2025,.528135435199376,1
2025,.528142545626939,1
2025,.528149979310385,1
2025,.528186680704323,1
2025,.528213441991156,1
2025,.528224025009798,1
2025,.52826172318866,1
2025,.528285019481049,1
2025,.528294890553561,1
2025,.528310284260788,1
2025,.52832421054044,1
2025,.52834111847486,1
2025,.528350295420761,1
2025,.528352178693352,1
2025,.528398149599778,1
2025,.528399269998517,1
2025,.528418379439957,1
2025,.528427299878909,1
2025,.528434645589252,1
2025,.528448691017598,1
2025,.528546327609521,1
2025,.528551096114946,1
2025,.528567431739141,1
2025,.528596923264665,1
2025,.52859905273392,1
2025,.528646590663746,1
2025,.528671765836612,1
2025,.528672303950943,1
2025,.528672839627995,1
2025,.528696643106708,1
2025,.528727468251421,1
2025,.528742921709485,1
2025,.528784905256504,1
2025,.528793476198304,1
2025,.528840158550829,1
2025,.52884086220776,1
2025,.528842740434615,1
2025,.528847460303601,1
2025,.528863469314632,1
2025,.52887479046817,1
2025,.52889175092397,1
2025,.528893116900771,1
2025,.52891807527802,1
2025,.528939431215844,1
2025,.528955936343283,1
2025,.528989148272914,1
2025,.529006403263525,1
2025,.529035321167955,1
2025,.529038263825032,1
2025,.529039854639018,1
2025,.529042308683541,1
2025,.529083846991898,1
2025,.529100682419355,1
2025,.529106344976395,1
2025,.529125011663101,1
2025,.529132001811655,1
2025,.529165083207644,1
2025,.529197475110145,1
2025,.52920689495286,1
2025,.529232501481009,1
2025,.529236853659473,1
2025,.529246745155051,1
2025,.529257323009467,1
2025,.529262614195136,1
2025,.529312605106583,1
2025,.529321670975228,1
2025,.529350490279024,1
2025,.529358257921971,1
2025,.529384517660258,1
2025,.529386065896257,1
2025,.529425503803963,1
2025,.529446571285697,1
2025,.529452014800353,1
2025,.529453579020636,1
2025,.529459948162203,1
2025,.529483302373028,1
2025,.529485925232898,1
2025,.529487961462377,1
2025,.529500222221409,1
2025,.529534476507371,1
2025,.52953692069106,1
2025,.52956922256523,1
2025,.529576975484051,1
2025,.529590726708531,1
2025,.529597289905993,1
2025,.529598542996243,1
2025,.529610927185577,1
2025,.529622068971298,1
2025,.529662136660191,1
2025,.529663232242887,1
2025,.529667841625794,1
2025,.529716295645716,1
2025,.529733378433226,1
2025,.529751033035781,1
2025,.529758249934015,1
2025,.529807339026878,1
2025,.529814528901994,1
2025,.529834769516278,1
2025,.529839544516261,1
2025,.529873175729083,1
2025,.529894321061588,1
2025,.529909872479156,1
2025,.529916225843248,1
2025,.529920134054811,1
2025,.529925183040954,1
2025,.529933931968695,1
2025,.529934101493273,1
2025,.529965303098675,1
2025,.529967633785732,1
2025,.52997428579096,1
2025,.52997445506131979,1
2025,.530021927659089,1
2025,.530061930135273,1
2025,.530085008553061,1
2025,.530106922141935,1
2025,.530123555189648,1
2025,.53014499693629,1
2025,.530158289774088,1
2025,.530198004734633,1
2025,.530211952174773,1
2025,.530228769250032,1
2025,.530237677357035,1
2025,.530245909226646,1
2025,.530246171739937,1
2025,.53026069505067,1
2025,.530274789588246,1
2025,.530274981611792,1
2025,.530276171962567,1
2025,.530304094664901,1
2025,.530313629520537,1
2025,.530368496456716,1
2025,.530382821732871,1
2025,.530395785451881,1
2025,.530404096407644,1
2025,.530473370930702,1
2025,.53048496392048,1
2025,.530491703183851,1
2025,.530511044778659,1
2025,.530514824113474,1
2025,.530523441407357,1
2025,.530530383334371,1
2025,.530541173059802,1
2025,.530546844995786,1
2025,.530589249720695,1
2025,.530699229024365,1
2025,.530714234881207,1
2025,.530736681309932,1
2025,.530750380330278,1
2025,.530772146024049,1
2025,.530779070032396,1
2025,.530788824059404,1
2025,.530810427976754,1
2025,.530839122697375,1
2025,.530853057610894,1
2025,.530884452435538,1
2025,.530901034475706,1
2025,.53093482391011,1
2025,.530940637632042,1
2025,.530983577939237,1
2025,.530997127274156,1
2025,.531023750879525,1
2025,.531031119562706,1
2025,.531033772245054,1
2025,.531037604413146,1
2025,.531046399831043,1
2025,.531054023212952,1
2025,.531061258671911,1
2025,.531067303890771,1
2025,.53108347517128,1
2025,.531084623439077,1
2025,.531093196508196,1
2025,.531099018080272,1
2025,.531121505678835,1
2025,.531139509243422,1
2025,.531173399021058,1
2025,.531184743482135,1
2025,.531239919710958,1
2025,.531243862353871,1
2025,.531247477107328,1
2025,.531261805813841,1
2025,.531275112850633,3
2025,.531289324727638,1
2025,.531301844817637,1
2025,.531306343591648,1
2025,.531311452188216,1
2025,.531325463473822,1
2025,.531335398632651,1
2025,.531372777780881,1
2025,.531433673003384,1
2025,.531442070226038,1
2025,.531471960975767,1
2025,.531479035420266,1
2025,.531499571669471,1
2025,.531545673429223,1
2025,.531550226387073,1
2025,.531572546210364,1
2025,.531586249246197,1
2025,.531607769295816,1
2025,.531618795459128,1
2025,.531635440703884,1
2025,.531651083346398,1
2025,.531685549059241,1
2025,.531694952666388,1
2025,.531732875431216,1
2025,.531772307360857,1
2025,.531879560012522,1
2025,.531918484003827,1
2025,.531933555839639,1
2025,.531951911123572,1
2025,.531965367966232,1
2025,.531973614501745,1
2025,.531980526975224,1
2025,.531990563279409,1
2025,.531996066200678,1
2025,.532048680201414,1
2025,.532054320056293,1
2025,.532069876226388,1
2025,.532096961509655,1
2025,.532114738742506,1
2025,.532118970126472,1
2025,.532122029520375,1
2025,.532201276309674,1
2025,.532218067923976,1
2025,.532222403507734,1
2025,.532229732435813,1
2025,.532257639294509,1
2025,.532292883617096,1
2025,.532306309733687,1
2025,.532332611774191,1
2025,.532339227921438,1
2025,.532351665811816,1
2025,.53239210309335,1
2025,.532430383618658,1
2025,.532456786901419,1
2025,.532466724767655,1
2025,.532471180041327,1
2025,.532531020814232,1
2025,.532540661098099,1
2025,.532548248438827,1
2025,.53255140570936,1
2025,.532555471907759,1
2025,.532636307746649,1
2025,.532644953916136,1
2025,.532647983574074,1
2025,.532650008541725,1
2025,.532720012543717,1
2025,.532733124449698,1
2025,.532747036847836,1
2025,.532759417457196,1
2025,.532782826666902,1
2025,.532823677202796,1
2025,.532841748974337,1
2025,.532842667350241,1
2025,.53287245065915,1
2025,.532901322750387,1
2025,.532903606498219,1
2025,.532925922980728,1
2025,.532969865701974,1
2025,.532979470048389,1
2025,.532998808423897,1
2025,.533000066854993,1
2025,.533021697321822,1
2025,.533040241570277,1
2025,.533081843703282,1
2025,.533085398566648,1
2025,.533094168792988,1
2025,.533103172458462,1
2025,.533107928786075,1
2025,.533108620804174,1
2025,.533119152207937,1
2025,.533120568346875,1
2025,.533172504272043,1
2025,.533181946275234,1
2025,.533195077100975,1
2025,.533211781866012,1
2025,.533229158547415,1
2025,.533230802686225,1
2025,.533238590702654,1
2025,.533239891305028,1
2025,.533277742607666,1
2025,.533279909468625,1
2025,.533282623605712,1
2025,.533294313400896,1
2025,.533306559443962,1
2025,.533310711320421,1
2025,.533311208453662,1
2025,.53331536801599,1
2025,.53332750688438,1
2025,.533342213188526,1
2025,.533362665777844,1
2025,.533376588318926,1
2025,.533380437114719,1
2025,.533384674771988,1
2025,.53341841712229,1
2025,.533437672316889,1
2025,.533470616433846,1
2025,.53351535111417,1
2025,.533523326641377,1
2025,.533556846403031,1
2025,.53357276754147,1
2025,.533591025261114,1
2025,.533597080130363,1
2025,.533603755472318,1
2025,.533615191131859,1
2025,.533616720745421,1
2025,.533643795419505,1
2025,.533728479807517,1
2025,.533779785300908,1
2025,.533817532891008,1
2025,.533835960137407,1
2025,.533856752237152,1
2025,.533858242203673,1
2025,.533890394903093,1
2025,.533899715661427,1
2025,.533910718646569,1
2025,.533915936023804,1
2025,.53393095426454,1
2025,.533937533950456,1
2025,.533948833697455,1
2025,.533977842963232,1
2025,.533984080771207,1
2025,.533988835331671,1
2025,.533989355137565,1
2025,.534001982845304,1
2025,.534014788866584,1
2025,.534018395997079,1
2025,.534034534111208,1
2025,.534059560951533,1
2025,.534063494333894,1
2025,.53408205560777,1
2025,.534089126045469,1
2025,.534090757742399,1
2025,.534095607058736,1
2025,.534113479699039,1
2025,.534113580139939,1
2025,.53413217668421,1
2025,.534132342329084,1
2025,.534170443319001,1
2025,.534187836145079,1
2025,.534204125820027,1
2025,.53423363665161,1
2025,.534238936114661,1
2025,.534251883513684,1
2025,.534262506087567,1
2025,.534273514575399,1
2025,.534275236220293,1
2025,.534284229792381,1
2025,.534313604690212,1
2025,.534335408018479,1
2025,.534340185496431,1
2025,.534340654018805,1
2025,.534384481357041,1
2025,.534393478099036,1
2025,.534410581284166,1
2025,.534468988229071,1
2025,.534470177843723,1
2025,.534486261059323,1
2025,.534495772633254,1
2025,.534553294999147,1
2025,.534587410628465,1
2025,.53459117258101,1
2025,.534593251861469,1
2025,.534619606742046,1
2025,.534629050286447,1
2025,.534672085541374,1
2025,.53468814149387,1
2025,.534701087870784,1
2025,.534719924772886,1
2025,.534727625989464,1
2025,.534732844157659,1
2025,.534755459135371,1
2025,.534781530744268,1
2025,.53478902518764,1
2025,.534790771084202,1
2025,.53481235444869979,1
2025,.534815168204347,1
2025,.534871556754409,1
2025,.534893607768938,1
2025,.534924580722449,1
2025,.534982214642874,1
2025,.534993592323188,1
2025,.535050543191628,1
2025,.535094015599059,1
2025,.535123601983896,1
2025,.535127410535431,1
2025,.535152476771349,1
2025,.535181039331877,1
2025,.535193980206811,1
2025,.535198258021924,1
2025,.535283016430512,1
2025,.53528536193475,1
2025,.535298056497609,1
2025,.535299180664794,1
2025,.535349180383742,1
2025,.535351695507019,1
2025,.53535533591789,1
2025,.535414542987674,1
2025,.53542113852202,1
2025,.535421915174256,1
2025,.535447842890503,1
2025,.535482992776986,1
2025,.535487384627572,1
2025,.535506212539791,1
2025,.535514445546235,1
2025,.535517885612433,1
2025,.535523159724723,1
2025,.535556079926499,1
2025,.535597828182814,1
2025,.535610118572116,1
2025,.535633800632913,1
2025,.535639786042499,1
2025,.535666841774055,1
2025,.53569357507318,1
2025,.535698237094541,1
2025,.535743760730563,1
2025,.535793289689506,1
2025,.535794554773904,1
2025,.535799527907309,1
2025,.535806773277287,1
2025,.535823492074331,1
2025,.535823881102694,1
2025,.535850735332761,1
2025,.535854879474907,1
2025,.535868468179258,1
2025,.53588475320411,1
2025,.535891198796071,1
2025,.535893701238648,1
2025,.535906999065955,1
2025,.535923105371498,1
2025,.535929075658881,1
2025,.53594090079365,1
2025,.5359488839982,1
2025,.535986572715128,1
2025,.536096781151409,1
2025,.536149829091069,1
2025,.536163461726784,1
2025,.536185769909399,1
2025,.536198810085432,1
2025,.536208352325508,1
2025,.536224909979938,1
2025,.536256578560862,1
2025,.536294901123633,1
2025,.536300355339356,1
2025,.536314352414379,1
2025,.536338801217634,1
2025,.536339432173126,1
2025,.536377497232343,1
2025,.536381442052989,1
2025,.536405803728575,1
2025,.536416437391362,1
2025,.536450250705396,1
2025,.536456442068991,1
2025,.536457239824985,1
2025,.536463487904155,1
2025,.536485435196333,1
2025,.536538176734795,1
2025,.536592615322628,1
2025,.536626282118409,1
2025,.536629739836698,1
2025,.536644401606855,1
2025,.53664567193352,1
2025,.536688127406025,1
2025,.536716064662976,1
2025,.536754413523355,1
2025,.536816239778436,1
2025,.536818244876684,1
2025,.536822825147431,1
2025,.536840681487732,1
2025,.536848999811951,1
2025,.536856574954682,1
2025,.536857657543043,1
2025,.53688125218709,1
2025,.536894204233672,1
2025,.536929980138402,1
2025,.536956311873373,1
2025,.536973762742449,1
2025,.537032813464838,1
2025,.537079222260042,1
2025,.5370812713772,1
2025,.537104581748245,1
2025,.537125713933939,1
2025,.537154702923771,1
2025,.537177141191896,1
2025,.537179157485381,1
2025,.537192361834439,1
2025,.537224186826625,1
2025,.537244118032094,1
2025,.53725236369338,1
2025,.537266648058075,1
2025,.537272372729836,1
2025,.537284223151365,1
2025,.537297982403143,1
2025,.537320809279455,1
2025,.537355167328141,1
2025,.537360444647579,1
2025,.537364272447166,1
2025,.537381460744661,1
2025,.537393233868961,1
2025,.537422293652684,1
2025,.537433579094871,1
2025,.537468280380519,1
2025,.537528720025554,1
2025,.537535626253085,1
2025,.537556371665803,1
2025,.537579045307647,1
2025,.537583673264904,1
2025,.537588498855818,1
2025,.537619842761953,1
2025,.537621621656364,1
2025,.537629131648512,1
2025,.537637207180438,1
2025,.537639357133386,1
2025,.537654255372269,1
2025,.537655665531949,1
2025,.537655834475114,1
2025,.537701933258607,1
2025,.537712029970368,1
2025,.537728572207334,1
2025,.537728585842115,1
2025,.537729465922343,1
2025,.537748003634056,1
2025,.537756340750878,1
2025,.537777744697311,1
2025,.53778448149338,1
2025,.537784938959602,1
2025,.537787240318754,1
2025,.537792743982605,1
2025,.537820112420903,1
2025,.537827400457464,1
2025,.537832238709874,1
2025,.537856749826898,1
2025,.53793299652967,1
2025,.537937789937288,1
2025,.537997281232292,1
2025,.538014599078112,1
2025,.538066366245241,1
2025,.538074197856201,1
2025,.538077663831436,1
2025,.538083723943862,1
2025,.538099523581421,1
2025,.538169680278764,1
2025,.538229213040142,1
2025,.538236724550649,1
2025,.538278842160093,1
2025,.538287579978422,1
2025,.538312517963502,1
2025,.538360050715839,1
2025,.53838781140228,1
2025,.538389331429135,1
2025,.53839252610487,1
2025,.538427728386653,1
2025,.538439591421534,1
2025,.538459732454247,1
2025,.538479510639727,1
2025,.53858969628185,1
2025,.538590164036925,1
2025,.538607544766114,1
2025,.538630073193675,1
2025,.538648888394326,1
2025,.538670416053632,1
2025,.538673132240424,1
2025,.538725383943147,1
2025,.538728300550932,1
2025,.538733725117156,1
2025,.538740918020372,1
2025,.538753825867224,1
2025,.538780413059955,1
2025,.538790959463097,1
2025,.53879621804032,1
2025,.538817550224814,1
2025,.538854247983059,1
2025,.538867807209613,1
2025,.538888731634018,1
2025,.538890380117741,1
2025,.538915154667744,1
2025,.538956804341906,1
2025,.538983318706718,1
2025,.539000799952212,1
2025,.539040586521973,1
2025,.53905845747266,1
2025,.539058973756628,1
2025,.539063987338649,1
2025,.539064250284066,1
2025,.539074989696772,1
2025,.539087137151663,1
2025,.539125346331295,1
2025,.539182679636969,1
2025,.539187213345154,1
2025,.539202553083035,1
2025,.53920882606032,1
2025,.539215190673841,1
2025,.539218731308794,1
2025,.53922571043061,1
2025,.539226875896816,1
2025,.539250788889116,1
2025,.539268529278056,1
2025,.539291959263495,1
2025,.539297373780195,1
2025,.539315557701408,1
2025,.539318327284977,1
2025,.539336486758354,1
2025,.539346193088592,1
2025,.53935411454365945,1
2025,.539391043139371,1
2025,.539393272620072,1
2025,.53939586966387,1
2025,.53940772894859,1
2025,.539429085972917,1
2025,.539443695402581,1
2025,.53946411710772,1
2025,.539479439583802,1
2025,.53948640298793,1
2025,.539486690676844,1
2025,.539487462152626,1
2025,.539489892811681,1
2025,.539495872637424,1
2025,.539496847192695,1
2025,.539546465167374,1
2025,.539554188254277,1
2025,.539556070237012,1
2025,.539573153398766,1
2025,.539642139315132,1
2025,.539656275544583,1
2025,.539672541161789,1
2025,.539680134741286,1
2025,.53969731091756,1
2025,.539701326680801,1
2025,.539704666307641,1
2025,.53971935939461,1
2025,.539720203951787,1
2025,.53973220966297,1
2025,.53974212157183,1
2025,.53977327799325,1
2025,.53978991260074,1
2025,.53979409222656,1
2025,.539797003558006,1
2025,.539806949159898,1
2025,.539813326772771,1
2025,.539815248198221,1
2025,.539845111089218,1
2025,.539870732768346,1
2025,.539923133525275,1
2025,.539939811401196,1
2025,.539945814865488,1
2025,.539960936184571,1
2025,.53999294506628,1
2025,.539993872934506,1
2025,.540021714492122,1
2025,.540036504897547,1
2025,.54003706671514,1
2025,.540043010335133,1
2025,.540047847125728,1
2025,.540065376218707,1
2025,.540077579215104,1
2025,.540110819218679,1
2025,.540111788713359,1
2025,.540112233487398,1
2025,.540137620562748,1
2025,.540156417223352,1
2025,.540161247080359,1
2025,.540177276440454,1
2025,.54021470336978,1
2025,.540255311306403,1
2025,.540263193025655,1
2025,.540283112201891,1
2025,.540326273345094,1
2025,.540357130937408,1
2025,.540371376527142,1
2025,.540413846537451,1
2025,.540415229164705,1
2025,.540428345436724,1
2025,.540431643944086,1
2025,.540436729135042,1
2025,.540454575681913,1
2025,.540487070055576,1
2025,.540490193476454,1
2025,.540496400640252,1
2025,.540497665817271,1
2025,.540507568683802,1
2025,.540509654121243,1
2025,.540524079972479,1
2025,.54054235405055,1
2025,.540563228637869,1
2025,.540571845973037,1
2025,.540586556045354,1
2025,.540595557366701,1
2025,.540609243796807,1
2025,.540610004863346,1
2025,.540622347367149,1
2025,.540653931089763,1
2025,.540665497688422,1
2025,.540681545427279,1
2025,.540696369402382,1
2025,.540729777653003,1
2025,.540738497207277,1
2025,.540747500456242,1
2025,.540819147010868,1
2025,.540832554444174,1
2025,.540835215258011,1
2025,.540837067834585,1
2025,.540880848639884,1
2025,.540881677931217,1
2025,.540886984504142,1
2025,.540916291558318,1
2025,.540931182786989,1
2025,.540938300419597,1
2025,.540946951473046,1
2025,.540963789699123,1
2025,.54096781250955,1
2025,.54097217079364,1
2025,.540976134318966,1
2025,.540976326137377,1
2025,.540978511063934,1
2025,.541024702061193,1
2025,.541059259470844,1
2025,.541097360842804,1
2025,.541108097007699,1
2025,.541144933064582,1
2025,.541153116444095,1
2025,.541161774667115,1
2025,.541174694934338,1
2025,.541185600063931,1
2025,.541191814609156,1
2025,.541218498141553,1
2025,.541229628158218,1
2025,.541238009874848,1
2025,.54124380385282,1
2025,.541262426712989,1
2025,.541297014407316,1
2025,.54130281231985,1
2025,.541317218759063,1
2025,.54134251161802,1
2025,.541356811221337,1
2025,.541367531315192,1
2025,.541403058390601,1
2025,.541406475738485,1
2025,.541424829972847,1
2025,.541485757568094,1
2025,.541517947282973,1
2025,.541527644012901,1
2025,.541541018803369,1
2025,.54155818858985,1
2025,.54155973173324,1
2025,.541560598541554,1
2025,.541611705112181,1
2025,.541617476033567,1
2025,.541630788043419,1
2025,.541643057863492,1
2025,.541643124300583,1
2025,.541645540283866,1
2025,.541678857340141,1
2025,.541697955350111,1
2025,.54169964050269,1
2025,.541721988776485,1
2025,.541741874313258,1
2025,.541757962964185,1
2025,.541759160262494,1
2025,.54177341314262,1
2025,.541790884420465,1
2025,.54182382301138,1
2025,.541852794404115,1
2025,.541853332795077,1
2025,.54187059064175,1
2025,.541934866607402,1
2025,.5419459255746,1
2025,.541977513120506,1
2025,.541979442306084,1
2025,.541980175194296,1
2025,.541996171699175,1
2025,.542034700462327,1
2025,.542037413444119,1
2025,.542044382130707,1
2025,.542044791778054,1
2025,.542100611675154,1
2025,.542143090298189,1
2025,.542156679736627,1
2025,.542195880886717,1
2025,.542199121040065,1
2025,.542201083748177,1
2025,.54220214415998,1
2025,.542261470358075,1
2025,.54227323637504,1
2025,.542275535521701,1
2025,.542281709574129,1
2025,.542283660673017,1
2025,.542287024430449,1
2025,.542295763132367,1
2025,.542346019371381,1
2025,.542363773127029,1
2025,.542398741336299,1
2025,.542408761364405,1
2025,.542409517583346,1
2025,.542412405810272,1
2025,.542435645546306,1
2025,.542440374787118,1
2025,.542462698513238,1
2025,.542464687825108,1
2025,.54247602605219,1
2025,.542485035290679,1
2025,.542502157583791,1
2025,.542504361033296,1
2025,.542505201461104,1
2025,.54251608087626,1
2025,.542551036044405,1
2025,.54257162500394,1
2025,.542584753707776,1
2025,.542594510001671,1
2025,.542613389920057,1
2025,.542667713606913,1
2025,.542696892658039,1
2025,.542705913490109,1
2025,.542713859586054,1
2025,.54275046034203,1
2025,.542756757916749,1
2025,.542765653860449,1
2025,.54278848693146,1
2025,.542828406691288,1
2025,.542831197887108,1
2025,.54286263546564,1
2025,.54287990751695,1
2025,.542885686369006,1
2025,.54289411514275,1
2025,.542901283225656,1
2025,.542926138262791,1
2025,.54296019052575,1
2025,.542965069559027,1
2025,.542965239958353,1
2025,.542998529594538,1
2025,.543013980083249,1
2025,.543017365397231,1
2025,.543017521572336,1
2025,.543023938836816,1
2025,.543027744357821,1
2025,.543043262391831,1
2025,.543044328462534,1
2025,.543133644023638,1
2025,.54317582970178,1
2025,.543202164815118,1
2025,.543223053107004,1
2025,.543237426189994,1
2025,.54327292839425,1
2025,.54328982506059,1
2025,.543291428401607,1
2025,.54329245998828,1
2025,.543372407347358,1
2025,.543381671897511,1
2025,.543384811996381,1
2025,.543412738683236,1
2025,.543429725802761,1
2025,.543444487116501,1
2025,.543445624678918,1
2025,.543503383225873,1
2025,.54350543383976,1
2025,.543527274090063,1
2025,.543530307759403,1
2025,.543551990914618,1
2025,.543552381343796,1
2025,.543589469009408,1
2025,.543593518415526,1
2025,.543634816526257,1
2025,.543651881594266,1
2025,.543664432970424,1
2025,.543668410830832,1
2025,.543687011493573,1
2025,.543719877239839,1
2025,.543743824373056,1
2025,.543751543797877,1
2025,.543774808558294,1
2025,.543783870167158,1
2025,.543789416341953,1
2025,.543816321283573,1
2025,.543844697257698,1
2025,.543853440512505,1
2025,.543871130896624,1
2025,.543877290581964,1
2025,.543888970072622,1
2025,.543911292390796,1
2025,.543939330916009,1
2025,.543956367741637,1
2025,.54398657253881,1
2025,.544020294549785,1
2025,.544037044422651,1
2025,.544044028429653,1
2025,.544046900368952,1
2025,.544048698116066,1
2025,.544062824698191,1
2025,.544077721596295,1
2025,.544082946205973,1
2025,.544094785043735,1
2025,.544115384309953,1
2025,.544132594055847,1
2025,.544160083509397,1
2025,.544163996907415,1
2025,.54422222497305,1
2025,.544236223783336,1
2025,.544294658798157,1
2025,.54432860845862,1
2025,.544355478728446,1
2025,.544365550622275,1
2025,.544414868068339,1
2025,.544449290402396,1
2025,.544493989861417,1
2025,.544544434943037,1
2025,.5445893322421,1
2025,.544596090776982,1
2025,.544597740681554,1
2025,.544614991476943,1
2025,.544617831570987,1
2025,.544619041291663,1
2025,.544632937507986,1
2025,.544675164340988,1
2025,.544681201959933,1
2025,.544686285908302,1
2025,.544698540733783,1
2025,.544711392569615,1
2025,.54471495720868,1
2025,.544733301088693,1
2025,.544750384222263,1
2025,.544769957877519,1
2025,.544803014094931,1
2025,.544803680673642,1
2025,.544804706731459,1
2025,.544813977220363,1
2025,.544858667652152,1
2025,.544891255770153,1
2025,.544893147125764,1
2025,.544921443785982,1
2025,.544944122087234,1
2025,.544979931058844,1
2025,.54500315467773,1
2025,.54500888036707,1
2025,.545020851260653,1
2025,.545024935699205,1
2025,.545038041059209,1
2025,.545098868181016,1
2025,.545099053600259,1
2025,.545113336338044,1
2025,.545119074587982,1
2025,.545172601792408,1
2025,.545175892639094,1
2025,.545194086178291,1
2025,.545259711111207,1
2025,.545270004052337,1
2025,.545346576903243,1
2025,.545362816409089,1
2025,.545372356509997,1
2025,.54538820834257,1
2025,.545397326026295,1
2025,.545426298485052,1
2025,.545427683365004,1
2025,.545433325365406,1
2025,.545472179320795,1
2025,.54548202312541,1
2025,.545505668393696,1
2025,.545508415678843,1
2025,.545525060202236,1
2025,.545534025403336,1
2025,.545535786430525,1
2025,.545554424607565,1
2025,.545571136071602,1
2025,.545614224358123,1
2025,.54561530192787,1
2025,.545653444526684,1
2025,.545696953646314,1
2025,.545697237217536,1
2025,.545701169917555,1
2025,.545705348242562,1
2025,.54571681304921,1
2025,.545720436608809,1
2025,.54572077480848,1
2025,.54575059360195,1
2025,.545755215671876,1
2025,.545769022799122,1
2025,.545773268526552,1
2025,.545778137919253,1
2025,.545784595516695,1
2025,.545829695266404,1
2025,.545873625731935,1
2025,.54588072150435,1
2025,.54588267190885,1
2025,.545926076552598,1
2025,.545965432365692,1
2025,.546036684116656,1
2025,.546088832504943,1
2025,.546089326595152,1
2025,.546128563905501,1
2025,.546159368939589,1
2025,.546173203055291,1
2025,.546178366945036,1
2025,.546186353099088,1
2025,.546189807653298,1
2025,.54625757314166,1
2025,.546277891414904,1
2025,.546280491046486,1
2025,.546281362580867,1
2025,.546344629693036,1
2025,.546387623493269,1
2025,.546392988793248,1
2025,.546407925002302,1
2025,.546408529429451,1
2025,.54641379999318362,1
2025,.546417909794403,1
2025,.546436982645281,1
2025,.546478967021481,1
2025,.546645800066149,1
2025,.546654922013356,1
2025,.546667532367514,1
2025,.546676804725741,1
2025,.546684957195655,1
2025,.546707407083053,1
2025,.546710535829248,1
2025,.546714780923701,1
2025,.546726845711983,1
2025,.546727081152243,1
2025,.546755431584246,1
2025,.546755879145221,1
2025,.546763270070969,1
2025,.546775215392483,1
2025,.546791852147343,1
2025,.546804556792716,1
2025,.546822938460693,1
2025,.546860953947639,1
2025,.546872640028669,1
2025,.546877433499065,1
2025,.546879237255779,1
2025,.546886259331544,1
2025,.546904066977386,1
2025,.546919104268632,1
2025,.546930622742955,1
2025,.54696172758212,1
2025,.546961966358265,1
2025,.546984635700234,1
2025,.547031562386362,1
2025,.547047063727008,1
2025,.547050481541831,1
2025,.547060497226518,1
2025,.547073562318401,1
2025,.54709790369627,1
2025,.547127297134146,1
2025,.547171893043924,1
2025,.547211030476195,1
2025,.547236640795356,1
2025,.547277364802709,1
2025,.547283366545784,1
2025,.547297095775733,1
2025,.547309321674426,1
2025,.54731966380661,1
2025,.547340210453942,1
2025,.547350758773401,1
2025,.547359467907861,1
2025,.5473712947647,1
2025,.547377951155281,1
2025,.547397641369168,1
2025,.547403167809333,1
2025,.547471914614519,1
2025,.547515240921526,1
2025,.547555411014578,1
2025,.54758364052011,1
2025,.547640606228586,1
2025,.547670955245539,1
2025,.547671382265175,1
2025,.547676209272411,1
2025,.547699658335456,1
2025,.547706473893752,1
2025,.547707704779299,1
2025,.547713613980055,1
2025,.547722868520823,1
2025,.547729436721308,1
2025,.54775527039863,1
2025,.547788047000739,1
2025,.547804981947288,1
2025,.547838901144913,1
2025,.547858256302045,1
2025,.547861527191592,1
2025,.547862581714673,1
2025,.547864002562923,1
2025,.547864221454078,1
2025,.54787256346257,1
2025,.547904584803332,1
2025,.547911340991336,1
2025,.547953964519837,1
2025,.547966640497077,1
2025,.547972810045576,1
2025,.547977422480299,1
2025,.548022143203503,1
2025,.548040158330469,1
2025,.548067278664963,1
2025,.548094442268025,1
2025,.548141313189207,1
2025,.548147583995604,1
2025,.548153494331122,1
2025,.548157822154191,1
2025,.548202349579317,1
2025,.54824039538598,1
2025,.548257628420573,1
2025,.54827946013974,1
2025,.548299919308812,1
2025,.548315520612,1
2025,.548333712530612,1
2025,.548378830397117,1
2025,.548402799677476,1
2025,.548403678474112,1
2025,.548490651182027,1
2025,.548501375976066,1
2025,.548518992246451,1
2025,.548526337376647,1
2025,.548529627126274,1
2025,.548640361075578,1
2025,.548653273901166,1
2025,.548660488583922,1
2025,.54867430878886,1
2025,.548695725519987,1
2025,.548702548682687,1
2025,.548726485058481,1
2025,.548728506332042,1
2025,.548742411438474,1
2025,.548765793523365,1
2025,.54877308536861,1
2025,.548786095752995,1
2025,.54883385883191,1
2025,.54883715923479,1
2025,.548877259681826,1
2025,.548929020188151,1
2025,.548975385695309,1
2025,.548983314208361,1
2025,.548993016005772,1
2025,.548995176820997,1
2025,.549009420826744,1
2025,.549024111476409,1
2025,.549028980179655,1
2025,.549077115630766,1
2025,.549078841389674,1
2025,.549097957693401,1
2025,.54911121794251,1
2025,.54911569177325,1
2025,.549123366530055,1
2025,.549124309413459,1
2025,.549164721720136,1
2025,.549170489299403,1
2025,.549222517995176,1
2025,.54923480679192,1
2025,.549238435343252,1
2025,.549251252875277,1
2025,.549292127216824,1
2025,.54929310050196,1
2025,.549313335024232,1
2025,.549324127566026,1
2025,.549363817674568,1
2025,.549369564535319,1
2025,.549402017020757,1
2025,.549412767964191,1
2025,.549433964717733,1
2025,.549442965352647,1
2025,.549451856876943,1
2025,.549454212235742,1
2025,.549466515214788,1
2025,.549473439013353,1
2025,.549517738044299,1
2025,.549531340770092,1
2025,.549546156192545,1
2025,.549556481500332,1
2025,.549603890274662,1
2025,.549610066576687,1
2025,.549648474091405,1
2025,.549654141720274,1
2025,.549678139012458,1
2025,.549685425639136,1
2025,.549700762736724,1
2025,.54971051945020599,1
2025,.549724574336376,1
2025,.549746651096871,1
2025,.549768770150482,1
2025,.549771396244716,1
2025,.549783630862201,1
2025,.5497957291924,1
2025,.549814341330474,1
2025,.549874391350113,1
2025,.549920480521121,1
2025,.549939054668187,1
2025,.549947958413902,1
2025,.54995870359693,1
2025,.549959372551524,1
2025,.549961355376086,1
2025,.549977314190669,1
2025,.549983193284459,1
2025,.549988303388241,1
2025,.550017872708994,1
2025,.550098388378015,1
2025,.550106509761065,1
2025,.550127861894438,1
2025,.550140735137095,1
2025,.550148384694016,1
2025,.550153824189881,1
2025,.550167453087388,1
2025,.550173694023064,1
2025,.550181272952591,1
2025,.550228946881273,1
2025,.550237961799844,1
2025,.5502586621072,1
2025,.550328641841858,1
2025,.550346552214154,1
2025,.550347901265501,1
2025,.550357701090464,1
2025,.55036549783114,1
2025,.55037174735376,1
2025,.550381656146055,1
2025,.55039741085129,1
2025,.550399612531397,1
2025,.550404822990825,1
2025,.550447425106352,1
2025,.550463350519232,1
2025,.550499060658466,1
2025,.550531706246451,1
2025,.550583905776685,1
2025,.550591196098619,1
2025,.550621010477902,1
2025,.550645879690936,1
2025,.55065626838019,1
2025,.550660983756697,1
2025,.55069236782896,1
2025,.550705027913603,1
2025,.550719819287539,1
2025,.550720893171021,1
2025,.550735524654951,1
2025,.550746659246489,1
2025,.550759657135021,1
2025,.550796859437739,1
2025,.550810215442058,1
2025,.550836335350253,1
2025,.550843826971175,1
2025,.550845983085877,1
2025,.550889977813754,1
2025,.550912074700396,1
2025,.550964037539735,1
2025,.550967410683797,1
2025,.550982557359309,1
2025,.550993069361249,1
2025,.551029558398216,1
2025,.551042022095966,1
2025,.551047129124834,1
2025,.551069907344936,1
2025,.551071928234522,1
2025,.55108741875761,1
2025,.551099798249174,1
2025,.551104290478346,1
2025,.551105733033158,1
2025,.551110455587915,1
2025,.551117085478461,1
2025,.551126268748159,1
2025,.551170525711442,1
2025,.551176111755587,1
2025,.551217535120909,1
2025,.551224923851541,1
2025,.551239265568721,1
2025,.551282125573696,1
2025,.551297455722014,1
2025,.551308175486471,1
2025,.551333446424309,1
2025,.551339692916781,1
2025,.55136395568907,1
2025,.551374260846003,1
2025,.551389891225885,1
2025,.551409988247702,1
2025,.551423154382878,1
2025,.551428204565098,1
2025,.551463837143782,1
2025,.551488678524782,1
2025,.551510988312986,1
2025,.551544098807802,1
2025,.551568894089113,1
2025,.551573847173554,1
2025,.551577023719609,1
2025,.55158779217993,1
2025,.55159771423892,1
2025,.551619763195587,1
2025,.551621642003177,1
2025,.551670930977609,1
2025,.55168071986176,1
2025,.551692874488996,1
2025,.551701014353236,1
2025,.551727359819111,1
2025,.551762179637931,1
2025,.551783256168324,1
2025,.551822337795605,1
2025,.551840788773836,1
2025,.551848326504706,1
2025,.551890456699722,1
2025,.551927391479281,1
2025,.551958293334703,1
2025,.551973928737143,1
2025,.551981615325695,1
2025,.551987748678249,1
2025,.551992646933925,1
2025,.552001988382892,1
2025,.552005391615223,1
2025,.552019572038494,1
2025,.552032671524239,1
2025,.552112547301533,1
2025,.552112630803998,1
2025,.552114021210131,1
2025,.552140695265688,1
2025,.552207196809994,1
2025,.552272568035973,1
2025,.552297649955709,1
2025,.552311554230366,1
2025,.552313569445251,1
2025,.55231417127434,1
2025,.552324910004411,1
2025,.552331426286212,1
2025,.552342845833067,1
2025,.552404170727646,1
2025,.552424969923853,1
2025,.552452925379945,1
2025,.552464862330479,1
2025,.552469991923652,1
2025,.552497326387724,1
2025,.552535373438332,1
2025,.552620094393548,1
2025,.552632866323699,1
2025,.552635968304915,1
2025,.552637954130312,1
2025,.55264211947963,1
2025,.552645072290307,1
2025,.552669436537041,1
2025,.552722758579436,1
2025,.552740820907072,1
2025,.552805820783326,1
2025,.552817436496525,1
2025,.552824671852397,1
2025,.552828284435193,1
2025,.552874603408544,1
2025,.552903920866753,1
2025,.552926202949847,1
2025,.553031638420576,1
2025,.553033715637858,1
2025,.553094414648558,1
2025,.553146068398043,1
2025,.553146253603554,1
2025,.553159836499485,1
2025,.553182112060052,1
2025,.553203859453695,1
2025,.553222413912381,1
2025,.553244260787819,1
2025,.55325392435383,1
2025,.553303733271532,1
2025,.553345300602089,1
2025,.553350641217291,1
2025,.553371533422327,1
2025,.553409651428186,1
2025,.553460961659305,1
2025,.553508342098786,1
2025,.55350926376579,1
2025,.553511011238623,1
2025,.553515473265441,1
2025,.553520284182089,1
2025,.553533765921949,1
2025,.553541315000438,1
2025,.553566531070327,1
2025,.553588418329233,1
2025,.553614965109126,1
2025,.553631941968644,1
2025,.553661240275827,1
2025,.55366884830554,1
2025,.553693943095655,1
2025,.553730761111137,1
2025,.553741572033898,1
2025,.553756591728705,1
2025,.553756841363378,1
2025,.553813842057847,1
2025,.553820741813771,1
2025,.553857729109614,1
2025,.553861701014722,1
2025,.553899313144243,1
2025,.553940565936522,1
2025,.553948878493083,1
2025,.553953766686146,1
2025,.553973072601505,1
2025,.554005515284721,1
2025,.554023657303514,1
2025,.554038270072664,1
2025,.554059008523985,1
2025,.554070858878489,1
2025,.554083697472783,1
2025,.554101815745251,1
2025,.554127521910056,1
2025,.554166107353833,1
2025,.554169030554957,1
2025,.554194885028949,1
2025,.554244087898857,1
2025,.554247220698235,1
2025,.554252449967618,1
2025,.554265815409435,1
2025,.554269055805641,1
2025,.554274270113214,1
2025,.554276105625825,1
2025,.554301873902063,1
2025,.554309756603266,1
2025,.554355411904603,1
2025,.554388169451823,1
2025,.554421646170801,1
2025,.554443094757117,1
2025,.554468234306023,1
2025,.554477350138635,1
2025,.554499147658681,1
2025,.554501507213308,1
2025,.554504624309798,1
2025,.554511434012787,1
2025,.554511896027028,1
2025,.554527256310384,1
2025,.554536604494198,1
2025,.554580752574954,1
2025,.554584374072032,1
2025,.554589754742185,1
2025,.554596862489594,1
2025,.554646151938024,1
2025,.554674506394963,1
2025,.55470105817487,1
2025,.554719384521409,1
2025,.554732377295235,1
2025,.554735195196492,1
2025,.5547536881162,1
2025,.554756024949638,1
2025,.554873559082194,1
2025,.554895441543102,1
2025,.554916291186858,1
2025,.554927050657546,1
2025,.554928795703684,1
2025,.554985434618129,1
2025,.555082535510011,1
2025,.555089346983634,1
2025,.555131436918313,1
2025,.5551340932746,1
2025,.55513991758881,1
2025,.555156080665355,1
2025,.555159763086459,1
2025,.555165614383199,1
2025,.555174335392161,1
2025,.555179758350309,1
2025,.555207990612654,1
2025,.555211160682673,1
2025,.555228881309436,1
2025,.555250643617362,1
2025,.555259265731047,1
2025,.555359889867932,1
2025,.555386390150793,1
2025,.555391715409453,1
2025,.555412787271081,1
2025,.555414428087615,1
2025,.555495785676322,1
2025,.555527925253801,1
2025,.555543079230842,1
2025,.555550338565054,1
2025,.555576439087573,1
2025,.555604060547762,1
2025,.555633823469836,1
2025,.555650543785917,1
2025,.555699799119225,1
2025,.555713453321731,1
2025,.555727083768914,1
2025,.555729584995933,1
2025,.555772419354865,1
2025,.555776364735351,1
2025,.555785603305638,1
2025,.555787524033444,1
2025,.555789722034246,1
2025,.555790502463767,1
2025,.555798377213763,1
2025,.555807897429205,1
2025,.555815587062387,1
2025,.555906548520036,1
2025,.555917563826253,1
2025,.555930170009014,1
2025,.555930726623568,1
2025,.555946132377276,1
2025,.556038147856514,1
2025,.556038210890613,1
2025,.556050917725038,1
2025,.556074168623825,1
2025,.556102907503768,1
2025,.55612188566024,1
2025,.556154270227586,1
2025,.556171698813761,1
2025,.556183203670041,1
2025,.55621710258303,1
2025,.556247138415425,1
2025,.556286946942733,1
2025,.556326724038623,1
2025,.556332762737237,1
2025,.55635205383522,1
2025,.55639093185141,1
2025,.55639829216827,1
2025,.556432457160601,1
2025,.556466678878795,1
2025,.556470549173251,1
2025,.556503607589124,1
2025,.556504583749519,1
2025,.556510863111964,1
2025,.556536148056478,1
2025,.556574868441121,1
2025,.556588181555905,1
2025,.556616667806731,1
2025,.556660127038157,1
2025,.556664942201871,1
2025,.556670803656314,1
2025,.556702445527027,1
2025,.556705088134401,1
2025,.556717398652321,1
2025,.556765277309366,1
2025,.55676794402088,1
2025,.55686539944708,1
2025,.556874847257064,1
2025,.556912858448547,1
2025,.556919005130845,1
2025,.556976444361896,1
2025,.556997307739313,1
2025,.556999638086146,1
2025,.557007379053046,1
2025,.557008127729639,1
2025,.557012188103899,1
2025,.55701725917008,1
2025,.557037886352775,1
2025,.557105123178941,1
2025,.55710628738963,1
2025,.557120285714641,1
2025,.557123907206795,1
2025,.557135935626306,1
2025,.557178450208224,1
2025,.557181409282956,1
2025,.557183091879293,1
2025,.557191441893509,1
2025,.557226858746816,1
2025,.557261373949306,1
2025,.557273115276431,1
2025,.557289900674902,1
2025,.55729341851849,1
2025,.557318820386736,1
2025,.557351266741596,1
2025,.557352392736323,1
2025,.557412019241294,1
2025,.557430476432754,1
2025,.557436799454159,1
2025,.557499176048738,1
2025,.557507960526737,1
2025,.557537512922891,1
2025,.557567877537974,1
2025,.557599388600288,1
2025,.557678909785305,1
2025,.557688856331093,1
2025,.557710902764281,1
2025,.557716789947527,1
2025,.55772879696872,1
2025,.557733614234828,1
2025,.557799177843283,1
2025,.557822256375298,1
2025,.557843281783438,1
2025,.557866354275611,1
2025,.557880463772526,1
2025,.557900574854789,1
2025,.557915484267058,1
2025,.557929783574521,1
2025,.557932824103964,1
2025,.557972691936543,1
2025,.557974188757163,1
2025,.55797654513639,1
2025,.557986963259297,1
2025,.55798855615634,1
2025,.557993784255791,1
2025,.558007094595417,1
2025,.558033302280513,1
2025,.558065235991533,1
2025,.558101826109506,1
2025,.558124702128693,1
2025,.558125445993375,1
2025,.558141588002607,1
2025,.558169976842198,1
2025,.558185234025432,1
2025,.558190076916271,1
2025,.55819172437326,1
2025,.558202480037219,1
2025,.558263371760474,1
2025,.55827102956675,1
2025,.558289992286285,1
2025,.558311491991067,1
2025,.558385032652499,1
2025,.558391524842625,1
2025,.558436588167943,1
2025,.558451151941231,1
2025,.558488778730922,1
2025,.5585159868712,1
2025,.558540136599218,1
2025,.558555293283281,1
2025,.558566401115726,1
2025,.558568011403674,1
2025,.558588822353186,1
2025,.5585998553712,1
2025,.558615585885983,1
2025,.558649489104436,1
2025,.558651785439259,1
2025,.558652078405781,1
2025,.558743469722434,1
2025,.558772071244613,1
2025,.558778307175044,1
2025,.55880201556967,1
2025,.558857862336117,1
2025,.558904612959932,1
2025,.558906302487409,1
2025,.558908313143204,1
2025,.558912787607338,1
2025,.55891910197538,1
2025,.558921973837589,1
2025,.558932960654738,1
2025,.558956375101173,1
2025,.558966362936977,1
2025,.558972656339282,1
2025,.558989825122788,1
2025,.559026113487017,1
2025,.559057842851398,1
2025,.559077719621179,1
2025,.55908444156154,1
2025,.559242092127565,1
2025,.559246549169855,1
2025,.559253166440239,1
2025,.559266795979839,1
2025,.559271282043924,1
2025,.55928601681241,1
2025,.559293838970788,1
2025,.559309748468349,1
2025,.559329491208977,1
2025,.559330268094054,1
2025,.559351365061496,1
2025,.55939280200551,1
2025,.559397504564084,1
2025,.559438014530063,1
2025,.559444181823778,1
2025,.559448205074284,1
2025,.559457671016265,1
2025,.559494221238948,1
2025,.55950179885088,1
2025,.559529616489404,1
2025,.559569003209309,1
2025,.55957752042924,1
2025,.559580607979421,1
2025,.559586206552505,1
2025,.559591019330031,1
2025,.559599185609298,1
2025,.559639633712453,1
2025,.559640398208339,1
2025,.559647471913351,1
2025,.559688323929368,1
2025,.559691769664534,1
2025,.559727612599892,1
2025,.559736017087981,1
2025,.559774209588057,1
2025,.559825724941362,1
2025,.559897202065117,1
2025,.559914829908361,1
2025,.559917864561716,1
2025,.559927479200661,1
2025,.560033809013668,1
2025,.56004326288993,1
2025,.56006105985263555,1
2025,.560067691722803,1
2025,.560109646701257,1
2025,.560156621675801,1
2025,.560172361325173,1
2025,.560180117514812,1
2025,.560193634298913,1
2025,.560207944754461,1
2025,.560211211657072,1
2025,.560217873720734,1
2025,.560221043404929,1
2025,.560240046789494,1
2025,.560246563578831,1
2025,.560291263982644,1
2025,.560306650635404,1
2025,.560316110254079,1
2025,.560322385108944,1
2025,.560326510649276,1
2025,.560332077167764,1
2025,.560429315808601,1
2025,.56043400963138,1
2025,.560436648842367,1
2025,.560438326490043,1
2025,.560440537091379,1
2025,.560453713831744,1
2025,.56045997748188,1
2025,.560476398288519,1
2025,.560484401987585,1
2025,.560490394870164,1
2025,.560532355615526,1
2025,.560595666229323,1
2025,.560596495431375,1
2025,.560613950343735,1
2025,.560621813355714,1
2025,.560646042582043,1
2025,.560697154673238,1
2025,.560699969797166,1
2025,.560706405998886,1
2025,.560711143933343,1
2025,.560713818901507,1
2025,.56072487723641,1
2025,.560731003673079,1
2025,.560762628796627,1
2025,.560775884999574,1
2025,.560808179063742,1
2025,.560813358320342,1
2025,.560824163989373,1
2025,.56084763878929,1
2025,.560852476902775,1
2025,.560913185217565,1
2025,.560927413140742,1
2025,.560944148339123,1
2025,.560949447435988,1
2025,.560965034239891,1
2025,.560971422837276,1
2025,.561010892164651,1
2025,.561019719531176,1
2025,.56104633688422,1
2025,.561047143363387,1
2025,.56108122828238,1
2025,.561098761026887,1
2025,.561158359850175,1
2025,.561182581743571,1
2025,.561197628496181,1
2025,.561217209796883,1
2025,.561221310742516,1
2025,.561236883736004,1
2025,.561258006194175,1
2025,.561267720877243,1
2025,.561321506323988,1
2025,.561341885586479,1
2025,.561358978582868,1
2025,.561367349002268,1
2025,.56138800703824,1
2025,.561401088458036,1
2025,.561413887376064,1
2025,.561423260490722,1
2025,.561464440607206,1
2025,.561501490231954,1
2025,.561524481237239,1
2025,.561533977161026,1
2025,.561549033117367,1
2025,.561579541972705,1
2025,.561611510765245,1
2025,.56168171176293,1
2025,.561689105650406,1
2025,.561698062294368,1
2025,.561700200947245,1
2025,.561711238849426,1
2025,.561711917996707,1
2025,.561749537788104,1
2025,.561793430054751,1
2025,.5618188096851,1
2025,.561829718580819,1
2025,.561832334692067,1
2025,.56183401788435,1
2025,.56183929933857,1
2025,.561865974004156,1
2025,.561880995930196,1
2025,.561886968197759,1
2025,.561896523564792,1
2025,.561899163310903,1
2025,.561917871340833,1
2025,.561921941191837,1
2025,.56192632347102,1
2025,.561996392488047,1
2025,.562002786705358,1
2025,.562028346438734,1
2025,.562135405816079,1
2025,.562214558134475,1
2025,.562246445252325,1
2025,.562278127770566,1
2025,.562285291023378,1
2025,.562324255048259,1
2025,.562356815177914,1
2025,.562382888854938,1
2025,.562395637374734,1
2025,.562399348311793,1
2025,.562436999997082,1
2025,.562491447084623,1
2025,.562509749575591,1
2025,.562543051839205,1
2025,.562568083287231,1
2025,.562595847338544,1
2025,.562657007555514,1
2025,.562675377050393,1
2025,.562684446057813,1
2025,.562687437196421,1
2025,.562730914087228,1
2025,.562748750320375,1
2025,.562750519786769,1
2025,.562750653817243,1
2025,.562751931216354,1
2025,.56275286586243,1
2025,.562787826761683,1
2025,.562854158841955,1
2025,.562854495445817,1
2025,.562858290387507,1
2025,.562876987233462,1
2025,.562915500460078,1
2025,.56292486670933,1
2025,.5629288706951,1
2025,.562947464612251,1
2025,.562950480334167,1
2025,.562951626898683,1
2025,.56299822741109,1
2025,.563009622101741,1
2025,.563010905534735,1
2025,.56302318391738,1
2025,.563035995995558,1
2025,.563041762365867,1
2025,.563050203448878,1
2025,.563060642286686,1
2025,.563060773405976,1
2025,.563067089146051,1
2025,.563079765738562,1
2025,.563086301114719,1
2025,.563114189438243,1
2025,.563136012056231,1
2025,.563160560355697,1
2025,.563173490380905,1
2025,.563190452182164,1
2025,.563197091635499,1
2025,.563244539168225,1
2025,.563296698318796,1
2025,.563298479365295,1
2025,.56339000489794,1
2025,.563402374407512,1
2025,.563411891366939,1
2025,.563444878756833,1
2025,.563452254884907,1
2025,.563474756457763,1
2025,.563514589146664,1
2025,.563520957831977,1
2025,.563524383506352,1
2025,.563533446010672,1
2025,.563603038249571,1
2025,.56363847551773,1
2025,.563658657879428,1
2025,.563666947728976,1
2025,.563679108559334,1
2025,.563693153184605,1
2025,.563712259600409,1
2025,.563736337656043,1
2025,.563742132237755,1
2025,.563806459047949,1
2025,.563811530874219,1
2025,.563824642959233,1
2025,.56382775479426,1
2025,.563835151897884,1
2025,.563846241414237,1
2025,.563887589321803,1
2025,.563936546503935,1
2025,.563941475711165,1
2025,.563943968581516,1
2025,.56397124594244,1
2025,.563971766055745,1
2025,.564013361959405,1
2025,.564014047560912,1
2025,.564032394729308,1
2025,.56404286061171,1
2025,.564048638564596,1
2025,.564075072819955,1
2025,.564081715850431,1
2025,.564083754131611,1
2025,.564084352958776,1
2025,.564114549851571,1
2025,.564174927698276,1
2025,.564180998995028,1
2025,.564190858817833,1
2025,.564210067932601,1
2025,.564239387694774,1
2025,.56424805531837,1
2025,.564325006920794,1
2025,.564373988355707,1
2025,.564385013654273,1
2025,.564387923778634,1
2025,.56444496216705,1
2025,.564458649294034,1
2025,.564462044876253,1
2025,.564496177136991,1
2025,.564505803858818,1
2025,.564520931920831,1
2025,.564551344496303,1
2025,.564564310202981,1
2025,.564634213496118,1
2025,.56469756673302,1
2025,.564706411852731,1
2025,.564716057058676,1
2025,.564748338440336,1
2025,.564749747927052,1
2025,.564760003384093,1
2025,.564776603647245,1
2025,.564796100349328,1
2025,.564830611637883,1
2025,.564847404123803,1
2025,.56489875104025,1
2025,.564909067663191,1
2025,.564917444933573,1
2025,.564924240820175,1
2025,.564933601162027,1
2025,.564957545512417,1
2025,.564988616106376,1
2025,.565001653812677,1
2025,.565018556013237,1
2025,.565029891353195,1
2025,.565088742356237,1
2025,.565158242056647,1
2025,.565169225548592,1
2025,.565170778395692,1
2025,.56521154416008,1
2025,.56525129410202,1
2025,.565263902413598,1
2025,.565267674305692,1
2025,.565273173414783,1
2025,.565291209111946,1
2025,.565320751521669,1
2025,.565349112034316,1
2025,.565350788923507,1
2025,.565367845005435,1
2025,.565385757024673,1
2025,.56542818798936,1
2025,.565450908246405,1
2025,.565463714946894,1
2025,.565476928855886,1
2025,.56550390871974,1
2025,.565514920733985,1
2025,.565538692229711,1
2025,.565540505002313,1
2025,.56554390698548,1
2025,.565575085720562,1
2025,.565588993776671,1
2025,.565590642603594,1
2025,.565590960055578,1
2025,.565661365733687,1
2025,.565729429127639,1
2025,.565748553558137,1
2025,.565750324798741,1
2025,.565783228531569,1
2025,.565794651161819,1
2025,.565800172928829,1
2025,.565814478676781,1
2025,.565819803137414,1
2025,.565825719903074,1
2025,.565829835542559,1
2025,.565858053073396,1
2025,.565880441692622,1
2025,.565901354733276,1
2025,.565910622748293,1
2025,.565919350974107,1
2025,.565949629990619,1
2025,.565952955681152,1
2025,.565957199628198,1
2025,.565972287018012,1
2025,.566000196257985,1
2025,.566013034676647,1
2025,.566037332702914,1
2025,.566082272284939,1
2025,.566091660240707,1
2025,.566125062859954,1
2025,.566149655360103,1
2025,.566315474544536,1
2025,.566386108292074,1
2025,.566388735008086,1
2025,.566420927290262,1
2025,.566422266444705,1
2025,.5664238459748,1
2025,.566429828780127,1
2025,.566481532210024,1
2025,.566481602555472,1
2025,.566506196097145,1
2025,.566508490264122,1
2025,.566527940949478,1
2025,.56656787239123,1
2025,.566577752523928,1
2025,.566619159171585,1
2025,.566650250550024,1
2025,.566657857387505,1
2025,.566667375279884,1
2025,.566671450152875,1
2025,.566689849250018,1
2025,.566697991551072,1
2025,.566706027431139,1
2025,.566729365977161,1
2025,.566744990441465,1
2025,.566769537517439,1
2025,.566794995965238,1
2025,.566800321748679,1
2025,.566829331873754,1
2025,.566832907047414,1
2025,.566852716275685,1
2025,.566917229190289,1
2025,.566923800049155,1
2025,.566944967780172,1
2025,.566966435893252,1
2025,.567006648681282,1
2025,.567010900097734,1
2025,.567023683793054,1
2025,.567056026712158,1
2025,.567067302500349,1
2025,.56711737384468119,1
2025,.567150164878315,1
2025,.567191824422658,1
2025,.567207426061793,1
2025,.567215705644693,1
2025,.567218753314151,1
2025,.567223575176534,1
2025,.567228859528522,1
2025,.567269022418638,1
2025,.56727125331616,1
2025,.567290400812184,1
2025,.567330384647959,1
2025,.56733272044136,1
2025,.5673342035127,1
2025,.567339957941259,1
2025,.567343505352069,1
2025,.567346454624261,1
2025,.567357539967592,1
2025,.567377949855174,1
2025,.567380015074322,1
2025,.567452356242801,1
2025,.567464671567783,1
2025,.567536500974379,1
2025,.567565629484449,1
2025,.567595055014361,1
2025,.567601303434264,1
2025,.567639325698596,1
2025,.567665396798084,1
2025,.567755886845476,1
2025,.567760154074427,1
2025,.567775562565798,1
2025,.56783723407962,1
2025,.567850192510889,1
2025,.567855980721215,1
2025,.567906889134998,1
2025,.568007982293735,1
2025,.568031792009677,1
2025,.56806436803742,1
2025,.568067688267245,1
2025,.568085109257578,1
2025,.568085753788547,1
2025,.568117185531029,1
2025,.568140332563926,1
2025,.568145658012353,1
2025,.568150566452638,1
2025,.568169406917778,1
2025,.568205006852906,1
2025,.568209183893986,1
2025,.568209788878048,1
2025,.568223429935318,1
2025,.568228622416199,1
2025,.568260428646992,1
2025,.568267651899454,1
2025,.568295529744632,1
2025,.56830334440739,1
2025,.568304885815045,1
2025,.568335132091812,1
2025,.568351426256465,1
2025,.568360074258191,1
2025,.568391214632267,1
2025,.5684657339265,1
2025,.568498424948715,1
2025,.568510375127227,1
2025,.568536573175521,1
2025,.568564009174985,1
2025,.568646524151914,1
2025,.568654532797728,1
2025,.568706275929266,1
2025,.568716720586633,1
2025,.568730462349237,1
2025,.568734842817336,1
2025,.568754024022586,1
2025,.568761014514506,1
2025,.568769822815955,1
2025,.568774733727537,1
2025,.568814447628164,1
2025,.56883033515939,1
2025,.568872340550067,1
2025,.568872939649767,1
2025,.56889192228598,1
2025,.568938282264351,1
2025,.568978422851002,1
2025,.568991305059704,1
2025,.569038781393009,1
2025,.569091723981737,1
2025,.569152970145367,1
2025,.569161002899851,1
2025,.569218222549206,1
2025,.569250354406464,1
2025,.569261561897412,1
2025,.569286540718672,1
2025,.569305829346104,1
2025,.569351442686028,1
2025,.569371322050175,1
2025,.569376376678167,1
2025,.569416789387239,1
2025,.569461134176643,1
2025,.569474820076053,1
2025,.56955451243601,1
2025,.569561581238655,1
2025,.569562906338466,1
2025,.569599679897555,1
2025,.56966646491222,1
2025,.569690017201824,1
2025,.569719543153389,1
2025,.569734586006203,1
2025,.5697720727488,1
2025,.569789546245189,1
2025,.569810994431248,1
2025,.569837604338266,1
2025,.56984468803453,1
2025,.569860632903624,1
2025,.569895296021335,1
2025,.569898777388766,1
2025,.569918540148507,1
2025,.569947928695621,1
2025,.569957844484382,1
2025,.569983638154419,1
2025,.570027124728828,1
2025,.570028584574225,1
2025,.570090819749167,1
2025,.570125487653653,1
2025,.570142340075655,1
2025,.57020475266894,1
2025,.570252540277411,1
2025,.570275659677047,1
2025,.570285771981789,1
2025,.570293008933133,1
2025,.570299608138112,1
2025,.570335763911541,1
2025,.57033904574949,1
2025,.570368559769903,1
2025,.570444163313933,1
2025,.570497866445183,1
2025,.570500559366712,1
2025,.570527200630356,1
2025,.570566491792232,1
2025,.570609252315533,1
2025,.570626514886215,1
2025,.570647477263569,1
2025,.570673883512288,1
2025,.570690882057458,1
2025,.570707048033324,1
2025,.570718871302559,1
2025,.570730136670223,1
2025,.570750661341807,1
2025,.570800679788939,1
2025,.570800970353592,1
2025,.570809014282443,1
2025,.570813259377883,1
2025,.570830589301817,1
2025,.570857176232186,1
2025,.570859746292043,1
2025,.570863269733919,1
2025,.570865960170359,1
2025,.570894291242411,1
2025,.570910852480693,1
2025,.570916174754265,1
2025,.570927060094946,1
2025,.570954016806155,1
2025,.570982597029987,1
2025,.571043534598157,1
2025,.571060686874873,1
2025,.571071758258533,1
2025,.571092896933242,1
2025,.571103957370137,1
2025,.571121300147963,1
2025,.57113842280803,1
2025,.571199848606075,1
2025,.571202982190993,1
2025,.571218185164573,1
2025,.57122382331262,1
2025,.571224074023751,1
2025,.571234903101527,1
2025,.571308769905578,1
2025,.571355683694677,1
2025,.571368188792636,1
2025,.571390876759339,1
2025,.571415999792641,1
2025,.57143306478982,1
2025,.571549294593562,1
2025,.571554407773142,1
2025,.571570996949832,1
2025,.571585900612235,1
2025,.571606193022303,1
2025,.571631457134603,1
2025,.571641395012553,1
2025,.571644162995454,1
2025,.57170761623585,1
2025,.571712962100333,1
2025,.571719152456963,1
2025,.571731752880401,1
2025,.571738302955045,1
2025,.571760710328144,1
2025,.571774193623972,1
2025,.57178097951884,1
2025,.571805268472145,1
2025,.571822160035879,1
2025,.571911265596317,1
2025,.571929131143008,1
2025,.571936092108644,1
2025,.572028216119584,1
2025,.572031311451183,1
2025,.57205311109825,1
2025,.572084533559844,1
2025,.572108652489574,1
2025,.572109772737144,1
2025,.572121755656049,1
2025,.572141588671089,1
2025,.572176588803992,1
2025,.57220599895212,1
2025,.572218455834484,1
2025,.572222626250142,1
2025,.572232510927666,1
2025,.57227434233232,1
2025,.572277101428119,1
2025,.572321952298654,1
2025,.572335409814335,1
2025,.572359820884729,1
2025,.572364010459921,1
2025,.572364484471927,1
2025,.572370434541595,1
2025,.572401615350911,1
2025,.572425402628311,1
2025,.572440749971658,1
2025,.572446371580748,1
2025,.572523031076431,1
2025,.572528895745401,1
2025,.572534534402591,1
2025,.572552435646923,1
2025,.572557779313459,1
2025,.572568930694634,1
2025,.572572029738148,1
2025,.572585534974089,1
2025,.572588384846377,1
2025,.572598273747184,1
2025,.572606678876007,1
2025,.572659395015548,1
2025,.572710128519232,1
2025,.572724079756668,1
2025,.572786821726513,1
2025,.572792569064986,1
2025,.572799829721551,1
2025,.572816767216591,1
2025,.572842340601528,1
2025,.572842753674139,1
2025,.572852329652134,1
2025,.572852739046538,1
2025,.572854839676317,1
2025,.572856200199205,1
2025,.57288504976349,1
2025,.572927860419157,1
2025,.572954481730549,1
2025,.572979499347788,1
2025,.573024998579706,1
2025,.573040104145864,1
2025,.573050243507992,1
2025,.573100035951216,1
2025,.573101335344897,1
2025,.573130809862076,1
2025,.573244364370044,1
2025,.573245892228882,1
2025,.57325982169565,1
2025,.573297049789173,1
2025,.573302904340008,1
2025,.573303339072323,1
2025,.573345268999018,1
2025,.573454994368187,1
2025,.57349026420675,1
2025,.573530489361113,1
2025,.573532603981348,1
2025,.573556515437676,1
2025,.573581076278409,1
2025,.573619055895286,1
2025,.573786752708407,1
2025,.573795914400592,1
2025,.57379703338053,1
2025,.573823425670058,1
2025,.573825423284366,1
2025,.573842866633337,1
2025,.573851856934657,1
2025,.573860455088527,1
2025,.57386331043542,1
2025,.573866112039056,1
2025,.573885036438366,1
2025,.573958876620403,1
2025,.573997589635439,1
2025,.574041640812949,1
2025,.574140509568114,1
2025,.574146620839384,1
2025,.574154359081742,1
2025,.574157983218235,1
2025,.574174467082943,1
2025,.574194907723146,1
2025,.574196406619921,1
2025,.574211455006446,1
2025,.574280862079194,1
2025,.574289467580783,1
2025,.574329387745805,1
2025,.574378204052042,1
2025,.574390614596551,1
2025,.574467232834599,1
2025,.574491789698648,1
2025,.574512853282647,1
2025,.574519337109807,1
2025,.574576112937475,1
2025,.574620573501292,1
2025,.574669524333707,1
2025,.574682469328561,1
2025,.574689437499537,1
2025,.574691064095852,1
2025,.574701096853817,1
2025,.57471253017935,1
2025,.574727666274429,1
2025,.574788613992231,1
2025,.574792432741933,1
2025,.57480850983479,1
2025,.574845088395741,1
2025,.574855183045217,1
2025,.574870094074556,1
2025,.574876042301397,1
2025,.574881213165885,1
2025,.574887277967033,1
2025,.574897833553578,1
2025,.574916187442666,1
2025,.574936482151593,1
2025,.575011384832562,1
2025,.575041066990251,1
2025,.575054732609365,1
2025,.575076611223838,1
2025,.575084305692838,1
2025,.575093891804314,1
2025,.57513408329132,1
2025,.575160400086946,1
2025,.575162867125718,1
2025,.57518858797156,1
2025,.575227672560932,1
2025,.575228979554637,1
2025,.575230183527054,1
2025,.575255838341262,1
2025,.575284347612045,1
2025,.575288337506112,1
2025,.575359171398789,1
2025,.575364592235355,1
2025,.57537213547225,1
2025,.57538450614847,1
2025,.575445865312085,1
2025,.575448384143388,1
2025,.575508042761353,1
2025,.575515524135634,1
2025,.57553262188822,1
2025,.575537805484291,1
2025,.575579412844166,1
2025,.575605113279527,1
2025,.575634797769398,1
2025,.575641778046033,1
2025,.575644704078627,1
2025,.575658440143459,1
2025,.57566668658299,1
2025,.575727452534738,1
2025,.575751371041292,1
2025,.575759400490879,1
2025,.575763687736073,1
2025,.575781348226311,1
2025,.575786708208558,1
2025,.575789519885565,1
2025,.575792523452364,1
2025,.575818285744763,1
2025,.575848512061022,1
2025,.575870234483565,1
2025,.575882778603817,1
2025,.575926907612193,1
2025,.575931473757992,1
2025,.575938730994989,1
2025,.575960740706513,1
2025,.575978739680832,1
2025,.576019249833853,1
2025,.576025397542732,1
2025,.576042331775229,1
2025,.576045222742288,1
2025,.576057749533987,1
2025,.576075485412845,1
2025,.576083543959331,1
2025,.576086367370946,1
2025,.576112312876091,1
2025,.576115305728283,1
2025,.576122652756876,1
2025,.576134175248993,1
2025,.576222255764315,1
2025,.576249860624985,1
2025,.576313368876123,1
2025,.576321497798422,1
2025,.576356283629961,1
2025,.576369177378745,1
2025,.576404406784533,1
2025,.576412962115211,1
2025,.576416089880951,1
2025,.57643212732524,1
2025,.576451686411373,1
2025,.576459440592551,1
2025,.576495728298779,1
2025,.576567808757129,1
2025,.576587079790829,1
2025,.576588634169185,1
2025,.576602410519784,1
2025,.576607857219908,1
2025,.576623581118022,1
2025,.576649476314626,1
2025,.576710231985269,1
2025,.576713337324943,1
2025,.576714931210842,1
2025,.576732273011207,1
2025,.576751240081095,1
2025,.576757351726958,1
2025,.576762493847827,1
2025,.576786787488425,1
2025,.576796983501927,1
2025,.576814436671894,1
2025,.576899125423824,1
2025,.576930835208021,1
2025,.576956386329332,1
2025,.576980140310639,1
2025,.577023341155711,1
2025,.577033276575118,1
2025,.577052901221763,1
2025,.57709080738942,1
2025,.57710052893221,1
2025,.577118723418274,1
2025,.577132471526623,1
2025,.577140028596339,1
2025,.577182018181696,1
2025,.577194862291482,1
2025,.577201182570019,1
2025,.577204310524887,1
2025,.577212112813068,1
2025,.577228060069879,1
2025,.57725255370041,1
2025,.577298694647964,1
2025,.577299796691576,1
2025,.577309377958746,1
2025,.577322052500393,1
2025,.577323080420221,1
2025,.577329634490938,1
2025,.577337375372874,1
2025,.577343947020741,1
2025,.577354040374347,1
2025,.577367247403069,1
2025,.577370739940781,1
2025,.577406338294734,1
2025,.577408489843385,1
2025,.577462303640291,1
2025,.577471769392461,1
2025,.577502443124919,1
2025,.577518808084454,1
2025,.577570070370653,1
2025,.577575036041548,1
2025,.577578044096858,1
2025,.57764731400809,1
2025,.57769035638411,1
2025,.577697290369499,1
2025,.577713210164013,1
2025,.577746580422387,1
2025,.577752222065927,1
2025,.577772259463516,1
2025,.577853160185607,1
2025,.577854599752278,1
2025,.577867912644498,1
2025,.577904356892162,1
2025,.577916891122181,1
2025,.577979315717953,1
2025,.577984516303559,1
2025,.577996815760422,1
2025,.578030877076883,1
2025,.578058120345177,1
2025,.578067812642373,1
2025,.578069990041771,1
2025,.578084390709375,1
2025,.578115679400402,1
2025,.578137096165389,1
2025,.578141209373961,1
2025,.578150451695975,1
2025,.578181248520152,1
2025,.578193345126008,1
2025,.578198899793366,1
2025,.578199504675531,1
2025,.578201818905614,1
2025,.578206006698256,1
2025,.578233132420153,1
2025,.578248617267457,1
2025,.578376922651098,1
2025,.578415233550247,1
2025,.578442404323633,1
2025,.578447746789011,1
2025,.578453381486249,1
2025,.578467785844088,1
2025,.578513028521118,1
2025,.578521691910791,1
2025,.578522478646649,1
2025,.578522566367787,1
2025,.578572872672009,1
2025,.578579230064032,1
2025,.5785980145976,1
2025,.578606483452864,1
2025,.578669576089328,1
2025,.578735243563183,1
2025,.578741137537823,1
2025,.578790705541585,1
2025,.578799945890009,1
2025,.578865467985981,1
2025,.578875476758855,1
2025,.578890126386254,1
2025,.57889692543424776,1
2025,.578977116442765,1
2025,.579030435884607,1
2025,.579036595238855,1
2025,.579044883594115,1
2025,.579070698795407,1
2025,.579089518384538,1
2025,.579136238269435,1
2025,.579139303512038,1
2025,.579167436548881,1
2025,.579209942815398,1
2025,.579215018242542,1
2025,.579231312053535,1
2025,.579257266087559,1
2025,.579276388817156,1
2025,.579280274069118,1
2025,.579284493777586,1
2025,.579310765324407,1
2025,.579353382294071,1
2025,.579378764906329,1
2025,.579383003214571,1
2025,.579452499497191,1
2025,.579473006608293,1
2025,.57947390200226,1
2025,.579510453017848,1
2025,.579525762990505,1
2025,.579544294033617,1
2025,.579592775738093,1
2025,.579635009965074,1
2025,.579646512407516,1
2025,.579655723185169,1
2025,.579656451413088,1
2025,.579689535158093,1
2025,.579701346209319,1
2025,.579741628684798,1
2025,.579769221146963,1
2025,.579777836709971,1
2025,.579851294288277,1
2025,.579855586283507,1
2025,.579887099159118,1
2025,.579905597636653,1
2025,.579945491704998,1
2025,.579957732152087,1
2025,.580002895566716,1
2025,.580063502557943,1
2025,.580064566658764,1
2025,.580080473002169,1
2025,.580086300145676,1
2025,.580089370225958,1
2025,.58009163434095,1
2025,.580097495959365,1
2025,.580106056780875,1
2025,.580112669221184,1
2025,.580119795945076,1
2025,.580145316493576,1
2025,.580178455542605,1
2025,.580192249541207,1
2025,.580195491640377,1
2025,.580218852374788,1
2025,.580293119536269,1
2025,.580295896058172,1
2025,.58030436010904,1
2025,.580304566482814,1
2025,.580311815248303,1
2025,.58035809497928,1
2025,.580381833646172,1
2025,.580427866704256,1
2025,.580455108262981,1
2025,.580475993396829,1
2025,.580508476742062,1
2025,.580548505927987,1
2025,.580577837451714,1
2025,.580622211974723,1
2025,.580674025960414,1
2025,.580680563577715,1
2025,.580693027629935,1
2025,.58075152049512,1
2025,.580783698727484,1
2025,.580805906251732,1
2025,.580868447928584,1
2025,.580904877181598,1
2025,.580908375524882,1
2025,.58091894102653,1
2025,.580922913261629,1
2025,.580924245498879,1
2025,.58094263596017,1
2025,.580943025060496,1
2025,.580943041494877,1
2025,.5809842742554,1
2025,.581007335062529,1
2025,.581008054088193,1
2025,.581023955858435,1
2025,.581035361921742,1
2025,.581064831588123,1
2025,.581091268037026,1
2025,.581100593549896,1
2025,.581136114429135,1
2025,.581145342510473,1
2025,.581153609391958,1
2025,.581191461488816,1
2025,.581225893387558,1
2025,.581237754694,1
2025,.581256952398407,1
2025,.581314296956402,1
2025,.581325506501652,1
2025,.581359232882233,1
2025,.581366840748738,1
2025,.581368325607376,1
2025,.581369012816885,1
2025,.581423396617655,1
2025,.581439070024369,1
2025,.581486343425158,1
2025,.581489156980723,1
2025,.5814902748417,1
2025,.581505947367484,1
2025,.581510131555252,1
2025,.581569676362604,1
2025,.581572645095814,1
2025,.58159003010619,1
2025,.581610703526629,1
2025,.581646157261309,1
2025,.581651483292499,1
2025,.581680809976799,1
2025,.581691834671045,1
2025,.581693296975103,1
2025,.581732215946836,1
2025,.581743633659122,1
2025,.581746469666406,1
2025,.581761802786654,1
2025,.581768134479094,1
2025,.581780337107567,1
2025,.581783755908753,1
2025,.581795410169111,1
2025,.581799717916236,1
2025,.581819797840348,1
2025,.581825862720142,1
2025,.581833964416673,1
2025,.581835397918862,1
2025,.581853154036381,1
2025,.581883897566993,1
2025,.581888352860505,1
2025,.581904433093473,1
2025,.581906272376675,1
2025,.581948665789634,1
2025,.581958953651666,1
2025,.581975370961486,1
2025,.581975916606761,1
2025,.581998817985017,1
2025,.582020603208603,1
2025,.582049773661476,1
2025,.582148108363636,1
2025,.582158573961587,1
2025,.582181018589932,1
2025,.582201578357288,1
2025,.582210618042309,1
2025,.582212002082935,1
2025,.582216809484395,1
2025,.582249688001647,1
2025,.582263483660103,1
2025,.58228730786078,1
2025,.582399917537607,1
2025,.582412227887236,1
2025,.582468201354197,1
2025,.582489852566804,1
2025,.582515387484037,1
2025,.582516282460916,1
2025,.582521550218877,1
2025,.582536205932285,1
2025,.582544447884547,1
2025,.582548804330585,1
2025,.582556355631141,1
2025,.582632508651875,1
2025,.582638275518849,1
2025,.582682401760382,1
2025,.582703569229929,1
2025,.582729959541414,1
2025,.582736238855589,1
2025,.582814074998623,1
2025,.582822942377622,1
2025,.582828481317747,1
2025,.582835143657661,1
2025,.582849533468781,1
2025,.582887094007929,1
2025,.582914909063923,1
2025,.582959226065828,1
2025,.582969313185735,1
2025,.582971105208315,1
2025,.582991964120653,1
2025,.583009701322891,1
2025,.583011664449883,1
2025,.583048062798937,1
2025,.583053411864644,1
2025,.583062411001732,1
2025,.583105577021368,1
2025,.583134434373439,1
2025,.583166125870905,1
2025,.583167744949397,1
2025,.583168051135788,1
2025,.583180311157508,1
2025,.583185760356007,1
2025,.583220611669786,1
2025,.583230630371191,1
2025,.583235304125037,1
2025,.583249317539792,1
2025,.583273274662317,1
2025,.583285710507901,1
2025,.583292961658151,1
2025,.583294604528282,1
2025,.583306686403659,1
2025,.583316907580733,1
2025,.583331292895078,1
2025,.583352692949436,1
2025,.583366504974917,1
2025,.583366835337666,1
2025,.583417787235485,1
2025,.58342907390537,1
2025,.583440012465098,1
2025,.583468598279777,1
2025,.583472458601909,1
2025,.583530330808586,1
2025,.583545301046828,1
2025,.583575516093315,1
2025,.583630858621023,1
2025,.583635098074108,1
2025,.583640539828271,1
2025,.583649021507095,1
2025,.583677344724349,1
2025,.58372421278969,1
2025,.583734277746492,1
2025,.583761759944566,1
2025,.583764079219517,1
2025,.583771926175472,1
2025,.583805527127227,1
2025,.583842258512912,1
2025,.583864342665831,1
2025,.583870068942164,1
2025,.583922752346482,1
2025,.583929016848268,1
2025,.583946211221215,1
2025,.583951160022399,1
2025,.583952984881748,1
2025,.58398088103156,1
2025,.584052087036094,1
2025,.584107977450115,1
2025,.584162269595367,1
2025,.584171145946839,1
2025,.584189762797302,1
2025,.584225652509178,1
2025,.584295997844646,1
2025,.5843050950388,1
2025,.584316791522681,1
2025,.584332980722248,1
2025,.584349435834339,1
2025,.584354122126099,1
2025,.584354879068379,1
2025,.584368928564231,1
2025,.58437239594874,1
2025,.584393008706305,1
2025,.584401410234146,1
2025,.584403734472616,1
2025,.584410605670073,1
2025,.584416817980358,1
2025,.584450887247368,1
2025,.584508536486204,1
2025,.584517358199779,1
2025,.584545863826752,1
2025,.584551053492986,1
2025,.58457437381654,1
2025,.584582590935965,1
2025,.584587070325443,1
2025,.584597233971437,1
2025,.584603207497651,1
2025,.584625146004396,1
2025,.584627722520025,1
2025,.584709047889778,1
2025,.584711958011251,1
2025,.584724422117325,1
2025,.584765874555473,1
2025,.584780348345206,1
2025,.584796664611146,1
2025,.584809330931793,1
2025,.584861318038889,1
2025,.584866503460947,1
2025,.584878709478609,1
2025,.584893128386208,1
2025,.584991840740979,1
2025,.585001322629677,1
2025,.585032722895227,1
2025,.585054991968146,1
2025,.585057960796628,1
2025,.585144191828023,1
2025,.585150535422167,1
2025,.585167456898389,1
2025,.58519895292151,1
2025,.585245570094614,1
2025,.585267615128547,1
2025,.585313198474707,1
2025,.585332102987114,1
2025,.585338459390575,1
2025,.585372372368458,1
2025,.585377861429176,1
2025,.585389210110481,1
2025,.585393041022471,1
2025,.585395024901356,1
2025,.585407677991481,1
2025,.585414572807103,1
2025,.585437599419831,1
2025,.58547576530224,1
2025,.58548135868704,1
2025,.585544596364912,1
2025,.585547735155096,1
2025,.585561044211106,1
2025,.585585552032628,1
2025,.585599207789015,1
2025,.585604857901654,1
2025,.585654434364443,1
2025,.585665072434415,1
2025,.58569481056604,1
2025,.585730672131831,1
2025,.585750284863633,1
2025,.585752008651841,1
2025,.585802163052511,1
2025,.585825329386518,1
2025,.585830782704253,1
2025,.585863539477056,1
2025,.585878414317523,1
2025,.585892521507185,1
2025,.585904625467765,1
2025,.585922822059169,1
2025,.585953979535033,1
2025,.585974741824346,1
2025,.586004839182635,1
2025,.586022771437524,1
2025,.586045915164697,1
2025,.586055679759164,1
2025,.586085759832068,1
2025,.586099083896272,1
2025,.586115907970707,1
2025,.586155131889483,1
2025,.586161693746349,1
2025,.586267203888417,1
2025,.586353470060358,1
2025,.586405628305104,1
2025,.586413644855689,1
2025,.58642605146506,1
2025,.586445099792129,1
2025,.586457464049392,1
2025,.586481213684842,1
2025,.58650009804259,1
2025,.586515823925452,1
2025,.586535680705332,1
2025,.586588908982592,1
2025,.586638475595298,1
2025,.586692865017075,1
2025,.586751147610718,1
2025,.586757839110765,1
2025,.586789038032058,1
2025,.586814205519998,1
2025,.586822509655335,1
2025,.586829907323604,1
2025,.586830365486015,1
2025,.586832260118029,1
2025,.586848505296593,1
2025,.586854906433273,1
2025,.586870891596827,1
2025,.586908986416186,1
2025,.586921631222172,1
2025,.586926494322328,1
2025,.586941095423664,1
2025,.586961285040816,1
2025,.586974277445899,1
2025,.586977865227087,1
2025,.586987865978508,1
2025,.586992924985958,1
2025,.58701907941547,1
2025,.587110246978428,1
2025,.587116524483996,1
2025,.587162215275473,1
2025,.587182653317115,1
2025,.587193090331837,1
2025,.587241605368656,1
2025,.587284885319903,1
2025,.587285000639174,1
2025,.587348370604043,1
2025,.587349412357398,1
2025,.587393971975799,1
2025,.587398031817836,1
2025,.587409812805186,1
2025,.587432193809984,1
2025,.587435636114241,1
2025,.587439286879398,1
2025,.587472377150329,1
2025,.587477419873375,1
2025,.587495127658591,1
2025,.587513664994372,1
2025,.587545855081322,1
2025,.587559338843556,1
2025,.587613014430592,1
2025,.587624118358525,1
2025,.587624511458742,1
2025,.587665534223048,1
2025,.58767915362105,1
2025,.587691004754696,1
2025,.587742419980014,1
2025,.587745203533509,1
2025,.587752293315383,1
2025,.587787019987109,1
2025,.587831467565629,1
2025,.587836515203247,1
2025,.587843222219875,1
2025,.587859085605111,1
2025,.587867530102097,1
2025,.587901781424852,1
2025,.588022069070379,1
2025,.588059900106124,1
2025,.588127415634063,2
2025,.588147682549819,1
2025,.588147980639886,1
2025,.588149124739899,1
2025,.58815293278348,1
2025,.588163413209029,1
2025,.588170688253804,1
2025,.588185144634647,1
2025,.588188388142123,1
2025,.588200064077389,1
2025,.58821356374796,1
2025,.58826528132494,1
2025,.588278596613717,1
2025,.588284053239468,1
2025,.588314671179182,1
2025,.5883226634002,1
2025,.588326561730537,1
2025,.588342186434763,1
2025,.588358336871447,1
2025,.588359166017896,1
2025,.588365135413587,1
2025,.5884384265754,1
2025,.588491342341551,1
2025,.588503469841899,1
2025,.588507578765583,1
2025,.58851594662923,1
2025,.588520244573739,1
2025,.588530785222882,1
2025,.588561485924756,1
2025,.58859249872979,1
2025,.588626935728531,1
2025,.588637046421926,1
2025,.588677309009172,1
2025,.58869668946436,1
2025,.588731048408989,1
2025,.588805679018084,1
2025,.588835765935985,1
2025,.588853100596224,1
2025,.588873005006734,1
2025,.588884519805414,1
2025,.588896406576511,1
2025,.588904100763937,1
2025,.588950396350802,1
2025,.588954950135494,1
2025,.588959764877321,1
2025,.588962271310024,1
2025,.589043412121208,1
2025,.589046685012892,1
2025,.589108535994758,1
2025,.589121481906256,1
2025,.58912530017502,1
2025,.589144039460975,1
2025,.589158336466258,1
2025,.589165806816952,1
2025,.589174658204866,1
2025,.589206020472735,1
2025,.589212571770372,1
2025,.589221861741632,1
2025,.589236554290898,1
2025,.589251890184423,1
2025,.589262317800282,1
2025,.589278552317655,1
2025,.589292510644413,1
2025,.589339750352728,1
2025,.58939530636829,1
2025,.589412251445267,1
2025,.589456047952238,1
2025,.589467318206706,1
2025,.589470184651142,1
2025,.589479490371889,1
2025,.58949197096327,1
2025,.589497115898255,1
2025,.589501637257342,1
2025,.589555876539312,1
2025,.589579049349229,1
2025,.589588645876166,1
2025,.589660130110292,1
2025,.589664032503815,1
2025,.589673089351752,1
2025,.589697827008434,1
2025,.589718200985442,1
2025,.589736930511638,1
2025,.589742559744882,1
2025,.589751711269443,1
2025,.589763911241918,1
2025,.589787565887361,1
2025,.589795458904668,1
2025,.589807202533797,1
2025,.589816599127406,1
2025,.589821670234999,1
2025,.589834217116173,1
2025,.589851976834174,1
2025,.589852753267521,1
2025,.589866697643774,1
2025,.589876562702881,1
2025,.589954617933757,1
2025,.58996810723512,1
2025,.58997765093376,1
2025,.590013371072526,1
2025,.590015039880248,1
2025,.590050832206866,1
2025,.590068239861085,1
2025,.59009676533815,1
2025,.590109988927141,1
2025,.59012961730122,1
2025,.590170259397537,1
2025,.590184677933144,1
2025,.590213741464345,1
2025,.590239523287915,1
2025,.590287578308594,1
2025,.590306427046331,1
2025,.590353447282371,1
2025,.590367168174602,1
2025,.590369936235708,1
2025,.590376309680553,1
2025,.590377121778496,1
2025,.590392604574427,1
2025,.590428033718293,1
2025,.590449177550464,1
2025,.590573010398067,1
2025,.590592314639393,1
2025,.590706385001053,1
2025,.590777329026051,1
2025,.590782404420861,1
2025,.590805004815228,1
2025,.59087022878329,1
2025,.59094098548721,1
2025,.590942205492096,1
2025,.590947940957803,1
2025,.590951255872136,1
2025,.59095195353523,1
2025,.590976226883971,1
2025,.590999835153469,1
2025,.59101716758105,1
2025,.591090007509102,1
2025,.591104411891583,1
2025,.591119897471564,1
2025,.591121806771473,1
2025,.591151485053202,1
2025,.591162231198919,1
2025,.591195267685007,1
2025,.591239619925025,1
2025,.591249341434812,1
2025,.591337758424104,1
2025,.591340257840766,1
2025,.591374860951444,1
2025,.591422304762316,1
2025,.591429423228892,1
2025,.591483820830065,1
2025,.591529724053805,1
2025,.591544671470304,1
2025,.591572364447344,1
2025,.591634672010029,1
2025,.591687016487126,1
2025,.591708466337584,1
2025,.591712186286113,1
2025,.591732844549783,1
2025,.591742352435047,1
2025,.591777053601057,1
2025,.591790667496473,1
2025,.591799015608637,1
2025,.591814225888262,1
2025,.591829566418743,1
2025,.591834560053538,1
2025,.591854825995578,1
2025,.591855023960415,1
2025,.591875552982772,1
2025,.591875678065348,1
2025,.591925827972698,1
2025,.591963898650799,1
2025,.592017115484313,1
2025,.59205782586302,1
2025,.592089968380065,1
2025,.592106501935297,1
2025,.592107616720831,1
2025,.592148086024124,1
2025,.592156945844018,1
2025,.592184848524129,1
2025,.592188544702325,1
2025,.592199297682984,1
2025,.592217044014184,1
2025,.592245741246055,1
2025,.592248677145326,1
2025,.592250892963783,1
2025,.592262813148005,1
2025,.592280812430304,1
2025,.592312938306032,1
2025,.592317132352641,1
2025,.592339291273204,1
2025,.592362835171939,1
2025,.592366066119359,1
2025,.59237867131926270,1
2025,.592414543408128,1
2025,.592454025353572,1
2025,.592475020135063,1
2025,.592538534195709,1
2025,.592549310947916,1
2025,.592582770911134,1
2025,.592596521447404,1
2025,.592611763496702,1
2025,.592647045615686,1
2025,.592649404743156,1
2025,.592652623593735,1
2025,.592666934597926,1
2025,.592675086024893,1
2025,.592688200443258,1
2025,.592712285842935,1
2025,.592749545488732,1
2025,.592763618524746,1
2025,.592814404705489,1
2025,.59286355361419,1
2025,.592896078182473,1
2025,.592939435399597,1
2025,.592942494719808,1
2025,.592953630349579,1
2025,.592956964781856,1
2025,.593005198546024,1
2025,.593090349195043,1
2025,.593114415498876,1
2025,.593223558384579,1
2025,.593231368756902,1
2025,.593231637586164,1
2025,.593238063435513,1
2025,.593256043228477,1
2025,.593291709747979,1
2025,.593334055501778,1
2025,.593339729078641,1
2025,.593354410039442,1
2025,.593409605055099,1
2025,.593471069765461,1
2025,.593476795232644,1
2025,.593500693845456,1
2025,.593632801415107,1
2025,.593656237882289,1
2025,.593712762179643,1
2025,.593720285542216,1
2025,.593728765218355,1
2025,.593731132912437,1
2025,.593789479689036,1
2025,.593794813477409,1
2025,.593819779076751,1
2025,.593849159802589,1
2025,.593858528160929,1
2025,.593869432247973,1
2025,.593875174696357,1
2025,.593925432521088,1
2025,.593939385697335,1
2025,.593988073491411,1
2025,.594000317725122,1
2025,.59401801187806,1
2025,.594027935009782,1
2025,.594043061146631,1
2025,.594045437307789,1
2025,.594095271408694,1
2025,.594162115335678,1
2025,.594203813583988,1
2025,.594220189252437,1
2025,.594222885014633,1
2025,.594243560167672,1
2025,.594268872568844,1
2025,.594278927612866,1
2025,.594288081157348,1
2025,.594328430452745,1
2025,.594333285384434,1
2025,.594336013244947,1
2025,.594344176438222,1
2025,.594346278648723,1
2025,.59435047006563,1
2025,.594397279280066,1
2025,.594426157345881,1
2025,.594453518743851,1
2025,.594491460595488,1
2025,.594569438208133,1
2025,.594578083870471,1
2025,.594578490384571,1
2025,.594582426860675,1
2025,.594668437832196,1
2025,.594684010334952,1
2025,.594694327359674,1
2025,.59472257304446,1
2025,.594724218101782,1
2025,.59473669938789,1
2025,.594750594421818,1
2025,.594762297681872,1
2025,.594764923403915,1
2025,.594787880162358,1
2025,.594796666140853,1
2025,.594854329947429,1
2025,.594898028717913,1
2025,.594933758942511,1
2025,.594956490107743,1
2025,.594958425951139,1
2025,.594962573880531,1
2025,.594972405965764,1
2025,.594974589450282,1
2025,.594975484368743,1
2025,.59498780480958,1
2025,.594999552850859,1
2025,.595019017108288,1
2025,.595019414363024,1
2025,.595043431368326,1
2025,.595047486329274,1
2025,.595062893332326,1
2025,.595097772683538,1
2025,.595149992212134,1
2025,.595233423741459,1
2025,.595264605513921,1
2025,.595267910728112,1
2025,.595287765623471,1
2025,.595296875260575,1
2025,.595323589632479,1
2025,.595343758408465,1
2025,.595363173755436,1
2025,.595406713080172,1
2025,.595415870605483,1
2025,.595420135346377,1
2025,.595458352004745,1
2025,.595485533489893,1
2025,.595486475837409,1
2025,.595503960988602,1
2025,.59551594848109,1
2025,.59555634531937,1
2025,.595562582008305,1
2025,.595578874734261,1
2025,.595596975749048,1
2025,.59562993054911,1
2025,.595656523549521,1
2025,.595724505205104,1
2025,.595751160534264,1
2025,.595777526760618,1
2025,.59580658738251,1
2025,.59586579111213,1
2025,.595993036875486,1
2025,.596018293792964,1
2025,.596046299501217,1
2025,.596050798425116,1
2025,.596071709681178,1
2025,.596072356394618,1
2025,.596115798816232,1
2025,.596118183725552,1
2025,.596178134103563,1
2025,.596189669623744,1
2025,.596197929658433,1
2025,.596208307123395,1
2025,.596259595407527,1
2025,.596287378558893,1
2025,.596290068009009,1
2025,.596296586915439,1
2025,.596301203054294,1
2025,.59630329172452,1
2025,.596341726007692,1
2025,.596354855075009,1
2025,.596358914792952,1
2025,.596412531196771,1
2025,.596448859200642,1
2025,.596502475178061,1
2025,.596505702797228,1
2025,.596516496167652,1
2025,.596606192782436,1
2025,.596635348310924,1
2025,.596660775572892,1
2025,.596661913388295,1
2025,.596680530151877,1
2025,.596728305575515,1
2025,.596729395514725,1
2025,.596752013488068,1
2025,.596827116135369,1
2025,.59684178365536,1
2025,.596867272450105,1
2025,.596969686725381,1
2025,.596974940415916,1
2025,.596997179311501,1
2025,.597018856083181,1
2025,.597057994050254,1
2025,.597059147017543,1
2025,.597078018065566,1
2025,.597094376093505,1
2025,.597232330641436,1
2025,.59724584142294,1
2025,.59725113381564,1
2025,.597305782954606,1
2025,.59731163357377,1
2025,.597328430313654,1
2025,.597343784794806,1
2025,.59735798113199,1
2025,.597363368964272,1
2025,.5973716365066,1
2025,.597386277084751,1
2025,.597444958892688,1
2025,.597449520004135,1
2025,.597479046256103,1
2025,.597494375236486,1
2025,.597560172306271,1
2025,.597578100352731,1
2025,.597587596475864,1
2025,.597593655528133,1
2025,.597598259547703,1
2025,.597621339628012,1
2025,.597658907157572,1
2025,.597671775516693,1
2025,.597676232053044,1
2025,.597692894890801,1
2025,.597694326924514,1
2025,.597700192663117,1
2025,.597739067969419,1
2025,.59776691756038,1
2025,.597793985326913,1
2025,.597805835680627,1
2025,.597830494120127,1
2025,.597857527630026,1
2025,.597861488196344,1
2025,.597864248768695,1
2025,.597865937026341,1
2025,.597899019171075,1
2025,.597900713804243,1
2025,.597918470402208,1
2025,.597923243886048,1
2025,.597930613186178,1
2025,.597941276985825,1
2025,.597963898753903,1
2025,.598001657054784,1
2025,.598029354418996,1
2025,.598041216019408,1
2025,.598045102605086,1
2025,.598045924148742,1
2025,.598049236677244,1
2025,.598051063811608,1
2025,.598055799976787,1
2025,.598062937514035,1
2025,.598086798336562,1
2025,.598177494945849,1
2025,.598188673042965,1
2025,.598192075145772,1
2025,.598257531199956,1
2025,.598266740888547,1
2025,.598277478075236,1
2025,.598281540691012,1
2025,.598305067300738,1
2025,.598305748991224,1
2025,.598401248241473,1
2025,.598401968121088,1
2025,.598423552665255,1
2025,.598426267098024,1
2025,.598435099319337,1
2025,.598440377214593,1
2025,.598444746304584,1
2025,.598450297495576,1
2025,.59852489116201,1
2025,.598555090308163,1
2025,.5985572264846,1
2025,.59861006907579,1
2025,.598625739625683,1
2025,.598642216444657,1
2025,.59865230448297,1
2025,.59866615671611,1
2025,.598673479716287,1
2025,.598822497838263,1
2025,.598838235170962,1
2025,.598859655877819,1
2025,.598868845365512,1
2025,.598871326313257,1
2025,.598897910315261,1
2025,.598926234982331,1
2025,.59893083794607,1
2025,.598932820113001,1
2025,.598935827119551,1
2025,.599049651006528,1
2025,.599058503571965,1
2025,.599069568576005,1
2025,.599083717291265,1
2025,.599101428799896,1
2025,.599181299928792,1
2025,.599199697928858,1
2025,.599247679334572,1
2025,.59926422544181,1
2025,.599315195583816,1
2025,.599319402443287,1
2025,.5993202764239,1
2025,.599346090830056,1
2025,.599365089110451,1
2025,.599370518052482,1
2025,.599385012006266,1
2025,.599392419061837,1
2025,.599417351099102,1
2025,.599426231118195,1
2025,.599436452693108,1
2025,.599470013272045,1
2025,.599499492037261,1
2025,.599521081430817,1
2025,.599550356036129,1
2025,.599585998253047,1
2025,.599607276057537,1
2025,.599609117780398,1
2025,.599645943627051,1
2025,.5996855289624,1
2025,.599712750541134,1
2025,.59972681973541,1
2025,.599778456630874,1
2025,.599796459316786,1
2025,.599865402511248,1
2025,.599878669552464,1
2025,.599907410704145,1
2025,.599915433081941,1
2025,.599942831781805,1
2025,.599952798417696,1
2025,.599974711577607,1
2025,.599979592942208,1
2025,.600008092920563,1
2025,.60005163897889,1
2025,.600095571143024,1
2025,.600108084980239,1
2025,.60011731906129,1
2025,.600126665955367,1
2025,.600143670468477,1
2025,.600194430598945,1
2025,.600210853225939,1
2025,.600220702459925,1
2025,.600226918834592,1
2025,.600256673658636,1
2025,.600278786508564,1
2025,.60028427941077,1
2025,.600303816387749,1
2025,.600338397698232,1
2025,.600340240940053,1
2025,.600345201568606,1
2025,.60036609374354,1
2025,.600421241074391,1
2025,.600465140160313,1
2025,.600523821252234,1
2025,.600547465393898,1
2025,.600554808758532,1
2025,.600582565809898,1
2025,.600608014406562,1
2025,.600608550849219,1
2025,.600617286074085,1
2025,.600738808498692,1
2025,.600861635008553,1
2025,.600865024244221,1
2025,.600913139852696,1
2025,.600952955852947,1
2025,.600981009027681,1
2025,.600985392811464,1
2025,.600987523571019,1
2025,.601006929062676,1
2025,.601040422015179,1
2025,.601069292818201,1
2025,.601082829025404,1
2025,.601084385578958,1
2025,.601107462091622,1
2025,.601122491283217,1
2025,.601139823240257,1
2025,.601162991337067,1
2025,.60116843403512,1
2025,.601191074153899,1
2025,.601217516151111,1
2025,.601226264796876,1
2025,.601268514641875,1
2025,.601314919179549,1
2025,.601320726906169,1
2025,.601324949769893,1
2025,.60137240263488,1
2025,.601415090489837,1
2025,.601420871827929,1
2025,.601435821481607,1
2025,.601471631467255,1
2025,.601514703092415,1
2025,.601525578177205,1
2025,.601526925121621,1
2025,.601536775077097,1
2025,.601549686956639,1
2025,.601551493651424,1
2025,.601671900639623,1
2025,.601716747472953,1
2025,.601721485620362,1
2025,.601817352222892,1
2025,.601830418147318,1
2025,.601832149833085,1
2025,.601836531263808,1
2025,.601864268686553,1
2025,.601875572185233,1
2025,.601930105262026,1
2025,.601939799456659,1
2025,.601980126027914,1
2025,.601984390205434,1
2025,.601988410097383,1
2025,.601993320666024,1
2025,.602006896450408,1
2025,.602019739733006,1
2025,.60204175283861,1
2025,.602049585199579,1
2025,.602066351711555,1
2025,.602074743185157,1
2025,.602080250746332,1
2025,.602120064614659,1
2025,.602146142323378,1
2025,.602162815472788,1
2025,.602168303303537,1
2025,.602186837433538,1
2025,.602301870410762,1
2025,.602302642766513,1
2025,.602320519152676,1
2025,.602345335369694,1
2025,.602391519334636,1
2025,.60243621473567,1
2025,.60244327339629,1
2025,.602446354665921,1
2025,.602450680226786,1
2025,.602463969136325,1
2025,.602493361759019,1
2025,.602514108335379,1
2025,.602589764012196,1
2025,.602607759018863,1
2025,.602614901823063,1
2025,.602638277656993,1
2025,.602653277052221,1
2025,.602673763714282,1
2025,.602677180451354,1
2025,.602677417945085,1
2025,.602682180405289,1
2025,.602690253727086,1
2025,.602703008497217,1
2025,.602704125435532,1
2025,.602739992918982,1
2025,.602762664726987,1
2025,.60286620736195,1
2025,.602923879222846,1
2025,.602991209169166,1
2025,.603007407126015,1
2025,.60301851957137,1
2025,.603034894566461,1
2025,.603037887471265,1
2025,.603083780280231,1
2025,.603085369291563,1
2025,.603093832235407,1
2025,.603138742322112,1
2025,.603162950397963,1
2025,.603171401652169,1
2025,.603196184851682,1
2025,.603218284340297,1
2025,.603219818879675,1
2025,.603285190081178,1
2025,.603339889597203,1
2025,.603356073842212,1
2025,.603368251182937,1
2025,.603418195791907,1
2025,.603458805407577,1
2025,.603463643543311,1
2025,.603486730248053,1
2025,.6035388605826,1
2025,.603551662346036,1
2025,.603570966519269,1
2025,.603619063860128,1
2025,.603629909894409,1
2025,.603638160656335,1
2025,.603703050436496,1
2025,.603708428096517,1
2025,.603739937651298,1
2025,.60376105799291,1
2025,.60376900855251,1
2025,.603826462788836,1
2025,.603827037973799,1
2025,.603840314538011,1
2025,.603846194757605,1
2025,.603867691680584,1
2025,.603888142917215,1
2025,.603911750032083,1
2025,.603918379652107,1
2025,.603964524561781,1
2025,.60397850512588,1
2025,.604009363526826,1
2025,.604032429582689,1
2025,.604054267323105,1
2025,.604112678493302,1
2025,.604115465849322,1
2025,.604118833991763,1
2025,.604124380887253,1
2025,.604133658100039,1
2025,.604134892792148,1
2025,.604150324012612,1
2025,.604178235761603,1
2025,.604191744412837,1
2025,.604203519581932,1
2025,.604247506726713,1
2025,.604250514057208,1
2025,.604251240213615,1
2025,.604255044082001,1
2025,.604264951772643,1
2025,.604293524561375,1
2025,.604309586336512,1
2025,.604326173458628,1
2025,.604335318186934,1
2025,.604435263512061,1
2025,.604488821223833,1
2025,.604498309168443,1
2025,.604526275550479,1
2025,.604541252149302,1
2025,.604562438217545,1
2025,.604578032078869,1
2025,.604585493673727,1
2025,.604611987385282,1
2025,.604612556874097,1
2025,.604642773207281,1
2025,.604648751496513,1
2025,.604652924928887,1
2025,.604693527308349,1
2025,.604731831231735,1
2025,.604763334873464,1
2025,.604778406110677,1
2025,.604780897584044,1
2025,.604787350555267,1
2025,.604829278559901,1
2025,.604831691004189,1
2025,.604845013410266,1
2025,.604852419164101,1
2025,.604860501182657,1
2025,.604878329089365,1
2025,.604890680324524,1
2025,.604903383111954,1
2025,.604985648866495,1
2025,.605022467942771,1
2025,.605029136804611,1
2025,.605046401179873,1
2025,.605064367984178,1
2025,.605095140613444,1
2025,.605096925014781,1
2025,.605121002605025,1
2025,.605144143965707,1
2025,.60515447818845,1
2025,.605161503672718,1
2025,.605164428724071,1
2025,.60518128080355,1
2025,.605207737967493,1
2025,.605215547627857,1
2025,.605219532924043,1
2025,.605257280766882,1
2025,.605259150346288,1
2025,.605274436091192,1
2025,.605282670327362,1
2025,.605284646009658,1
2025,.605333432130632,1
2025,.6053868802242,1
2025,.605395281832178,1
2025,.605452882255645,1
2025,.605468072023828,1
2025,.60549261745538,1
2025,.605513834036539,1
2025,.605589231023551,1
2025,.605594833430452,1
2025,.605602880497008,1
2025,.605621639843854,1
2025,.605638382058486,1
2025,.605673912749762,1
2025,.605674657671102,1
2025,.605776766042845,1
2025,.605779055258642,1
2025,.605780319719452,1
2025,.605874362563495,1
2025,.605889964299181,1
2025,.605928073505923,1
2025,.605945029892708,1
2025,.605982237318295,1
2025,.606015318995861,1
2025,.606015999570087,1
2025,.606038391456459,1
2025,.606044760060724,1
2025,.606083945402967,1
2025,.606089578752928,1
2025,.606101508352383,1
2025,.606115257494568,1
2025,.606118270839684,1
2025,.606174738606189,1
2025,.60620821027413,1
2025,.606213305134151,1
2025,.606230149515295,1
2025,.606231099687966,1
2025,.606246349171617,1
2025,.606252766769901,1
2025,.606259272227071,1
2025,.606320790858043,1
2025,.606344913582929,1
2025,.606348669209285,1
2025,.60635353548414,1
2025,.60636185159104,1
2025,.606403267136757,1
2025,.606416351894531,1
2025,.606465386182551,1
2025,.606465745129489,1
2025,.606476054229852,1
2025,.606495836254843,1
2025,.606525739202908,1
2025,.606586038900105,1
2025,.606607527761355,1
2025,.60662887049769,1
2025,.606654650762741,1
2025,.606683916439592,1
2025,.606691524869005,1
2025,.606705362011298,1
2025,.60670803597183,1
2025,.606729563484231,1
2025,.606768283105096,1
2025,.606783732619896,1
2025,.606798171426747,1
2025,.60683909002232,1
2025,.606868955780813,1
2025,.606869741827119,1
2025,.606893920474999,1
2025,.606930567592425,1
2025,.606974078767988,1
2025,.606992922366782,1
2025,.607016422795493,1
2025,.607043219569942,1
2025,.607060465059207,1
2025,.607091616121717,1
2025,.607098123897039,1
2025,.6072359495794,1
2025,.607237387301918,1
2025,.607239324108249,1
2025,.607264992207532,1
2025,.607282042615283,1
2025,.607292841828667,1
2025,.607294121030192,1
2025,.607339708516704,1
2025,.607342548259396,1
2025,.607357199144092,1
2025,.607373268852008,1
2025,.607374324744532,1
2025,.607422496063902,1
2025,.607452725331253,1
2025,.607491019015452,1
2025,.607497691623378,1
2025,.607506457688935,1
2025,.607522037671055,1
2025,.60756967800962,1
2025,.60759504517646,1
2025,.607601045664824,1
2025,.607606635533947,1
2025,.607612966103783,1
2025,.607635875282178,1
2025,.60764821891847,1
2025,.607690929586478,1
2025,.60774605464784,1
2025,.607781241978775,1
2025,.607868649187338,1
2025,.607946045153591,1
2025,.607999913003317,1
2025,.608020013526468,1
2025,.608095828036024,1
2025,.608112114054751,1
2025,.608121413513032,1
2025,.608125455337648,1
2025,.608143744528918,1
2025,.608148772022266,1
2025,.608150124474108,1
2025,.608171714744309,1
2025,.608186000246547,1
2025,.608187874147318,1
2025,.608238567262564,1
2025,.608313274130815,1
2025,.60833429737861,1
2025,.608359475326113,1
2025,.608369340848033,1
2025,.608385035081627,1
2025,.608394818049162,1
2025,.608408977957008,1
2025,.608412279350105,1
2025,.608455577308893,1
2025,.608464682461936,1
2025,.608486954749823,1
2025,.608498318921437,1
2025,.608546817421376,1
2025,.608549444858996,1
2025,.608628689205865,1
2025,.608657657584384,1
2025,.608659428286187,1
2025,.608660623633324,1
2025,.608705223333085,1
2025,.608709391289552,1
2025,.608745994440154,1
2025,.608766934849183,1
2025,.608773035104216,1
2025,.608796546833095,1
2025,.608796869773629,1
2025,.608804499471105,1
2025,.608808986968239,1
2025,.608820840784496,1
2025,.608837890850755,1
2025,.608894028370285,1
2025,.608907304211322,1
2025,.608912050743682,1
2025,.608924919300317,1
2025,.608935876762369,1
2025,.608946322929699,1
2025,.608947024702799,1
2025,.608956137812183,1
2025,.608966326069778,1
2025,.608990768643399,1
2025,.609054658782411,1
2025,.609062216093601,1
2025,.609095709303247,1
2025,.609116647241857,1
2025,.609127821637192,1
2025,.609183837324911,1
2025,.60918555363706,1
2025,.609189955875724,1
2025,.60919641700781,1
2025,.609213320703029,1
2025,.609216943393564,1
2025,.609279040501301,1
2025,.609286687263066,1
2025,.6093608482815,1
2025,.609380747528534,1
2025,.609398623065477,1
2025,.609399591483604,1
2025,.609400822233531,1
2025,.609411862524146,1
2025,.609415120062232,1
2025,.609428909539534,1
2025,.609444428503743,1
2025,.609449391582547,1
2025,.609464495179496,1
2025,.609536677592775,1
2025,.609538070143793,1
2025,.609548541351019,1
2025,.609588137555738,1
2025,.609604055865613,1
2025,.609659104586992,1
2025,.609725975848592,1
2025,.609766899450801,1
2025,.609771202719902,1
2025,.609771872189008,1
2025,.60979903438283,1
2025,.609880118330862,1
2025,.609894076876345,1
2025,.609894647948812,1
2025,.609908642473558,1
2025,.609916099398649,1
2025,.609927426286767,1
2025,.609936719302095,1
2025,.609994403960287,1
2025,.610013536106429,1
2025,.610064364486996,1
2025,.610073567783027,1
2025,.610080365564716,1
2025,.610090844484423,1
2025,.610110098739846,1
2025,.610156547342082,1
2025,.61018836504277,1
2025,.610193931644285,1
2025,.610196815927174,1
2025,.610221295625127,1
2025,.610247857915595,1
2025,.61031651519249,1
2025,.61035063991052,1
2025,.610351073947851,1
2025,.610355281789603,1
2025,.610360237608576,1
2025,.610362429172539,1
2025,.61039816079107,1
2025,.610400906148196,1
2025,.610431427994566,1
2025,.610435320105673,1
2025,.610476279528454,1
2025,.610506209183317,1
2025,.610507998591874,1
2025,.610636374141469,1
2025,.610704258884241,1
2025,.610728384743875,1
2025,.610846106431845,1
2025,.610867252526338,1
2025,.61089466132801,1
2025,.610957490071224,1
2025,.610967164730891,1
2025,.610972406144342,1
2025,.610975558095477,1
2025,.610997660715513,1
2025,.610999669225893,1
2025,.611001113556056,1
2025,.611028775719702,1
2025,.611042781951274,1
2025,.611046231362999,1
2025,.611067757211367,1
2025,.611073102132113,1
2025,.611094193499148,1
2025,.611117279914616,1
2025,.611124145615167,1
2025,.611126197632988,1
2025,.61113882128726,1
2025,.61114624196608,1
2025,.611177891710936,1
2025,.611195955239155,1
2025,.611220624817917,1
2025,.611246270070622,1
2025,.611247650551872,1
2025,.611248250990688,1
2025,.611261378926915,1
2025,.611371340892105,1
2025,.611404559284029,1
2025,.611425491897834,1
2025,.611427960115955,1
2025,.611432044064549,1
2025,.611499117131419,1
2025,.611513679300167,1
2025,.611537331487007,1
2025,.61154694073826,1
2025,.611549098762464,1
2025,.611556164154431,1
2025,.611557698210534,1
2025,.611565890295195,1
2025,.611593324551145,1
2025,.611593704413069,1
2025,.611647599552528,1
2025,.611675532929396,1
2025,.61177913804162,1
2025,.611797192848645,1
2025,.61193033943415,1
2025,.61194815557278,1
2025,.61195434161335,1
2025,.611970881747285,1
2025,.611979889710659,1
2025,.611996303105206,1
2025,.612008278897821,1
2025,.61202332105679,1
2025,.61204334324956,1
2025,.61207846917189,1
2025,.612082618799873,1
2025,.612086560275305,1
2025,.612094290047224,1
2025,.612111288400361,1
2025,.612120769907902,1
2025,.612146172219969,1
2025,.612150258065618,1
2025,.612188580784229,1
2025,.612198172213077,1
2025,.61223367237829,1
2025,.612256671786472,1
2025,.612276214163449,1
2025,.612283666150191,1
2025,.612286042156787,1
2025,.61228782133647,1
2025,.612331321238709,1
2025,.612401525978337,1
2025,.612401590396694,1
2025,.612414013511375,1
2025,.612510516896053,1
2025,.61254500602708,1
2025,.612545889349898,1
2025,.612563999321814,1
2025,.612672941553362,1
2025,.612695796005842,1
2025,.612698754566039,1
2025,.612707228504022,1
2025,.612742217970074,1
2025,.612767527949605,1
2025,.612800026856223,1
2025,.612800224162906,1
2025,.612810602595342,1
2025,.612823674363568,1
2025,.612843993234515,1
2025,.612845305377258,1
2025,.612859562902718,1
2025,.612901664899914,1
2025,.612919450448556,1
2025,.612923848600428,1
2025,.612953467263693,1
2025,.612956057050871,1
2025,.612982449401817,1
2025,.61300450393301,1
2025,.613019427482646,1
2025,.613036978950521,1
2025,.613053624597832,1
2025,.613063227760897,1
2025,.613102856429444,1
2025,.613141193610975,1
2025,.613146003211208,1
2025,.61320797504386,1
2025,.613221436477998,1
2025,.613272578957775,1
2025,.613294615662489,1
2025,.613310537150368,1
2025,.613331450454745,1
2025,.613336366827173,1
2025,.613377126997306,1
2025,.613408544214582,1
2025,.613478978177656,1
2025,.613496377850899,1
2025,.613532251315977,1
2025,.613537815891156,1
2025,.613543639599074,1
2025,.613595738620806,1
2025,.61361427060027,1
2025,.613614315029767,1
2025,.613633806724264,1
2025,.613633935607774,1
2025,.613656112340921,1
2025,.613664651001746,1
2025,.613736839502916,1
2025,.613803375032623,1
2025,.613818905868152,1
2025,.613890819422483,1
2025,.613907171164255,1
2025,.613916393204166,1
2025,.613945853190018,1
2025,.613970529949014,1
2025,.613987555593676,1
2025,.614002102635874,1
2025,.614065933493127,1
2025,.614075905984947,1
2025,.61407737479356,1
2025,.614120606144366,1
2025,.614122281782528,1
2025,.61414812140112,1
2025,.614170556402363,1
2025,.614199297956583,1
2025,.614221441557453,1
2025,.614272558906681,1
2025,.614285924851603,1
2025,.614302673586466,1
2025,.614311497102213,1
2025,.614319665724001,1
2025,.614365403245182,1
2025,.614368266980588,1
2025,.614402019856395,1
2025,.614411913677287,1
2025,.614416202096119,1
2025,.614437626597907,1
2025,.614445430265713,1
2025,.614474993914354,1
2025,.614498795569705,1
2025,.614519720226394,1
2025,.614569413451878,1
2025,.614580709777531,1
2025,.614591950971669,1
2025,.614596316420456,1
2025,.614613124076787,1
2025,.614680401243032,1
2025,.614692397550117,1
2025,.614700976837095,1
2025,.614711777012009,1
2025,.614781876483704,1
2025,.614793392210947,1
2025,.614810414032586,1
2025,.614829227682864,1
2025,.614872348564788,1
2025,.614937808488977,1
2025,.614977133628338,1
2025,.614979969390982,1
2025,.615061077897454,1
2025,.615071131338354,1
2025,.615080917749918,1
2025,.615105619542015,1
2025,.61512538337028,1
2025,.615130066357409,1
2025,.615135938519508,1
2025,.615140250427655,1
2025,.615159812050449,1
2025,.615181941446859,1
2025,.615199731201332,1
2025,.615245656152839,1
2025,.615301379386707,1
2025,.615316913996106,1
2025,.615384245329482,1
2025,.615475743643723,1
2025,.6154855843037,1
2025,.615527537090106,1
2025,.615565212066285,1
2025,.615566214863317,1
2025,.615607910734303,1
2025,.61562165799713,1
2025,.615643480435437,1
2025,.615647051912816,1
2025,.615673573101744,1
2025,.615710473948316,1
2025,.615787280718648,1
2025,.615811104918907,1
2025,.615831399317312,1
2025,.615842279103151,1
2025,.615861659993788,1
2025,.615872781957351,1
2025,.615888447398228,1
2025,.615896250215656,1
2025,.615944025152086,1
2025,.615985098776178,1
2025,.616044585272482,1
2025,.616080895713435,1
2025,.616116620434442,1
2025,.616130285357881,1
2025,.616167913799361,1
2025,.61622621620993,1
2025,.616246926942812,1
2025,.616266496885078,1
2025,.616267157766237,1
2025,.616350752999072,1
2025,.61640790951922,1
2025,.616478384782187,1
2025,.616479102213629,1
2025,.616514962861402,1
2025,.616593305548979,1
2025,.616622963472409,1
2025,.61663735797601,1
2025,.616642676058258,1
2025,.616720863432354,1
2025,.616792502707517,1
2025,.616803074831468,1
2025,.616805867854528,1
2025,.61687623648008,1
2025,.616901129102966,1
2025,.6169234663338,1
2025,.61693578894112,1
2025,.61694691393493,1
2025,.616986578973926,1
2025,.616992286315773,1
2025,.616999135549061,1
2025,.617008931915916,1
2025,.617026790584408,1
2025,.617097623847529,1
2025,.617155983963628,1
2025,.617247211133817,1
2025,.617351809378156,1
2025,.61738212508059,1
2025,.617391741582964,1
2025,.617407664659603,1
2025,.617409857207372,1
2025,.61742428258658,1
2025,.617435210228178,1
2025,.617442913008206,1
2025,.617538336061611,1
2025,.617546954690153,1
2025,.617556131528008,1
2025,.617599753766796,1
2025,.617695632340134,1
2025,.617740585462785,1
2025,.617754597942891,1
2025,.617806814450533,1
2025,.61782577306589,1
2025,.617853532563812,1
2025,.617864071812702,1
2025,.617886978689212,1
2025,.617892161731447,1
2025,.61791378208182,1
2025,.618034999848841,1
2025,.618081889857419,1
2025,.618091011921245,1
2025,.61809628711584,1
2025,.618111486164655,1
2025,.61812813085262,1
2025,.618134213932889,1
2025,.618196568759978,1
2025,.618268486190087,1
2025,.618271750445285,1
2025,.61830460967151,1
2025,.618359833107209,1
2025,.618365479849121,1
2025,.61837471180295,1
2025,.618419867651658,1
2025,.618426939492641,1
2025,.618442422153465,1
2025,.618451757817351,1
2025,.61845225262133,1
2025,.618462191823859,1
2025,.618490095988325,1
2025,.618521391191224,1
2025,.618525796427907,1
2025,.618531620386282,1
2025,.618554945011066,1
2025,.618608184545241,1
2025,.618636880968162,1
2025,.618653539715794,1
2025,.618747159042723,1
2025,.618777810562001,1
2025,.618779870145211,1
2025,.618804029186196,1
2025,.618819787525419,1
2025,.618858032510729,1
2025,.618861701782554,1
2025,.618912651496604,1
2025,.618916708932226,1
2025,.618925034475904,1
2025,.618962501206926,1
2025,.618969017300445,1
2025,.618978499601264,1
2025,.618982169690254,1
2025,.619017590147505,1
2025,.61902885845077,1
2025,.619047667326349,1
2025,.619084983366369,1
2025,.619097272332608,1
2025,.619131081008185,1
2025,.619144532635569,1
2025,.619216307123794,1
2025,.61922277351569,1
2025,.61923999480317,1
2025,.619279149384803,1
2025,.619281609139528,1
2025,.619284224659295,1
2025,.619294329439079,1
2025,.619302910264664,1
2025,.619425284300654,1
2025,.619441161465504,1
2025,.619442124734271,1
2025,.619538968793613,1
2025,.619574502879909,1
2025,.61963415833961,1
2025,.619636490908732,1
2025,.619640462494858,1
2025,.619752493625029,1
2025,.619763045079395,1
2025,.619813126788591,1
2025,.619813309557032,1
2025,.619852210195161,1
2025,.619855471303687,1
2025,.619879139010893,1
2025,.619935961097015,1
2025,.619936233302972,1
2025,.619948502737296,1
2025,.620009530567148,1
2025,.6200102581819,1
2025,.620023247128887,1
2025,.620033393012411,1
2025,.620040781634055,1
2025,.620047547313107,1
2025,.620055988696053,1
2025,.620086055096543,1
2025,.620095508166619,1
2025,.620166499189483,1
2025,.620230207628779,1
2025,.620262693676277,1
2025,.620318813477472,1
2025,.620325614410456,1
2025,.620350178238772,1
2025,.62035566710114,1
2025,.620364410605211,1
2025,.620380349087291,1
2025,.620389320009621,1
2025,.620408401144657,1
2025,.620482793470273,1
2025,.620559340174889,1
2025,.620560435107325,1
2025,.620560952626123,1
2025,.620613947433554,1
2025,.62067512736018,1
2025,.620718803272639,1
2025,.62073882922806,1
2025,.620807119490216,1
2025,.620818932712946,1
2025,.62083743126361,1
2025,.620895021910479,1
2025,.62089854891879,1
2025,.620913663813211,1
2025,.62092619661426,1
2025,.62094450143891,1
2025,.620974790557062,1
2025,.620977038879674,1
2025,.620991999840459,1
2025,.621006239952286,1
2025,.621023522388003,1
2025,.62105527592632,1
2025,.621086068114632,1
2025,.62110021741176,1
2025,.621111993056803,1
2025,.621113779666239,1
2025,.621123515065186,1
2025,.621140368780461,1
2025,.621146417502962,1
2025,.621154750508349,1
2025,.621201508196391,1
2025,.621213363134497,1
2025,.621244624794484,1
2025,.621252754093868,1
2025,.621300546632875,1
2025,.621315240724924,1
2025,.621395840817479,1
2025,.621426397506496,1
2025,.621479476053631,1
2025,.621490833022163,1
2025,.621520911933196,1
2025,.621527900222946,1
2025,.621528210279645,1
2025,.621557480673299,1
2025,.621587956712715,1
2025,.62158970285629,1
2025,.621626969736006,1
2025,.621674751695079,1
2025,.621726209220528,1
2025,.621739748604556,1
2025,.621744966262576,1
2025,.621776385785167,1
2025,.621827886121433,1
2025,.621879228213207,1
2025,.621885721193406,1
2025,.621890454016042,1
2025,.621902030283293,1
2025,.621924345649011,1
2025,.621933405863252,1
2025,.621967509938896,1
2025,.621989000129841,1
2025,.622028866267853,1
2025,.622037593140557,1
2025,.622066603174095,1
2025,.62215782218381,1
2025,.622210813942541,1
2025,.622229316593774,1
2025,.622257070372897,1
2025,.622275397555016,1
2025,.622277756877555,1
2025,.622315545113129,1
2025,.622316624257016,1
2025,.622324202359569,1
2025,.62233286991762,1
2025,.622339795333872,1
2025,.622342046576164,1
2025,.622380681425779,1
2025,.622403318511337,1
2025,.622414544715062,1
2025,.622467769862799,1
2025,.622498534243012,1
2025,.622578079153819,1
2025,.622625961295036,1
2025,.622695509523265,1
2025,.62275174605199,1
2025,.62277503257717,1
2025,.622795955526903,1
2025,.622835731661115,1
2025,.622851709154523,1
2025,.622866933341178,1
2025,.622868691896531,1
2025,.622870279027404,1
2025,.622891854823332,1
2025,.622933000970246,1
2025,.622973725438681,1
2025,.623000926304331,1
2025,.62303002725197,1
2025,.623064587614085,1
2025,.623066929099149,1
2025,.623089904521624,1
2025,.623099094130778,1
2025,.62310386758263,1
2025,.623156345044411,1
2025,.623174761136412,1
2025,.623182004019383,1
2025,.623204655150792,1
2025,.623228812023441,1
2025,.623246725566059,1
2025,.623260748865002,1
2025,.623268928533834,1
2025,.623284573300033,1
2025,.623296529794158,1
2025,.623316103865076,1
2025,.623319638162258,1
2025,.623343404707448,1
2025,.623380363859789,1
2025,.623381159625276,1
2025,.623384658726333,1
2025,.623412356706967,1
2025,.623486820885403,1
2025,.623508752738781,1
2025,.623550507662566,1
2025,.623714725385851,1
2025,.623764616761461,1
2025,.623785460853987,1
2025,.623790455150427,1
2025,.623809838972676,1
2025,.623830155040237,1
2025,.623838693809619,1
2025,.62385266088099,1
2025,.623875396548357,1
2025,.623881049795472,1
2025,.623901494087293,1
2025,.623907503011624,1
2025,.623917819421273,1
2025,.62400241714487,1
2025,.624023650534191,1
2025,.624085815698632,1
2025,.624087727195518,1
2025,.62412248971306,1
2025,.624134383261165,1
2025,.624139474129967,1
2025,.624181950538664,1
2025,.624225175033908,1
2025,.624289988059922,1
2025,.624306178457869,1
2025,.624324120237067,1
2025,.624370042613433,1
2025,.624381458740116,1
2025,.624442662289534,1
2025,.624444798932568,1
2025,.624473941939233,1
2025,.624479275313447,1
2025,.624501748086828,1
2025,.624535402469607,1
2025,.624542139280736,1
2025,.62460791935532,1
2025,.624612835053128,1
2025,.624614721625984,1
2025,.624656218981827,1
2025,.624696982807269,1
2025,.624728259998379,1
2025,.624730224005958,1
2025,.624791048336422,1
2025,.624817598567556,1
2025,.624827841084093,1
2025,.624865594669565,1
2025,.624877560109841,1
2025,.624919633320352,1
2025,.624932403115492,1
2025,.624951121408226,1
2025,.624968870715655,1
2025,.624984628118837,1
2025,.625017186700264,1
2025,.625018074616461,1
2025,.62503320705865,1
2025,.625042787556096,1
2025,.625055705974615,1
2025,.625069327456839,1
2025,.625074559893345,1
2025,.625136091249352,1
2025,.62517455749412,1
2025,.625177153840173,1
2025,.625182793359975,1
2025,.625219641558476,1
2025,.625257840223754,1
2025,.625265617378765,1
2025,.625269120727834,1
2025,.625302296991251,1
2025,.625325023412772,1
2025,.625335126767963,1
2025,.625337610709195,1
2025,.625347897417842,1
2025,.62535094225675,1
2025,.62535129705992,1
2025,.625351593811612,1
2025,.625356025550203,1
2025,.6254005683425,1
2025,.625414384855795,1
2025,.625430649615274,1
2025,.625456308889215,1
2025,.625497122636027,1
2025,.625555365345915,1
2025,.625582164298558,1
2025,.625595921606334,1
2025,.625618386439831,1
2025,.62562628922292,1
2025,.625632846133321,1
2025,.625660210293073,1
2025,.625695797844199,1
2025,.625738553698053,1
2025,.625746044532237,1
2025,.62584476283765,1
2025,.625896751121417,1
2025,.625910675574196,1
2025,.625944863734736,1
2025,.625957413154126,1
2025,.62597179602199,1
2025,.62600066910378,1
2025,.626004285658752,1
2025,.626010868905799,1
2025,.626023098759648,1
2025,.626046041463537,1
2025,.626052105894371,1
2025,.626053270909606,1
2025,.626063615832695,1
2025,.626076356264108,1
2025,.62611012644266,1
2025,.626129310326939,1
2025,.626129635125996,1
2025,.62615267989291,1
2025,.626154116910657,1
2025,.626183897324604,1
2025,.626206723856361,1
2025,.626227621474072,1
2025,.626248937967026,1
2025,.626266823025032,1
2025,.626290331962765,1
2025,.626290487725415,1
2025,.626322102592313,1
2025,.626419904176829,1
2025,.626442941725132,1
2025,.626465065792602,1
2025,.626496016089597,1
2025,.626546094793675,1
2025,.626604247849959,1
2025,.626682366045862,1
2025,.626689589566019,1
2025,.626736502986098,1
2025,.6267682673557,1
2025,.626813393887471,1
2025,.626817953114094,1
2025,.626820754519837,1
2025,.626821272138915,1
2025,.626827062549684,1
2025,.626837218493161,1
2025,.626841846571177,1
2025,.62686516739074,1
2025,.62686645506039,1
2025,.626883768210383,1
2025,.626909020861189,1
2025,.62692371498396,1
2025,.626939528045136,1
2025,.626957563230987,1
2025,.626964947991998,1
2025,.626970258594666,1
2025,.627003531580913,1
2025,.627041151372699,1
2025,.627048268396594,1
2025,.627131313957319,1
2025,.627133191832735,1
2025,.627136145627252,1
2025,.627195868698069,1
2025,.627205760754409,1
2025,.627251218524813,1
2025,.627267781292545,1
2025,.627275775387361,1
2025,.627324321089375,1
2025,.62737461431257,1
2025,.627377130618483,1
2025,.627426142674286,1
2025,.627480553673006,1
2025,.627564777715783,1
2025,.627573792944929,1
2025,.627630787791511,1
2025,.627666703338441,1
2025,.627669569370384,1
2025,.627684623792834,1
2025,.627690319715612,1
2025,.627702567168209,1
2025,.627711122647102,1
2025,.62772390041786,1
2025,.627771823275297,1
2025,.627778485336772,1
2025,.627781698938544,1
2025,.627788423629054,1
2025,.627798878001439,1
2025,.627802838628667,1
2025,.627895634063294,1
2025,.627910651411701,1
2025,.627982028695763,1
2025,.62798550914156,1
2025,.62799122570707,1
2025,.628043900171122,1
2025,.628086260830312,1
2025,.628100551832509,1
2025,.628172984639885,1
2025,.628175690471931,1
2025,.628201445819205,1
2025,.62824742160439,1
2025,.628268500579533,1
2025,.628275003191271,1
2025,.628284221179782,1
2025,.628345233838346,1
2025,.628362361454503,1
2025,.628415091193156,1
2025,.628420755430901,1
2025,.628432721782087,1
2025,.628435322628083,1
2025,.628444635944368,1
2025,.628467062772799,1
2025,.628472812595059,1
2025,.628494968053319,1
2025,.628511728140108,1
2025,.628520331216074,1
2025,.628528862851757,1
2025,.628535353400621,1
2025,.628558657914302,1
2025,.628589952355475,1
2025,.628608381371624,1
2025,.628628466452516,1
2025,.62863270442243,1
2025,.628643891229628,1
2025,.628661463625089,1
2025,.628670744160063,1
2025,.628731324136636,1
2025,.628737705952463,1
2025,.628743604313964,1
2025,.628744492505675,1
2025,.628748607271101,1
2025,.628808852319226,1
2025,.628826853957305,1
2025,.628836935325877,1
2025,.62884421944899,1
2025,.628862598362512,1
2025,.628931615804293,1
2025,.628948804187819,1
2025,.628955860478836,1
2025,.628978017073968,1
2025,.628995345170289,1
2025,.629022700442248,1
2025,.629023639249701,1
2025,.629028418835308,1
2025,.629051171159355,1
2025,.629065309834763,1
2025,.629071131706087,1
2025,.629080523170437,1
2025,.629117887220745,1
2025,.629130846372398,1
2025,.629152552333542,1
2025,.629153857589907,1
2025,.629157494903453,1
2025,.629170285609248,1
2025,.629178470136928,1
2025,.629210398169726,1
2025,.629217466354559,1
2025,.629246045383321,1
2025,.629328064530907,1
2025,.629391500907567,1
2025,.629399073293162,1
2025,.629408987649264,1
2025,.629436305003168,1
2025,.629438119333555,1
2025,.629444905693225,1
2025,.629481481870197,1
2025,.629486209791517,1
2025,.629529187715798,1
2025,.629576375927909,1
2025,.629594651020182,1
2025,.629601240236225,1
2025,.629651260014913,1
2025,.629702886344175,1
2025,.629722425004999,1
2025,.629763633354189,1
2025,.629772778759715,1
2025,.629858900778071,1
2025,.629882248864527,1
2025,.629903777288315,1
2025,.629911407810577,1
2025,.629964114022193,1
2025,.629972774190646,1
2025,.630013792708565,1
2025,.630014101756326,1
2025,.630145696770888,1
2025,.63017710117249,1
2025,.630198212081001,1
2025,.630201007425928,1
2025,.630204222873904,1
2025,.630276771585998,1
2025,.630295144250952,1
2025,.630320256822824,1
2025,.630328911253261,1
2025,.630401410889827,1
2025,.630405407884943,1
2025,.630421485427868,1
2025,.63043228201575,1
2025,.630437065532264,1
2025,.630454431922763,1
2025,.630454670912034,1
2025,.630484412835153,1
2025,.630511355277195,1
2025,.630559028472747,1
2025,.630569580100783,1
2025,.630588474708563,1
2025,.630602459105453,1
2025,.63061141488112,1
2025,.6306238318394,1
2025,.630628284536545,1
2025,.630637183396699,1
2025,.630676732011036,1
2025,.630700889252025,1
2025,.630716567524392,1
2025,.630738156507911,1
2025,.630746911596857,1
2025,.630775854674875,1
2025,.630792079672568,1
2025,.630795249486065,1
2025,.630844583918016,1
2025,.630846912082176,1
2025,.630848348126109,1
2025,.630855956207677,1
2025,.630875653556171,1
2025,.630888413480461,1
2025,.630958879834398,1
2025,.630974321777517,1
2025,.630996875331729,1
2025,.631042556170297,1
2025,.631068992566826,1
2025,.631069174914719,1
2025,.631088017643661,1
2025,.631091259811154,1
2025,.631098202656559,1
2025,.631103456156613,1
2025,.631135843681555,1
2025,.631137934843678,1
2025,.631171618139206,1
2025,.631189199835949,1
2025,.63122248521367,1
2025,.6312866939729,1
2025,.631292699662368,1
2025,.631343511746058,1
2025,.631356427617103,1
2025,.631374408934812,1
2025,.631384870234937,1
2025,.631396044277054,1
2025,.63140697291892,1
2025,.631473360596284,1
2025,.631498191963314,1
2025,.631532981254452,1
2025,.631584635832152,1
2025,.631585886137428,1
2025,.631673793373724,1
2025,.631699992699921,1
2025,.631744844701502,1
2025,.631759976417026,1
2025,.631776133162873,1
2025,.631776881855825,1
2025,.631784668745554,1
2025,.63181988475468,1
2025,.631889350690847,1
2025,.631914156553553,1
2025,.631968242662244,1
2025,.63197525644417,1
2025,.631987176142329,1
2025,.632006808540474,1
2025,.632013368656983,1
2025,.632028358881408,1
2025,.632030297511324,1
2025,.632036629496446,1
2025,.63204987984516,1
2025,.632057177163556,1
2025,.632073390382632,1
2025,.632078573196027,1
2025,.632143093735029,1
2025,.632152337581703,1
2025,.632336515078897,1
2025,.632398833221103,1
2025,.63240413154146,1
2025,.632411137192929,1
2025,.632412714374137,1
2025,.632537485398749,1
2025,.632580747912281,1
2025,.632634770583442,1
2025,.632651544925493,1
2025,.63265500339265,1
2025,.632661849599989,1
2025,.63267091753143,1
2025,.632684686808593,1
2025,.632708552971646,1
2025,.632718208026687,1
2025,.632779013429257,1
2025,.632779780885931,1
2025,.632817764215723,1
2025,.632870741569481,1
2025,.632878933235624,1
2025,.632896090568431,1
2025,.632943685630328,1
2025,.632970227997628,1
2025,.633036911177128,1
2025,.633061550460992,1
2025,.633067903227931,1
2025,.633071287858133,1
2025,.633085016704011,1
2025,.63311226528425,1
2025,.633203160892641,1
2025,.633221399554349,1
2025,.633315767441101,1
2025,.633326570872539,1
2025,.633349363102791,1
2025,.633392859399583,1
2025,.633538575498432,1
2025,.633574209879839,1
2025,.633583768161499,1
2025,.633639265087972,1
2025,.633639351898064,1
2025,.633686836199561,1
2025,.633687515657248,1
2025,.633693286477249,1
2025,.633714669898923,1
2025,.63373930799455,1
2025,.633748845204022,1
2025,.633819552749002,1
2025,.63389640373964,1
2025,.633913499085771,1
2025,.633961229561783,1
2025,.633999461965668,1
2025,.634002921588193,1
2025,.634022660749291,1
2025,.634186248157768,1
2025,.634286008476958,1
2025,.634308671220625,1
2025,.634314743468497,1
2025,.634321522433774,1
2025,.634324982337053,1
2025,.634373062881728,1
2025,.634399543146329,1
2025,.634417559763086,1
2025,.634420213421869,1
2025,.634438444837315,1
2025,.634446204155844,1
2025,.634451192387637,1
2025,.634496521593138,1
2025,.634515887388181,1
2025,.634516166989413,1
2025,.634594874628274,1
2025,.634642072757295,1
2025,.634657159201228,1
2025,.634683196664158,1
2025,.634727984227415,1
2025,.634739333927527,1
2025,.634750398835335,1
2025,.634801396144429,1
2025,.634801759371723,1
2025,.634859969163691,1
2025,.634864577749349,1
2025,.634876598794996,1
2025,.634894322352725,1
2025,.634934942667437,1
2025,.634936727165724,1
2025,.634973770707575,1
2025,.634998013937304,1
2025,.635022619979182,1
2025,.635059797171949,1
2025,.635067681928115,1
2025,.635099002391203,1
2025,.635181702081939,1
2025,.635254468919206,1
2025,.635259653780234,1
2025,.635274341750931,1
2025,.635287709423827,1
2025,.635299438511869,1
2025,.635312753505297,1
2025,.635329177990181,1
2025,.635370304022188,1
2025,.635392632410047,1
2025,.635496127573404,1
2025,.635515322751776,1
2025,.63551555027581,1
2025,.63552600627648,1
2025,.635541003473061,1
2025,.635583120595044,1
2025,.635635309402249,1
2025,.635642132603829,1
2025,.635665432309177,1
2025,.635713026414371,1
2025,.63571766407198,1
2025,.635737817335398,1
2025,.635753634183928,1
2025,.635853799297827,1
2025,.635861922555622,1
2025,.635871555894021,1
2025,.635912546908996,1
2025,.635918892800652,1
2025,.635926359499967,1
2025,.636028741124477,1
2025,.636104383953075,1
2025,.636136811682399,1
2025,.636161401755272,1
2025,.636177891051272,1
2025,.636192680340945,1
2025,.636216996396936,1
2025,.63627453289971,1
2025,.6363123375605,1
2025,.636333801354839,1
2025,.636406294953193,1
2025,.636463452929188,1
2025,.636507649253405,1
2025,.636562479998374,1
2025,.636603181481445,1
2025,.63666337039405,1
2025,.636680254015546,1
2025,.636722081844698,1
2025,.636735720478483,1
2025,.636758995828607,1
2025,.636768983213004,1
2025,.636783619778164,1
2025,.636810814804912,1
2025,.636826298031402,1
2025,.636849010182681,1
2025,.636857159434328,1
2025,.636913774333369,1
2025,.636922698935044,1
2025,.636948940922021,1
2025,.63697420390913,1
2025,.63698314816539,1
2025,.636999517083208,1
2025,.637006501746765,1
2025,.637018517166499,1
2025,.637048476321656,1
2025,.637050398425852,1
2025,.637077042807097,1
2025,.637078746085317,1
2025,.637086261999222,1
2025,.637130751308991,1
2025,.637149433313555,1
2025,.637195555762114,1
2025,.637213342682516,1
2025,.637215053473587,1
2025,.637219602111226,1
2025,.637244878387609,1
2025,.637420855316393,1
2025,.63743836772617,1
2025,.637477736383745,1
2025,.637493319196704,1
2025,.637496324361402,1
2025,.637520352979304,1
2025,.637554559476483,1
2025,.637562809003448,1
2025,.637627245751378,1
2025,.637654668703724,1
2025,.637709041329192,1
2025,.637728107099479,1
2025,.637758489027633,1
2025,.637768918224513,1
2025,.637770846267316,1
2025,.637782943105446,1
2025,.637794839588494,1
2025,.637822902233999,1
2025,.637871743202296,1
2025,.637873919862747,1
2025,.637895962231512,1
2025,.63791539103635,1
2025,.637916875627639,1
2025,.637986842685523,1
2025,.638009472348104,1
2025,.638044907466272,1
2025,.638089133911085,1
2025,.638096060219352,1
2025,.638104638480811,1
2025,.638154044364856,1
2025,.638195636554381,1
2025,.6382296753158,1
2025,.638269992036144,1
2025,.638295336681802,1
2025,.63831270305564,1
2025,.638315991418704,1
2025,.638377080255865,1
2025,.638378852088468,1
2025,.638381278877257,1
2025,.638446343415559,1
2025,.638457159239102,1
2025,.638559351954786,1
2025,.638587887684597,1
2025,.63863442897717,1
2025,.638646017592721,1
2025,.638701109294938,1
2025,.638733329870555,1
2025,.638768283591635,1
2025,.63876937791238,1
2025,.638823761076019,1
2025,.638852102517076,1
2025,.638856880227865,1
2025,.638870268803061,1
2025,.638874783869328,1
2025,.638942867603359,1
2025,.638945028878302,1
2025,.638972027051085,1
2025,.639014164118755,1
2025,.639025700100686,1
2025,.639064104130529,1
2025,.63908725281664,1
2025,.639091312543852,1
2025,.639100823153318,1
2025,.639100843240902,1
2025,.639112230056714,1
2025,.639180602391156,1
2025,.639198871413546,1
2025,.639244319757385,1
2025,.639247475004554,1
2025,.639270477191562,1
2025,.639272086617149,1
2025,.63929836194751,1
2025,.639329180677862,1
2025,.63938011018115,1
2025,.6393957814128,1
2025,.639407569092974,1
2025,.639417810859283,1
2025,.639433146607442,1
2025,.639444163102805,1
2025,.639565383080757,1
2025,.639572390233372,1
2025,.639593776056222,1
2025,.639626900049668,1
2025,.639642748901497,1
2025,.63965011477876,1
2025,.639670852062503,1
2025,.63969966845226,1
2025,.639718550801835,1
2025,.639719760561774,1
2025,.639728011318963,1
2025,.63977122711727,1
2025,.639773686043836,1
2025,.63981792573905,1
2025,.639842631763425,1
2025,.639877183557669,1
2025,.63988359013337,1
2025,.639887462113801,1
2025,.639977362853955,1
2025,.639981553364169,1
2025,.639988642640486,1
2025,.640032921282582,1
2025,.640070286225499,1
2025,.640122728699813,1
2025,.640125700332084,1
2025,.640135215486495,1
2025,.640143818797102,1
2025,.640163263057663,1
2025,.640171355860753,1
2025,.640174647744008,1
2025,.640207944886101,1
2025,.64024201941577,1
2025,.640250650329499,1
2025,.640284189518817,1
2025,.640298398759686,1
2025,.640304375366382,1
2025,.640354800668764,1
2025,.640448692205107,1
2025,.640577056386184,1
2025,.640593331215296,1
2025,.640710355128966,1
2025,.640710740225287,1
2025,.640720139635266,1
2025,.640738544707245,1
2025,.640762224185319,1
2025,.640775171153911,1
2025,.640815179449497,1
2025,.640817457816639,1
2025,.64081911009432,1
2025,.640900027079098,1
2025,.640947833248415,1
2025,.640949330590342,1
2025,.640980450482595,1
2025,.641003045755906,1
2025,.641042798453084,1
2025,.641062611014578,1
2025,.641099399543801,1
2025,.641119679970856,1
2025,.641152228147336,1
2025,.641152337114221,1
2025,.641201230706635,1
2025,.641227464408749,1
2025,.641234351777854,1
2025,.64129555780883,1
2025,.641298273786611,1
2025,.641324394763037,1
2025,.641351945598023,1
2025,.64136671773849,1
2025,.641397402200322,1
2025,.641415226232097,1
2025,.641428756732196,1
2025,.641478379225556,1
2025,.641481073735958,1
2025,.641502116225859,1
2025,.641506765162084,1
2025,.641508116481785,1
2025,.641527312947628,1
2025,.641540045382117,1
2025,.64157279727981,1
2025,.641600661066167,1
2025,.641604455562253,1
2025,.641618120919831,1
2025,.641634279119523,1
2025,.641659443994534,1
2025,.641828099590642,1
2025,.641840073518235,1
2025,.64184423886717,1
2025,.641853600053361,1
2025,.641905218892987,1
2025,.641954466594747,1
2025,.641971483645845,1
2025,.641985279986001,1
2025,.642030206136439,1
2025,.642032750408337,1
2025,.642061559049923,1
2025,.642079455993126,1
2025,.642130458342169,1
2025,.642140884481527,1
2025,.642175919510063,1
2025,.642185307279916,1
2025,.642190896037272,1
2025,.642219961420813,1
2025,.642248415217452,2
2025,.642274864280627,1
2025,.642287335741289,1
2025,.642362050025149,1
2025,.642387732869403,1
2025,.642421458797414,1
2025,.64250576158975,1
2025,.642508387726418,1
2025,.642519715211774,1
2025,.642535632424354,1
2025,.642604192431933,1
2025,.642619031241443,1
2025,.642619914276489,1
2025,.642652332586537,1
2025,.642656169308144,1
2025,.642680236217583,1
2025,.642687652926626,1
2025,.642690556384899,1
2025,.642713635790093,1
2025,.642774123017857,1
2025,.642774476669233,1
2025,.642805225639057,1
2025,.642834316664192,1
2025,.642933055836156,1
2025,.642986677269856,1
2025,.642989924128017,1
2025,.643011694903451,1
2025,.643070960133383,1
2025,.64313197564722,1
2025,.643171732317193,1
2025,.643194091618393,1
2025,.643196638522855,1
2025,.643225748834725,1
2025,.643249219840369,1
2025,.643257938181973,1
2025,.643274559639058,1
2025,.643277504127337,1
2025,.64330577963227,1
2025,.643324975587201,1
2025,.643427352992584,1
2025,.643477898268475,1
2025,.643479009402687,1
2025,.643543143605093,1
2025,.643592068529956,1
2025,.64359626268531,1
2025,.6436152547537,1
2025,.643633105179413,1
2025,.643656980502378,1
2025,.643755136305261,1
2025,.643821410019204,1
2025,.643835976095109,1
2025,.643839500412674,1
2025,.643878392731328,1
2025,.64388179100232,1
2025,.643952071619544,1
2025,.643988514809474,1
2025,.643993233052672,1
2025,.644029078398008,1
2025,.644057858693433,1
2025,.644058293570071,1
2025,.644080936323425,1
2025,.644092339672438,1
2025,.644129208783772,1
2025,.644152739221972,1
2025,.644190926263914,1
2025,.644202445427701,1
2025,.644203657121042,1
2025,.644279793317728,1
2025,.644330708359563,1
2025,.644351730686358,1
2025,.64436768731822,1
2025,.644384789636141,1
2025,.644409613157391,1
2025,.644426130610257,1
2025,.644433261111217,1
2025,.644433301840694,1
2025,.644454249310321,1
2025,.644454945013464,1
2025,.644467931346739,1
2025,.644492352673886,1
2025,.644509783236562,1
2025,.644530694847109,1
2025,.644536242991278,1
2025,.644544038655441,1
2025,.644547207146929,1
2025,.644571223367217,1
2025,.644629726231463,1
2025,.644642791191659,1
2025,.644655368459377,1
2025,.64465897050124,1
2025,.644669213348374,1
2025,.644692384253086,1
2025,.644740379118911,1
2025,.644746693209396,1
2025,.644810908048304,1
2025,.644820056668071,1
2025,.644837357997183,1
2025,.644854915479127,1
2025,.644870045068081,1
2025,.644902956108155,1
2025,.644915858602266,1
2025,.644952869629919,1
2025,.64496920376634,1
2025,.645007478869883,1
2025,.645018173403453,1
2025,.645026104792478,1
2025,.645047205509982,1
2025,.645052270635823,1
2025,.645109744018169,1
2025,.645152308984639,1
2025,.645203620491816,1
2025,.645219081218111,1
2025,.645230258683655,1
2025,.645257434505048,1
2025,.645263291737642,1
2025,.645307273975176,1
2025,.645316840056079,1
2025,.645326220924365,1
2025,.645373443118402,1
2025,.64538979609545,1
2025,.64539324158934,1
2025,.645424333668686,1
2025,.645446110842351,1
2025,.645488813426473,1
2025,.645497168845989,1
2025,.645513144045127,1
2025,.645535308248463,1
2025,.64553872876223,1
2025,.645564035197734,1
2025,.64556839903927,1
2025,.645579103814115,1
2025,.645584092424692,1
2025,.645610152797302,1
2025,.645717653730563,1
2025,.645735603638088,1
2025,.645737785968903,1
2025,.64574574071389,1
2025,.645768984289317,1
2025,.6458083957524,1
2025,.645819641482128,1
2025,.645835439682663,1
2025,.645853915406705,1
2025,.645872634259488,1
2025,.645908574854856,1
2025,.645976834790813,1
2025,.646010008404467,1
2025,.646012200747515,1
2025,.64603899512711,1
2025,.646067808437003,1
2025,.64607349697461,1
2025,.646090915886996,1
2025,.646096311468468,1
2025,.646097043779594,1
2025,.646104194411854,1
2025,.64614776630669,1
2025,.646161581023491,1
2025,.646171595433199,1
2025,.646303048584258,1
2025,.646350197555764,1
2025,.646371103128759,1
2025,.646386121081561,1
2025,.646390696403138,1
2025,.646402476087795,1
2025,.646406921665225,1
2025,.6464501907661,1
2025,.646526292302655,1
2025,.646561114902615,1
2025,.64664715041165,1
2025,.646647334176933,1
2025,.646648186937107,1
2025,.646662309689882,1
2025,.646691615041993,1
2025,.646707999422401,1
2025,.646713542304221,1
2025,.646743449200239,1
2025,.646751372933881,1
2025,.646796157581299,1
2025,.646860733019391,1
2025,.646881200342772,1
2025,.64690710257108,1
2025,.646923282240293,1
2025,.646951559416768,1
2025,.646999828306307,1
2025,.647005092399191,1
2025,.647009134769971,1
2025,.647009382980192,1
2025,.647058865917987,1
2025,.647093167719798,1
2025,.647143142550181,1
2025,.647154870811387,1
2025,.64716055702479,1
2025,.647165983324797,1
2025,.647177774609537,1
2025,.647209734106356,1
2025,.647214801081013,1
2025,.647218709535774,1
2025,.647282740935111,1
2025,.647284255754887,1
2025,.647295173450126,1
2025,.647306459376353,1
2025,.647339279774406,1
2025,.647339861187357,1
2025,.647380150236536,1
2025,.64742258847142,1
2025,.647459525419471,1
2025,.64757602342197,1
2025,.647579406097003,1
2025,.64765320782781,1
2025,.647672969581659,1
2025,.647674023784702,1
2025,.647732348069213,1
2025,.647741015889625,1
2025,.647767411167264,1
2025,.64777542798337,1
2025,.647785600376633,1
2025,.647801762781698,1
2025,.64784307517534,1
2025,.647857961039561,1
2025,.647896331755952,1
2025,.647904358483283,1
2025,.647907499194191,1
2025,.647950991141274,1
2025,.647962693325096,1
2025,.64796514637281,1
2025,.647994399880029,1
2025,.648027230951542,1
2025,.648056163253247,1
2025,.648072286698806,1
2025,.64808444524461,1
2025,.648126272308847,1
2025,.648154529421929,1
2025,.648157657093539,1
2025,.648177348261303,1
2025,.648189952782242,1
2025,.648200220012952,1
2025,.648226553957013,1
2025,.648245645237554,1
2025,.648251463114312,1
2025,.648254280369155,1
2025,.648256456407192,1
2025,.648270650260793,1
2025,.648283856907886,1
2025,.648330610886448,1
2025,.648333200158173,1
2025,.648334304992916,1
2025,.648349902211274,1
2025,.648355631310515,1
2025,.648387746702033,1
2025,.648434622840739,1
2025,.648439858347569,1
2025,.648441846284362,1
2025,.648446944282803,1
2025,.648466277649289,1
2025,.648544432446586,1
2025,.64854623474231,1
2025,.648629912750004,1
2025,.648664686913551,1
2025,.648684645697148,1
2025,.648744551093665,1
2025,.648746423788308,1
2025,.648746546674281,1
2025,.648756295228727,1
2025,.648759435382765,1
2025,.648814487654504,1
2025,.648842842080209,1
2025,.648850323701429,1
2025,.6489018835354,1
2025,.648909529877357,1
2025,.648940523435664,1
2025,.648951123664292,1
2025,.648968278221089,1
2025,.648973071165915,1
2025,.649008313629313,1
2025,.649016237687774,1
2025,.649044299298035,1
2025,.649057394289256,1
2025,.649076438411232,1
2025,.649098983517844,1
2025,.64910553216217,1
2025,.649127516281626,1
2025,.649205733609918,1
2025,.649208488533194,1
2025,.649214040603289,1
2025,.649228498182325,1
2025,.649235645804381,1
2025,.649238526745174,1
2025,.649251675532466,1
2025,.649261681441534,1
2025,.649285560611434,1
2025,.649300520283787,1
2025,.64930932546,1
2025,.649347700086885,1
2025,.649469721051735,1
2025,.649501819318734,1
2025,.649509355901142,1
2025,.649588945896078,1
2025,.649686778956037,1
2025,.649691119314764,1
2025,.64972853165679,1
2025,.649752333112474,1
2025,.649792807607344,1
2025,.649820887719229,1
2025,.649825750451707,1
2025,.649871508589301,1
2025,.649884055958816,1
2025,.649887157742329,1
2025,.649910834543493,1
2025,.649946217888683,1
2025,.649949698347632,1
2025,.65003947558762,1
2025,.650076935709046,1
2025,.650087525501984,1
2025,.650131821373183,1
2025,.650186487452132,1
2025,.650223166740858,1
2025,.650232384506025,1
2025,.650238435978912,1
2025,.650238829843394,1
2025,.650265869329124,1
2025,.650449028172676,1
2025,.650457228189169,1
2025,.650465202037836,1
2025,.650562341370114,1
2025,.650564550579778,1
2025,.650595601417924,1
2025,.650599575875412,1
2025,.650646918991759,1
2025,.650671508260996,1
2025,.650671519997844,1
2025,.650823177196785,1
2025,.650862953153141,1
2025,.650977191473262,1
2025,.650991420334985,1
2025,.651015800395063,1
2025,.651070093864089,1
2025,.651100501387981,1
2025,.651110920152199,1
2025,.651128312070235,1
2025,.651178149528831,1
2025,.651180112688909,1
2025,.651204812630161,1
2025,.651270943758346,1
2025,.651301187844533,1
2025,.651304405060027,1
2025,.651316912550483,1
2025,.651327739374899,1
2025,.651341194242573,1
2025,.651343110754944,1
2025,.651402533753774,1
2025,.651421035357368,1
2025,.651421207781767,1
2025,.651485837998176,1
2025,.65149756837855,1
2025,.651507921447147,1
2025,.65153927668768,1
2025,.651560611872301,1
2025,.651598995252738,1
2025,.651602264067738,1
2025,.651610014348163,1
2025,.651617638123824,1
2025,.651633945254477,1
2025,.65167193366798,1
2025,.651672734521067,1
2025,.65170133332467,1
2025,.651740495169599,1
2025,.651745244117467,1
2025,.651761070319496,1
2025,.651763112914794,1
2025,.651787079602444,1
2025,.651810618245422,1
2025,.651832809892874,1
2025,.651866144154184,1
2025,.651876386634774,1
2025,.651956350616214,1
2025,.651994627965638,1
2025,.652002441539461,1
2025,.652026710733998,1
2025,.652064467034448,1
2025,.652091789378309,1
2025,.652118541772885,1
2025,.652195852535841,1
2025,.652232620327278,1
2025,.652238734600448,1
2025,.652342897826785,1
2025,.652430413306317,1
2025,.652457106737548,1
2025,.652494826105239,1
2025,.652536240791055,1
2025,.652565894781923,1
2025,.652569809000118,1
2025,.652581218883735,1
2025,.652629285608017,1
2025,.652652923438171,1
2025,.652700201223823,1
2025,.652749637378374,1
2025,.652766212061125,1
2025,.652774820468489,1
2025,.652775656224605,1
2025,.652843056349365,1
2025,.652845638374742,1
2025,.65285053641981,1
2025,.652880020422728,1
2025,.652926504144322,1
2025,.652945653516449,1
2025,.652995650360716,1
2025,.653057633880866,1
2025,.653101523914821,1
2025,.65311658087374,1
2025,.653181963199286,1
2025,.653228740340893,1
2025,.65325543770946,1
2025,.653273826175536,1
2025,.653409764943806,1
2025,.653442187718796,1
2025,.653442256280322,1
2025,.653448969862587,1
2025,.653456572677935,1
2025,.653466148547356,1
2025,.653467172028636,1
2025,.653557068056075,1
2025,.653574580418432,1
2025,.653662803698159,1
2025,.653663292643555,1
2025,.653697209027825,1
2025,.653733647211383,1
2025,.653764311326084,1
2025,.653766537217619,1
2025,.653777819106213,1
2025,.653781746752339,1
2025,.653797966489063,1
2025,.653828466555142,1
2025,.653837611196646,1
2025,.653842368791729,1
2025,.653854918671157,1
2025,.653856202665353,1
2025,.653861814838892,1
2025,.653897854626058,1
2025,.653950890748095,1
2025,.654010111841281,1
2025,.654045600144245,1
2025,.65410728456041,1
2025,.654118320796398,1
2025,.654150365746797,1
2025,.654193190191095,1
2025,.654195511341891,1
2025,.654201249991146,1
2025,.65424984601431,1
2025,.654274570940903,1
2025,.654288793254439,1
2025,.654307517937011,1
2025,.654320725760775,1
2025,.654336829223259,1
2025,.65434584497154,1
2025,.654399187856363,1
2025,.654413834416329,1
2025,.654414402043111,1
2025,.654424951929218,1
2025,.654432958780771,1
2025,.654442288104615,1
2025,.654446103765311,1
2025,.654469246892028,1
2025,.654482456986632,1
2025,.654488995106382,1
2025,.654499542898965,1
2025,.654515413335875,1
2025,.654518019390339,1
2025,.654527334783866,1
2025,.654598866326865,1
2025,.654612233034888,1
2025,.654643249748701,1
2025,.654692038584049,1
2025,.654700019782329,1
2025,.654705169619212,1
2025,.654798200776771,1
2025,.654800610180905,1
2025,.654811849659721,1
2025,.654913964714655,1
2025,.654932753282534,1
2025,.655014288805341,1
2025,.655023486623903,1
2025,.655032882441781,1
2025,.655051376634944,1
2025,.655069834545774,1
2025,.655080232131862,1
2025,.655084899056723,1
2025,.655093580937947,1
2025,.655098248314315,1
2025,.655151917443224,1
2025,.655181355254912,1
2025,.655185355321782,1
2025,.655188924225058,1
2025,.655209070089046,1
2025,.655216718036823,1
2025,.655237861266758,1
2025,.655308376501456,1
2025,.655359779520748,1
2025,.655372520624755,1
2025,.65541379479383,1
2025,.655494468108479,1
2025,.655563522587755,1
2025,.65556736013637,1
2025,.655593778685928,1
2025,.655598655502585,1
2025,.655606557692523,1
2025,.655610780274699,1
2025,.655626936050295,1
2025,.655634066250532,1
2025,.655648398928028,1
2025,.655649922078859,1
2025,.655715033690752,1
2025,.655732108536526,1
2025,.655766967195407,1
2025,.655772363499908,1
2025,.655774932213846,1
2025,.655834851993853,1
2025,.655841402178706,1
2025,.655844318297423,1
2025,.655907164166614,1
2025,.655966307904649,1
2025,.656002899252311,1
2025,.656004232875019,1
2025,.656038316710512,1
2025,.656072497702365,1
2025,.656076026720453,1
2025,.656091902488384,1
2025,.656122499387636,1
2025,.656127390595212,1
2025,.656134416932375,1
2025,.656193723536001,1
2025,.656234525086399,1
2025,.656235564033185,1
2025,.656316464536659,1
2025,.656335514831911,1
2025,.656341061563062,1
2025,.65638519380867,1
2025,.656426682170877,1
2025,.656467547420197,1
2025,.656506549541382,1
2025,.656568643507422,1
2025,.656580767558425,1
2025,.656614432616958,1
2025,.656616992384861,1
2025,.65665829031123,1
2025,.656674608313355,1
2025,.656685590780865,1
2025,.656687815974162,1
2025,.656709209428324,1
2025,.656732397113287,1
2025,.65674252650243,1
2025,.656764771389299,1
2025,.656772218678125,1
2025,.656813293839397,1
2025,.65681673169248,1
2025,.656836479426337,1
2025,.656878718110342,1
2025,.65688298863226,1
2025,.656958307045601,1
2025,.65697941685873,1
2025,.657048936165414,1
2025,.657093763296141,1
2025,.657121699797787,1
2025,.657135679316012,1
2025,.65713593070355,1
2025,.657153117737507,1
2025,.657171918077467,1
2025,.657172431322833,1
2025,.657200884726451,1
2025,.65721678738702,1
2025,.65722673514674,1
2025,.657272255728931,1
2025,.657336656747592,1
2025,.657392236321933,1
2025,.657417556715769,1
2025,.657418219733567,1
2025,.657438004569597,1
2025,.657471869276763,1
2025,.657503558137651,1
2025,.657525525296669,1
2025,.65758454113216,1
2025,.657642106088361,1
2025,.657717628672157,1
2025,.657780437119562,1
2025,.657784732170413,1
2025,.657802886619004,1
2025,.657811551270607,1
2025,.657827823442484,1
2025,.65784418557098,1
2025,.657851832047598,1
2025,.657920661523811,1
2025,.658017230436696,1
2025,.658044981614888,1
2025,.658050146789011,1
2025,.658074822086645,1
2025,.658147293611174,1
2025,.658176310662078,1
2025,.658198896268079,1
2025,.658260086956577,1
2025,.658260615122496,1
2025,.658302675417599,1
2025,.658330332422822,1
2025,.658351457801083,1
2025,.658355042361011,1
2025,.658427491064893,1
2025,.658467513157693,1
2025,.658471294979859,1
2025,.658478685116919,1
2025,.658490530836163,1
2025,.658516150938321,1
2025,.658534894944971,1
2025,.658537524871393,1
2025,.65855216207377,1
2025,.658569356064987,1
2025,.658583289226959,1
2025,.658598729733262,1
2025,.658614168443726,1
2025,.658808162011747,1
2025,.658868561491503,1
2025,.658991539085327,1
2025,.658997691741388,1
2025,.659012341163279,1
2025,.659027375495802,1
2025,.659033430396789,1
2025,.659041292159387,1
2025,.65905725238115,1
2025,.659068428662249,1
2025,.659169158456224,1
2025,.659177463767989,1
2025,.659178582904165,1
2025,.659281170392357,1
2025,.659333513460456,1
2025,.659346784191795,1
2025,.659347499025547,1
2025,.659350994602547,1
2025,.659355218457742,1
2025,.659363183845534,1
2025,.659386273830066,1
2025,.659458780863155,1
2025,.659499005534591,1
2025,.659511781450625,1
2025,.659604763817429,1
2025,.65961125751845,1
2025,.65961628620767,1
2025,.659636049538915,1
2025,.659683973985582,1
2025,.659701716658,1
2025,.659713561265348,1
2025,.659713899460974,1
2025,.659794571929046,1
2025,.659803261807105,1
2025,.659816646583686,1
2025,.659833152659974,1
2025,.659833516523627,1
2025,.659840741413425,1
2025,.659858624953491,1
2025,.659870379292331,1
2025,.659881157711331,1
2025,.659914060610042,1
2025,.659922481365665,1
2025,.65998293135587,1
2025,.660012960034973,1
2025,.660018707386098,1
2025,.660040470103531,1
2025,.660091251430327,1
2025,.660106857061261,1
2025,.660110625687231,1
2025,.660148311190826,1
2025,.660148509503487,1
2025,.660174679046814,1
2025,.660185770970511,1
2025,.660255594449469,1
2025,.660308320929064,1
2025,.660330974810716,1
2025,.660352852526776,1
2025,.660361242209581,1
2025,.66038810371342,1
2025,.660404474969953,1
2025,.660572142544353,1
2025,.660576121909877,1
2025,.660580958596683,1
2025,.660608191044352,1
2025,.660663259786167,1
2025,.660725039248936,1
2025,.660729163529805,1
2025,.660732281714191,1
2025,.66073250934743,1
2025,.660749144017953,1
2025,.660796024810681,1
2025,.66081306428401,1
2025,.660815516379688,1
2025,.660817760730399,1
2025,.660819015661476,1
2025,.660830275777777,1
2025,.660835311928522,1
2025,.660858298463489,1
2025,.660883161700576,1
2025,.660904643514953,1
2025,.660915586293157,1
2025,.660944790173996,1
2025,.660949208647453,1
2025,.66095039662224,1
2025,.66100072572641,1
2025,.66102778696055,1
2025,.66102983428047,1
2025,.661066306315419,1
2025,.661069718975436,1
2025,.661115216546446,1
2025,.661216980992733,1
2025,.661258747334854,1
2025,.661265428376482,1
2025,.661311855005413,1
2025,.661348398673193,1
2025,.661356717954558,1
2025,.661359751221845,1
2025,.661388741039587,1
2025,.661409846080377,1
2025,.661452670803119,1
2025,.661454847239998,1
2025,.66146705568892,1
2025,.661545442207882,1
2025,.661619199078655,1
2025,.661645300898468,1
2025,.661666025604635,1
2025,.661680963069249,1
2025,.661694385398742,1
2025,.661716049771256,1
2025,.661743433285186,1
2025,.661756682699968,1
2025,.661781841262228,1
2025,.661785531374166,1
2025,.661788283576223,1
2025,.661803887363151,1
2025,.661816872197086,1
2025,.66182076669877,1
2025,.661832922009437,1
2025,.661845119323527,1
2025,.661865555663959,1
2025,.661946072837128,1
2025,.6620311259731,1
2025,.66203739395582,1
2025,.662052719920903,1
2025,.662053585639456,1
2025,.662063093974747,1
2025,.662076620694448,1
2025,.662086592440119,1
2025,.662102247109375,1
2025,.662124703251398,1
2025,.662148600876884,1
2025,.662169426086061,1
2025,.662201363198435,1
2025,.662209011610116,1
2025,.662220298788408,1
2025,.662220627066865,1
2025,.662234438734832,1
2025,.662241644440308,1
2025,.66225491031685,1
2025,.66227705922429,1
2025,.662281378705945,1
2025,.662364328104005,1
2025,.662369003522878,1
2025,.662373042558935,1
2025,.662374015765057,1
2025,.662379980407926,1
2025,.662451549959137,1
2025,.662490538848633,1
2025,.66251180294761,1
2025,.662526150880739,1
2025,.662536850166056,1
2025,.662545129715455,1
2025,.662575080116508,1
2025,.662578872305072,1
2025,.662610801641288,1
2025,.66264477563829,1
2025,.662657013246743,1
2025,.662678977232511,1
2025,.662705558728164,1
2025,.662739147182315,1
2025,.662789131366427,1
2025,.662796971183371,1
2025,.662807481462157,1
2025,.662860787756843,1
2025,.662867928378473,1
2025,.662886875723011,1
2025,.662941820731303,1
2025,.662957233245225,1
2025,.662971842505726,1
2025,.662993673118962,1
2025,.66302022789365,1
2025,.663042214930766,1
2025,.663049290773143,1
2025,.663065300103486,1
2025,.663071415039299,1
2025,.663074869014165,1
2025,.663099402568951,1
2025,.663129833704092,1
2025,.663140193928913,1
2025,.663179545415079,1
2025,.663189195391431,1
2025,.663195522508672,1
2025,.663205844282281,1
2025,.663212324854749,1
2025,.663275428303294,1
2025,.663576909848462,1
2025,.663685480979836,1
2025,.663715574438213,1
2025,.663750304059695,1
2025,.663771671711927,1
2025,.663790577422117,1
2025,.663828172332419,1
2025,.663915901558236,1
2025,.663919712429078,1
2025,.663922353295224,1
2025,.663925515774684,1
2025,.664039252616386,1
2025,.664050085312941,1
2025,.66408665773636,1
2025,.664109057828199,1
2025,.664127002976554,1
2025,.664159978480586,1
2025,.664168199551927,1
2025,.664176141038091,1
2025,.664294514645942,1
2025,.664316231329581,1
2025,.664325208113931,1
2025,.664354031890673,1
2025,.664359684323012,1
2025,.664430748014717,1
2025,.664459033488666,1
2025,.664522513143402,1
2025,.664538866903003,1
2025,.664621698614939,1
2025,.664682696274478,1
2025,.664698779162331,1
2025,.664715426227586,1
2025,.664729130278434,1
2025,.66475566165101,1
2025,.664800303814214,1
2025,.664843698541919,1
2025,.664855253375481,1
2025,.664944030165035,1
2025,.664952790153628,1
2025,.664982006792668,1
2025,.664986440411575,1
2025,.665014670167924,1
2025,.665048014086938,1
2025,.66505275522806,1
2025,.665079822103957,1
2025,.665158985603229,1
2025,.665169040970139,1
2025,.665174294429757,1
2025,.665219966292713,1
2025,.665222076398842,1
2025,.665230935674016,1
2025,.665323639594555,1
2025,.665350898508752,1
2025,.665355702268621,1
2025,.665423529535622,1
2025,.665478523555667,1
2025,.665484252551458,1
2025,.6654998152091,1
2025,.665529010559868,1
2025,.665535667911016,1
2025,.665690640787547,1
2025,.665697165806053,1
2025,.665710077558157,1
2025,.665772225308839,1
2025,.66585413546688,1
2025,.665863193140405,1
2025,.66586975640347,1
2025,.665877891131148,1
2025,.665901384359743,1
2025,.6659088189327,1
2025,.665927139641867,1
2025,.665950326316371,1
2025,.665966820161331,1
2025,.666015999874598,1
2025,.666061064757504,1
2025,.666076107297553,1
2025,.666082397689237,1
2025,.666124829054786,1
2025,.666155593713857,1
2025,.666165525542485,1
2025,.66619001876786,1
2025,.666196261049906,1
2025,.666199450206314,1
2025,.666217445736065,1
2025,.666265974410969,1
2025,.666341202436579,1
2025,.666391390415017,1
2025,.666404542850502,1
2025,.666415323480757,1
2025,.666450076868057,1
2025,.666472393609001,1
2025,.666487010408355,1
2025,.66649568476085,1
2025,.66649766552214,1
2025,.666513427555246,1
2025,.666570101962917,1
2025,.666590823144938,1
2025,.666609771534491,1
2025,.666612268820158,1
2025,.666712869198883,1
2025,.666732370201716,1
2025,.666794115675574,1
2025,.666837883887997,1
2025,.666865394240342,1
2025,.666962194114106,1
2025,.666964265676001,1
2025,.666997640706338,1
2025,.667076403209471,1
2025,.667077564823324,1
2025,.667124753145905,1
2025,.667135803249003,1
2025,.667175727836211,1
2025,.667180538674165,1
2025,.667189109400209,1
2025,.667199486164335,1
2025,.667245810142353,1
2025,.667258203092009,1
2025,.667267835375384,1
2025,.667288759142671,1
2025,.667298093026282,1
2025,.667299588198438,1
2025,.667304089677775,1
2025,.667339763184191,1
2025,.667340489946746,1
2025,.667347196614236,1
2025,.667355885182955,1
2025,.667439950350974,1
2025,.667450863495959,1
2025,.667451974558699,1
2025,.667482332457713,1
2025,.667522135652094,1
2025,.667539065916507,1
2025,.667549860256552,1
2025,.66756886715147,1
2025,.667608623633187,1
2025,.667615658294105,1
2025,.667645778414477,1
2025,.66776298041276,1
2025,.667844646790635,1
2025,.667874875079419,1
2025,.667891364572686,1
2025,.667985891803311,1
2025,.668124329339246,1
2025,.668164239849087,1
2025,.668171823698709,1
2025,.668182151734752,1
2025,.668185025028998,1
2025,.668204634546885,1
2025,.668267920227044,1
2025,.668284974439181,1
2025,.668359741730592,1
2025,.668381552292087,1
2025,.668400201582946,1
2025,.668464670431704,1
2025,.668488503732613,1
2025,.668533573765635,1
2025,.668558638481955,1
2025,.668562498342157,1
2025,.66857868429056,1
2025,.668622438294216,1
2025,.66863245290775,1
2025,.668643288907397,1
2025,.668652394936166,1
2025,.668659602174128,1
2025,.668684662814727,1
2025,.668724682950198,1
2025,.668726405073148,1
2025,.668726415811693,1
2025,.66873798028498,1
2025,.668740141178434,1
2025,.668744033922397,1
2025,.668751058387212,1
2025,.668768876044502,1
2025,.668822171730378,1
2025,.668828027473342,1
2025,.668887774690671,1
2025,.668911015036704,1
2025,.668977069240684,1
2025,.66898514829008,1
2025,.668992575705026,1
2025,.668992644319449,1
2025,.668994111239391,1
2025,.669000202059869,1
2025,.669000384946067,1
2025,.669001623983279,1
2025,.669004620223307,1
2025,.669018445115773,1
2025,.669071745518335,1
2025,.669087758314348,1
2025,.669093383434731,1
2025,.669174307826106,1
2025,.669178026095697,1
2025,.669280999824706,1
2025,.669293182507069,1
2025,.669328856489646,1
2025,.669449240725101,1
2025,.669501397299108,1
2025,.669511387177564,1
2025,.669513351111471,1
2025,.669520282966686,1
2025,.669544966696801,1
2025,.669582472231153,1
2025,.669600702838226,1
2025,.669633879589658,1
2025,.669642024567758,1
2025,.669675887465884,1
2025,.669685953575868,1
2025,.669718506964895,1
2025,.669732228870511,1
2025,.669732476195952,1
2025,.66978463111512,1
2025,.669788601708667,1
2025,.669836221784906,1
2025,.669852607600636,1
2025,.669856098879248,1
2025,.669864566121382,1
2025,.669868574675799,1
2025,.669888978335372,1
2025,.669894322858354,1
2025,.669902128404104,1
2025,.669965443327427,1
2025,.66997932445795,1
2025,.669996102662544,1
2025,.670017434662978,1
2025,.67002619299523,1
2025,.670049192198836,1
2025,.670082781386107,1
2025,.670104493721386,1
2025,.670144047376177,1
2025,.670164513898991,1
2025,.670228125713444,1
2025,.670236586838898,1
2025,.670240615428018,1
2025,.670256818157162,1
2025,.670274341854846,1
2025,.670275652173469,1
2025,.670293832044855,1
2025,.670412481431684,1
2025,.670427843058939,1
2025,.670452264690267,1
2025,.670474826294061,1
2025,.670477925144161,1
2025,.670539745904867,1
2025,.670586484594541,1
2025,.670603960652198,1
2025,.670617890864264,1
2025,.670621007336597,1
2025,.670632147272977,1
2025,.670662779616993,1
2025,.67066677978009,1
2025,.670676020957468,1
2025,.670676992543268,1
2025,.670738802393168,1
2025,.670752642597496,1
2025,.670764345058179,1
2025,.670840522750213,1
2025,.670859942743405,1
2025,.670864440506446,1
2025,.670864779631996,1
2025,.670876718516705,1
2025,.670894572417869,1
2025,.67090666927759,1
2025,.670993541286886,1
2025,.671026408796683,1
2025,.671028043306456,1
2025,.671069512068453,1
2025,.671080812050631,1
2025,.671100540426102,1
2025,.671115950373617,1
2025,.671125179799729,1
2025,.671141441760226,1
2025,.67116908264509,1
2025,.671202728333904,1
2025,.671209490382241,1
2025,.671240352601112,1
2025,.671254299903301,1
2025,.671311815487401,1
2025,.671331328825849,1
2025,.671370382495336,1
2025,.67137393299663,1
2025,.671397339914656,1
2025,.671402047324791,1
2025,.671430224199199,1
2025,.671460734361532,1
2025,.67146555974847,1
2025,.671508680017523,1
2025,.671512513478628,1
2025,.671514170174306,1
2025,.671526882934493,1
2025,.671577403671853,1
2025,.671602275876472,1
2025,.671614173111562,1
2025,.67162736332442,1
2025,.671680927333081,1
2025,.671688437936489,1
2025,.671724685676577,1
2025,.671725136952353,1
2025,.671737599646711,1
2025,.671839554649099,1
2025,.671852599067425,1
2025,.671856043879383,1
2025,.671860509541641,1
2025,.671876267164749,1
2025,.671888472585969,1
2025,.67189332730712,1
2025,.671967538194211,1
2025,.671982626846795,1
2025,.671998761649512,1
2025,.672009151965748,1
2025,.672051428296925,1
2025,.672056762108805,1
2025,.672069625150181,1
2025,.672092750287708,1
2025,.672126332045506,1
2025,.672155769743821,1
2025,.672182470265637,1
2025,.672234044314679,1
2025,.67224223200916,1
2025,.672274264031443,1
2025,.672292773301723,1
2025,.67231725369718,1
2025,.67237770234668,1
2025,.67237807565719,1
2025,.672382131531866,1
2025,.672399454327915,1
2025,.672445691657934,1
2025,.672450997941957,1
2025,.672500906017927,1
2025,.672501906358962,1
2025,.672542255388294,1
2025,.672578260705738,1
2025,.672590296057542,1
2025,.672596529251045,1
2025,.672608720454599,1
2025,.672663262042693,1
2025,.672688002954673,1
2025,.672738835313775,1
2025,.672753143820458,1
2025,.67275849312951,1
2025,.672772928557843,1
2025,.672781401192013,1
2025,.672848600252626,1
2025,.672888364867896,1
2025,.672906423344174,1
2025,.672919289406942,1
2025,.672998945526492,1
2025,.673013796650406,1
2025,.673045692453747,1
2025,.673079405988168,1
2025,.673086755615276,1
2025,.673144849254156,1
2025,.673162137650483,1
2025,.673223234336858,1
2025,.67322343204235,1
2025,.673250354598737,1
2025,.673257012716309,1
2025,.673257238731388,1
2025,.673317655399666,1
2025,.673351143274325,1
2025,.673387989144676,1
2025,.673413007049282,1
2025,.673437546769123,1
2025,.673455137227133,1
2025,.673538696658165,1
2025,.673593094122181,1
2025,.67360098250624,1
2025,.673658983716927,1
2025,.673673575577322,1
2025,.673704718327874,1
2025,.673705258458918,1
2025,.673724998437824,1
2025,.67374450061372,1
2025,.673764484304954,1
2025,.673782667706123,1
2025,.673783894708786,1
2025,.67385186146104,1
2025,.673886039145797,1
2025,.673930052565571,1
2025,.673973490397228,1
2025,.673992599433235,1
2025,.674021265520511,1
2025,.674024617681633,1
2025,.674038292603408,1
2025,.674097010018069,1
2025,.674098525314026,1
2025,.674150749782609,1
2025,.674161451507781,1
2025,.674171034949503,1
2025,.674179907171087,1
2025,.674185458962254,1
2025,.674192804852396,1
2025,.674202834491546,1
2025,.67420763393785,1
2025,.674223763871039,1
2025,.67428789076365,1
2025,.674312599630723,1
2025,.674336536694173,1
2025,.674339111937187,1
2025,.674380389983646,1
2025,.674391669139476,1
2025,.67440630428548,1
2025,.674426974665587,1
2025,.67445687850319,1
2025,.674513079374143,1
2025,.674537389817365,1
2025,.67455727327824,1
2025,.674590140277091,1
2025,.674607168560743,1
2025,.674619478280041,1
2025,.674623756661599,1
2025,.674653585412053,1
2025,.674657724178927,1
2025,.674658295642662,1
2025,.67482800182269,1
2025,.674837010333171,1
2025,.674851719227123,1
2025,.674853349341965,1
2025,.674860429949145,1
2025,.674874067473961,1
2025,.674892329218093,1
2025,.674915276947556,1
2025,.674916794029521,1
2025,.674924620567529,1
2025,.674938266333092,1
2025,.675003802230837,1
2025,.675039557711856,1
2025,.675069957141672,1
2025,.675070549131426,1
2025,.6751710497461,1
2025,.675179204249882,1
2025,.675207918413189,1
2025,.675229138006525,1
2025,.675236843588535,1
2025,.675254450690757,1
2025,.675266273790106,1
2025,.67529968598216,1
2025,.675341048210781,1
2025,.675378243302411,1
2025,.675387154660488,1
2025,.675393399230012,1
2025,.675426746228815,1
2025,.675439344053334,1
2025,.675446761750123,1
2025,.675455639279343,1
2025,.675469403836977,1
2025,.675526603075453,1
2025,.675556482617486,1
2025,.675563731797154,1
2025,.675573942537139,1
2025,.675604655540641,1
2025,.675628643977045,1
2025,.675629874570483,1
2025,.675693857354891,1
2025,.67569989918736,1
2025,.675703728720662,1
2025,.67572727980317,1
2025,.675759669834542,1
2025,.675840531749394,1
2025,.675948116933936,1
2025,.675969517568318,1
2025,.675972178373389,1
2025,.675990098651864,1
2025,.676054957484296,1
2025,.676097081689312,1
2025,.676124672801888,1
2025,.676135536875357,1
2025,.676179755012726,1
2025,.676219461949325,1
2025,.676278823862639,1
2025,.676301973990328,1
2025,.676325735908545,1
2025,.676330147002741,1
2025,.676370267360276,1
2025,.676413977940052,1
2025,.676418362656622,1
2025,.676447755548034,1
2025,.676452716841848,1
2025,.676466062473932,1
2025,.676473284052097,1
2025,.676496949681294,1
2025,.676500451795115,1
2025,.67650235359773,1
2025,.676504357599841,1
2025,.676507544667758,1
2025,.676521785659139,1
2025,.676586355368638,1
2025,.676621643435278,1
2025,.67665354273381,1
2025,.676722591291004,1
2025,.67674549427566,1
2025,.676758957042748,1
2025,.676806449773517,1
2025,.676836323756873,1
2025,.67683695933943,1
2025,.676841792985444,1
2025,.676863286811779,1
2025,.676874640160716,1
2025,.676980686939843,1
2025,.677017047075618,1
2025,.677049139979177,1
2025,.677067412552439,1
2025,.67706907157566,1
2025,.677164767602702,1
2025,.677167374125664,1
2025,.677191712635685,1
2025,.677208922611537,1
2025,.677214497242976,1
2025,.677239049700025,1
2025,.677239956483159,1
2025,.677291036341654,1
2025,.677291201082068,1
2025,.677316587353702,1
2025,.677333325532789,1
2025,.677413104499471,1
2025,.677421444739475,1
2025,.677434856191683,1
2025,.677449406317789,1
2025,.677486939748297,1
2025,.677495020076618,1
2025,.677503788208048,1
2025,.677568507929276,1
2025,.677571414625935,1
2025,.677597375223032,1
2025,.677606465602651,1
2025,.677610960180892,1
2025,.677615566250552,1
2025,.677644994100062,1
2025,.677655071933475,1
2025,.67772484298684,1
2025,.677787087224417,1
2025,.677812389411929,1
2025,.677843875165956,1
2025,.677880254927642,1
2025,.677899919166358,1
2025,.677903935641601,1
2025,.677909121946573,1
2025,.677921992656303,1
2025,.677946301603763,1
2025,.677980198138708,1
2025,.677992573868111,1
2025,.677992851883323,1
2025,.678000603117719,1
2025,.678009788574812,1
2025,.67811033372356,1
2025,.6781356551982,1
2025,.678140805560298,1
2025,.678160094192406,1
2025,.678181791031837,1
2025,.678190234553874,1
2025,.678225998897416,1
2025,.678286967712461,1
2025,.678336683648988,1
2025,.678378860063405,1
2025,.678409614150975,1
2025,.67848325223199,1
2025,.678499763633068,1
2025,.678530427640299,1
2025,.678541541884853,1
2025,.678615116288518,1
2025,.678616660949906,1
2025,.678623557118465,1
2025,.678624246306324,1
2025,.678658160612439,1
2025,.678663505561789,1
2025,.678693457533202,1
2025,.678719831721907,1
2025,.678731442306325,1
2025,.678737346479031,1
2025,.67874344092186,1
2025,.678752144348975,1
2025,.678760161030467,1
2025,.678786179384916,1
2025,.67879474311612,1
2025,.678815526398889,1
2025,.678846438468818,1
2025,.678858325627447,1
2025,.678872746393502,1
2025,.678948679692952,1
2025,.67897656191131,1
2025,.67898418307732,1
2025,.67899963890293,1
2025,.679009059614302,1
2025,.679022541752998,1
2025,.679067344191103,1
2025,.679087626508138,1
2025,.679097349738698,1
2025,.679214052171485,1
2025,.67923260097251,1
2025,.679266691237777,1
2025,.679309265882978,1
2025,.679366551778657,1
2025,.679390408904011,1
2025,.679396809067846,1
2025,.679407111667892,1
2025,.679419082018276,1
2025,.679427441278381,1
2025,.679442597449715,1
2025,.679462054883727,1
2025,.679467431614593,1
2025,.679475152669931,1
2025,.679502053346833,1
2025,.679529709653061,1
2025,.679547353483456,1
2025,.679557684878194,1
2025,.679576989572121,1
2025,.67961233826253,1
2025,.679684415964154,1
2025,.679693820868975,1
2025,.679713292973366,1
2025,.67976202576683,1
2025,.679790780556122,1
2025,.679810742011654,1
2025,.679835914470182,1
2025,.679839902182448,1
2025,.679840318114024,1
2025,.679885535835149,1
2025,.679932230966425,1
2025,.679945836310473,1
2025,.679991362921203,1
2025,.680013834680805,1
2025,.680041818685385,1
2025,.680047841881543,1
2025,.680090284261504,1
2025,.680112771041103,1
2025,.680117044335387,1
2025,.680154621587773,1
2025,.680156150429359,1
2025,.680172885730559,1
2025,.680177237793731,1
2025,.680179151124507,1
2025,.680182742466829,1
2025,.680219252411969,1
2025,.680236121863554,1
2025,.680249015229914,1
2025,.680285422574033,1
2025,.680293626952406,1
2025,.68031537611594,1
2025,.680338461493261,1
2025,.680344192275273,1
2025,.680359566901798,1
2025,.680392693057536,1
2025,.680400719249198,1
2025,.680474872449587,1
2025,.68052317928946,1
2025,.680532138794775,1
2025,.680570174711651,1
2025,.680595034482279,1
2025,.680609442425005,1
2025,.680612291234376,1
2025,.68062641690841,1
2025,.680686999056917,1
2025,.680704311924918,1
2025,.680753877568547,1
2025,.680764976703731,1
2025,.680819308427734,1
2025,.680822952998024,1
2025,.680961655311957,1
2025,.680965364908878,1
2025,.680971343134592,1
2025,.6810239609433,1
2025,.681031955314444,1
2025,.681035427828183,1
2025,.681065695803978,1
2025,.681079728793787,1
2025,.681107675521114,1
2025,.681137943367996,1
2025,.681185285561728,1
2025,.681228338602817,1
2025,.681229590191932,1
2025,.681257331656684,1
2025,.681266460400438,1
2025,.681268488166741,1
2025,.681294566379054,1
2025,.681299131459369,1
2025,.68131838393956,1
2025,.681318881111369,1
2025,.681324450774081,1
2025,.681341160605036,1
2025,.681353630802718,1
2025,.681358284893132,1
2025,.681371584624238,1
2025,.681374069104562,1
2025,.681391200636379,1
2025,.681414787323089,1
2025,.681458096900898,1
2025,.681502885108342,1
2025,.68152592367685,1
2025,.681531526120959,1
2025,.681589836922943,1
2025,.681596210494383,1
2025,.681599050996103,1
2025,.681601641754391,1
2025,.681624164316547,1
2025,.681645382023176,1
2025,.681663632735185,1
2025,.681713857929729,1
2025,.681729721816453,1
2025,.681770141599577,1
2025,.681778636078139,1
2025,.681786448832304,1
2025,.681796512621543,1
2025,.681856358821158,1
2025,.681886873401263,1
2025,.681919917671821,1
2025,.681921150452172,1
2025,.681941438489498,1
2025,.68195514625969,1
2025,.681992959846919,1
2025,.682017398522314,1
2025,.682039044534922,1
2025,.682058902902925,1
2025,.682083000375599,1
2025,.682120560401411,1
2025,.682140151174343,1
2025,.682150638021596,1
2025,.682154178857757,1
2025,.682243719053928,1
2025,.682270078748202,1
2025,.682313664461597,1
2025,.68234180238587,1
2025,.682349085625294,1
2025,.682364153503453,1
2025,.682413089313913,1
2025,.682423710208212,1
2025,.682508967057727,1
2025,.682516594384086,1
2025,.682518868007823,1
2025,.682540630473065,1
2025,.682569547948283,1
2025,.682608383240251,1
2025,.682611077455918,1
2025,.682644166549199,1
2025,.682686751914079,1
2025,.682688790474506,1
2025,.682699726166113,1
2025,.682706792985756,1
2025,.682789901301256,1
2025,.68281020590911,1
2025,.682844371937396,1
2025,.682847853102776,1
2025,.682908532812767,1
2025,.682915388649971,1
2025,.682931362433554,1
2025,.682942131207484,1
2025,.683052708468905,1
2025,.683101489483603,1
2025,.68311933810413,1
2025,.683126961206189,1
2025,.68315920343815,1
2025,.683217012095947,1
2025,.68326272216275,1
2025,.683305112860338,1
2025,.683309957753826,1
2025,.68334457516627,1
2025,.683344591430768,1
2025,.683373644589921,1
2025,.683376402588921,1
2025,.683495881053615,1
2025,.683496402390691,1
2025,.683499342784385,1
2025,.683548061470162,1
2025,.683583774470074,1
2025,.683602783723515,1
2025,.683603906372584,1
2025,.683639461079896,1
2025,.683697910254344,1
2025,.6837036744067,1
2025,.683712720861837,1
2025,.683721994899372,1
2025,.683723386989597,1
2025,.683786076275721,1
2025,.683822502965162,1
2025,.68384990482763,1
2025,.683890342930897,1
2025,.683914643142751,1
2025,.683973223896248,1
2025,.683974732613072,1
2025,.684031849099245,1
2025,.684035263823065,1
2025,.684136639115772,1
2025,.684155151653507,1
2025,.684155968698128,1
2025,.684161405210763,1
2025,.684163060103664,1
2025,.684167698116848,1
2025,.684224560650552,1
2025,.684243152931634,1
2025,.684254079464345,1
2025,.68427551471003,1
2025,.684306943962419,1
2025,.684334320697335,1
2025,.684399549041314,1
2025,.6845612892626,1
2025,.68456882744492,1
2025,.68458947775591,1
2025,.68462453574162,1
2025,.684626492142552,1
2025,.684630183217386,1
2025,.684646962343633,1
2025,.684652289046295,1
2025,.684669737056182,1
2025,.684681689007727,1
2025,.684687631200347,1
2025,.684713991414003,1
2025,.684718759179531,1
2025,.684736038489286,1
2025,.684771706978323,1
2025,.684806309468142,1
2025,.684955985027267,1
2025,.685014396573408,1
2025,.685048003450104,1
2025,.685064882104908,1
2025,.685077373063012,1
2025,.685111538620238,1
2025,.685123504251141,1
2025,.685159285165871,1
2025,.685218689181087,1
2025,.685239732638811,1
2025,.685268562585403,1
2025,.685274699597733,1
2025,.685275011267601,1
2025,.685289930005498,1
2025,.685290255369659,1
2025,.685291578209854,1
2025,.685444288695684,1
2025,.685469852698384,1
2025,.685497770418619,1
2025,.685499682921786,1
2025,.685560194978848,1
2025,.685578649351742,1
2025,.6856323943527,1
2025,.685668495095835,1
2025,.685683820533751,1
2025,.68568467594461,1
2025,.685705134601712,1
2025,.685719757984151,1
2025,.68573729258507,1
2025,.685805227774637,1
2025,.685840731557915,1
2025,.685943117282448,1
2025,.686002911924665,1
2025,.686020194839257,1
2025,.68606537075386,1
2025,.68608769371363,1
2025,.686100870544685,1
2025,.68610317316724,1
2025,.68616841508586,1
2025,.686193691857938,1
2025,.686226403811573,1
2025,.686282387054049,1
2025,.686298960192561,1
2025,.686351489376819,1
2025,.686409717429861,1
2025,.686413896545945,1
2025,.686422336988158,1
2025,.686438231610047,1
2025,.686440476849105,1
2025,.686465056602524,1
2025,.686481241083724,1
2025,.686483997564721,1
2025,.686498986237443,1
2025,.686563023906248,1
2025,.686563293017797,1
2025,.686589112899,1
2025,.686645005237214,1
2025,.686738683151728,1
2025,.686748506354679,1
2025,.686764597758842,1
2025,.686774344914186,1
2025,.686784710388524,1
2025,.686792287858392,1
2025,.686828017971032,1
2025,.686828163409345,1
2025,.686848560107467,1
2025,.686862579372838,1
2025,.686869248295484,1
2025,.686872530769899,1
2025,.686873055861251,1
2025,.686952710384305,1
2025,.686957987126342,1
2025,.686961222696828,1
2025,.687079655628299,1
2025,.687102244373122,1
2025,.687128422671247,1
2025,.687146704191177,1
2025,.687199573363843,1
2025,.6872259333991,1
2025,.687227338062483,1
2025,.687238316732307,1
2025,.687242607505032,1
2025,.687352785438235,1
2025,.687360769557908,1
2025,.68738644055089,1
2025,.687449120729645,1
2025,.687463210097535,1
2025,.687471420727273,1
2025,.687480659360734,1
2025,.687526569855442,1
2025,.68754371706182,1
2025,.68757128984847,1
2025,.687606301719809,1
2025,.687629454643689,1
2025,.687674434032926,1
2025,.687685146592074,1
2025,.687742404129011,1
2025,.687775534318069,1
2025,.687794049988635,1
2025,.687858363602706,1
2025,.687872566561156,1
2025,.687933129041208,1
2025,.688002965770876,1
2025,.688043225964949,1
2025,.688051487195353,1
2025,.68807893135154,1
2025,.6881037246474,1
2025,.688126069873662,1
2025,.688200293112956,1
2025,.688234911106147,1
2025,.688272171715514,1
2025,.6882732528838,1
2025,.688294469525486,1
2025,.688334757357302,1
2025,.688350220910883,1
2025,.688356668562796,1
2025,.688421824554863,1
2025,.688427447397079,1
2025,.688451303219618,1
2025,.688482249761353,1
2025,.688494849561981,1
2025,.688525319366655,1
2025,.688535683983763,1
2025,.688551042328989,1
2025,.688560258220065,1
2025,.688563332387572,1
2025,.688564559478514,1
2025,.688564630843481,1
2025,.688565988743956,1
2025,.688584892353132,1
2025,.688660231260177,1
2025,.688674142672462,1
2025,.68869143677474,1
2025,.688760863471814,1
2025,.688799440570387,1
2025,.688953897054643,1
2025,.689013132676452,1
2025,.689034260184378,1
2025,.689092546030725,1
2025,.689101357607589,1
2025,.689155939829918,1
2025,.689169618830908,1
2025,.68925862984166,1
2025,.689322785320198,1
2025,.68932662484358,1
2025,.689344720524027,1
2025,.689354586448015,1
2025,.689375427093404,1
2025,.689421018431397,1
2025,.689424586665162,1
2025,.689448419350492,1
2025,.68946379269215,1
2025,.689522214655535,1
2025,.689540265619654,1
2025,.689573584938732,1
2025,.689579841939066,1
2025,.689580955494717,1
2025,.689622044230727,1
2025,.689630428954607,1
2025,.689636445682769,1
2025,.689659781340521,1
2025,.689674467049192,1
2025,.689698752397219,1
2025,.689732692879045,1
2025,.68978215668034,1
2025,.68989860387027,1
2025,.689899410955305,1
2025,.689903848352177,1
2025,.689937447012348,1
2025,.689945137918909,1
2025,.690010716190813,1
2025,.690054040922009,1
2025,.69006769953361,1
2025,.690075973707093,1
2025,.690102682864709,1
2025,.690164886622319,1
2025,.690221238654803,1
2025,.69024215070245,1
2025,.690319731058787,1
2025,.690358725237112,1
2025,.690408086934634,1
2025,.690424890972537,1
2025,.690486916615955,1
2025,.690566081738052,1
2025,.690581783767938,1
2025,.690606957413327,1
2025,.690622510272578,1
2025,.690640305905628,1
2025,.690680701105317,1
2025,.690712233960751,1
2025,.690717235691252,1
2025,.690736966311027,1
2025,.69078231339381,1
2025,.690785229162658,1
2025,.690791142547807,1
2025,.690796203249667,1
2025,.690811775260223,1
2025,.690939939773862,1
2025,.69097371152721,1
2025,.690979236042612,1
2025,.691080736787133,1
2025,.691159410312303,1
2025,.691176053736274,1
2025,.691219641020352,1
2025,.691227476375877,1
2025,.691238413239482,1
2025,.691263782232689,1
2025,.691274478039262,1
2025,.6912806013683,1
2025,.691289419375688,1
2025,.691347166311614,1
2025,.691369536431801,1
2025,.691376077447078,1
2025,.691384803996573,1
2025,.691419425822092,1
2025,.691431635396266,1
2025,.691533226100416,1
2025,.691543850086301,1
2025,.691581321106821,1
2025,.691621597707999,1
2025,.691679669219614,1
2025,.691682643974684,1
2025,.691812046094175,1
2025,.691836011493558,1
2025,.691836624821587,1
2025,.691849440972832,1
2025,.692080631829423,1
2025,.692116449969245,1
2025,.692158114080938,1
2025,.69220055015206,1
2025,.692209095809613,1
2025,.692226270022023,1
2025,.692227971248545,1
2025,.692250813202895,1
2025,.692267038331579,1
2025,.692269786320869,1
2025,.692289387094667,1
2025,.692311576112288,1
2025,.692347484226329,1
2025,.692358184144717,1
2025,.692368998935915,1
2025,.692485156442754,1
2025,.692557171856529,1
2025,.692573881531671,1
2025,.692588229549849,1
2025,.692617049837512,1
2025,.692662050253544,1
2025,.692681598734968,1
2025,.692691659652996,1
2025,.692736383038441,1
2025,.692847803342678,1
2025,.692870444966848,1
2025,.692927567767057,1
2025,.692946275938021,1
2025,.692999697126397,1
2025,.693056010269358,1
2025,.693065532419143,1
2025,.693076615442581,1
2025,.693077987539564,1
2025,.693079865446453,1
2025,.693125769731045,1
2025,.693146914842813,1
2025,.693199480399732,1
2025,.6932234625482,1
2025,.693258363323107,1
2025,.693302505928239,1
2025,.693318303716254,1
2025,.693321592906847,1
2025,.693339290011661,1
2025,.693343170596259,1
2025,.693348504915673,1
2025,.693431508819295,1
2025,.69347951533108,1
2025,.693484164696062,1
2025,.69355057405258,1
2025,.693581113406672,1
2025,.693628262163146,1
2025,.69364006881371,1
2025,.693764838183269,1
2025,.69376504459227,1
2025,.693848294559716,1
2025,.693878993816515,1
2025,.693888388122096,1
2025,.693928953788235,1
2025,.693944311915428,1
2025,.693948374103021,1
2025,.693954420767529,1
2025,.693955949963544,1
2025,.693977385591734,1
2025,.69403163742233,1
2025,.694032826573411,1
2025,.69404003675416,1
2025,.694064714400687,1
2025,.694095627717428,1
2025,.694100048663086,1
2025,.694192005087636,1
2025,.694211003924018,1
2025,.694224025356343,1
2025,.694236462001477,1
2025,.694321039933357,1
2025,.694376893392514,1
2025,.694422238001448,1
2025,.694446467314591,1
2025,.694447850291816,1
2025,.694492509385577,1
2025,.694497289719894,1
2025,.694556210991424,1
2025,.694569213138738,1
2025,.69457381716573,1
2025,.694587432921852,1
2025,.694619208968048,1
2025,.694628428918978,1
2025,.694650422039993,1
2025,.694653027742751,1
2025,.694658543724227,1
2025,.694673290361052,1
2025,.694757045186501,1
2025,.694815023976974,1
2025,.694948548630992,1
2025,.695036309628426,1
2025,.695036353735383,1
2025,.69503844086935,1
2025,.695058593145407,1
2025,.695063331594742,1
2025,.695105802505387,1
2025,.695107220276992,1
2025,.695140294977318,1
2025,.695158573899223,1
2025,.695200072028627,1
2025,.695248832447675,1
2025,.695267309024898,1
2025,.695269707039632,1
2025,.695295356048807,1
2025,.695320458654197,1
2025,.69533521395737,1
2025,.695368592919843,1
2025,.695498952439301,1
2025,.695587716437416,1
2025,.695601844271304,1
2025,.695613444431406,1
2025,.695634176226219,1
2025,.695637981557268,1
2025,.69565390313847,1
2025,.695691492033765,1
2025,.695705200013421,1
2025,.695706203438723,1
2025,.695779260915539,1
2025,.695796603885448,1
2025,.69582232778599,1
2025,.69584877432053,1
2025,.6958606008371,1
2025,.695874292014878,1
2025,.695976289910764,1
2025,.695991329724915,1
2025,.696024724541323,1
2025,.696036140204006,1
2025,.696069594239942,1
2025,.696080261037193,1
2025,.696088129093996,1
2025,.696137964808164,1
2025,.696148505247827,1
2025,.696169165741171,1
2025,.69620646972784,1
2025,.696223408244197,1
2025,.696231207737419,1
2025,.696294991811306,1
2025,.696360417161226,1
2025,.696377222120533,1
2025,.696393574703079,1
2025,.696441210013237,1
2025,.696451669450696,1
2025,.69646178846717,1
2025,.696462216073685,1
2025,.696468124755998,1
2025,.696471602126003,1
2025,.696473950160491,1
2025,.696476239748978,1
2025,.696487723897826,1
2025,.696519834685499,1
2025,.69654110731989,1
2025,.69655226110956,1
2025,.696634825509345,1
2025,.696649155394696,1
2025,.696658456206254,1
2025,.696672725149483,1
2025,.696680175921932,1
2025,.696685119033377,1
2025,.696698424514552,1
2025,.696844722256261,1
2025,.696850327338231,1
2025,.696924181538691,1
2025,.696928600381639,1
2025,.696945451379596,1
2025,.696954492290201,1
2025,.696963151303184,1
2025,.696965348308089,1
2025,.697047057465243,1
2025,.697077625786525,1
2025,.697094290116233,1
2025,.697111037918229,1
2025,.697118905105876,1
2025,.697163834466225,1
2025,.697186092606089,1
2025,.69724307905917,1
2025,.69728494587517,1
2025,.697307947456918,1
2025,.697344287551682,1
2025,.697351201383067,1
2025,.69737566814856,1
2025,.697381176602603,1
2025,.69739918874795,1
2025,.697402705776328,1
2025,.697443794899744,1
2025,.697469498722492,1
2025,.697502560083922,1
2025,.697531187885127,1
2025,.697538091408403,1
2025,.697586673306558,1
2025,.697590869337684,1
2025,.697635577201991,1
2025,.697671756266069,1
2025,.697756579742161,1
2025,.697770216317713,1
2025,.697808052299277,1
2025,.697818221614664,1
2025,.697826608245768,1
2025,.697834855062501,1
2025,.697872390314873,1
2025,.697941720483964,1
2025,.697951220062742,1
2025,.697969869832819,1
2025,.698025005174958,1
2025,.698031650541893,1
2025,.698036830788615,1
2025,.698071213414554,1
2025,.698105720587499,1
2025,.698133115737762,1
2025,.698198691673326,1
2025,.698235235948653,1
2025,.698247177048776,1
2025,.698289939481763,1
2025,.698331536768053,1
2025,.698508473340642,1
2025,.698511886817373,1
2025,.698609462156847,1
2025,.698617616710384,1
2025,.698625029376015,1
2025,.698626207759628,1
2025,.698725614551464,1
2025,.698750646948094,1
2025,.698756006261155,1
2025,.698766153510278,1
2025,.698777279077168,1
2025,.698822799374647,1
2025,.698922979316512,1
2025,.698998193446625,1
2025,.699051566830917,1
2025,.699068444338651,1
2025,.699127656025285,1
2025,.69913492757209,1
2025,.699159181584233,1
2025,.699199294873691,1
2025,.699208620865693,1
2025,.699230178524079,1
2025,.699302816283344,1
2025,.699328378430868,1
2025,.69933962887315,1
2025,.699377740289981,1
2025,.699404300902317,1
2025,.699459939153237,1
2025,.699466007577045,1
2025,.699483356280221,1
2025,.699503323749984,1
2025,.699504286245719,1
2025,.69951595135365,1
2025,.699517064837317,1
2025,.69958028461467,1
2025,.699586678794468,1
2025,.699588467610648,1
2025,.699602934611593,1
2025,.699611345537295,1
2025,.699676297524519,1
2025,.699677966755329,1
2025,.69968017844174,1
2025,.699688918488385,1
2025,.699733005622452,1
2025,.69974631638732,1
2025,.699766205232604,1
2025,.69977537406243,1
2025,.69978569798684,1
2025,.699794031086876,1
2025,.699800380402603,1
2025,.69981286411594,1
2025,.699814749205357,1
2025,.699827688631565,1
2025,.699848183700451,1
2025,.699886979743412,1
2025,.699893540022697,1
2025,.699894414564549,1
2025,.699903129178497,1
2025,.699936749815218,1
2025,.699955493142442,1
2025,.700025509504709,1
2025,.700030860804482,1
2025,.700090768807764,1
2025,.700091622270873,1
2025,.700103994998332,1
2025,.700111117465288,1
2025,.70013949758122,1
2025,.700142188682647,1
2025,.70015526517009,1
2025,.700164618477913,1
2025,.700171092442994,1
2025,.700183680916254,1
2025,.700192954299593,1
2025,.700212471495043,1
2025,.700212806069874,1
2025,.700221679528638,1
2025,.70022642306687,1
2025,.700250329220392,1
2025,.700251652615466,1
2025,.700302575613976,1
2025,.700492666970977,1
2025,.700508010657594,1
2025,.700551829379825,1
2025,.700557736137713,1
2025,.700618280250194,1
2025,.700638081229294,1
2025,.70064173047717,1
2025,.700664040321886,1
2025,.700757313570112,1
2025,.700769131960663,1
2025,.700801085767547,1
2025,.700806748483594,1
2025,.700832301143037,1
2025,.700869452587915,1
2025,.70105291727442,1
2025,.701120499078481,1
2025,.701144187208618,1
2025,.701151176317461,1
2025,.701198540229611,1
2025,.701223158509772,1
2025,.701278538178676,1
2025,.701278718001174,1
2025,.701282488181126,1
2025,.701300829438095,1
2025,.701313298262628,1
2025,.701316956554888,1
2025,.70136105522356,1
2025,.701362118442186,1
2025,.70138502790415,1
2025,.701411820561977,1
2025,.701444001908609,1
2025,.701481435687626,1
2025,.701543508349412,1
2025,.70164675271161,1
2025,.701648589635048,1
2025,.701677880986221,1
2025,.701740566947922,1
2025,.701781894190173,1
2025,.701840627295006,1
2025,.701850372588521,1
2025,.701856748990208,1
2025,.70193161602974,1
2025,.701937945835091,1
2025,.701954376075408,1
2025,.701966449083042,1
2025,.702017203141236,1
2025,.702021879536886,1
2025,.702037206404062,1
2025,.702041676850645,1
2025,.702110678868588,1
2025,.702138431271806,1
2025,.702158963900201,1
2025,.702161041633592,1
2025,.702185257705222,1
2025,.70218673422942,1
2025,.702193974624033,1
2025,.702201500832116,1
2025,.702230467814209,1
2025,.702281167805196,1
2025,.702282523693649,1
2025,.702293848664427,1
2025,.702303613132472,1
2025,.702316791123603,1
2025,.702345789128785,1
2025,.702535207460265,1
2025,.702583157638378,1
2025,.702584197033918,1
2025,.702590454108465,1
2025,.702625273767297,1
2025,.702645001610695,1
2025,.702685994945589,1
2025,.70271817986041,1
2025,.702742123159607,1
2025,.702769027453079,1
2025,.702775044085355,1
2025,.702776758505263,1
2025,.702810573975174,1
2025,.702811850903833,1
2025,.702815539681774,1
2025,.702862991868582,1
2025,.702893914376203,1
2025,.702926775293978,1
2025,.702952548843291,1
2025,.702983290829901,1
2025,.702998902273883,1
2025,.703085747323255,1
2025,.703105486107083,1
2025,.703165521661662,1
2025,.703191955788272,1
2025,.70319653576634,1
2025,.703242008882203,1
2025,.703246793384958,1
2025,.703276836325041,1
2025,.703294087194764,1
2025,.703297130053358,1
2025,.70330474702346,1
2025,.70331754808081,1
2025,.703355082738007,1
2025,.703378092208554,1
2025,.703419754582472,1
2025,.70346372486652,1
2025,.703516257584329,1
2025,.703523472952756,1
2025,.70352901312192,1
2025,.703540627382739,1
2025,.70354313669872,1
2025,.703580836012414,1
2025,.70359008087277,1
2025,.703612342210309,1
2025,.703615158636213,1
2025,.703621699413588,1
2025,.703648610102436,1
2025,.70367398241292,1
2025,.703692615639792,1
2025,.703720945348171,1
2025,.703741199025559,1
2025,.703771150188616,1
2025,.703773461872256,1
2025,.703785536364847,1
2025,.70380001146809,1
2025,.703836734789079,1
2025,.703873343385677,1
2025,.703929521925513,1
2025,.703947006137808,1
2025,.703983878041608,1
2025,.704011616615296,1
2025,.704057402691305,1
2025,.704095818303215,1
2025,.704103793597972,1
2025,.704148310892299,1
2025,.704169421559214,1
2025,.704176388112733,1
2025,.704190703465618,1
2025,.704223070957554,1
2025,.704254059746025,1
2025,.704280724183992,1
2025,.704413685543936,1
2025,.704455141336397,1
2025,.704469766509143,1
2025,.704592319480341,1
2025,.704605868070253,1
2025,.704618795170302,1
2025,.70466848505785,1
2025,.704709041696999,1
2025,.70471575038771,1
2025,.704766951240107,1
2025,.704794853623512,1
2025,.704796186650633,1
2025,.704801730442929,1
2025,.704841204676752,1
2025,.704860253610588,1
2025,.704876909248259,1
2025,.70491432565404,1
2025,.704956744293797,1
2025,.704978123353305,1
2025,.705021181823653,1
2025,.705067856963915,1
2025,.705067947187566,1
2025,.705114370773697,1
2025,.705122003375738,1
2025,.705149185176692,1
2025,.705183006463447,1
2025,.705238315339609,1
2025,.705299302539892,1
2025,.705317369699109,1
2025,.705320296392935,1
2025,.705327880203319,1
2025,.705362620690384,1
2025,.705382797971045,1
2025,.705395050656436,1
2025,.705400508146987,1
2025,.705407699154807,1
2025,.705428585461981,1
2025,.705440223533402,1
2025,.705479787760226,1
2025,.705489722307409,1
2025,.705618860502628,1
2025,.705640124859414,1
2025,.705709551397947,1
2025,.705751495428386,1
2025,.705757930721779,1
2025,.705778594696337,1
2025,.705781810008129,1
2025,.705807507427112,1
2025,.705817289416993,1
2025,.705845135547691,1
2025,.705858753241677,1
2025,.705870089854791,1
2025,.70589874610614,1
2025,.705954273016126,1
2025,.706014990387677,1
2025,.706046608738885,1
2025,.70608347843854,1
2025,.706103660870844,1
2025,.706106481072888,1
2025,.706112782816261,1
2025,.70613199925544,1
2025,.70613612229949,1
2025,.706181525981561,1
2025,.706259799912831,1
2025,.706264177262546,1
2025,.706294094106043,1
2025,.706318816424074,1
2025,.706318907638596,1
2025,.706319604737353,1
2025,.706394758935672,1
2025,.706429214954499,1
2025,.70643080369313,1
2025,.7064374768424,1
2025,.706520792083027,1
2025,.706537206107561,1
2025,.706622461384972,1
2025,.706639394555202,1
2025,.706670872524575,1
2025,.706674909628784,1
2025,.706685090667139,1
2025,.706686986358308,1
2025,.706731421450527,1
2025,.706736477945684,1
2025,.706780402381259,1
2025,.706887043598158,1
2025,.706897890261049,1
2025,.706910123669926,1
2025,.706964609836237,1
2025,.706972857812311,1
2025,.706981766626173,1
2025,.706989199531967,1
2025,.706999575212497,1
2025,.707018564548515,1
2025,.707021635022009,1
2025,.707034995892875,1
2025,.707072576819994,1
2025,.707106904500549,1
2025,.707109864396523,1
2025,.7071144813585,1
2025,.70715434957043,1
2025,.707219274082069,1
2025,.707259130443178,1
2025,.707274228568996,1
2025,.70728182690683,1
2025,.707284791081799,1
2025,.707356812293822,1
2025,.707366114265489,1
2025,.707407043251577,1
2025,.707463674310675,1
2025,.707473385683243,1
2025,.707480478819755,1
2025,.707509295439113,1
2025,.707533701720853,1
2025,.707550959614384,1
2025,.707604841665314,1
2025,.707621683695658,1
2025,.707646784383084,1
2025,.707682373621659,1
2025,.707746411052833,1
2025,.707756364463049,1
2025,.70782498621065,1
2025,.707827365149749,1
2025,.707828977524022,1
2025,.707845692916566,1
2025,.707851700934485,1
2025,.707934909661325,1
2025,.707980198017431,1
2025,.70803089983007,1
2025,.708077088300563,1
2025,.708094022953291,1
2025,.708095387121092,1
2025,.708128006103573,1
2025,.708143279320663,1
2025,.708183651758555,1
2025,.708201751477348,1
2025,.708245241454791,1
2025,.708256419470346,1
2025,.708270323106946,1
2025,.708277074104272,1
2025,.708315137990424,1
2025,.708337986992119,1
2025,.708365672893851,1
2025,.708508090703351,1
2025,.708560308596974,1
2025,.708597319489515,1
2025,.708688607025345,1
2025,.708698963885165,1
2025,.708730677333231,1
2025,.708783390817891,1
2025,.708806021755538,1
2025,.708826894927134,1
2025,.708872349358501,1
2025,.708888831595008,1
2025,.708970969997981,1
2025,.709047000731387,1
2025,.709051343241217,1
2025,.709059671444388,1
2025,.709082124790132,1
2025,.709100686605875,1
2025,.709185597191472,1
2025,.709201075429506,1
2025,.709229732793839,1
2025,.709234683993796,1
2025,.709258638684284,1
2025,.709271050287185,1
2025,.709326510532552,1
2025,.709401176880266,1
2025,.70942313642419,1
2025,.709425219083962,1
2025,.709465042159792,1
2025,.709515843003238,1
2025,.709522259879491,1
2025,.709597085608649,1
2025,.70970052991405,1
2025,.709833340024539,1
2025,.709962501083265,1
2025,.709974681941928,1
2025,.709991934764397,1
2025,.709999305968861,1
2025,.71005732651297,1
2025,.710066025213563,1
2025,.710110136315251,1
2025,.710123272795571,1
2025,.710141038845005,1
2025,.710164214051369,1
2025,.710172295930526,1
2025,.710193615036438,1
2025,.710201687143758,1
2025,.710223362198187,1
2025,.710239672166621,1
2025,.71026417783931,1
2025,.710293802402437,1
2025,.710294097824811,1
2025,.710310240051117,1
2025,.710323706504886,1
2025,.71038102359584,1
2025,.710397078628697,1
2025,.710460867687702,1
2025,.710467949266127,1
2025,.710495861740948,1
2025,.71057620573788,1
2025,.710601877308388,1
2025,.710643618020416,1
2025,.710682610433868,1
2025,.710718335663559,1
2025,.710761147546099,1
2025,.710859654155025,1
2025,.71091708332277,1
2025,.710949830416683,1
2025,.71096904007314,1
2025,.711051199157981,1
2025,.71107207699489,1
2025,.711072626680702,1
2025,.711147149997492,1
2025,.711177487710518,1
2025,.71121747585505,1
2025,.711227465090342,1
2025,.711256996687413,1
2025,.711286831127579,1
2025,.711292268491642,1
2025,.711299901686334,1
2025,.711313155231607,1
2025,.711366068236184,1
2025,.711380362030037,1
2025,.711383286418057,1
2025,.711409629625646,1
2025,.711446391639287,1
2025,.711477823814162,1
2025,.711482702984532,1
2025,.71149656895235,1
2025,.711505149150211,1
2025,.711512905752712,1
2025,.711556379043914,1
2025,.711558076037066,1
2025,.711604364149801,1
2025,.711646684005539,1
2025,.711686643123612,1
2025,.711788272422918,1
2025,.711828330844096,1
2025,.711858926361844,1
2025,.711860290117234,1
2025,.711926872573371,1
2025,.711949269686368,1
2025,.711997332888834,1
2025,.712011426159349,1
2025,.712018513267109,1
2025,.712170238697057,1
2025,.71217970825869,1
2025,.712185688160754,1
2025,.712197613345511,1
2025,.712265876405854,1
2025,.712304301840734,1
2025,.712328324848608,1
2025,.712330355011115,1
2025,.712369977012465,1
2025,.712378499742817,1
2025,.712397610814362,1
2025,.712407301815946,1
2025,.71240760154985,1
2025,.712413845529699,1
2025,.712546558724539,1
2025,.712590603966719,1
2025,.712617075446725,1
2025,.712639072482677,1
2025,.71269994708731,1
2025,.712736860757066,1
2025,.712762714776096,1
2025,.712796102702181,1
2025,.712844479702832,1
2025,.712847642304646,1
2025,.712857822024898,1
2025,.712923856950644,1
2025,.712940043401495,1
2025,.712957363334383,1
2025,.712975015119719,1
2025,.713020937714951,1
2025,.713047478167575,1
2025,.713071377592857,1
2025,.713238979036739,1
2025,.713243110129173,1
2025,.713257604505846,1
2025,.713297263531682,1
2025,.713298798346719,1
2025,.713299581223199,1
2025,.713314322553065,1
2025,.713333066473465,1
2025,.713333570836018,1
2025,.713401912188889,1
2025,.71340747936534,1
2025,.713424824480142,1
2025,.713459258352508,1
2025,.713505047092534,1
2025,.713554698238213,1
2025,.713664499662564,1
2025,.713709912556436,1
2025,.71372842931659,1
2025,.713741667422528,1
2025,.713798367762402,1
2025,.713819480335025,1
2025,.713832094985586,1
2025,.713836047838421,1
2025,.713844875949398,1
2025,.713858069215923,1
2025,.713897945638555,1
2025,.71390323543161,1
2025,.71401725758445,1
2025,.714030359396361,1
2025,.714071861951159,1
2025,.714080053705699,1
2025,.714140502269088,1
2025,.714180785014991,1
2025,.714204448698903,1
2025,.714254332359583,1
2025,.714274754118977,1
2025,.71432088165983,1
2025,.714326627035081,1
2025,.714371411585658,1
2025,.714375294070884,1
2025,.714375308535245,1
2025,.714390797524025,1
2025,.714482708651126,1
2025,.714507362241658,1
2025,.714558728981231,1
2025,.714575490670273,1
2025,.714581252602453,1
2025,.714613023238107,1
2025,.714618734860723,1
2025,.714622176196668,1
2025,.714631239921473,1
2025,.714665395681083,1
2025,.714753316067042,1
2025,.714778415139497,1
2025,.714796723628694,1
2025,.714807242520926,1
2025,.714816573601749,1
2025,.714841894955448,1
2025,.714870300229433,1
2025,.714893578149605,1
2025,.714920654171236,1
2025,.714932968118149,1
2025,.714938768340177,1
2025,.714983770288275,1
2025,.714994626942371,1
2025,.715014886453604,1
2025,.71506607169218,1
2025,.715082473425429,1
2025,.715090051182328,1
2025,.715124052999075,1
2025,.715130035759861,1
2025,.715256336977025,1
2025,.715261664802328,1
2025,.715289988403032,1
2025,.715336889224092,1
2025,.715372347174784,1
2025,.715395483801724,1
2025,.715435545117865,1
2025,.71543824181432,1
2025,.715443923967872,1
2025,.715534131132648,1
2025,.715557385494478,1
2025,.715559979779338,1
2025,.71556214408215,1
2025,.715572386165525,1
2025,.715588494284585,1
2025,.715599489153546,1
2025,.715639302539717,1
2025,.715674989586916,1
2025,.715812095841706,1
2025,.715842119455786,1
2025,.715872682111222,1
2025,.71587675286634,1
2025,.71592559121329,1
2025,.716113001922116,1
2025,.716133600208242,1
2025,.716158240793393,1
2025,.716173093875103,1
2025,.716200983799108,1
2025,.716202138388822,1
2025,.716204800401199,1
2025,.716212327002289,1
2025,.716234145073443,1
2025,.716246556860757,1
2025,.716278061805318,1
2025,.716294519122687,1
2025,.716330874654917,1
2025,.716459815665241,1
2025,.716482753707036,1
2025,.716505437764612,1
2025,.716544567127201,1
2025,.716560731807179,1
2025,.716571842996273,1
2025,.716579019310775,1
2025,.716609072204649,1
2025,.716631749949796,1
2025,.716685388434691,1
2025,.716685862090502,1
2025,.716710368899665,1
2025,.71671385263555,1
2025,.716716897626224,1
2025,.716753032196579,1
2025,.716808783834978,1
2025,.71681167913408,1
2025,.716835552000619,1
2025,.716858728504184,1
2025,.716868965854993,1
2025,.716869723295738,1
2025,.716900806039684,1
2025,.716928646226449,1
2025,.716936294487115,1
2025,.716973193790633,1
2025,.716979521255047,1
2025,.717017731802212,1
2025,.717086401918951,1
2025,.717108065665751,1
2025,.717116601383974,1
2025,.717148255508299,1
2025,.717168231089416,1
2025,.717198054810616,1
2025,.717216634685157,1
2025,.717223567060445,1
2025,.717249099675016,1
2025,.717359342251453,1
2025,.71738220620737,1
2025,.717391237325347,1
2025,.717410677172255,1
2025,.717450224360779,1
2025,.717457397559804,1
2025,.717471168982495,1
2025,.71748933178283,1
2025,.717549294160257,1
2025,.717568054668658,1
2025,.71759081034459,1
2025,.717623844435107,1
2025,.717685060489798,1
2025,.717722934074321,1
2025,.717752634540924,1
2025,.71778070322659,1
2025,.717815879871337,1
2025,.717823961141591,1
2025,.717837531383395,1
2025,.717943145326623,1
2025,.717996314621959,1
2025,.718051323352629,1
2025,.718052640790896,1
2025,.718108962630384,1
2025,.718154748843839,1
2025,.718168470322505,1
2025,.718181308623424,1
2025,.718188603865809,1
2025,.718211823705235,1
2025,.718218018131912,1
2025,.71823475341599,1
2025,.718241020668392,1
2025,.718251167705095,1
2025,.718308781875836,1
2025,.718327606239482,1
2025,.718415224842845,1
2025,.718457653194844,1
2025,.718463540525673,1
2025,.718533032335419,1
2025,.718534697608206,1
2025,.718568349632993,1
2025,.718584245016035,1
2025,.718599267863144,1
2025,.718599305985676,1
2025,.718668253991019,1
2025,.718676410480658,1
2025,.718678929544949,1
2025,.718692544085067,1
2025,.718755079920071,1
2025,.718770141633559,1
2025,.718791142702036,1
2025,.718801790774206,1
2025,.718822453460214,1
2025,.718891212094939,1
2025,.718922622308839,1
2025,.718936027811441,1
2025,.718943821858127,1
2025,.718949194663321,1
2025,.71896106940071,1
2025,.718969954110307,1
2025,.7189713363589,1
2025,.718990441936879,1
2025,.719011307564378,1
2025,.71905112344288,1
2025,.719082757418092,1
2025,.719139681512935,1
2025,.719161926185759,1
2025,.719249988188531,1
2025,.719296295782847,1
2025,.719298111387278,1
2025,.719313636606519,1
2025,.719335422530505,1
2025,.719348624085133,1
2025,.719354904767048,1
2025,.719365504634759,1
2025,.719365644659603,1
2025,.719382373796015,1
2025,.719389073509683,1
2025,.719426741242904,1
2025,.719426835809466,1
2025,.719430011194018,1
2025,.719466022970287,1
2025,.719477047257575,1
2025,.719487067019529,1
2025,.719497988153272,1
2025,.719515779245031,1
2025,.719523678372749,1
2025,.719532902575556,1
2025,.71953645401521,1
2025,.719549332698274,1
2025,.719600791156138,1
2025,.719610261557225,1
2025,.7196589127995,1
2025,.719715775712465,1
2025,.719772826729619,1
2025,.719790280519818,1
2025,.719870880567449,1
2025,.719956102553186,1
2025,.719983591490261,1
2025,.720017314967302,1
2025,.720051074468783,1
2025,.72013419614128,1
2025,.720138291770382,1
2025,.720188312356823,1
2025,.720223792896331,1
2025,.72022384868635,1
2025,.720297625214919,1
2025,.720305434654569,1
2025,.720319037597627,1
2025,.720323454439455,1
2025,.720367498848131,1
2025,.720398582833073,1
2025,.72040050818028,1
2025,.720416540958682,1
2025,.720473246543566,1
2025,.720492395606791,1
2025,.720605889159364,1
2025,.720634114725373,1
2025,.720665411404049,1
2025,.720673727078919,1
2025,.720718305933252,1
2025,.720822507543545,1
2025,.720888587257904,1
2025,.720888717107811,1
2025,.720911285460158,1
2025,.720926029304973,1
2025,.720943365621402,1
2025,.720946606263342,1
2025,.720968157842879,1
2025,.721047709028876,1
2025,.721097371335004,1
2025,.721109547756742,1
2025,.721119217244254,1
2025,.721128000950999,1
2025,.721165070956977,1
2025,.721197199063399,1
2025,.721202754096771,1
2025,.721208714529233,1
2025,.721218176673299,1
2025,.721218975728503,1
2025,.72126823348165,1
2025,.721477801304609,1
2025,.7215011845146,1
2025,.72157615943189668,1
2025,.72164010227075,1
2025,.721669374824715,1
2025,.721735252923296,1
2025,.721748615396059,1
2025,.721751466372688,1
2025,.721760282447052,1
2025,.721769555756616,1
2025,.721778281019937,1
2025,.721781376521132,1
2025,.721838598025819,1
2025,.721839056052439,1
2025,.721852453862864,1
2025,.721886738867649,1
2025,.721899725889152,1
2025,.722004414515686,1
2025,.722024897077613,1
2025,.722102689605242,1
2025,.722131183997616,1
2025,.722135802944361,1
2025,.72214908344123,1
2025,.722261964687738,1
2025,.722278614947634,1
2025,.722289075907757,1
2025,.722298142202444,1
2025,.722308421012047,1
2025,.722330309271054,1
2025,.722358046117178,1
2025,.722380286534413,1
2025,.722380430181985,1
2025,.722391729268552,1
2025,.72241988843478,1
2025,.722441352384188,1
2025,.722490722634532,1
2025,.722496775758754,1
2025,.722536354480964,1
2025,.722562171607712,1
2025,.722602996813073,1
2025,.722611098825843,1
2025,.72262276539804,1
2025,.722687538112251,1
2025,.722719141638278,1
2025,.722730676884414,1
2025,.722736730053505,1
2025,.72285497814204,1
2025,.722867962199947,1
2025,.722878923156299,1
2025,.722880871879989,1
2025,.722926624156268,1
2025,.722955155597424,1
2025,.722974850236966,1
2025,.722990360887103,1
2025,.723003823839534,1
2025,.723007986018945,1
2025,.723023512023349,1
2025,.723115325690433,1
2025,.72316476843775,1
2025,.723192310141884,1
2025,.723210239204983,1
2025,.723218027043079,1
2025,.723225294753243,1
2025,.723262043046392,1
2025,.723284078914111,1
2025,.723311779337071,1
2025,.723355361819573,1
2025,.723424498067371,1
2025,.723475280606839,1
2025,.723490131106028,1
2025,.723514114587499,1
2025,.723566031285749,1
2025,.723570661965122,1
2025,.723594130992299,1
2025,.723594561137114,1
2025,.723644133788926,1
2025,.723666620498992,1
2025,.723787257384927,1
2025,.723803799780454,1
2025,.72399306922398,1
2025,.724003741418785,1
2025,.724034728844917,1
2025,.724113739613623,1
2025,.724127603928161,1
2025,.724150778111712,1
2025,.724165867962877,1
2025,.7241769744766,1
2025,.72418195444764,1
2025,.724184642917633,1
2025,.724190676646805,1
2025,.72423282384068,1
2025,.724284587637975,1
2025,.724286049902802,1
2025,.724299319947445,1
2025,.7243371516568,1
2025,.724341500203476,1
2025,.724382384733339,1
2025,.724391419855649,1
2025,.724417134510991,1
2025,.724457785393316,1
2025,.724516454033186,1
2025,.724558806239781,1
2025,.724605020745276,1
2025,.724619978412364,1
2025,.724638916405198,1
2025,.724656638964651,1
2025,.724696725111829,1
2025,.724737862950002,1
2025,.724740453421711,1
2025,.724772429133528,1
2025,.724774751452559,1
2025,.724805559695062,1
2025,.724810544563685,1
2025,.724852297936954,1
2025,.724877567348622,1
2025,.724888201383281,1
2025,.724981287024113,1
2025,.725001558350603,1
2025,.725025811964362,1
2025,.725040949596018,1
2025,.725079621799071,1
2025,.725146236890394,1
2025,.725170841083498,1
2025,.725200345234428,1
2025,.72521147288167,1
2025,.725337333947676,1
2025,.72534824223138,1
2025,.725506042332104,1
2025,.725521164984152,1
2025,.725582029063414,1
2025,.725607562360746,1
2025,.725620638758426,1
2025,.725628413097247,1
2025,.725647204650904,1
2025,.725664330426838,1
2025,.725748087437104,1
2025,.725770507417762,1
2025,.725771196081537,1
2025,.725824566619865,1
2025,.725866671124279,1
2025,.725903491418385,1
2025,.725906974485919,1
2025,.725925724395963,1
2025,.725935472867335,1
2025,.725954774084228,1
2025,.726004188146013,1
2025,.72603697472708,1
2025,.726086651889636,1
2025,.726148907531038,1
2025,.726175487343609,1
2025,.72620022011821,1
2025,.726213781489738,1
2025,.726240689230322,1
2025,.726258640092051,1
2025,.726281795044797,1
2025,.726367691921585,1
2025,.726401131745671,1
2025,.726407374607428,1
2025,.726414941312717,1
2025,.726529631515761,1
2025,.726532899748654,1
2025,.726575228940798,1
2025,.726633602262277,1
2025,.726687219421942,1
2025,.726697470016573,1
2025,.726736914964884,1
2025,.726739179333457,1
2025,.72674356307308,1
2025,.72674869291395,1
2025,.726796751283083,1
2025,.727040235338908,1
2025,.72704661165172,1
2025,.72706590456129,1
2025,.727089983021529,1
2025,.727116816549312,1
2025,.727164921225795,1
2025,.727175146492462,1
2025,.727176005496682,1
2025,.727179787794413,1
2025,.727188702696337,1
2025,.727240301391588,1
2025,.727245203210838,1
2025,.727258486928961,1
2025,.72726531484077,1
2025,.727347304416648,1
2025,.727354178367075,1
2025,.727372037723228,1
2025,.727459366598539,1
2025,.727503718620745,1
2025,.727518879914005,1
2025,.727531352620933,1
2025,.727546092986889,1
2025,.727548504675658,1
2025,.727549301758381,1
2025,.727553504895332,1
2025,.72757162219556,1
2025,.727593017874886,1
2025,.72763811336092,1
2025,.727641946419768,1
2025,.727667358199539,1
2025,.727724669710528,1
2025,.727737327109776,1
2025,.727776816292093,1
2025,.727782414239301,1
2025,.727820045248422,1
2025,.727820740543338,1
2025,.727841930594401,1
2025,.727847595406709,1
2025,.727951551927818,1
2025,.727965916797588,1
2025,.728007821270804,1
2025,.728019666641934,1
2025,.728019726735929,1
2025,.728069395619102,1
2025,.728083724259575,1
2025,.728088715376024,1
2025,.72813646648745,1
2025,.728166555540413,1
2025,.728177161869091,1
2025,.72821126256865,1
2025,.72821512823442,1
2025,.728278719385084,1
2025,.72828369763925,1
2025,.728301605146098,1
2025,.728327341939628,1
2025,.728331193030062,1
2025,.728333204546766,1
2025,.728338647948086,1
2025,.728466360802448,1
2025,.728475071563752,1
2025,.728480198132183,1
2025,.728549295262171,1
2025,.72855491826576,1
2025,.728566503538087,1
2025,.728575972733749,1
2025,.728625726427507,1
2025,.72873781457349,1
2025,.728812503744156,1
2025,.728817977666164,1
2025,.728829844149576,1
2025,.728968049614809,1
2025,.72898896617684,1
2025,.729107776976245,1
2025,.729112953385692,1
2025,.729198758613861,1
2025,.729285808365909,1
2025,.729390078687555,1
2025,.729391595292331,1
2025,.729436620011053,1
2025,.729436641950391,1
2025,.729499438960463,1
2025,.729584125825472,1
2025,.729589771272797,1
2025,.729746387617509,1
2025,.729855445691364,1
2025,.729860835244327,1
2025,.729884465067971,1
2025,.729889719875415,1
2025,.72989846008532,1
2025,.72992487627982,1
2025,.729935362477555,1
2025,.729942763159995,1
2025,.729945111935851,1
2025,.729975334440061,1
2025,.729976089632028,1
2025,.730046619166136,1
2025,.730052112556608,1
2025,.730060318549193,1
2025,.730079226934985,1
2025,.730085918313289,1
2025,.730173764102585,1
2025,.730182784945203,1
2025,.730202467444421,1
2025,.730212333785864,1
2025,.730238065140443,1
2025,.730294581529414,1
2025,.7303001935516,1
2025,.730364295137512,1
2025,.730419384458685,1
2025,.730450778979743,1
2025,.7304742748349,1
2025,.73050347422428,1
2025,.730509935005158,1
2025,.730593160054314,1
2025,.730599998965914,1
2025,.730671716485366,1
2025,.730701077234634,1
2025,.730729115167506,1
2025,.730730912956514,1
2025,.730775990014303,1
2025,.73078003742976,1
2025,.730901466650858,1
2025,.730916492600761,1
2025,.73092552268761,1
2025,.73094654127526,1
2025,.730960860902674,1
2025,.730972774201193,1
2025,.730985593012046,1
2025,.731001954064262,1
2025,.73101714376589,1
2025,.731023604747225,1
2025,.731057719412914,1
2025,.731074981457422,1
2025,.731220135422496,1
2025,.731249997455086,1
2025,.731250999114491,1
2025,.731293010030466,4
2025,.731313923457555,1
2025,.731348493690428,1
2025,.731370375904837,1
2025,.731423271351345,1
2025,.731459453017346,1
2025,.731486628193973,1
2025,.731491694437989,1
2025,.731494274297951,1
2025,.731545514898389,1
2025,.7315740379707,1
2025,.731595871294027,1
2025,.73171177765184,1
2025,.731715685441891,1
2025,.731746991226681,1
2025,.73176047334691,1
2025,.731783154445517,1
2025,.731809898608803,1
2025,.731859953339953,1
2025,.731867953213642,1
2025,.731934834315971,1
2025,.731940578342626,1
2025,.731994460747624,2
2025,.732008261703825,1
2025,.732010763670901,1
2025,.732059913738149,1
2025,.732087872099499,1
2025,.732123982091312,1
2025,.732179060708431,1
2025,.732188863380822,1
2025,.732191193521477,1
2025,.732201959057349,1
2025,.732227353799156,1
2025,.732285219791888,1
2025,.732288137885593,1
2025,.732326826701289,1
2025,.732335337069784,1
2025,.732375596217915,1
2025,.732463042837277,1
2025,.732502722287016,1
2025,.732526723711466,1
2025,.732563930275625,1
2025,.732570966329469,1
2025,.7327575438441,1
2025,.732786602817096,1
2025,.732796299927353,1
2025,.732797612494158,1
2025,.732878973545806,1
2025,.732881594381886,1
2025,.732899430096427,1
2025,.732937101176214,1
2025,.732938435697561,1
2025,.732951810082148,1
2025,.732975191461794,1
2025,.733230557097171,1
2025,.733266992114519,1
2025,.733298859336173,1
2025,.733313692997848,1
2025,.733429547628243,1
2025,.733436375841607,1
2025,.733517052178606,1
2025,.733519296289321,1
2025,.733614618730816,1
2025,.733652367666798,1
2025,.73369507516171,1
2025,.733739928865904,1
2025,.733757700066852,1
2025,.733766137950435,1
2025,.733769480294267,1
2025,.733779599547287,1
2025,.733783217443801,1
2025,.73382205385199,1
2025,.733896905097855,1
2025,.733917361883491,1
2025,.733938383599029,1
2025,.734006469794185,1
2025,.734053202807422,1
2025,.734100273399708,1
2025,.734124940212571,1
2025,.734126593794614,1
2025,.734147120842366,1
2025,.734147984120407,1
2025,.734215148477362,1
2025,.734259868737057,1
2025,.734275580089673,1
2025,.734289349508034,1
2025,.734336316062403,1
2025,.734371911072446,1
2025,.734455993717139,1
2025,.734467079672086,1
2025,.734582282994003,1
2025,.734592709802186,1
2025,.734610219410079,1
2025,.734662556694326,1
2025,.734732921499089,1
2025,.734750927187184,1
2025,.734782863950435,1
2025,.734981445481159,1
2025,.734993923573764,1
2025,.735085307438375,1
2025,.735127954399134,1
2025,.73512942349466,1
2025,.735152826930458,1
2025,.735161747284112,1
2025,.735164625968081,1
2025,.735217564156965,1
2025,.735221894530966,1
2025,.735251593632911,1
2025,.735306979030844,1
2025,.735379961384129,1
2025,.735433654474641,1
2025,.735493058853478,1
2025,.735511242745068,1
2025,.735514286346359,1
2025,.73565176708296,1
2025,.735654559559679,1
2025,.735668588521654,1
2025,.735687546853333,1
2025,.735700149996261,1
2025,.735773993580265,1
2025,.735833720100905,1
2025,.73583463684985,1
2025,.735937990545957,1
2025,.73599166647624,1
2025,.735994081783669,1
2025,.73599665480973,1
2025,.736046570522653,1
2025,.73607935970633,1
2025,.73612537470429,1
2025,.736135512019443,1
2025,.736162510191251,1
2025,.736191736598116,1
2025,.736253224656421,1
2025,.736272291853099,1
2025,.736308830697094,1
2025,.736319809999215,1
2025,.736322836169017,1
2025,.736328557722739,1
2025,.736375049882986,1
2025,.736398768178853,1
2025,.73646575154546,1
2025,.736524145652713,1
2025,.73657142631251,1
2025,.736612652643331,1
2025,.73663681952515,1
2025,.736685165543751,1
2025,.736695941938729,1
2025,.736826685995833,1
2025,.736848555807556,1
2025,.736896308215526,1
2025,.736978540810996,1
2025,.737017978751065,1
2025,.737033395449934,1
2025,.737087033191553,1
2025,.737134463006278,1
2025,.737168649880795,1
2025,.737182728789031,1
2025,.737229395978953,1
2025,.737268567193205,1
2025,.737281845897809,1
2025,.737464298257634,1
2025,.737485646765561,1
2025,.737547133830228,1
2025,.737631420534132,1
2025,.737661874196641,1
2025,.737696361794009,1
2025,.73776723344271,1
2025,.737771197590702,1
2025,.737820908183163,1
2025,.737856854257267,1
2025,.737947267479127,1
2025,.737957974025747,1
2025,.737967630745227,1
2025,.737985596731059,1
2025,.737985869257753,1
2025,.738012854792996,1
2025,.738036981156486,1
2025,.73804487295029,1
2025,.738059934080589,1
2025,.738082253864407,1
2025,.738117112664125,1
2025,.738122590901509,1
2025,.738124872736184,1
2025,.738145188864718,1
2025,.738181231236648,1
2025,.73832439288249,1
2025,.738344143840616,1
2025,.738353946602552,1
2025,.738389751406236,1
2025,.738393565241266,1
2025,.738407816315717,1
2025,.738413957158089,1
2025,.738449141077576,1
2025,.738483089347115,1
2025,.738630922288993,1
2025,.738681446548638,1
2025,.738716763040654,1
2025,.738753678821744,1
2025,.738756929363366,1
2025,.738775876835669,1
2025,.738794881068819,1
2025,.738838914441235,1
2025,.738869380952684,1
2025,.738907395788291,1
2025,.738971789547915,1
2025,.738996446947164,1
2025,.739020373461779,1
2025,.739043785853668,1
2025,.739069113017384,1
2025,.739108971641393,1
2025,.739126194636578,1
2025,.739198522552473,1
2025,.739230953462571,1
2025,.739247088871482,1
2025,.739254044775982,1
2025,.739301593071465,1
2025,.739310809122902,1
2025,.739374970836842,1
2025,.739414387809739,1
2025,.739508060698003,1
2025,.739518222076952,1
2025,.739542593750092,1
2025,.739548432368939,1
2025,.739559942293928,1
2025,.739572856383322,1
2025,.739627663792839,1
2025,.739658827689726,1
2025,.739718659441963,1
2025,.739810520736783,1
2025,.739815475010659,1
2025,.739822155283544,1
2025,.739822425724265,1
2025,.739857304119452,1
2025,.739876714777061,1
2025,.739908817815213,1
2025,.740041696291845,1
2025,.740061694415991,1
2025,.740086092175582,1
2025,.740089286075983,1
2025,.740110763034782,1
2025,.740124707693071,1
2025,.740220355730613,1
2025,.740223482851668,1
2025,.740251917064962,1
2025,.74025640323057,1
2025,.740300340364335,1
2025,.740381777556381,1
2025,.740461479434284,1
2025,.74053626652992,1
2025,.740545343830607,1
2025,.740581950609771,1
2025,.740598609738397,1
2025,.740599018131669,1
2025,.740609325761679,1
2025,.740618091864893,1
2025,.740790180510368,1
2025,.74081003083774,1
2025,.740813927708142,1
2025,.740854124797079,1
2025,.740873608630566,1
2025,.740885829337334,1
2025,.740933807071029,1
2025,.740958943029368,1
2025,.741024333273519,1
2025,.741067260917491,1
2025,.741079035701971,1
2025,.741103420166819,1
2025,.741123709979291,1
2025,.741135416311432,1
2025,.741171860544483,1
2025,.741179349910103,1
2025,.741213020336464,1
2025,.741282218804578,1
2025,.741300455231814,1
2025,.741361229979113,1
2025,.741437338266846,1
2025,.741457924520462,1
2025,.74147257690846,1
2025,.741492510706921,1
2025,.741506994219936,1
2025,.741508605050197,1
2025,.7415170096992,1
2025,.741528633899837,1
2025,.741558723816757,1
2025,.741632151213641,1
2025,.741639802812967,1
2025,.74164845199633,1
2025,.741660568029333,1
2025,.741688206320796,1
2025,.741696026448764,1
2025,.74170885090346,1
2025,.741712465522341,1
2025,.741721965295623,1
2025,.741726891893792,1
2025,.741745299311583,1
2025,.74175020761376,1
2025,.741759494783238,1
2025,.741795316732356,1
2025,.741823866567704,1
2025,.741831497226645,1
2025,.741838692847803,1
2025,.741856195417526,1
2025,.741963857274401,1
2025,.742052492174706,1
2025,.742061474890598,1
2025,.742109826865183,1
2025,.742170610502802,1
2025,.74217862741146,1
2025,.742192996253468,1
2025,.742197391401441,1
2025,.742216590607053,1
2025,.742249518211844,1
2025,.74227052571883,1
2025,.742418131051819,1
2025,.742423953238583,1
2025,.742426337885922,1
2025,.742436487100232,1
2025,.7424971577893,1
2025,.742516586895684,1
2025,.74252006179472,1
2025,.74252769806448,1
2025,.742528219247379,1
2025,.742557479752181,1
2025,.742560257428822,1
2025,.742584722237823,1
2025,.742609247352686,1
2025,.742629037747408,1
2025,.742645616292704,1
2025,.742770214224029,1
2025,.74277221614931,1
2025,.742875792264542,1
2025,.742875930277729,1
2025,.742893181422416,1
2025,.742954650045734,1
2025,.743046253608917,1
2025,.743054511582005,1
2025,.74307459884171,1
2025,.743079101424286,1
2025,.743087683382619,1
2025,.743113862245482,1
2025,.743129879237095,1
2025,.74315790243786,1
2025,.743179662918379,1
2025,.743186194888913,1
2025,.743260596261439,1
2025,.743278979841677,1
2025,.743287769298504,1
2025,.743289534758497,1
2025,.743329360838469,1
2025,.743349613758278,1
2025,.743352580832731,1
2025,.743353324581715,1
2025,.743359163196548,1
2025,.743363192121371,1
2025,.743370564702397,1
2025,.743434257984779,1
2025,.743446151812308,1
2025,.743495621891181,1
2025,.743499590067534,1
2025,.743613866507977,1
2025,.743619513507429,1
2025,.743632761058931,1
2025,.743639574184939,1
2025,.743700496554291,1
2025,.743711498969296,1
2025,.74377949654137,1
2025,.743789234900736,1
2025,.743805054540116,1
2025,.743868617285862,1
2025,.743884413553506,1
2025,.743889760225287,1
2025,.743900532687309,1
2025,.743906370046509,1
2025,.743909133986743,1
2025,.743961946320298,1
2025,.74398710932795,1
2025,.743992890224594,1
2025,.744007436135478,1
2025,.744012807192832,1
2025,.744014409641501,1
2025,.744092858848407,1
2025,.744123525619698,1
2025,.744271234859987,1
2025,.744294934158686,1
2025,.744348808879493,1
2025,.744349050830532,1
2025,.744398794928462,1
2025,.744419284333589,1
2025,.74442275179612,1
2025,.744482458214237,1
2025,.744498351172118,1
2025,.744587845499425,1
2025,.744598171820967,1
2025,.744609472465521,1
2025,.744628027417061,1
2025,.744692067249778,1
2025,.744704549765306,1
2025,.744725047386077,1
2025,.744795691602886,1
2025,.744805329069727,1
2025,.74480931539206,1
2025,.744810418602205,1
2025,.744834578582034,1
2025,.744849974518747,1
2025,.744911109396291,1
2025,.744957946223401,1
2025,.745038471132121,1
2025,.74505422244869,1
2025,.745094219141663,1
2025,.745096588416409,1
2025,.745107705056232,1
2025,.745114910177095,1
2025,.745138301874474,1
2025,.745209244489588,1
2025,.745279542108306,1
2025,.745311665510959,1
2025,.745328669329664,1
2025,.745355901200399,1
2025,.745366904016131,1
2025,.745411027326832,1
2025,.745422953329058,1
2025,.745429025896881,1
2025,.745504650580186,1
2025,.745535278077669,1
2025,.745561829786885,1
2025,.745606945412329,1
2025,.745629312099096,1
2025,.745757683995727,1
2025,.745804125652557,1
2025,.745838798779783,1
2025,.745843883249491,1
2025,.745860379294073,1
2025,.745891918159097,1
2025,.745955979068742,1
2025,.745976262726499,1
2025,.745976504812882,1
2025,.745987396378681,1
2025,.745992490719391,1
2025,.746011173431555,1
2025,.746019234936227,1
2025,.746121145377964,1
2025,.746152180267493,1
2025,.746168469407577,1
2025,.746264274437825,1
2025,.746267008333029,1
2025,.746297544307549,1
2025,.746300489791485,1
2025,.746332483144913,1
2025,.746344792479154,1
2025,.74634935175453,1
2025,.746360262337691,1
2025,.746398397965408,1
2025,.746413886287478,1
2025,.746485380169451,1
2025,.746533054394684,1
2025,.746608957296642,1
2025,.746649139968623,1
2025,.746663411014483,1
2025,.746677878036656,1
2025,.746714821377698,1
2025,.746747653684838,1
2025,.746790969194502,1
2025,.746850514579444,1
2025,.746852164808882,1
2025,.746880757838754,1
2025,.747061827734767,1
2025,.747064213322569,1
2025,.747096610115122,1
2025,.747206109562815,1
2025,.747287269139537,1
2025,.747311047060773,1
2025,.747374494220812,1
2025,.747431433817091,1
2025,.747432429448211,1
2025,.747493204046743,1
2025,.747508721816978,1
2025,.747539085816662,1
2025,.747606964297281,1
2025,.747620523074346,1
2025,.747651219791837,1
2025,.747655904210943,1
2025,.747703026614302,1
2025,.747729091764689,1
2025,.747754186792427,1
2025,.747815010547552,1
2025,.747839610905047,1
2025,.747884223538315,1
2025,.747935721254371,1
2025,.748005011926303,1
2025,.748010224076325,1
2025,.748028655690137,1
2025,.748041399190342,1
2025,.748188128900739,1
2025,.748212822526496,1
2025,.748214773487513,1
2025,.74822248470845,1
2025,.748292035146995,1
2025,.748356928703869,1
2025,.748365986845362,1
2025,.748367543554877,1
2025,.748369994452309,1
2025,.748403689671663,1
2025,.748435100532279,1
2025,.748443276440265,1
2025,.748452051569677,1
2025,.74851675337719,1
2025,.748524988847999,1
2025,.748533214929943,1
2025,.748554166708083,1
2025,.748583192159874,1
2025,.748617342692102,1
2025,.748682954447851,1
2025,.748711158003123,1
2025,.748738595613382,1
2025,.748741427917807,1
2025,.748745292615288,1
2025,.748806371698525,1
2025,.748814664871251,1
2025,.7488272223978,1
2025,.748849041774444,1
2025,.748856666378725,1
2025,.748887115584137,1
2025,.748943627366847,1
2025,.748954254487538,1
2025,.74902081711373,1
2025,.749065742375862,1
2025,.749072623568557,1
2025,.749109775839643,1
2025,.749161914206544,1
2025,.749186398570967,1
2025,.749199544638659,1
2025,.749240742704212,1
2025,.749312268816509,1
2025,.749314816859968,1
2025,.749548630891339,1
2025,.749569406058979,1
2025,.7496260176027,1
2025,.749734471293355,1
2025,.749791870468858,1
2025,.749838194778596,1
2025,.749911291194749,1
2025,.749963363168851,1
2025,.750027684313168,1
2025,.750035442472686,1
2025,.750036215865341,1
2025,.750064358866815,1
2025,.750136658907274,1
2025,.750219982308016,1
2025,.750271098368212,1
2025,.750303429489768,1
2025,.750352828344239,1
2025,.750352848473724,1
2025,.750380604707428,1
2025,.750430891478036,1
2025,.750442549611956,1
2025,.750444012372522,1
2025,.750465152381742,1
2025,.750466292365466,1
2025,.750473988532492,1
2025,.75055507254287,1
2025,.750579058506949,1
2025,.750735174209069,1
2025,.750783657761736,1
2025,.750790547525438,1
2025,.750814730125462,1
2025,.750815129089352,1
2025,.7508201642317,1
2025,.750832136787634,1
2025,.750833954292362,1
2025,.75088319530482,1
2025,.750944887019198,1
2025,.750963291730688,1
2025,.75098198563024,1
2025,.75098933064651,1
2025,.751010056826405,1
2025,.751015420811347,1
2025,.751028470004471,1
2025,.751040285563305,1
2025,.751049593607441,1
2025,.751082936965472,1
2025,.751128920244376,1
2025,.75113888077049,1
2025,.751175141391938,1
2025,.751230280826428,1
2025,.751299927224768,1
2025,.75134373031663,1
2025,.751397426825524,1
2025,.751422782265155,1
2025,.751428082754506,1
2025,.751459789571234,1
2025,.75147652113297,1
2025,.751483213246044,1
2025,.751610269202996,1
2025,.751653826630733,1
2025,.751685759316529,1
2025,.751705080266257,1
2025,.751706107480326,1
2025,.751750676373369,1
2025,.751771499738278,1
2025,.751965682715049,1
2025,.751991114071553,1
2025,.751991435536677,1
2025,.752049468186055,1
2025,.752089802022735,1
2025,.752129584733909,1
2025,.752269815287925,1
2025,.752299742482392,1
2025,.752303747941058,1
2025,.752307540606358,1
2025,.752384613282528,1
2025,.75247275412814,1
2025,.752554877352795,1
2025,.752581148940686,1
2025,.752597607965364,1
2025,.752613313959457,1
2025,.752628294658494,1
2025,.752647361171199,1
2025,.752661172466457,1
2025,.752675003257014,1
2025,.752730848314054,1
2025,.752777874044749,1
2025,.752847443129126,1
2025,.75286398728544,1
2025,.752911224089552,1
2025,.752958329662405,1
2025,.752973364462927,1
2025,.752974972695022,1
2025,.752985513671199,1
2025,.753008346994319,1
2025,.753051120460737,1
2025,.753075518637644,1
2025,.753245271201072,1
2025,.753270112718016,1
2025,.7532714592446,1
2025,.753279872265379,1
2025,.753295740423246,1
2025,.753305970106909,1
2025,.753364449444337,1
2025,.753369410698777,1
2025,.753413623972583,1
2025,.753518014789238,1
2025,.753563331704025,1
2025,.753647330549473,1
2025,.753672381490302,1
2025,.753681412553989,1
2025,.753687659585553,1
2025,.753697319832957,1
2025,.753704094592147,1
2025,.753714001220113,1
2025,.753743951474231,1
2025,.753744218758892,1
2025,.753803345586516,1
2025,.753865339080792,1
2025,.753879355508833,1
2025,.753899741942573,1
2025,.753926129883392,1
2025,.753934203482691,1
2025,.753936532599885,1
2025,.753949946059068,1
2025,.75396340835662,1
2025,.754003528765456,1
2025,.75406265657967,1
2025,.754073491158738,1
2025,.754141381899861,1
2025,.754189726131947,1
2025,.754214311023919,1
2025,.754249254779906,1
2025,.754258035451598,1
2025,.75427322349934,1
2025,.754343021168824,1
2025,.754363857532002,1
2025,.754394366411801,1
2025,.754411569986094,1
2025,.754439967165409,1
2025,.754463030552992,1
2025,.754538670391025,1
2025,.754573760615621,1
2025,.75468576111361,1
2025,.754710936478716,1
2025,.754722285540409,1
2025,.754748103745682,1
2025,.75478459538124,1
2025,.754831816173736,1
2025,.75486308332058,1
2025,.754868668631798,1
2025,.754869738847107,1
2025,.754969921876633,1
2025,.754973026396683,1
2025,.754974841322978,1
2025,.754980081552814,1
2025,.754993669685778,1
2025,.755004635442967,1
2025,.755005781621656,1
2025,.755020003465644,1
2025,.755038143056171,1
2025,.755044710717949,1
2025,.755093836675625,1
2025,.755105510393422,1
2025,.755214683363587,1
2025,.755338546271058,1
2025,.755347388238455,1
2025,.755359880727468,1
2025,.755396859341716,1
2025,.75541382805395,1
2025,.755482888944121,1
2025,.755531693675238,1
2025,.755534140916345,1
2025,.755566524079204,1
2025,.755585344780939,1
2025,.755693178096449,1
2025,.755697192396356,1
2025,.755720822380878,1
2025,.755737549748194,1
2025,.755766410844569,1
2025,.755778701817997,1
2025,.755798667148226,1
2025,.755930728650142,1
2025,.755939525166881,1
2025,.75595279603466,1
2025,.756064090708346,1
2025,.756098645350875,1
2025,.756103909018558,1
2025,.756115199518144,1
2025,.756121228160592,1
2025,.756140454401575,1
2025,.756202152952913,1
2025,.756220858606748,1
2025,.756239872922268,1
2025,.756268887660563,1
2025,.756370118326795,1
2025,.756386366006595,1
2025,.756392133381806,1
2025,.756443131587542,1
2025,.756461444255435,1
2025,.756466625195036,1
2025,.756467622681387,1
2025,.756472427682688,1
2025,.756505853623438,1
2025,.756567941865977,1
2025,.75657170784068,1
2025,.756573318760236,1
2025,.756576267693506,1
2025,.756631187032113,1
2025,.756634383664043,1
2025,.756634543061719,1
2025,.756636652183239,1
2025,.756660188711274,1
2025,.756670558578476,1
2025,.756685714425099,1
2025,.756691207299129,1
2025,.756702926388217,1
2025,.756794805590047,1
2025,.756933357603797,1
2025,.756941339833454,1
2025,.756964114762531,1
2025,.757025844973857,1
2025,.757067781212585,1
2025,.757088354450534,1
2025,.757090846469136,1
2025,.757170733161908,1
2025,.757206436912783,1
2025,.757261009288055,1
2025,.75728940397521,1
2025,.757336404833292,1
2025,.757364956496482,1
2025,.757365778654582,1
2025,.757467552040757,1
2025,.757480063435139,1
2025,.757594789894289,1
2025,.757605591412987,1
2025,.757701338913878,1
2025,.757723688558641,1
2025,.757726647362054,1
2025,.75774440275463,1
2025,.757810583095198,1
2025,.757816022853057,1
2025,.757817109201115,1
2025,.757825695351274,1
2025,.757829750435293,1
2025,.757925981314733,1
2025,.758008689703905,1
2025,.758038410305815,1
2025,.758047690424987,1
2025,.758051389329128,1
2025,.758157634117867,1
2025,.75816976294687,1
2025,.758171431263422,1
2025,.758182094687937,1
2025,.758332591338197,1
2025,.758342384627038,1
2025,.758378123277948,1
2025,.758397098162487,1
2025,.758464786311226,1
2025,.758581009383284,1
2025,.758589405920645,1
2025,.758609909718931,1
2025,.758639651832044,1
2025,.758770122925106,1
2025,.758874091319636,1
2025,.758882271047625,1
2025,.758912690163052,1
2025,.758919818294618,1
2025,.75892805940214,1
2025,.758957106389584,1
2025,.759001070145101,1
2025,.759092476195766,1
2025,.75912383962196,1
2025,.759146654886905,1
2025,.759150774764244,1
2025,.759154938813913,1
2025,.759186213210231,1
2025,.759191698717925,1
2025,.759299605671976,1
2025,.759308213364279,1
2025,.759402783116054,1
2025,.75943100115684,1
2025,.759551191803902,1
2025,.759663699806833,1
2025,.759679390864947,1
2025,.759680839967881,1
2025,.759692480861469,1
2025,.759716549247636,1
2025,.759721589241671,1
2025,.759729998545358,1
2025,.75974451614915,1
2025,.759757240717068,1
2025,.759828422591827,1
2025,.759839478571976,1
2025,.759852873705132,1
2025,.759946389243411,1
2025,.759968579375407,1
2025,.759975038873029,1
2025,.75998464909509,1
2025,.760014320000656,1
2025,.760016306612847,1
2025,.760066922378398,1
2025,.760085493221389,1
2025,.760148135633049,1
2025,.760194282751075,1
2025,.760254594031364,1
2025,.760295575106458,1
2025,.760306202945949,1
2025,.760319268747516,1
2025,.760327648054942,1
2025,.760451949038442,1
2025,.760461606091868,1
2025,.760550261778069,1
2025,.760567875855061,1
2025,.7605849750292,1
2025,.760768160228378,1
2025,.760799983660338,1
2025,.760806506505254,1
2025,.760821678021439,1
2025,.760846106989362,1
2025,.760859921259217,1
2025,.760861597111267,1
2025,.76095661015366,1
2025,.760976282796685,1
2025,.761152425127715,1
2025,.761167977972423,1
2025,.761176377672115,1
2025,.761293731229512,1
2025,.761324307887815,1
2025,.76140366788566,1
2025,.761424130638804,1
2025,.761429447360461,1
2025,.761477648440661,1
2025,.761479193655283,1
2025,.761524997839983,1
2025,.761551768863321,1
2025,.761660714341243,1
2025,.761663372952319,1
2025,.761677576276825,1
2025,.761682834657668,1
2025,.761762671383499,1
2025,.761784805984982,1
2025,.761813893545273,1
2025,.761839717593477,1
2025,.76184747083846,1
2025,.761863376336736,1
2025,.761868255641686,1
2025,.761927359145519,1
2025,.761962917721038,1
2025,.762075929945812,1
2025,.762095423146626,1
2025,.762156454859704,1
2025,.762208531698634,1
2025,.762216243539233,1
2025,.762230823982916,1
2025,.762233418981319,1
2025,.762257936777355,1
2025,.762260359323204,1
2025,.762282881433859,1
2025,.76232253291259,1
2025,.762402138132854,1
2025,.762453075663513,1
2025,.762477276931835,1
2025,.762489984294823,1
2025,.762502488299051,1
2025,.76268219144294,1
2025,.762695496286657,1
2025,.762759399156921,1
2025,.762882689471437,1
2025,.762886225949072,1
2025,.762976629343308,1
2025,.762990075465349,1
2025,.763019507651463,1
2025,.763067704207164,1
2025,.763086160067339,1
2025,.763091189292257,1
2025,.763130435969171,1
2025,.763143872634708,1
2025,.763239708179801,1
2025,.763245758239118,1
2025,.763255345223393,1
2025,.763291899949409,1
2025,.763332381102676,1
2025,.763373288021434,1
2025,.76342095660986,1
2025,.763466405659921,1
2025,.763510450747049,1
2025,.763545072192096,1
2025,.763546110477431,1
2025,.763573458243285,1
2025,.763590495219423,1
2025,.763605023498427,1
2025,.763606892316482,1
2025,.763616973331774,1
2025,.763619988124315,1
2025,.763661230366494,1
2025,.763680837900776,1
2025,.763688322159778,1
2025,.763727992105454,1
2025,.763744296042955,1
2025,.763769811241892,1
2025,.763774534729286,1
2025,.763794768741517,1
2025,.763815702030824,1
2025,.763871856283546,1
2025,.763921492650005,1
2025,.763948034112798,1
2025,.763980696043488,1
2025,.763994436880942,1
2025,.764010509799742,1
2025,.764014706270291,1
2025,.764016814803105,1
2025,.764084795765521,1
2025,.764129003514415,1
2025,.764186112826148,1
2025,.764190979532786,1
2025,.764215449597835,1
2025,.764218370478938,1
2025,.76422417415881,1
2025,.76422654477985,1
2025,.764262602645895,1
2025,.764269752149013,1
2025,.764278474887853,1
2025,.764365056065367,1
2025,.764422172694415,1
2025,.764451422222717,1
2025,.764509529597349,1
2025,.764511632325613,1
2025,.764549786499533,1
2025,.764551845588153,1
2025,.76460093108421,1
2025,.764656214600379,1
2025,.764754092451516,1
2025,.76477978473167,1
2025,.764790700626754,1
2025,.764828270198917,1
2025,.764863756590623,1
2025,.764905516046567,1
2025,.764910488046144,1
2025,.764910706877374,1
2025,.764917025413592,1
2025,.764919741510068,1
2025,.76495248535607,1
2025,.764953012625662,1
2025,.764993939743684,1
2025,.765016113180285,1
2025,.765132224215431,1
2025,.765146319573485,1
2025,.765198320490892,1
2025,.765288135156284,1
2025,.765303279484801,1
2025,.76544358082854,1
2025,.765454699951977,1
2025,.765478425690017,1
2025,.765518236324007,1
2025,.765596812342346,1
2025,.765708952519306,1
2025,.765749377593455,1
2025,.765761786456892,1
2025,.765848741485901,1
2025,.765852537032027,1
2025,.765887224302334,1
2025,.765917104795197,1
2025,.765922410854549,1
2025,.765922589368912,1
2025,.765930665202205,1
2025,.765945239038153,1
2025,.76594717527379,1
2025,.765997046419489,1
2025,.766079807973208,1
2025,.766101057032818,1
2025,.766123899431626,1
2025,.766131001437065,1
2025,.766139039216029,1
2025,.766185560262047,1
2025,.766282773098784,1
2025,.766305430764983,1
2025,.76633517923291,1
2025,.766464493817197,1
2025,.766539162106005,1
2025,.766572770714827,1
2025,.766591731545255,1
2025,.766604655513563,1
2025,.766618326765554,1
2025,.76675267412858,1
2025,.766782843607146,1
2025,.766826245433066,1
2025,.766846310440047,1
2025,.76697569290284,1
2025,.767026016330111,1
2025,.767068875342455,1
2025,.767120038588948,1
2025,.767156314392517,1
2025,.767169039167022,1
2025,.767185661485862,1
2025,.767204836459954,1
2025,.767205446653264,1
2025,.767319468738703,1
2025,.767350356726656,1
2025,.767386559622792,1
2025,.767439538012313,1
2025,.767518000747033,1
2025,.76754275484224,1
2025,.767566890389898,1
2025,.767576384029389,1
2025,.767587685166398,1
2025,.767611025137156,1
2025,.767626130902864,1
2025,.767713892955973,1
2025,.767777431912451,1
2025,.76780099417485,1
2025,.767801451476444,1
2025,.76780245531919,1
2025,.767803244043075,1
2025,.76780980450878,1
2025,.767905590690708,1
2025,.767919291187326,1
2025,.767920764111767,1
2025,.767949091141002,1
2025,.767961141653188,1
2025,.767988015046456,1
2025,.768003317280469,1
2025,.768011381125897,1
2025,.76803090938568,1
2025,.768045744181643,1
2025,.768165430457223,1
2025,.768183102051717,1
2025,.768242699503991,1
2025,.768274795471048,1
2025,.76834557643633,1
2025,.768355480046063,1
2025,.768479175425427,1
2025,.768553905716544,1
2025,.768570152850545,1
2025,.768608127711255,1
2025,.768628946490769,1
2025,.768675318175908,1
2025,.768699124945541,1
2025,.768720278709688,1
2025,.768729396836779,1
2025,.768739667451547,1
2025,.768777210295889,1
2025,.768777553421404,1
2025,.768789041628942,1
2025,.768818208965736,1
2025,.768825179614084,1
2025,.768833143625424,1
2025,.768850174178358,1
2025,.768877939605615,1
2025,.768954666500814,1
2025,.768958298565797,1
2025,.768983583980278,1
2025,.76899596785999,1
2025,.76901945642896,1
2025,.769019575120424,1
2025,.769046154580313,1
2025,.769091463799636,1
2025,.769116352184555,1
2025,.769122199576044,1
2025,.769166288635496,1
2025,.769176204450398,1
2025,.769185768268894,1
2025,.769199701428624,1
2025,.769275666372771,1
2025,.769305090979451,1
2025,.769320147320696,1
2025,.769435669933582,1
2025,.769451278535895,1
2025,.769466611753097,1
2025,.769485935004694,1
2025,.769714476831664,1
2025,.769776231188838,1
2025,.769843598829466,1
2025,.769844053612683,1
2025,.76988127848038,1
2025,.769951441221498,1
2025,.770008578578994,1
2025,.770018637295632,1
2025,.770037790170848,1
2025,.770040365559282,1
2025,.770076277317885,1
2025,.770103706001977,1
2025,.770125500907125,1
2025,.770132849678521,1
2025,.770145161826276,1
2025,.770183276130724,1
2025,.770208053729761,1
2025,.770222173814155,1
2025,.770268793847685,1
2025,.770270855461423,1
2025,.770294560511269,1
2025,.770302553809237,1
2025,.770346309966135,1
2025,.770398337696078,1
2025,.770550076178448,1
2025,.770604976549141,1
2025,.77069713812009,1
2025,.770700964747002,1
2025,.770716226038073,1
2025,.770723040699511,1
2025,.770740678109284,1
2025,.770774091962714,1
2025,.770792979239015,1
2025,.770824660163048,1
2025,.770834468025512,1
2025,.770848324587757,1
2025,.770897571930807,1
2025,.77095741440661,1
2025,.771014368148704,1
2025,.771017844506873,1
2025,.771041435636542,1
2025,.771085070309289,1
2025,.771118996880533,1
2025,.771125790838338,1
2025,.771135310973052,1
2025,.771202647935825,1
2025,.771234413204922,1
2025,.771252635539493,1
2025,.771260711193393,1
2025,.771311443454483,1
2025,.771486107602175,1
2025,.771567082573728,1
2025,.771627404936927,1
2025,.771687625586576,1
2025,.77171300326314,1
2025,.771731183988844,1
2025,.771740967401902,1
2025,.771750360316087,1
2025,.771776152889623,1
2025,.771812241850949,1
2025,.771873904694418,1
2025,.771921451856749,1
2025,.771935312555456,1
2025,.771937086264837,1
2025,.771945864038866,1
2025,.771954166118672,1
2025,.77195596336485,1
2025,.77196036319031,1
2025,.772016172778248,1
2025,.772084185598473,1
2025,.772135858378274,1
2025,.772155881451328,1
2025,.772159135858098,1
2025,.772172659723324,1
2025,.772183830698164,1
2025,.772197047229771,1
2025,.772216467029893,1
2025,.772245030223429,1
2025,.772324329873386,1
2025,.772388322661487,1
2025,.772418580107856,1
2025,.772494716825665,1
2025,.772509915974281,1
2025,.772519788879571,1
2025,.77257957226056,1
2025,.772633840182346,1
2025,.772645912963726,1
2025,.772718503915805,1
2025,.77278942820287,1
2025,.772791399088195,1
2025,.77280600135751,1
2025,.772855210833915,1
2025,.772869660204244,1
2025,.772904978528433,1
2025,.772909463828218,1
2025,.772967362364667,1
2025,.772998991840171,1
2025,.773135130433816,1
2025,.773138875586159,1
2025,.773172963683038,1
2025,.773179818044344,1
2025,.77320014029346,1
2025,.773237541222792,1
2025,.773336742532154,1
2025,.773379642112369,1
2025,.773383187229546,1
2025,.773397978584276,1
2025,.773401492268395,1
2025,.773428046495358,1
2025,.773472745085416,1
2025,.773519183113634,1
2025,.773520382930264,1
2025,.773525079820625,1
2025,.773553798530283,1
2025,.773605271884908,1
2025,.773605724137718,1
2025,.773606022943704,1
2025,.773659401746183,1
2025,.773730997349898,1
2025,.773765782662097,1
2025,.773860878579246,1
2025,.773900875514855,1
2025,.773956143713142,1
2025,.773993834382753,1
2025,.774061137755271,1
2025,.77407108747337,1
2025,.774131974742514,1
2025,.774133627161892,1
2025,.77414999880874,1
2025,.774232336637703,1
2025,.77425551065632,1
2025,.774262335510635,1
2025,.774280570739049,1
2025,.774343955749972,1
2025,.774356410183983,1
2025,.774384677095077,1
2025,.774395906919132,1
2025,.774396309015212,1
2025,.774400305836178,1
2025,.774409021441288,1
2025,.774419649140691,1
2025,.774454908266862,1
2025,.774459264700401,1
2025,.774475762569706,1
2025,.774524747455736,1
2025,.774527506069654,1
2025,.774586027323139,1
2025,.774670425514506,1
2025,.774679946309896,1
2025,.774724792300493,1
2025,.774771549758964,1
2025,.774772368610045,1
2025,.774779780586989,1
2025,.774963443703871,1
2025,.774981565562501,1
2025,.774991377122457,1
2025,.77499546323606,1
2025,.774996259302969,1
2025,.775066033378597,1
2025,.775199912154867,1
2025,.775209322238031,1
2025,.775221248258093,1
2025,.775241861464298,1
2025,.775249588954875,1
2025,.775270199332312,1
2025,.775313681233109,1
2025,.775320601018888,1
2025,.775350637135663,1
2025,.775379093649064,1
2025,.775397049987746,1
2025,.775401427042895,1
2025,.77544739489239,1
2025,.775451117013352,1
2025,.775473207483421,1
2025,.77547700035769,1
2025,.775484624921119,1
2025,.775517105827008,1
2025,.775520903069779,1
2025,.77556711240654,1
2025,.775588667999991,1
2025,.775589381399488,1
2025,.775602448929158,1
2025,.775636864916051,1
2025,.775706116870348,1
2025,.775724770766967,1
2025,.775732184514386,1
2025,.77576860535247,1
2025,.775791339068966,1
2025,.775832585910798,1
2025,.775842307671682,1
2025,.775851561818918,1
2025,.775887876679618,1
2025,.775979597197497,1
2025,.77613787670688,1
2025,.776165570541433,1
2025,.776227271561322,1
2025,.776258558475396,1
2025,.776278789245044,1
2025,.776287493040199,1
2025,.776334671597027,1
2025,.776339920540964,1
2025,.776352557336991,1
2025,.776411949218433,1
2025,.776435526662154,1
2025,.776436958802333,1
2025,.776439395335082,1
2025,.776488079234741,1
2025,.776489925340447,1
2025,.776527137273659,1
2025,.776527158796659,1
2025,.776528187417665,1
2025,.776616600313969,1
2025,.776640630727148,1
2025,.776676074733235,1
2025,.776696622512296,1
2025,.776773415845781,1
2025,.776790662115878,1
2025,.776805409878738,1
2025,.776840557155941,1
2025,.776990873246374,1
2025,.777046884173583,1
2025,.777074477654193,1
2025,.777106405304318,1
2025,.777224858058093,1
2025,.7772991673869,1
2025,.777326948112582,1
2025,.777378171759845,1
2025,.777420675310982,1
2025,.777443229500931,1
2025,.777468580417851,1
2025,.777632284553489,1
2025,.77766282273984,1
2025,.777698831960235,1
2025,.777809503988021,1
2025,.777819864962635,1
2025,.777839034913806,1
2025,.777843094386402,1
2025,.777906166361493,1
2025,.777920333876784,1
2025,.778058298989275,1
2025,.778147927580723,1
2025,.77816639921355,1
2025,.778175311563327,1
2025,.77823488979972,1
2025,.77824180292416,1
2025,.778307879836804,1
2025,.778328801110877,1
2025,.778403776790587,1
2025,.778412672178723,1
2025,.778426345685182,1
2025,.77848464216771,1
2025,.778490314815793,1
2025,.778638608087415,1
2025,.778719267524032,1
2025,.778820238355816,1
2025,.778988131835131,1
2025,.77900067658153,1
2025,.779047109874884,1
2025,.779067281368434,1
2025,.779098597310523,1
2025,.779144826216477,1
2025,.779149548679478,1
2025,.779151480451528,1
2025,.779172956773294,1
2025,.779222851831668,1
2025,.779265215204413,1
2025,.779286240945348,1
2025,.779328090898861,1
2025,.77932920978572,1
2025,.779334114924056,1
2025,.779356093442589,1
2025,.779464932508803,1
2025,.779503032966595,1
2025,.77958651630979,1
2025,.779589467778425,1
2025,.779706192634094,1
2025,.779734705789763,1
2025,.779758536175332,1
2025,.779765334890743,1
2025,.779857240333493,1
2025,.779899192220646,1
2025,.779899208059458,1
2025,.779912836902351,1
2025,.779949660062966,1
2025,.779949821662432,1
2025,.779982260606361,1
2025,.78003768765241,1
2025,.7800679040685,1
2025,.780088138264834,1
2025,.780101127157695,1
2025,.78013260014074,1
2025,.780149954486075,1
2025,.780202084388299,1
2025,.78020714966286,1
2025,.78023852916279,1
2025,.78024446430876,1
2025,.780268528778885,1
2025,.780270374000511,1
2025,.780327375241375,1
2025,.780528070525124,1
2025,.780625345426037,1
2025,.780688265062187,1
2025,.780754888729451,1
2025,.780778340526073,1
2025,.780792555731522,1
2025,.78085469043538,1
2025,.780864249830138,1
2025,.780882716385727,1
2025,.780903745253823,1
2025,.78091657639051,1
2025,.780925450383962,1
2025,.780972803113503,1
2025,.781038719725024,1
2025,.781060511157343,1
2025,.781111101823825,1
2025,.781154157139727,1
2025,.781155520459101,1
2025,.78120154094412,1
2025,.78121480851382,1
2025,.781227760766703,1
2025,.781245861636851,1
2025,.78134481089763,1
2025,.781357362322797,1
2025,.781396213567326,1
2025,.781483789666588,1
2025,.781515299964901,1
2025,.781538171434728,1
2025,.781599364519078,1
2025,.781625289596745,1
2025,.781680345545559,1
2025,.781762708699476,1
2025,.781901174389237,1
2025,.781907837762038,1
2025,.781952348307908,1
2025,.782027245209557,1
2025,.782117438103713,1
2025,.782117860133494,1
2025,.782252203207293,1
2025,.7823144526352,1
2025,.782379611392272,1
2025,.782427553896608,1
2025,.78252003503411,1
2025,.782582412169654,1
2025,.782601826572304,1
2025,.782631430690319,1
2025,.782645650959084,1
2025,.782659749324837,1
2025,.782830060601568,1
2025,.782839949545107,1
2025,.782880117937677,1
2025,.782887927982812,1
2025,.782899875197426,1
2025,.782926769774376,1
2025,.782987672217407,1
2025,.783007795526798,1
2025,.783054925366241,1
2025,.783068457997412,1
2025,.783079285212538,1
2025,.783158709840466,1
2025,.783223080249433,1
2025,.783267656114304,1
2025,.783275675104523,1
2025,.783276628249569,1
2025,.783384886060842,1
2025,.783428091858375,1
2025,.783463233199117,1
2025,.783500706425021,1
2025,.783513705920684,1
2025,.783554993650115,1
2025,.783644056062183,1
2025,.783665965476145,1
2025,.78388100545899,1
2025,.783988744392513,1
2025,.783998897775556,1
2025,.784014651460467,1
2025,.784104603364594,1
2025,.784171986468913,1
2025,.784239066029863,1
2025,.784247917818728,1
2025,.784264594093711,1
2025,.784274657617096,1
2025,.784342099715932,1
2025,.784371919451179,1
2025,.784527511874556,1
2025,.784542318789308,1
2025,.784550812845384,1
2025,.784616434358492,1
2025,.784641976603518,1
2025,.784674130977109,1
2025,.78481814266391,1
2025,.784826245179593,1
2025,.784837902774082,1
2025,.784887033507191,1
2025,.784981467661361,1
2025,.785011408951309,1
2025,.785023107089944,1
2025,.785048439002966,1
2025,.785068132538654,1
2025,.785119058322217,1
2025,.785131581584199,1
2025,.785245388810483,1
2025,.785251858091261,1
2025,.785297519782888,1
2025,.785318023123262,1
2025,.785326237639286,1
2025,.785409516985911,1
2025,.785437927326474,1
2025,.785511600647842,1
2025,.785520816594226,1
2025,.785569421060915,1
2025,.785586195679017,1
2025,.78559067171764,1
2025,.785605685820942,1
2025,.785622560790882,1
2025,.78564109593601,1
2025,.785667715339608,1
2025,.785696663356491,1
2025,.785701056340499,1
2025,.785701567449268,1
2025,.785705488524885,1
2025,.785711299120441,1
2025,.785728064168859,1
2025,.785730448501145,1
2025,.785821380993334,1
2025,.785869947658288,1
2025,.786024117880593,1
2025,.786061184138095,1
2025,.786065167296651,1
2025,.786075012440399,1
2025,.786083454823384,1
2025,.786148882954373,1
2025,.786169635638538,1
2025,.786181142985829,1
2025,.786202676578747,1
2025,.786263345636198,1
2025,.78632388125357,1
2025,.786452129967878,1
2025,.786580652588998,1
2025,.786607605322967,1
2025,.786639139059391,1
2025,.786691901514628,1
2025,.786726754488693,1
2025,.786764922871285,1
2025,.786777440893569,1
2025,.78681367838207,1
2025,.786839340550382,1
2025,.78686607367357,1
2025,.786925181780832,1
2025,.786986656420853,1
2025,.787050485322656,1
2025,.787153475479909,1
2025,.787329792822882,1
2025,.787388338892731,1
2025,.787480323999685,1
2025,.787492176169529,1
2025,.787542656711204,1
2025,.78755648378122,1
2025,.787609082715225,1
2025,.787632412290745,1
2025,.787731663947054,1
2025,.78775252556297,1
2025,.787837061678993,1
2025,.787891867193222,1
2025,.787938359068963,1
2025,.788005523745695,1
2025,.788037098853015,1
2025,.78804663768549,1
2025,.788047251618517,1
2025,.788089178886483,1
2025,.788097097222355,1
2025,.788109209241641,1
2025,.788118195096163,1
2025,.788125316083774,1
2025,.788181245859645,1
2025,.788253325019239,1
2025,.788276008302035,1
2025,.788322227059614,1
2025,.788338799657845,1
2025,.788377804282104,1
2025,.788393271734605,1
2025,.788469630130463,1
2025,.78849021037134,1
2025,.788495922358897,1
2025,.788498952323298,1
2025,.788515911971158,1
2025,.788644554867293,1
2025,.78867872559412,1
2025,.78876091520833,1
2025,.788771866151374,1
2025,.788817604019996,1
2025,.788827247054659,1
2025,.788862683315643,1
2025,.788888944109552,1
2025,.788911355336198,1
2025,.788925488223083,1
2025,.788946479664305,1
2025,.788976191656906,1
2025,.789007246746998,1
2025,.789011659103921,1
2025,.78903110935439,1
2025,.789063472470105,1
2025,.789121024154015,1
2025,.789124289409312,1
2025,.789158398223407,1
2025,.789264830694662,1
2025,.789330953931892,1
2025,.789376943403464,1
2025,.789377517156659,1
2025,.789393478267854,1
2025,.789444206780866,1
2025,.789468605961432,1
2025,.789500067584701,1
2025,.789512759543658,1
2025,.789576593676475,1
2025,.7895919693093,1
2025,.789603885775884,1
2025,.789604117694368,1
2025,.789662885360418,1
2025,.789728162596098,1
2025,.789742085671684,1
2025,.789793306337713,1
2025,.789929572926992,1
2025,.790052528028092,1
2025,.790109913675637,1
2025,.790158505525401,1
2025,.790184887905248,1
2025,.790203724062173,1
2025,.790206944283033,1
2025,.790217576784006,1
2025,.790245094671831,1
2025,.790365745027217,1
2025,.790385363538378,1
2025,.790388722551987,1
2025,.790395873804559,1
2025,.790475966623587,1
2025,.790502791553941,1
2025,.790527580471829,1
2025,.790550067667422,1
2025,.790569151558924,1
2025,.790582665137862,1
2025,.790596215405129,1
2025,.790606580617701,1
2025,.790649424613076,1
2025,.790681781233866,1
2025,.790698371531421,1
2025,.79074467679745,1
2025,.790747649074192,1
2025,.790757007117149,1
2025,.790796402673217,1
2025,.790909390334411,1
2025,.790942351593042,1
2025,.791068088171238,1
2025,.791091867936296,1
2025,.791111465088762,1
2025,.791119365720032,1
2025,.791126990024405,1
2025,.791127918893985,1
2025,.791147563573738,1
2025,.79116065372814,1
2025,.791254803307174,1
2025,.791306039327341,1
2025,.791359223693727,1
2025,.791409519726254,1
2025,.791466816190436,1
2025,.791561123500116,1
2025,.791613757938407,1
2025,.791627689170324,1
2025,.791647670097556,1
2025,.791682458238969,1
2025,.791737387839126,1
2025,.791744922162907,1
2025,.791923202226853,1
2025,.791980640994909,1
2025,.792008025483952,1
2025,.792054976465771,1
2025,.792159137040462,1
2025,.792174219373272,1
2025,.792459667615678,1
2025,.792481739708836,1
2025,.792515953130515,1
2025,.792592305194681,1
2025,.792627570927259,1
2025,.792644456849744,1
2025,.79269643518442,1
2025,.792770324408077,1
2025,.792778675609538,1
2025,.792806361994872,1
2025,.79281475506089,1
2025,.792990606969388,1
2025,.793085654449661,1
2025,.793097580455089,1
2025,.793113442137995,1
2025,.793116096776745,1
2025,.793124352876378,1
2025,.793179384734505,1
2025,.793213818227835,1
2025,.793222098117556,1
2025,.793325397933038,1
2025,.793356325762636,1
2025,.793399659852788,1
2025,.793400080780469,1
2025,.793554527099832,1
2025,.793561697830333,1
2025,.793606772937335,1
2025,.793851424720411,1
2025,.793874074775533,1
2025,.793879202635009,1
2025,.794014418342129,1
2025,.794040650853729,1
2025,.794047437426799,1
2025,.794067768298001,1
2025,.794117586675262,1
2025,.794147592890227,1
2025,.794156203135495,1
2025,.794164887463098,1
2025,.794322248547237,1
2025,.79432893310858,1
2025,.794357217559591,1
2025,.794386801613944,1
2025,.79441860792614,1
2025,.794430665834369,1
2025,.794440982553119,1
2025,.794552784542696,1
2025,.794566099883764,1
2025,.794585802753365,1
2025,.794660918281996,1
2025,.794674047660843,1
2025,.794687570612306,1
2025,.794694745169022,1
2025,.794714425606332,1
2025,.794759063652679,1
2025,.794759244133308,1
2025,.794789568284869,1
2025,.794824028561471,1
2025,.794833351169463,1
2025,.794854230711087,1
2025,.794939364749101,1
2025,.794941518827764,1
2025,.794943766128456,1
2025,.794960588631343,1
2025,.795000942115639,1
2025,.795048349694839,1
2025,.795077643351318,1
2025,.795108985120035,1
2025,.795302647970789,1
2025,.795315079076399,1
2025,.795385685417432,1
2025,.795515434371856,1
2025,.795529284185219,1
2025,.795622989564434,1
2025,.795690740420513,1
2025,.795780988544394,1
2025,.795798343800525,1
2025,.795925523819892,1
2025,.795929519597857,1
2025,.796005162413929,1
2025,.796047746373658,1
2025,.796068886754075,1
2025,.796088928345444,1
2025,.796126612660934,1
2025,.796129391813914,1
2025,.796157699558672,1
2025,.796179914348482,1
2025,.796194918636259,1
2025,.796240666217101,1
2025,.796318106686716,1
2025,.796374749510707,1
2025,.79640866390145,1
2025,.796419662017008,1
2025,.796446847902362,1
2025,.796482740922905,1
2025,.796548009689288,1
2025,.796554155549585,1
2025,.79671646343941,1
2025,.796743565982989,1
2025,.796775081098526,1
2025,.796777855184709,1
2025,.796878922266304,1
2025,.796914471803514,1
2025,.796949148496573,1
2025,.797077884386412,1
2025,.797136729578484,1
2025,.79716130688892,1
2025,.797304624472702,1
2025,.797338812215988,1
2025,.797358597865582,1
2025,.797387951312054,1
2025,.797612437488569,1
2025,.797655890646393,1
2025,.797770723784054,1
2025,.797792711861675,1
2025,.797940049052088,1
2025,.797998367917856,1
2025,.798116545022376,1
2025,.798170050202853,1
2025,.79821865818352,1
2025,.798245727203685,1
2025,.79827498155607,1
2025,.798286671385922,1
2025,.798334384419787,1
2025,.798345056356961,1
2025,.798530494721001,1
2025,.798563278569808,1
2025,.798617007213508,1
2025,.798642183645024,1
2025,.798677677052123,1
2025,.798725931534104,1
2025,.798796756766663,1
2025,.798818161607597,1
2025,.798829970766707,1
2025,.798927636206005,1
2025,.79894749094449,1
2025,.798954977938976,1
2025,.798963252533685,1
2025,.798999719297839,1
2025,.7990029599775,1
2025,.799018688268812,1
2025,.799021871155127,1
2025,.799066414209655,1
2025,.799080840854433,1
2025,.799097614155929,1
2025,.799097777437631,1
2025,.799107680751967,1
2025,.799194414360846,1
2025,.799266147279471,1
2025,.799293591810053,1
2025,.799296728708964,1
2025,.799298293586861,1
2025,.799416919677493,1
2025,.799420489396423,1
2025,.799480612214199,1
2025,.799522782242291,1
2025,.799572433867019,1
2025,.799573823655955,1
2025,.799599896161069,1
2025,.799609240097391,1
2025,.799610722835459,1
2025,.799665429375281,1
2025,.799750527019257,1
2025,.799800020054014,1
2025,.799829980161881,1
2025,.79987964140985,1
2025,.799906658576868,1
2025,.79991349352228,1
2025,.799960420550436,1
2025,.799985691488302,1
2025,.800000965012499,1
2025,.80001269817222,1
2025,.80002434541874,1
2025,.800041287624347,1
2025,.800072144522339,1
2025,.800077140887121,1
2025,.800077514735633,1
2025,.800112216401452,1
2025,.800187212307025,1
2025,.800226699526823,1
2025,.800229446685146,1
2025,.800248026059207,1
2025,.800302232409356,1
2025,.800323182087052,1
2025,.80037719018272,1
2025,.800394405658987,1
2025,.800497303424664,1
2025,.800503726839363,1
2025,.800515018856272,1
2025,.800534149365783,1
2025,.800604679467499,1
2025,.800672450780801,1
2025,.800680548149265,1
2025,.800729318622692,1
2025,.800740796173351,1
2025,.800791604760846,1
2025,.800821495292283,1
2025,.800827521945134,1
2025,.800842165504631,1
2025,.800851120743583,1
2025,.800882943309131,1
2025,.800918853425894,1
2025,.800998675425959,1
2025,.801088777567873,1
2025,.801114525667519,1
2025,.8011247072659,1
2025,.801207947595848,1
2025,.801231198325441,1
2025,.801369999026641,1
2025,.801379952312247,1
2025,.80139389164139,1
2025,.801466091307711,1
2025,.801497216170251,1
2025,.801525675819069,1
2025,.801542214147754,1
2025,.801544683304845,1
2025,.801598869054938,1
2025,.801758186392807,1
2025,.801758616856253,1
2025,.801859975060494,1
2025,.801915608149355,1
2025,.801941433954192,1
2025,.801976616450373,1
2025,.801978636908825,1
2025,.801994826993428,1
2025,.802028633784419,1
2025,.802074359052643,1
2025,.80208646270757,1
2025,.802095538061378,1
2025,.802163232327295,1
2025,.802177297817682,1
2025,.80218736069702,1
2025,.802226528226335,1
2025,.802366676783825,1
2025,.802403304613852,1
2025,.802420994219797,1
2025,.802472306711055,1
2025,.802498022274907,1
2025,.802518659178814,1
2025,.802535583242419,1
2025,.802750577974977,1
2025,.802859034674522,1
2025,.802871531276656,1
2025,.802950450799123,1
2025,.802956645437501,1
2025,.802969317214293,1
2025,.802980163481225,1
2025,.803031617257737,1
2025,.803205472602019,1
2025,.803272345834046,1
2025,.803337888062217,1
2025,.803373763425002,1
2025,.803468695472604,1
2025,.803516462253097,1
2025,.803559033153185,1
2025,.803786104429267,1
2025,.803788509060054,1
2025,.803812583269861,1
2025,.803903040779419,1
2025,.803907484140917,1
2025,.804134647333489,1
2025,.804140560801783,1
2025,.804229602386934,1
2025,.804230175941394,1
2025,.80444408179245,1
2025,.804520094585693,1
2025,.804570280246091,1
2025,.804606283902352,1
2025,.804619727314336,1
2025,.804674328222002,1
2025,.804697459973215,1
2025,.804794945949615,1
2025,.804821146714798,1
2025,.804854733570184,1
2025,.804889311302545,1
2025,.804903553232231,1
2025,.805036608383699,1
2025,.805073144206977,1
2025,.80509017855877,1
2025,.805105499852025,1
2025,.805107303661764,1
2025,.805229991017837,1
2025,.805232183322126,1
2025,.805245014611126,1
2025,.805254730135639,1
2025,.80525638250964,1
2025,.805259080986434,1
2025,.805260264571292,1
2025,.805284036737702,1
2025,.805292873908886,1
2025,.805364790257021,1
2025,.805445973425328,1
2025,.805466375390607,1
2025,.805574880974273,1
2025,.805584578268985,1
2025,.805675889696595,1
2025,.805709561964073,1
2025,.805710076894721,1
2025,.805743977656617,1
2025,.805749472169155,1
2025,.805750605126397,1
2025,.805812438967355,1
2025,.8059214634206,1
2025,.805933360949126,1
2025,.806012544241751,1
2025,.806139489157344,1
2025,.806153851345009,1
2025,.806172722004836,1
2025,.80623506847838,1
2025,.806240052415917,1
2025,.806247452967101,1
2025,.80626979652444,1
2025,.80629643328489,1
2025,.806407478892991,1
2025,.806440731117332,1
2025,.806519108966913,1
2025,.806547794711598,1
2025,.806612188121997,1
2025,.806697783431495,1
2025,.806847104407147,1
2025,.806943866941001,1
2025,.807066825326006,1
2025,.807141810109269,1
2025,.807172708562061,1
2025,.80725421841898,1
2025,.807265398438008,1
2025,.807336801822402,1
2025,.807355402194672,1
2025,.807416498238149,1
2025,.807430314401294,1
2025,.807431989719898,1
2025,.807567305799204,1
2025,.807590186085046,1
2025,.80759384742144,1
2025,.807621763606689,1
2025,.807628781620661,1
2025,.807648714526366,1
2025,.807679025951358,1
2025,.807711146003327,1
2025,.807724119572532,1
2025,.807912229444148,1
2025,.807981402696965,1
2025,.808027248164603,1
2025,.808071263265743,1
2025,.808206697140687,1
2025,.808272497591479,1
2025,.808286171963364,1
2025,.808338357598381,1
2025,.808352804572232,1
2025,.808415527232002,1
2025,.808448477501534,1
2025,.808498215019403,1
2025,.808500436699777,1
2025,.808534080630857,1
2025,.808553212917273,1
2025,.808644444659344,1
2025,.808673096238303,1
2025,.808767396770767,1
2025,.808780165798766,1
2025,.808782245693663,1
2025,.808789363659307,1
2025,.808820055567858,1
2025,.808884966923493,1
2025,.808909662120089,1
2025,.809000863319739,1
2025,.8090115402079,1
2025,.809024834140977,1
2025,.809046573143835,1
2025,.809240741550196,1
2025,.809269830430855,1
2025,.809291345749515,1
2025,.809356823870127,1
2025,.809361584900595,1
2025,.809362947183573,1
2025,.809475331946114,1
2025,.809488120534675,1
2025,.809575647301002,1
2025,.809602530540119,1
2025,.809656540032352,1
2025,.809706663639796,1
2025,.809721961092752,1
2025,.809744894817839,1
2025,.809812639080059,1
2025,.809853675178284,1
2025,.809863417576529,1
2025,.809880718024511,1
2025,.809887979313966,1
2025,.80993397690379,1
2025,.809956133274745,1
2025,.809958954187793,1
2025,.809965384153609,1
2025,.809965672070919,1
2025,.809972700144075,1
2025,.81002443194631,1
2025,.810085721060665,1
2025,.810114880394278,1
2025,.810154460768967,1
2025,.810325737062901,1
2025,.810346001177155,1
2025,.810422852926149,1
2025,.810442033384767,1
2025,.810463043359657,1
2025,.810469354202779,1
2025,.810478053703133,1
2025,.810481573009729,1
2025,.810653057049413,1
2025,.810664211007578,1
2025,.81074833713384,1
2025,.810787897752784,1
2025,.810812238355492,1
2025,.810816909452696,1
2025,.810837644328988,1
2025,.810852245894215,1
2025,.810909606171661,1
2025,.810915997945037,1
2025,.810918563183315,1
2025,.810966235301752,1
2025,.810969560876184,1
2025,.81097262121434,1
2025,.811008613024172,1
2025,.811050351041109,1
2025,.811121183913897,1
2025,.811170312442763,1
2025,.8111977945403,1
2025,.81119798167919,1
2025,.811389420144829,1
2025,.811431802725936,1
2025,.811455423478072,1
2025,.811480804458637,1
2025,.811549688184619,1
2025,.811596761565306,1
2025,.811708325950256,1
2025,.811721129642552,1
2025,.811745803426981,1
2025,.811788502997431,1
2025,.81180430652965,1
2025,.811824126808217,1
2025,.811833224710279,1
2025,.811908802254498,1
2025,.811921957011225,1
2025,.811933282204137,1
2025,.812092178020363,1
2025,.812249526234372,1
2025,.812255434456301,1
2025,.812280428177723,1
2025,.81231935627231,1
2025,.812353296039154,1
2025,.812354357367937,1
2025,.812364711272803,1
2025,.812399750800435,1
2025,.812524857218453,1
2025,.812562147068679,1
2025,.812569365051323,1
2025,.812578533517991,1
2025,.812587183988012,1
2025,.812645720513628,1
2025,.812702219116971,1
2025,.812712363448408,1
2025,.812785255041018,1
2025,.812786703037619,1
2025,.812811703813367,1
2025,.812838154950143,1
2025,.812883533237139,1
2025,.813013190672646,1
2025,.813051320357818,1
2025,.813104368858114,1
2025,.813134672115099,1
2025,.813142571264364,1
2025,.81314773899745,1
2025,.813148520984645,1
2025,.813215376815499,1
2025,.813385060383012,1
2025,.813475480098263,1
2025,.813625795506355,1
2025,.81368137151237,1
2025,.813683413333855,1
2025,.813695469292345,1
2025,.81369972549515,1
2025,.813737867731484,1
2025,.81376798660695,1
2025,.813785540703047,1
2025,.813930912594287,1
2025,.81395973291506,1
2025,.813961168775521,1
2025,.813989981426678,1
2025,.814013565671766,1
2025,.814028956340422,1
2025,.814037395136686,1
2025,.814140228973855,1
2025,.814167331634437,1
2025,.81418983262428,1
2025,.814195299985289,1
2025,.814209835856448,1
2025,.814217273692872,1
2025,.814234988092855,1
2025,.81424331573448,1
2025,.814253826721642,1
2025,.814282690737362,1
2025,.814289558007555,1
2025,.814290855774176,1
2025,.814339536672324,1
2025,.814365566821551,1
2025,.814378257711081,1
2025,.814381736995199,1
2025,.814403279132738,1
2025,.81445126485163,1
2025,.814479412988225,1
2025,.814575536678399,1
2025,.814575966916299,1
2025,.814581556627946,1
2025,.814596914509458,1
2025,.814603511837533,1
2025,.814630853389367,1
2025,.814641144528729,1
2025,.814692390894495,1
2025,.814719186459493,1
2025,.814728829132449,1
2025,.81475659616606,1
2025,.814823269262833,1
2025,.814824839437638,1
2025,.814934469764035,1
2025,.815042813102453,1
2025,.815098904517636,1
2025,.815109312003002,1
2025,.815183356597758,1
2025,.815220587279605,1
2025,.815291520250856,1
2025,.815322426573361,1
2025,.815361183221383,1
2025,.815460290507202,1
2025,.815510815171384,1
2025,.815593388275074,1
2025,.8157489059432,1
2025,.815928294803099,1
2025,.816009938741736,1
2025,.816043632552852,1
2025,.816064884137048,1
2025,.816124556685355,1
2025,.816308071832107,1
2025,.816369514349821,1
2025,.816379793409977,1
2025,.816402986296661,1
2025,.816530614734731,1
2025,.816535441225048,1
2025,.816622478284705,1
2025,.816642065930219,1
2025,.816666455094289,1
2025,.816724280860269,1
2025,.816734746482541,1
2025,.816771253840957,1
2025,.816815144166808,1
2025,.816945197433039,1
2025,.81700005345354,1
2025,.817064502746104,1
2025,.817078489013766,1
2025,.817083920622935,1
2025,.81714680576151,1
2025,.817177486314301,1
2025,.817183578815276,1
2025,.817187414375535,1
2025,.817209652657056,1
2025,.817239829619331,1
2025,.817276514288863,1
2025,.817352824212174,1
2025,.817369734803696,1
2025,.817399585312095,1
2025,.817499773928617,1
2025,.817537553417342,1
2025,.817539504118912,1
2025,.817562807073602,1
2025,.817570938928645,1
2025,.817687652964829,1
2025,.817704672106965,1
2025,.817716631679199,1
2025,.81775550348255,1
2025,.817786409980759,1
2025,.817811631039203,1
2025,.817878063771824,1
2025,.817894812761027,1
2025,.817919964112837,1
2025,.817935602151972,1
2025,.817944060000884,1
2025,.817949743331485,1
2025,.818192317370309,1
2025,.818210273821712,1
2025,.818258905428405,1
2025,.818264144613363,1
2025,.818289330724042,1
2025,.818290678821206,1
2025,.818398869602795,1
2025,.818429461681349,1
2025,.818464575989078,1
2025,.818573638523423,1
2025,.818588894158885,1
2025,.818629386336077,1
2025,.818637142369505,1
2025,.818642383040714,1
2025,.81864408323773,1
2025,.818677552902401,1
2025,.818691651458813,1
2025,.81877354491089,1
2025,.818850704274817,1
2025,.818864609585249,1
2025,.818976809868013,1
2025,.819112803924034,1
2025,.819114459158517,1
2025,.819194526536189,1
2025,.819268478010301,1
2025,.819273949074918,1
2025,.819311807667693,1
2025,.819350653812206,1
2025,.819434130907659,1
2025,.819440654251835,1
2025,.81946015984264,1
2025,.819461684726745,1
2025,.819480380348915,1
2025,.819498947663951,1
2025,.819547781679577,1
2025,.819553995788349,1
2025,.819624382530745,1
2025,.819664504398922,1
2025,.819714030703258,1
2025,.819745481600901,1
2025,.819881100870064,1
2025,.819905764582772,1
2025,.819943649637568,1
2025,.820064058962402,1
2025,.820104337028174,1
2025,.820119612239226,1
2025,.820156582585321,1
2025,.820173531175878,1
2025,.820202190895685,1
2025,.820253468320843,1
2025,.82031785830382,1
2025,.820488777907999,1
2025,.820491075749672,1
2025,.820565253999397,1
2025,.820585571167413,1
2025,.820652668272626,1
2025,.820665596320886,1
2025,.820750090965015,1
2025,.820778318416391,1
2025,.820885421760056,1
2025,.820927896183459,1
2025,.82095410049222,1
2025,.820959419098799,1
2025,.821031132817311,1
2025,.821067349007323,1
2025,.821103081475084,1
2025,.821117282078375,1
2025,.821125281105472,1
2025,.82117845700588,1
2025,.821190577173892,1
2025,.821200833651644,1
2025,.821221415298841,1
2025,.821342851498014,1
2025,.821391496639427,1
2025,.821404770401619,1
2025,.821481237842019,1
2025,.821493021655855,1
2025,.82160195644405,1
2025,.821639268801894,1
2025,.821781343282682,1
2025,.82182533883984,1
2025,.821849622658749,1
2025,.821917960845309,1
2025,.821936767028066,1
2025,.821961551579187,1
2025,.822005636841683,1
2025,.822048585429443,1
2025,.822052462288904,1
2025,.822062892737968,1
2025,.822110506613348,1
2025,.822130314070555,1
2025,.822140528105333,1
2025,.822194124298626,1
2025,.822198988050739,1
2025,.822217984753564,1
2025,.822219683396375,1
2025,.822301579722545,1
2025,.822386377610266,1
2025,.822387555011854,1
2025,.822398737293787,1
2025,.822446124530543,1
2025,.822452989520566,1
2025,.822535251313264,1
2025,.822564327303435,1
2025,.822592031745854,1
2025,.822660271971792,1
2025,.822665251769719,1
2025,.82268792586506,1
2025,.822692451881277,1
2025,.822726636904934,1
2025,.822767835560842,1
2025,.822777758305874,1
2025,.822804608607763,1
2025,.822853041337259,1
2025,.822937739991877,1
2025,.822995758276203,1
2025,.823029160932357,1
2025,.82304412835735,1
2025,.823106797608987,1
2025,.823134436398531,1
2025,.823149967105155,1
2025,.823252482791885,1
2025,.823302928256892,1
2025,.823306677988382,1
2025,.823390872758158,1
2025,.823405979153542,1
2025,.823502329842426,1
2025,.82358653525804,1
2025,.823700461716408,1
2025,.82373240536002,1
2025,.823748128253876,1
2025,.823774398743479,1
2025,.823891478583171,1
2025,.823898976004437,1
2025,.823911264015426,1
2025,.82392115624794,1
2025,.823927311305783,1
2025,.824028218682073,1
2025,.824110040525464,1
2025,.824153719803664,1
2025,.824210151702894,1
2025,.824210602724969,1
2025,.824224578098943,1
2025,.824308419119431,1
2025,.824329035021883,1
2025,.824449263015701,1
2025,.824536501052578,1
2025,.824572256390997,1
2025,.824605172536411,1
2025,.824608750266827,1
2025,.824632734761947,1
2025,.824656701116063,1
2025,.824672616903686,1
2025,.82469903547823,1
2025,.824735094979663,1
2025,.824742440193637,1
2025,.824832601707791,1
2025,.824844188933746,1
2025,.82485997201506,1
2025,.824961993412055,1
2025,.824984713727286,1
2025,.825040274925095,1
2025,.825088076108058,1
2025,.825095349699225,1
2025,.825122460479905,1
2025,.825165104928598,1
2025,.825254222920147,1
2025,.825262163579005,1
2025,.8252801950597,1
2025,.825305986320906,1
2025,.825329175508103,1
2025,.825374145074551,1
2025,.825388963322039,1
2025,.825446778297587,1
2025,.825473609261803,1
2025,.825488769016638,1
2025,.825510690651578,1
2025,.825572779486787,1
2025,.825664044770137,1
2025,.825762012642566,1
2025,.825793736547177,1
2025,.825820533555521,1
2025,.825915055263166,1
2025,.82607202100717,1
2025,.826116618839309,1
2025,.826165980413783,1
2025,.826170549205606,1
2025,.826176412827772,1
2025,.826229423551232,1
2025,.826262829622585,1
2025,.826278303460402,1
2025,.826288632332383,1
2025,.826302725355815,1
2025,.826307769963054,1
2025,.826307995807049,1
2025,.826315997252603,1
2025,.826367710378718,1
2025,.82642288007334,1
2025,.826559794216814,1
2025,.826621624841841,1
2025,.826724177548493,1
2025,.826784703777597,1
2025,.826816378388141,1
2025,.826847622387297,1
2025,.826889930242899,1
2025,.827033669315335,1
2025,.827056897755776,1
2025,.82710168007816,1
2025,.827138434605317,1
2025,.827198494753799,1
2025,.827201798933674,1
2025,.827228146663641,1
2025,.827283268830862,1
2025,.827295472342938,1
2025,.827299364293072,1
2025,.82731691614268,1
2025,.827322680170742,1
2025,.827403539214033,1
2025,.827421360778204,1
2025,.827439188885691,1
2025,.827478826624328,1
2025,.827537204151922,1
2025,.827540162605833,1
2025,.827540631568591,1
2025,.827543825550105,1
2025,.827564838663124,1
2025,.827599613802704,1
2025,.827631542195751,1
2025,.827674385298444,1
2025,.827717954538193,1
2025,.827772896475242,1
2025,.827797691013067,1
2025,.827876803724074,1
2025,.827962887934717,1
2025,.827997930240714,1
2025,.82810472257785,1
2025,.828126505789587,1
2025,.828144680165555,1
2025,.828265733590327,1
2025,.828303280718314,1
2025,.828305851858187,1
2025,.828342861317193,1
2025,.82846580241262,1
2025,.828479496536196,1
2025,.828491776170317,1
2025,.828554052037978,1
2025,.828579365007327,1
2025,.828582136496732,1
2025,.828642777068642,1
2025,.828648798335056,1
2025,.828750589124136,1
2025,.828783708508588,1
2025,.82886936602634,1
2025,.828903744247061,1
2025,.82902941408379,1
2025,.82907691365268,1
2025,.829113083764335,1
2025,.829148497213908,1
2025,.829192458271896,1
2025,.829224970271725,1
2025,.829248295870501,1
2025,.829259328627493,1
2025,.829349605773346,1
2025,.82935528189325,1
2025,.829422326662231,1
2025,.829432665350393,1
2025,.829519858101564,1
2025,.829533536843561,1
2025,.829706362009111,1
2025,.829767059084472,1
2025,.829794120852799,1
2025,.829848608111247,1
2025,.829918091487659,1
2025,.829922601786509,1
2025,.830032377956272,1
2025,.830037208573047,1
2025,.830159015476176,1
2025,.830167423547368,1
2025,.830194980076215,1
2025,.830216060469757,1
2025,.830265216983411,1
2025,.830316419916446,1
2025,.830360438606102,1
2025,.830386982992765,1
2025,.830410231531592,1
2025,.830423311390125,1
2025,.830436209809902,1
2025,.830448411295999,1
2025,.830476091557979,1
2025,.83050530043349,1
2025,.830591861900979,1
2025,.830601031644368,1
2025,.830619656249077,1
2025,.830621606584224,1
2025,.830653340666362,1
2025,.83070334988091,1
2025,.8307204022576,1
2025,.83094990600462,1
2025,.830988038688186,1
2025,.830999988969068,1
2025,.831066971628862,1
2025,.831224583834309,1
2025,.831395072017318,1
2025,.831399408940956,1
2025,.831412727090875,1
2025,.831424224018978,1
2025,.831427355208537,1
2025,.831543109680292,1
2025,.831564126119094,1
2025,.831597107329431,1
2025,.831597935586768,1
2025,.831625626940763,1
2025,.831641150780039,1
2025,.831689274393079,1
2025,.831789333626107,1
2025,.831915232211618,1
2025,.83191919076348,1
2025,.83196481500987,1
2025,.832070285212514,1
2025,.832189246156201,1
2025,.832217046354173,1
2025,.832218201797568,1
2025,.832223929567966,1
2025,.83230531395369,1
2025,.832307300470934,1
2025,.83236595106577,1
2025,.832399748365278,1
2025,.832407789707389,1
2025,.832443236035696,1
2025,.832483938633031,1
2025,.832495700790148,1
2025,.832520799273227,1
2025,.832524638646293,1
2025,.832527810617365,1
2025,.832616457614208,1
2025,.832671081937597,1
2025,.832707142921445,1
2025,.832777162991349,1
2025,.832782900600421,1
2025,.832783287744379,1
2025,.832838953457171,1
2025,.832847644299767,1
2025,.832887740867215,1
2025,.832985951329293,1
2025,.832999327923016,1
2025,.833173786057137,1
2025,.833204456318733,1
2025,.833238981470769,1
2025,.833248489443441,1
2025,.833253191231489,1
2025,.833257315820807,1
2025,.833322349761352,1
2025,.833365169020751,1
2025,.833372057398013,1
2025,.833396923586913,1
2025,.833403528964856,1
2025,.8334150371054,1
2025,.833491775307277,1
2025,.833498179040141,1
2025,.833514805801848,1
2025,.83353870071188,1
2025,.833553913570826,1
2025,.833624372839987,1
2025,.833665690228649,1
2025,.833677511299912,1
2025,.833729382158431,1
2025,.833731013316767,1
2025,.833737667555379,1
2025,.833760567106068,1
2025,.833761257074559,1
2025,.833820831158006,1
2025,.833829789409157,1
2025,.833854668143538,1
2025,.833862697953284,1
2025,.833896012849026,1
2025,.833914121318481,1
2025,.833934470496422,1
2025,.833952181896953,1
2025,.833967787825531,1
2025,.833975524747103,1
2025,.833990341114848,1
2025,.834053321837827,1
2025,.834113372297996,1
2025,.834150123347121,1
2025,.834218624009777,1
2025,.834302289072107,1
2025,.834331641772466,1
2025,.834410965553645,1
2025,.834436993600245,1
2025,.834442714621499,1
2025,.834462208401803,1
2025,.834479508699615,1
2025,.834519853039267,1
2025,.834566400034654,1
2025,.834621319112976,1
2025,.834640702086968,1
2025,.834678274899656,1
2025,.834693160955508,1
2025,.834711831907989,1
2025,.834750566857819,1
2025,.834770337641605,1
2025,.834797702018544,1
2025,.834810372642653,1
2025,.834817942084241,1
2025,.834836264045918,1
2025,.834928547328698,1
2025,.834942935081832,1
2025,.834963950338269,1
2025,.83498572747838,1
2025,.834990074175306,1
2025,.835050581698721,1
2025,.835067669059729,1
2025,.835152904859778,1
2025,.835178568673423,1
2025,.835369280934569,1
2025,.835420545094094,1
2025,.835453936165441,1
2025,.835523961427285,1
2025,.835546012083955,1
2025,.835603158331285,1
2025,.835651121603308,1
2025,.835673762148272,1
2025,.835677261425114,1
2025,.835683643612812,1
2025,.835725753336019,1
2025,.835734407838505,1
2025,.835754537988567,1
2025,.835774113299681,1
2025,.835849290940604,1
2025,.835861951229595,1
2025,.835906458175636,1
2025,.835993365333126,1
2025,.836007737376368,1
2025,.836018258954296,1
2025,.836062104183348,1
2025,.836084667760781,1
2025,.83609062504479,1
2025,.83609577535988,1
2025,.836117888916187,1
2025,.83615332976504,1
2025,.836291771985197,1
2025,.8363178062974,1
2025,.836339413324945,1
2025,.836356626865372,1
2025,.836366170636274,1
2025,.83636813320645,1
2025,.836400983607962,1
2025,.836408165511915,1
2025,.836422599965584,1
2025,.836463649279983,1
2025,.836469942891508,1
2025,.836470717335953,1
2025,.836560435742202,1
2025,.836611158391565,1
2025,.836664657337829,1
2025,.836669545639041,1
2025,.836688411510935,1
2025,.836718599185492,1
2025,.836743582134149,1
2025,.836805245878446,1
2025,.836828644533317,1
2025,.836868748036142,1
2025,.836937682785341,1
2025,.836982425631588,1
2025,.83702595867957,1
2025,.837033861934499,1
2025,.837111942020373,1
2025,.837129785143469,1
2025,.837137056279127,1
2025,.837214169232834,1
2025,.837238210693138,1
2025,.837357313114315,1
2025,.837390501866858,1
2025,.837416115605815,1
2025,.837419691044948,1
2025,.837487951501427,1
2025,.837525722800183,1
2025,.837542609410218,1
2025,.837568987656271,1
2025,.837604304493464,1
2025,.837652121046455,1
2025,.837667266044915,1
2025,.837761541834767,1
2025,.837766881956989,1
2025,.83778413627723,1
2025,.8378658892699,1
2025,.837934203527233,1
2025,.837957887601575,1
2025,.837971392954742,1
2025,.83805919050225,1
2025,.838063468179903,1
2025,.838095548149001,1
2025,.838116238489658,1
2025,.838122090520698,1
2025,.838219824931753,1
2025,.838306428205372,1
2025,.838313011158316,1
2025,.838339951482752,1
2025,.838356112117912,1
2025,.838375431995255,1
2025,.838380745321513,1
2025,.83838499277723,1
2025,.838387423739565,1
2025,.838409580112037,1
2025,.838550674964967,1
2025,.838602283811211,1
2025,.838629260693304,1
2025,.838659070705932,1
2025,.838701560842784,1
2025,.838921306932207,1
2025,.838931233330402,1
2025,.838940313580156,1
2025,.83913091380787,1
2025,.839575449715797,1
2025,.839589187407224,1
2025,.839671533481196,1
2025,.83968327492577,1
2025,.839715817183606,1
2025,.839717289869681,1
2025,.839734236290949,1
2025,.839765453810422,1
2025,.839808031761968,1
2025,.839823658943638,1
2025,.839838561118294,1
2025,.839875266088976,1
2025,.839990429447879,1
2025,.839993378200921,1
2025,.840065012762205,1
2025,.840216579185131,1
2025,.840239602125498,1
2025,.840276060110353,1
2025,.84033035840025,1
2025,.840376286872751,1
2025,.840379620828949,1
2025,.840457867566439,1
2025,.840471687716187,1
2025,.840516078483656,1
2025,.840537669213502,1
2025,.840561369940701,1
2025,.840629887083474,1
2025,.840646244382814,1
2025,.840678004886756,1
2025,.840887343118348,1
2025,.840890675862056,1
2025,.840952739631488,1
2025,.841043037169464,1
2025,.841163403150796,1
2025,.84125778414863,1
2025,.84126412839419,1
2025,.841275608333243,1
2025,.841330982624489,1
2025,.841350565033873,1
2025,.841386260800765,1
2025,.841459460898027,1
2025,.841492556551269,1
2025,.841676427797249,1
2025,.84167906286792,1
2025,.841686995938109,1
2025,.841706821511541,1
2025,.841749710735901,1
2025,.841772380893244,1
2025,.841813084190967,1
2025,.841822207351422,1
2025,.841902764877245,1
2025,.841907831858471,1
2025,.842015360957342,1
2025,.842025067899274,1
2025,.842033772755914,1
2025,.842057416136326,1
2025,.842126326571798,1
2025,.842145328595698,1
2025,.842156303465131,1
2025,.842337787282435,1
2025,.842362995234424,1
2025,.842365859832939,1
2025,.842398443566423,1
2025,.842468713359547,1
2025,.842528204253327,1
2025,.842535897219552,1
2025,.842594029674604,1
2025,.842608100877598,1
2025,.842626709253279,1
2025,.842715422675539,1
2025,.842724411502316,1
2025,.842753546725852,1
2025,.842785928944829,1
2025,.842822337446293,1
2025,.842824174502062,1
2025,.843054131725709,1
2025,.843095301418957,1
2025,.843131760754659,1
2025,.843214577037665,1
2025,.843235734025954,1
2025,.843256086934621,1
2025,.843282652291426,1
2025,.843311917666351,1
2025,.843432029701541,1
2025,.843436680867369,1
2025,.843543211722712,1
2025,.843565532388607,1
2025,.84357816058252,1
2025,.843588032721192,1
2025,.843602102975117,1
2025,.843632079038555,1
2025,.843634846519998,1
2025,.843658304719656,1
2025,.843693205157712,1
2025,.843725189344571,1
2025,.843735229926953,1
2025,.843735727247266,1
2025,.843739211770971,1
2025,.843745158486925,1
2025,.843748369683766,1
2025,.843763235807137,1
2025,.843770956738366,1
2025,.843810714568143,1
2025,.84387579316712,1
2025,.843876537822956,1
2025,.843878261125073,1
2025,.84391131628388,1
2025,.843968326858769,1
2025,.843969455130623,1
2025,.843974976603759,1
2025,.844023443276162,1
2025,.84407303428879,1
2025,.844093623465031,1
2025,.844239195057538,1
2025,.844242847519546,1
2025,.844309739623579,1
2025,.844631160123633,1
2025,.844651044020192,1
2025,.844674468458118,1
2025,.844791631284224,1
2025,.844868769362407,1
2025,.844907547410317,1
2025,.844910425192499,1
2025,.844921333568032,1
2025,.844944279652518,1
2025,.844982959271931,1
2025,.844996581053543,1
2025,.84502548853879,1
2025,.845061306068783,1
2025,.845139672375799,1
2025,.845147955645916,1
2025,.845156189263674,1
2025,.845158092216605,1
2025,.845341920060357,1
2025,.845374761895624,1
2025,.845456608410714,1
2025,.845497648922802,1
2025,.845585973232504,1
2025,.845596504575517,1
2025,.845683657539434,1
2025,.845742027852357,1
2025,.8458070488121,1
2025,.845867814969971,1
2025,.845876132141576,1
2025,.845876295621601,1
2025,.84608825972651,1
2025,.846113522388391,1
2025,.846156567466623,1
2025,.846161914075855,1
2025,.846179116915617,1
2025,.846196835007065,1
2025,.846323750794616,1
2025,.846437390581339,1
2025,.846475589224275,1
2025,.846478807787213,1
2025,.846608140497571,1
2025,.846616111876241,1
2025,.846683098922296,1
2025,.846790929819251,1
2025,.846796487855398,1
2025,.846813354790192,1
2025,.846837902294495,1
2025,.846882276701977,1
2025,.846974096681891,1
2025,.846976606800808,1
2025,.846987693031426,1
2025,.847049192418632,1
2025,.847104385165521,1
2025,.847175102045803,1
2025,.847188647902829,1
2025,.847324948109411,1
2025,.847477194810903,1
2025,.847502725585392,1
2025,.847673735344071,1
2025,.84768967726624,1
2025,.847719092556775,1
2025,.847750188333174,1
2025,.847788755662664,1
2025,.847865221882988,1
2025,.84790094879718,1
2025,.847945320775939,1
2025,.847978375751084,1
2025,.847988208850357,1
2025,.848017244314266,1
2025,.848040247183906,1
2025,.848078017532677,1
2025,.84810719491582,1
2025,.848170808134636,1
2025,.848173686155222,1
2025,.848235182417013,1
2025,.848246533965523,1
2025,.84825291559352,1
2025,.848272878453171,1
2025,.848325185622743,1
2025,.848334762226676,1
2025,.848373119321945,1
2025,.848376587175626,1
2025,.848379321807343,1
2025,.84840658529146,1
2025,.848438563527675,1
2025,.848470055335205,1
2025,.848506665876487,1
2025,.84855158850326,1
2025,.848559206295192,1
2025,.848596781903912,1
2025,.848605774616287,1
2025,.848647485985771,1
2025,.848707349097852,1
2025,.848727311540295,1
2025,.848757174016762,1
2025,.848804540638391,1
2025,.848806417773112,1
2025,.848848671595328,1
2025,.848861538494338,1
2025,.848986363157649,1
2025,.849016864392666,1
2025,.849063679984906,1
2025,.849107146303135,1
2025,.84911246954414,1
2025,.849150090304188,1
2025,.849181672718131,1
2025,.84918798414021,1
2025,.849247767231977,1
2025,.849275840104181,1
2025,.849361496919476,1
2025,.849370504931778,1
2025,.849410349764122,1
2025,.849414069525217,1
2025,.849429850566719,1
2025,.849456450204069,1
2025,.849484145747637,1
2025,.849490145781499,1
2025,.849533832454683,1
2025,.84961971204447,1
2025,.849710801669865,1
2025,.849773942804949,1
2025,.849799510416491,1
2025,.849800725564942,1
2025,.849815056107901,1
2025,.849841397766759,1
2025,.849871015057168,1
2025,.849883611566405,1
2025,.849942184433384,1
2025,.8500190892099,1
2025,.850093652237301,1
2025,.850179391684826,1
2025,.850290659383078,1
2025,.85032458290225,1
2025,.850344611709208,1
2025,.850357399591156,1
2025,.850454799995919,1
2025,.85050678863494,1
2025,.850533003723392,1
2025,.850571417949929,1
2025,.850588658006807,1
2025,.850645189500404,1
2025,.850658097476941,1
2025,.850703465583025,1
2025,.850723848930135,1
2025,.850823328191491,1
2025,.850886348711202,1
2025,.850902948226667,1
2025,.850908486157728,1
2025,.850909873407978,1
2025,.850970073156695,1
2025,.851045677998046,1
2025,.851195939517458,1
2025,.851196535399288,1
2025,.851205106858568,1
2025,.851258341376699,1
2025,.851263458147856,1
2025,.851274862099346,1
2025,.851304382285741,1
2025,.851372127400467,1
2025,.851406779389906,1
2025,.851416037490636,1
2025,.851423164597378,1
2025,.85145979863317,1
2025,.851467273709956,1
2025,.851537982294601,1
2025,.851558405905004,1
2025,.851640573255001,1
2025,.851719636955799,1
2025,.851765904009501,1
2025,.851872665810525,1
2025,.851881331021317,1
2025,.851949467757335,1
2025,.852004697117767,1
2025,.852043628223773,1
2025,.852057815178929,1
2025,.85215451720141,1
2025,.852168933830441,1
2025,.852190611637924,1
2025,.852273754101442,1
2025,.85227941230929,1
2025,.852345103019485,1
2025,.852352561127395,1
2025,.852365674648051,1
2025,.852391028847535,1
2025,.852454913759086,1
2025,.852471676333184,1
2025,.852516916600049,1
2025,.852563487466432,1
2025,.852611991791222,1
2025,.852630983610871,1
2025,.852742412468779,1
2025,.852763059882195,1
2025,.852787448419421,1
2025,.85282370352986,1
2025,.85287483797197,1
2025,.85290785509611,1
2025,.852946223488383,1
2025,.852955250790198,1
2025,.853009251708706,1
2025,.853136018616435,1
2025,.853229065014458,1
2025,.853269429786811,1
2025,.853271948482764,1
2025,.853272774242555,1
2025,.853292337452255,1
2025,.853328147870146,1
2025,.853391789762546,1
2025,.853394838535125,1
2025,.853489939582065,1
2025,.853512885232768,1
2025,.853607058179845,1
2025,.853647483532716,1
2025,.853742621024096,1
2025,.853769827881393,1
2025,.853778398680811,1
2025,.853796359207872,1
2025,.853799469481771,1
2025,.853809036196584,1
2025,.853847881292544,1
2025,.853896207309299,1
2025,.853941112609493,1
2025,.854030557169048,1
2025,.854034846437155,1
2025,.8540792888241,1
2025,.854118546286432,1
2025,.854259506621348,1
2025,.854320260687251,1
2025,.854335915130964,1
2025,.854445683505833,1
2025,.854629266282673,1
2025,.854663702498279,1
2025,.854787929590171,1
2025,.854866224814033,1
2025,.854916376304451,1
2025,.8549244752102,1
2025,.854979657652942,1
2025,.855054285564283,1
2025,.855073995869316,1
2025,.855096596515355,1
2025,.855103794763774,1
2025,.855124733082536,1
2025,.855200578932085,1
2025,.855229996160575,1
2025,.855252186992851,1
2025,.855281733915076,1
2025,.855333449402845,1
2025,.855377874731165,1
2025,.855485647757322,1
2025,.855537969462184,1
2025,.855551686329699,1
2025,.855640104267101,1
2025,.855730447466056,1
2025,.855770164930853,1
2025,.855785297489876,1
2025,.855882447794913,1
2025,.85599061561113,1
2025,.856034192562523,1
2025,.856081728508655,1
2025,.856147963714311,1
2025,.856158825680338,1
2025,.856312093371821,1
2025,.856330838145393,1
2025,.856346766391518,1
2025,.856455215768239,1
2025,.85648153924423,1
2025,.856507711600287,1
2025,.856604981910437,1
2025,.856641951266795,1
2025,.856674693622881,1
2025,.856682392499124,1
2025,.856682834846149,1
2025,.856691332483942,1
2025,.856798477581277,1
2025,.8567988687564,1
2025,.856837578429356,1
2025,.856891204480215,1
2025,.857039460484481,1
2025,.857089107380932,1
2025,.857131864788826,1
2025,.85716592806775,1
2025,.857183948511535,1
2025,.857205967800927,1
2025,.857241267493889,1
2025,.857262783332147,1
2025,.857267000907879,1
2025,.857269280791316,1
2025,.857273391808606,1
2025,.857283689456219,1
2025,.857319201331425,1
2025,.857380117080432,1
2025,.857460425294833,1
2025,.85750542711956,1
2025,.857535040018767,1
2025,.85755315595323,1
2025,.857592516192265,1
2025,.85761108806314,1
2025,.857619916220863,1
2025,.857691363385435,1
2025,.857703012851919,1
2025,.857736703469015,1
2025,.85775001761623,1
2025,.857757539770854,1
2025,.857769636191434,1
2025,.857886645355599,1
2025,.857906610431754,1
2025,.858035229438641,1
2025,.858080173806054,1
2025,.858153046386518,1
2025,.858157552529662,1
2025,.85820392326735,1
2025,.858265502986565,1
2025,.858307533268207,1
2025,.858462419688952,1
2025,.858679102397543,1
2025,.858835720211235,1
2025,.858878971424937,1
2025,.858944601238272,1
2025,.858953802021966,1
2025,.859029215154777,1
2025,.85920619267406,1
2025,.859215298830296,1
2025,.859249646642468,1
2025,.859261406138208,1
2025,.859293817908369,1
2025,.859319310729814,1
2025,.859337800463378,1
2025,.859407831255331,1
2025,.859424390166375,1
2025,.859476617555976,1
2025,.859483752526071,1
2025,.859633027990714,1
2025,.859670755440751,1
2025,.859732123797114,1
2025,.859756241868984,1
2025,.859809934150931,1
2025,.859839345473806,1
2025,.859881532323343,1
2025,.859977164974031,1
2025,.860131303468315,1
2025,.860143952207097,1
2025,.860151766492981,1
2025,.860160004233305,1
2025,.860170041928829,1
2025,.860178374886557,1
2025,.860248433507368,1
2025,.86031816555798,1
2025,.860492444995901,1
2025,.860582464617943,1
2025,.860632796730024,1
2025,.860652019816787,1
2025,.860790244194536,1
2025,.860802013716494,1
2025,.860802863334157,1
2025,.860805626857087,1
2025,.860899877199957,1
2025,.861034808283151,1
2025,.861047286510538,1
2025,.861125161102236,1
2025,.861181985263142,1
2025,.861252855318473,1
2025,.861264544194898,1
2025,.861296732287459,1
2025,.861413954662432,1
2025,.861474992512138,1
2025,.861490008400604,1
2025,.861650057222185,1
2025,.861681529080817,1
2025,.861717772623278,1
2025,.861751734794334,1
2025,.861805852384073,1
2025,.86183966875496,1
2025,.861938011263091,1
2025,.861974263166156,1
2025,.86198860957798,1
2025,.862006908143575,1
2025,.862268369621028,1
2025,.862299805987317,1
2025,.862333744522772,1
2025,.862334322256937,1
2025,.862409466765417,1
2025,.862429880064385,1
2025,.862589802049652,1
2025,.862594782258232,1
2025,.862658358136042,1
2025,.862754827928309,1
2025,.862760863853478,1
2025,.862844431965916,1
2025,.862936472525537,1
2025,.863081231016627,1
2025,.863124256816657,1
2025,.863175955822552,1
2025,.863433518345151,1
2025,.863443952094717,1
2025,.86348052008975,1
2025,.863523863702209,1
2025,.863557266472817,1
2025,.86358461676071,1
2025,.863697925566528,1
2025,.863832172746236,1
2025,.863963588329845,1
2025,.863993400040951,1
2025,.864053920849762,1
2025,.864133380585784,1
2025,.864140094331128,1
2025,.864141729772629,1
2025,.864204831987902,1
2025,.864240541004046,1
2025,.864250560623912,1
2025,.864278613949387,1
2025,.864288156579669,1
2025,.864374148279546,1
2025,.864382611105993,1
2025,.864417503248744,1
2025,.864445482521324,1
2025,.864518877664303,1
2025,.864549662112497,1
2025,.864551056441349,1
2025,.864563414319629,1
2025,.864572886243256,1
2025,.864576655104992,1
2025,.864585659338323,1
2025,.864635218773435,1
2025,.864715492133802,1
2025,.864803831884351,1
2025,.864895933493473,1
2025,.864901549416803,1
2025,.864941689466825,1
2025,.865053810210476,1
2025,.865063707256408,1
2025,.865160088004788,1
2025,.86516964256727,1
2025,.865175185754888,1
2025,.865205225836,1
2025,.865214146080408,1
2025,.865264619062092,1
2025,.865450314116823,1
2025,.86546715397175,1
2025,.865516101089022,1
2025,.865580768167329,1
2025,.865734702424691,1
2025,.865739814253677,1
2025,.865759506749507,1
2025,.86579226188299,1
2025,.866015436997933,1
2025,.866137429403235,1
2025,.866137922470358,1
2025,.86614281729581,1
2025,.866153555369841,1
2025,.86619084712586,1
2025,.866214305470199,1
2025,.866236238334172,1
2025,.86627212432101,1
2025,.866277593818192,1
2025,.866335033018776,1
2025,.86636654067534,1
2025,.866519855923127,1
2025,.866758934838007,1
2025,.866766662348008,1
2025,.866840897283249,1
2025,.866849855665691,1
2025,.866896179111783,1
2025,.866915115782485,1
2025,.866969529641091,1
2025,.867113437833973,1
2025,.867194076073816,1
2025,.867443338019323,1
2025,.867462262759248,1
2025,.867589437167813,1
2025,.867646163561748,1
2025,.867650703181082,1
2025,.867662340692742,1
2025,.867768653133507,1
2025,.867849557304785,1
2025,.867861446449461,1
2025,.867929210384976,1
2025,.868110186488389,1
2025,.868118769820721,1
2025,.868227110032604,1
2025,.868245336727678,1
2025,.868250308731815,1
2025,.868252687952331,1
2025,.868392883260616,1
2025,.868510510923907,1
2025,.868583325220229,1
2025,.868585363326025,1
2025,.868600360193319,1
2025,.86860663352251,1
2025,.868611878137646,1
2025,.868694237471876,1
2025,.868695322533262,1
2025,.868725725936661,1
2025,.868737492547536,1
2025,.86883663856683,1
2025,.868845553743223,1
2025,.86885029306238,1
2025,.868856167309061,1
2025,.868882698903257,1
2025,.868889977973249,1
2025,.868910734503496,1
2025,.869026757250406,1
2025,.869073006628924,1
2025,.869121390397328,1
2025,.86913323625894,1
2025,.869356312700958,1
2025,.869358837830347,1
2025,.869372601321122,1
2025,.869402312348947,1
2025,.869458557143182,1
2025,.869497828304082,1
2025,.869503360508068,1
2025,.869874429614243,1
2025,.86987858702876,1
2025,.870000589094005,1
2025,.870148969097281,1
2025,.870212732443242,1
2025,.870274652781105,1
2025,.870329569950019,1
2025,.870601724989486,1
2025,.87062268108814,1
2025,.870773988262892,1
2025,.870775754395156,1
2025,.870829869087403,1
2025,.870862466867548,1
2025,.871013252616631,1
2025,.871032487892865,1
2025,.871076667501749,1
2025,.871104340244329,1
2025,.871161034812569,1
2025,.871244354138712,1
2025,.871334008450608,1
2025,.871374174493975,1
2025,.871526398985747,1
2025,.871544518462206,1
2025,.871615893511479,1
2025,.871623297155974,1
2025,.871638906775266,1
2025,.871724308297434,1
2025,.871744055358895,1
2025,.87190769159846,1
2025,.87194895730948,1
2025,.872058583113649,1
2025,.872071544796084,1
2025,.87225196159851,1
2025,.87225292709824,1
2025,.872301094915853,1
2025,.872410599879762,1
2025,.872425966536245,1
2025,.872486992534815,1
2025,.872545972916841,1
2025,.872553670963178,1
2025,.872685304596552,1
2025,.872800419692007,1
2025,.872854281000333,1
2025,.872949390017854,1
2025,.873016462618899,1
2025,.873038457876016,1
2025,.87306358521438,1
2025,.873282023592325,1
2025,.873297687139058,1
2025,.873298620195042,1
2025,.873307966346981,1
2025,.873458175530598,1
2025,.873537697218307,1
2025,.873547183204395,1
2025,.873590728377671,1
2025,.873594357441454,1
2025,.873620324030917,1
2025,.873625061879704,1
2025,.873775147406739,1
2025,.873780195531834,1
2025,.873857160281958,1
2025,.873959473626362,1
2025,.874059580773292,1
2025,.874129060958758,1
2025,.874166679269274,1
2025,.874175733612744,1
2025,.874223972090874,1
2025,.874297259972193,1
2025,.874361219396499,1
2025,.874410990719171,1
2025,.874512228030263,1
2025,.874557161907023,1
2025,.87473743693623,1
2025,.874772430378391,1
2025,.874859269432042,1
2025,.874971028293284,1
2025,.874971520574394,1
2025,.875018443170527,1
2025,.875037807408228,1
2025,.875081033655412,1
2025,.875122602639433,1
2025,.875122767115356,1
2025,.875161152565607,1
2025,.875196663117768,1
2025,.875214541989317,1
2025,.875240957227792,1
2025,.875287955182136,1
2025,.875384729721562,1
2025,.875397847287733,1
2025,.875429550221749,1
2025,.875490038209647,1
2025,.87549374114524,1
2025,.875522572348347,1
2025,.875611768262015,1
2025,.875630270656129,1
2025,.875638539992907,1
2025,.875653257294295,1
2025,.875657098264373,1
2025,.875994458562467,1
2025,.876145891575854,1
2025,.876191963786406,1
2025,.876230799059533,1
2025,.876240457871619,1
2025,.876402649602194,1
2025,.876526493967429,1
2025,.876565307231639,1
2025,.876702931779595,1
2025,.87673355507907,1
2025,.87677992854882,1
2025,.876801773759798,1
2025,.876859555408823,1
2025,.877022786795377,1
2025,.877041102657589,1
2025,.877047557333589,1
2025,.877085414813459,1
2025,.87710746873954,1
2025,.877168308201805,1
2025,.877233194316445,1
2025,.877424062586446,1
2025,.877468029156234,1
2025,.877732991935001,1
2025,.877751276283736,1
2025,.877759044451627,1
2025,.877800707984516,1
2025,.877803430102583,1
2025,.877842472018874,1
2025,.878215380837822,1
2025,.878255045868049,1
2025,.878338721780957,1
2025,.878437533217069,1
2025,.878447135007169,1
2025,.878539802078015,1
2025,.878672558485825,1
2025,.878690735339187,1
2025,.878726836972684,1
2025,.878734544953447,1
2025,.878764795603016,1
2025,.878921903896287,1
2025,.878938056765397,1
2025,.878942312652667,1
2025,.878965774271611,1
2025,.878998524109603,1
2025,.879090685220666,1
2025,.879130841907002,1
2025,.879205262772508,1
2025,.879290124121732,1
2025,.879302504882861,1
2025,.879311156024025,1
2025,.879419390340142,1
2025,.879588432824965,1
2025,.87962526744765,1
2025,.879700413162629,1
2025,.879715056724038,1
2025,.879718603792193,1
2025,.879811014304453,1
2025,.879856519187712,1
2025,.879858914585274,1
2025,.879898225439715,1
2025,.879917061897676,1
2025,.879930174436661,1
2025,.88015110167144,1
2025,.880168035515487,1
2025,.880240568834227,1
2025,.880243796108185,1
2025,.880305568074448,1
2025,.880340989801709,1
2025,.880378771220418,1
2025,.880410584849757,1
2025,.880419241662086,1
2025,.880439986247598,1
2025,.880696698540942,1
2025,.880702622521292,1
2025,.880917138454535,1
2025,.880939721340335,1
2025,.88101147588519,1
2025,.881035586740734,1
2025,.881125049125288,1
2025,.881167705568135,1
2025,.881172013683096,1
2025,.881344607521197,1
2025,.8813604079747,1
2025,.881507592250961,1
2025,.881576653934499,1
2025,.881585830451461,1
2025,.881641348794675,1
2025,.881756441535884,1
2025,.881898428407112,1
2025,.881929778017497,1
2025,.88198660308018,1
2025,.882019283002896,1
2025,.882024144319591,1
2025,.882111346785056,1
2025,.882186985757615,1
2025,.882301463301536,1
2025,.882311807768392,1
2025,.882508351673887,1
2025,.882558635810647,1
2025,.882631774842757,1
2025,.882699108158772,1
2025,.882729476265179,1
2025,.882737158715863,1
2025,.88297593678193,1
2025,.883040676181054,1
2025,.883047500921971,1
2025,.883075646908366,1
2025,.883083911875328,1
2025,.883316015694072,1
2025,.883392973360583,1
2025,.883438281354855,1
2025,.883516563426086,1
2025,.883840603809118,1
2025,.883965886652861,1
2025,.884000124829105,1
2025,.88406105707824,1
2025,.884094105845217,1
2025,.884241032270439,1
2025,.884332264015403,1
2025,.884441472515551,1
2025,.884495625996858,1
2025,.884541952771957,1
2025,.884557998358771,1
2025,.884860616375499,1
2025,.884917801408437,1
2025,.885008657829858,1
2025,.885160887848919,1
2025,.885351201897383,1
2025,.885364429059314,1
2025,.885714540582863,1
2025,.885780730310215,1
2025,.885839936894022,1
2025,.885902438308973,1
2025,.88599107880842,1
2025,.886115020316331,1
2025,.88622347041575,1
2025,.886272562967841,1
2025,.88640098381604,1
2025,.88651802905383,1
2025,.886528579212769,1
2025,.886625039427208,1
2025,.8866358187366,1
2025,.886644968972959,1
2025,.887002919076605,1
2025,.887250506739672,1
2025,.887310936061098,1
2025,.887314116100239,1
2025,.887380055494729,1
2025,.887470874032612,1
2025,.887530129473773,1
2025,.887610906998739,1
2025,.887638199905717,1
2025,.887640386723505,1
2025,.887682712306446,1
2025,.887723126379686,1
2025,.887850694641914,1
2025,.888106634360574,1
2025,.888137470907187,1
2025,.888162942378061,1
2025,.888224335795884,1
2025,.888612195003621,1
2025,.888668267040111,1
2025,.888738757254831,1
2025,.888905705028226,1
2025,.888946759795518,1
2025,.889003757530667,1
2025,.889067981195743,1
2025,.889127338696912,1
2025,.889188438542619,1
2025,.889316875632867,1
2025,.889324896894562,1
2025,.889361490940732,1
2025,.889496784814396,1
2025,.889791608679915,1
2025,.889873721695467,1
2025,.889903857026558,1
2025,.889949851232695,1
2025,.889979317551774,1
2025,.890026069006142,1
2025,.890035612965402,1
2025,.89030243680689,1
2025,.890328470950825,1
2025,.890449507777176,1
2025,.890526090592939,1
2025,.890629487733641,1
2025,.890641154664437,1
2025,.890792432394827,1
2025,.890870012336116,1
2025,.890921593756931,1
2025,.890937248358641,1
2025,.890991097805403,1
2025,.891283417760859,1
2025,.891291137720293,1
2025,.891294178193037,1
2025,.891306737313643,1
2025,.891335248809409,1
2025,.891461919652072,1
2025,.891591085961978,1
2025,.891647293178547,1
2025,.89168913597828,1
2025,.891804413461071,1
2025,.892037267794794,1
2025,.892040071752389,1
2025,.892123807513585,1
2025,.89226548348409,1
2025,.892416792657917,1
2025,.89254290628141,1
2025,.892545793771425,1
2025,.892568364204053,1
2025,.892641796897567,1
2025,.892730493629014,1
2025,.892797873473687,1
2025,.892880146152662,1
2025,.893023395980818,1
2025,.893038476589799,1
2025,.893051732679599,1
2025,.893054828661912,1
2025,.893069382924644,1
2025,.893198948729238,1
2025,.893314975859337,1
2025,.893453796698832,1
2025,.893504332191079,1
2025,.893553025246634,1
2025,.893608257044573,1
2025,.893789615803863,1
2025,.893909633331648,1
2025,.893925037803798,1
2025,.894042809484757,1
2025,.894509168864093,1
2025,.894513717336084,1
2025,.894542615400526,1
2025,.894609625472838,1
2025,.894616756341897,1
2025,.894750569478447,1
2025,.895064534277985,1
2025,.895204531935962,1
2025,.895346267892949,1
2025,.895348667026183,1
2025,.895455065028902,1
2025,.895624846721987,1
2025,.895707299540848,1
2025,.895840602276009,1
2025,.895944092751131,1
2025,.895950446489479,1
2025,.896067405483224,1
2025,.896092672077078,1
2025,.896180988637608,1
2025,.896331388631833,1
2025,.896501372529579,1
2025,.896646524114101,1
2025,.896772285833583,1
2025,.896857909706,1
2025,.896907107864787,1
2025,.89697193931249,1
2025,.897074442319515,1
2025,.897105372506772,1
2025,.897112448119352,1
2025,.897329909350674,1
2025,.897330120755953,1
2025,.897434765559844,1
2025,.897452992779533,1
2025,.897594443814089,1
2025,.897635641716888,1
2025,.897740504294,1
2025,.897740754127548,1
2025,.897786949740726,1
2025,.898099589559933,1
2025,.898114196306761,1
2025,.898175200479998,1
2025,.898194919557856,1
2025,.898331489019759,1
2025,.898442870131417,1
2025,.898522168153175,1
2025,.898639221294276,1
2025,.898699915126941,1
2025,.898735953217408,1
2025,.89885573883388,1
2025,.898962339357336,1
2025,.899036781037986,1
2025,.899176033422337,1
2025,.899344328378521,1
2025,.899410429472654,1
2025,.899479022840438,1
2025,.899565063719985,1
2025,.899828240671785,1
2025,.899923591520789,1
2025,.899950903916198,1
2025,.900273272908057,1
2025,.900335935010323,1
2025,.900532808677477,1
2025,.900647331346833,1
2025,.901005864059496,1
2025,.901194680015741,1
2025,.90126538817268,1
2025,.901286412664452,1
2025,.901353580729522,1
2025,.901696726099395,1
2025,.902056579565905,1
2025,.90207403876822,1
2025,.902189692917091,1
2025,.9024157402733,1
2025,.902518772547257,1
2025,.902667414408611,1
2025,.902749465012397,1
2025,.902761526506348,1
2025,.902793643564897,1
2025,.902956630256143,1
2025,.902993609072163,1
2025,.903199071585607,1
2025,.903306862886347,1
2025,.903318099676007,1
2025,.903415485199827,1
2025,.903556701979988,1
2025,.903574345624547,1
2025,.903837107474968,1
2025,.904003902054304,1
2025,.904250084277492,1
2025,.904275743753367,1
2025,.904296864801143,1
2025,.904449952444626,1
2025,.904531594391429,1
2025,.904535819146053,1
2025,.904555866850216,1
2025,.904635942448431,1
2025,.904685058875252,1
2025,.904890264663986,1
2025,.905095337335884,1
2025,.905173301838557,1
2025,.905394936166895,1
2025,.905480560768996,1
2025,.905497222010772,1
2025,.905500713202478,1
2025,.905502411362503,1
2025,.905509051830246,1
2025,.905617930913665,1
2025,.905656015465802,1
2025,.905714755366878,1
2025,.905798945097698,1
2025,.906062635783765,1
2025,.906078060135843,1
2025,.906361250933675,1
2025,.906497791897899,1
2025,.906497847256803,1
2025,.906525909128886,1
2025,.906559460420536,1
2025,.906955312296949,1
2025,.907080721777934,1
2025,.907252573854319,1
2025,.907258469158975,1
2025,.907694545861066,1
2025,.908048356384229,1
2025,.908111349082548,1
2025,.90815105035438,1
2025,.908343128678737,1
2025,.908507060689359,1
2025,.908612267380679,1
2025,.908753796186646,1
2025,.908924554149169,1
2025,.90896525986535,1
2025,.909113771660323,1
2025,.909420495897533,1
2025,.909773885162517,1
2025,.909805960324636,1
2025,.909837312147696,1
2025,.909868043741988,1
2025,.910008729594875,1
2025,.910126402444673,1
2025,.9101669611817,1
2025,.910227683767825,1
2025,.91024318816194,1
2025,.910372050167941,1
2025,.910525805670477,1
2025,.91065279065981,1
2025,.910666652562369,1
2025,.91076183411517,1
2025,.910796265498032,1
2025,.910845316350216,1
2025,.910847106683893,1
2025,.910898435212706,1
2025,.910930583237317,1
2025,.910965215862984,1
2025,.911005477623306,1
2025,.911364258622279,1
2025,.911716014695303,1
2025,.912080833311342,1
2025,.912267076446559,1
2025,.912322133251642,1
2025,.912367743183998,1
2025,.912545334745311,1
2025,.91270959674706,1
2025,.912860621676832,1
2025,.913049096193751,1
2025,.913111585054779,1
2025,.913598541936017,1
2025,.913625108235253,1
2025,.913739588656794,1
2025,.913739840056587,1
2025,.913851448545417,1
2025,.913915220830656,1
2025,.913972969902785,1
2025,.914409763282528,1
2025,.91443628941785,1
2025,.914568923080221,1
2025,.914586170593934,1
2025,.91470112632501,1
2025,.914728422670569,1
2025,.914739147795612,1
2025,.91502320852648,1
2025,.91541689476915,1
2025,.915620803752725,1
2025,.915807733151277,1
2025,.916017865017068,1
2025,.916136382037972,1
2025,.916159945989811,1
2025,.916160998891897,1
2025,.916237858915461,1
2025,.916329427008925,1
2025,.916342379204271,1
2025,.916522725129788,1
2025,.916765614879927,1
2025,.916957741393037,1
2025,.917166575239495,1
2025,.917525803197518,1
2025,.917531482585954,1
2025,.917868533738802,1
2025,.918304672916496,1
2025,.91835699884581,1
2025,.918696293444769,1
2025,.918739393839379,1
2025,.918742780743548,1
2025,.919241916291427,1
2025,.919286568243633,1
2025,.919305663559545,1
2025,.919408774171912,1
2025,.919769727260384,1
2025,.920185638408249,1
2025,.920213579119026,1
2025,.920238560367967,1
2025,.92028571420039,1
2025,.920301278556719,1
2025,.920333292705252,1
2025,.920378303083764,1
2025,.920598414920056,1
2025,.920765555663414,1
2025,.920986117133547,1
2025,.921053025086873,1
2025,.921066014614945,1
2025,.921281474118354,1
2025,.921441962790932,1
2025,.921732501088602,1
2025,.921760235609285,1
2025,.92183960120551,1
2025,.921839816003834,1
2025,.922791867442899,1
2025,.922899724045134,1
2025,.922958355523694,1
2025,.922981078295643,1
2025,.923312907141972,1
2025,.923318994032346,1
2025,.923529498080371,1
2025,.923733082294493,1
2025,.923789410859173,1
2025,.924130829812975,1
2025,.924227575181927,1
2025,.924447178563499,1
2025,.924514073296072,1
2025,.924610452362315,1
2025,.924622880971748,1
2025,.924823860902273,1
2025,.925651535384362,1
2025,.925661496603567,1
2025,.925687823117679,1
2025,.926140257350462,1
2025,.926352952933231,1
2025,.926388412122358,1
2025,.926575865139046,1
2025,.92669869973303,1
2025,.926745933152144,1
2025,.927093012378225,1
2025,.927580771925751,1
2025,.927589915999165,1
2025,.927808641722024,1
2025,.927834276818736,1
2025,.927848684725753,1
2025,.927898372684708,1
2025,.928468747992593,1
2025,.928674284267043,1
2025,.928731842663207,1
2025,.929180640101726,1
2025,.929287119951169,1
2025,.929378058284677,1
2025,.929919636549708,1
2025,.930045466996562,1
2025,.930049107899525,1
2025,.930378001017324,1
2025,.930379761962865,1
2025,.930716283330165,1
2025,.930767303873288,1
2025,.931029905046615,1
2025,.931721689652653,1
2025,.931872201624322,1
2025,.932028153921614,1
2025,.932222957658841,1
2025,.932241454056932,1
2025,.932246036371549,1
2025,.93361444639276,1
2025,.933989765836075,1
2025,.934354221286409,1
2025,.934834113718052,1
2025,.934843034164568,1
2025,.935008864046925,1
2025,.93574508870989,1
2025,.935872920333963,1
2025,.936768213292062,1
2025,.936813457045172,1
2025,.936866380238377,1
2025,.936952085359151,1
2025,.937247267138143,1
2025,.937792328339686,1
2025,.938099484732566,1
2025,.93828182606232,1
2025,.938346881029928,1
2025,.939605889844278,1
2025,.939626904465657,1
2025,.941248311423281,1
2025,.941549935255962,1
2025,.941790825886035,1
2025,.94244874267712,1
2025,.942870683673509,1
2025,.94322622124247,1
2025,.943327015959073,1
2025,.943486115663652,1
2025,.943787253404475,1
2025,.943996477840308,1
2025,.94447773081091,1
2025,.944490163013707,1
2025,.944569483397784,1
2025,.945405277417103,1
2025,.9461229055364,1
2025,.946156257748927,1
2025,.946356745876218,1
2025,.946889757959134,1
2025,.947064540557509,1
2025,.947919981440284,1
2025,.948226428556317,1
2025,.95131822821356,1
2025,.951652875723757,1
2025,.951788244544042,1
2025,.95220980717388,1
2025,.954003286923774,1
2025,.955183169811124,1
2025,.955193110209825,1
2025,.955202047597594,1
2025,.956358815386614,1
2025,.956485918109907,1
2025,.957352963639394,1
2025,.957462177212509,1
2025,.958302644140368,1
2025,.959888617219421,1
2025,.961091560493013,1
2025,.961676091761618,1
2025,.961807624254933,1
2025,.962964091463493,1
2025,.963860398882416,1
2025,.965896710068223,1
2025,.970865041347758,1
2025,.972597001610515,1