Academic Year,Standard,Standard Version,Adjusted Not Achieved Percentile,Adjusted Achieved Percentile,Adjusted Merit Percentile,Adjusted Excellence Percentile
2018,90825,3,0.0768503937007874000.298897637795276000,0.553700787401575000,0.831653543307087000
2018,90826,2,0.142857142857143000,0.285714285714286000,0.428571428571429000,0.785714285714286000
2018,90826,3,0.058076422058185000,0.264003473729918000,0.525944420321320000,0.820017368649588000
2018,90827,2,0.000000000000000000,0.500000000000000000,1.000000000000000000,1.000000000000000000
2018,90827,3,0.062803234501347700,0.259299191374663000,0.517654986522911000,0.821159029649596000
2018,90828,2,0.166666666666667000,0.333333333333333000,0.333333333333333000,0.666666666666667000
2018,90828,3,0.129310344827586000,0.438218390804598000,0.692528735632184000,0.883620689655173000
2018,90831,3,0.092105263157894800,0.421052631578947000,0.750000000000000000,0.921052631578948000
2018,90832,2,0.000000000000000000,0.500000000000000000,1.000000000000000000,1.000000000000000000
2018,90832,3,0.113168724279835000,0.407407407407407000,0.683127572016461000,0.888888888888889000
2018,91379,2,0.205085682697623000,0.567993366500829000,0.831398562741846000,0.968490878938640000
2018,91380,2,0.163987138263666000,0.512325830653805000,0.793140407288317000,0.944801714898178000
2018,91381,2,0.156679764243615000,0.555009823182711000,0.862966601178782000,0.964636542239686000
2018,91382,1,0.045454545454545500,0.090909090909090900,0.363636363636364000,0.818181818181818000
2018,91382,2,0.066948284690220200,0.308627752176139000,0.616487455197133000,0.874807987711214000
2018,91383,2,0.110373181530677000,0.392156862745098000,0.677735610373181000,0.895951929158760000
2018,91384,1,0.029411764705882400,0.294117647058824000,0.647058823529412000,0.882352941176471000
2018,91384,2,0.063786650031191500,0.304741110417966000,0.616344354335621000,0.875389893948846000
2018,91385,2,0.104381443298969000,0.396907216494845000,0.698453608247423000,0.905927835051546000
2018,91387,2,0.040500186636804800,0.218924972004479000,0.483762597984323000,0.805337812616648000
2018,91388,1,0.214285714285714000,0.464285714285714000,0.535714285714286000,0.785714285714286000
2018,91388,2,0.022440017137960600,0.133515424164524000,0.345008568980291000,0.733933161953728000
2018,91389,1,0.026548672566371700,0.172566371681416000,0.411504424778761000,0.765486725663717000
2018,91389,2,0.059532974082627600,0.279702335129587000,0.560431100846805000,0.840261739799846000
2018,91390,2,0.133536923931149000,0.443142698500833000,0.755080510827318000,0.945474736257635000
2018,91391,2,0.111934766493699000,0.410748702742772000,0.743143068939956000,0.944329132690882000
2018,91392,2,0.143549306479194000,0.436918107543226000,0.715656469694091000,0.922287668630059000
2018,91393,1,0.089285714285714300,0.250000000000000000,0.464285714285714000,0.803571428571429000
2018,91393,2,0.037889889051706100,0.151088549298723000,0.329547833368223000,0.716349173121206000
2018,91394,2,0.126632595116411000,0.436967632027257000,0.749006246450880000,0.938671209540034000
2018,91395,2,0.108731466227348000,0.410488742449204000,0.728171334431631000,0.926414058209775000
2018,91396,2,0.130000000000000000,0.423939393939394000,0.740303030303030000,0.946363636363636000
2018,91397,2,0.075911175476707700,0.288438329712769000,0.557325609461743000,0.844798455225682000
2018,91398,1,0.000000000000000000,0.000000000000000000,0.000000000000000000,0.500000000000000000
2018,91398,2,0.085432098765432100,0.311358024691358000,0.570370370370370000,0.844444444444445000
2018,91399,2,0.129662209711471000,0.435432793807178000,0.734517945109078000,0.928747361013371000
2018,91400,2,0.144963144963145000,0.443079443079443000,0.733005733005733000,0.934889434889435000
2018,91401,1,0.115384615384615000,0.384615384615385000,0.730769230769231000,0.961538461538462000
2018,91401,2,0.045320855614973300,0.243181818181818000,0.537700534759358000,0.839839572192513000
2018,91402,1,0.071428571428571500,0.285714285714286000,0.642857142857143000,0.928571428571429000
2018,91402,2,0.068644310690742300,0.299942676984809000,0.590856979077100000,0.859558612783032000
2018,91403,2,0.168527564549895000,0.527215631542219000,0.823447313328681000,0.964759246336357000
2018,91404,2,0.204797047970480000,0.590405904059041000,0.848708487084871000,0.963099630996310000
2018,91405,1,0.000000000000000000,0.125000000000000000,0.458333333333333000,0.833333333333333000
2018,91405,2,0.033699893579283400,0.169031571479248000,0.423199716211423000,0.787868038311458000
2018,91406,2,0.158239143367043000,0.477096966091612000,0.753718024985128000,0.934860202260559000
2018,91407,1,0.000000000000000000,0.454545454545455000,0.954545454545455000,1.000000000000000000
2018,91407,2,0.073793755912961200,0.294938505203406000,0.570482497634816000,0.849337748344371000
2018,91408,2,0.118640038040894000,0.449833571088921000,0.792201616737993000,0.961008083689967000
2018,91409,1,0.027777777777777800,0.250000000000000000,0.611111111111111000,0.888888888888889000
2018,91409,2,0.035767234988880600,0.188843587842847000,0.454225352112676000,0.801148999258710000
2018,91410,2,0.124132613723978000,0.462991518889746000,0.767540478026214000,0.928681572860447000
2018,91411,1,0.016666666666666700,0.400000000000000000,0.883333333333333000,1.000000000000000000
2018,91411,2,0.102302345786273000,0.402693310165074000,0.697219808861859000,0.896828844483058000
2018,91412,1,0.000000000000000000,0.500000000000000000,1.000000000000000000,1.000000000000000000
2018,91412,2,0.130581297388374000,0.447346251053075000,0.723251895534962000,0.906486941870261000
2018,91413,2,0.252895752895753000,0.673745173745174000,0.909909909909910000,0.989060489060489000
2018,91414,2,0.187793427230047000,0.569640062597809000,0.859937402190923000,0.978090766823161000
2018,91415,1,0.000000000000000000,0.166666666666667000,0.333333333333333000,0.666666666666667000
2018,91415,2,0.109659356042930000,0.411339244050397000,0.709519365375642000,0.907839477368175000
2018,91416,1,0.187500000000000000,0.437500000000000000,0.593750000000000000,0.843750000000000000
2018,91416,2,0.049529470034670600,0.179296681525508000,0.370975730559683000,0.741208519068846000
2018,91417,1,0.000000000000000000,0.500000000000000000,1.000000000000000000,1.000000000000000000
2018,91417,2,0.034188034188034200,0.175213675213675000,0.397435897435897000,0.756410256410256000
2018,91418,1,0.076923076923076900,0.307692307692308000,0.692307692307692000,0.961538461538462000
2018,91418,2,0.034482758620689700,0.139198782961460000,0.298935091277890000,0.694219066937120000
2018,91419,1,0.000000000000000000,0.000000000000000000,0.000000000000000000,0.500000000000000000
2018,91419,2,0.078717201166180800,0.244897959183673000,0.427842565597668000,0.761661807580175000
2018,91420,2,0.150641025641026000,0.477564102564103000,0.762820512820513000,0.935897435897436000
2018,91421,3,0.116150442477876000,0.397123893805310000,0.707964601769912000,0.926991150442478000
2018,91422,2,0.089285714285714300,0.246428571428571000,0.416071428571429000,0.758928571428571000
2018,91423,2,0.147058823529412000,0.433823529411765000,0.711397058823530000,0.924632352941176000
2018,91424,2,0.064759036144578300,0.213855421686747000,0.406626506024096000,0.757530120481928000
2018,91425,1,0.000000000000000000,0.333333333333333000,0.833333333333333000,1.000000000000000000
2018,91425,2,0.098175965665236100,0.342274678111588000,0.572424892703863000,0.828326180257511000
2018,91426,2,0.139861864824864000,0.476319684262457000,0.777997039960533000,0.941539220522940000
2018,91427,2,0.118844872269530000,0.445390596075528000,0.773787486116253000,0.947241762310256000
2018,91428,1,0.000000000000000000,0.500000000000000000,1.000000000000000000,1.000000000000000000
2018,91428,2,0.080938833570412500,0.334992887624467000,0.636842105263158000,0.882788051209104000
2018,91429,2,0.113514889284805000,0.445660473402902000,0.791422753881395000,0.959277169763299000
2018,91430,1,0.047619047619047600,0.238095238095238000,0.500000000000000000,0.809523809523810000
2018,91430,2,0.088852262511237600,0.362526221156728000,0.662945759664369000,0.889271801018879000
2018,91431,1,0.030303030303030300,0.287878787878788000,0.606060606060606000,0.848484848484849000
2018,91431,2,0.074894831730769200,0.328575721153846000,0.630784254807692000,0.877103365384615000
2018,91432,1,0.041666666666666700,0.208333333333333000,0.444444444444445000,0.777777777777778000
2018,91432,2,0.090495679854479300,0.347961194482341000,0.640745793542519000,0.883280278914658000
2018,91433,2,0.081597222222222200,0.309027777777778000,0.586805555555556000,0.859375000000000000
2018,91434,1,0.138461538461538000,0.400000000000000000,0.669230769230769000,0.907692307692308000
2018,91434,2,0.078217044115722000,0.283741327398874000,0.537504909019505000,0.831980625736353000
2018,91435,1,0.218750000000000000,0.562500000000000000,0.804687500000000000,0.960937500000000000
2018,91435,2,0.081617086193745300,0.302898550724638000,0.564225781845919000,0.842944317315027000
2018,91436,2,0.093901128425577600,0.373589468027942000,0.732133261687265000,0.952444922084901000
2018,91437,1,0.125000000000000000,0.343750000000000000,0.609375000000000000,0.890625000000000000
2018,91437,2,0.075696012039127200,0.288788562829195000,0.550639578630549000,0.837547027840482000
2018,91438,2,0.117015774502198000,0.448409619860357000,0.783165244375485000,0.951771399017326000
2018,91439,2,0.088888888888888900,0.355555555555556000,0.690555555555556000,0.923888888888889000
2018,91440,1,0.000000000000000000,0.000000000000000000,0.000000000000000000,0.500000000000000000
2018,91440,2,0.070080862533692700,0.295148247978437000,0.575471698113208000,0.850404312668464000
2018,91441,2,0.109411764705882000,0.361176470588235000,0.592941176470588000,0.841176470588235000
2018,91442,1,0.000000000000000000,0.250000000000000000,0.750000000000000000,1.000000000000000000
2018,91442,2,0.086858006042296100,0.340634441087613000,0.633685800604230000,0.879909365558912000
2018,91443,2,0.014285714285714300,0.242857142857143000,0.557142857142857000,0.828571428571429000
2018,91444,2,0.122641509433962000,0.377358490566038000,0.632075471698113000,0.877358490566038000
2018,91445,1,0.000000000000000000,0.375000000000000000,0.875000000000000000,1.000000000000000000
2018,91445,2,0.043243243243243200,0.239916839916840000,0.546153846153846000,0.849480249480250000
2018,91446,1,0.020000000000000000,0.140000000000000000,0.380000000000000000,0.760000000000000000
2018,91446,2,0.046703296703296700,0.241954474097331000,0.536891679748823000,0.841640502354788000
2018,91447,1,0.066666666666666700,0.283333333333333000,0.583333333333333000,0.866666666666667000
2018,91447,2,0.054068150208623100,0.267906815020862000,0.585535465924896000,0.871696801112657000
2018,91448,1,0.000000000000000000,0.000000000000000000,0.000000000000000000,0.500000000000000000
2018,91448,2,0.070175438596491200,0.324561403508772000,0.626315789473684000,0.871929824561404000
2018,91449,2,0.062500000000000000,0.277777777777778000,0.576388888888889000,0.861111111111111000
2018,91450,1,0.000000000000000000,0.416666666666667000,0.916666666666667000,1.000000000000000000
2018,91450,2,0.054885923374946200,0.266681015927680000,0.570813603099440000,0.859018510546707000
2018,91451,1,0.000000000000000000,0.416666666666667000,0.833333333333333000,0.916666666666667000
2018,91451,2,0.052722558340535900,0.255401901469317000,0.549913569576491000,0.847234226447710000
2018,91452,1,0.055555555555555600,0.240740740740741000,0.592592592592593000,0.907407407407408000
2018,91452,2,0.067203219315895400,0.292756539235412000,0.605835010060362000,0.880281690140845000
2018,91453,1,0.000000000000000000,0.000000000000000000,0.000000000000000000,0.500000000000000000
2018,91453,2,0.065476190476190500,0.287698412698413000,0.569444444444444000,0.847222222222222000
2018,91454,2,0.069832402234636900,0.284916201117318000,0.553072625698324000,0.837988826815643000
2018,91455,2,0.062986715529088400,0.327301878149336000,0.683692166743014000,0.919377004122767000
2018,91456,2,0.076565656565656600,0.352323232323232000,0.700606060606061000,0.924848484848485000
2018,91457,2,0.078544061302682000,0.357662835249042000,0.711685823754789000,0.932567049808429000
2018,91458,2,0.021484375000000000,0.134765625000000000,0.435546875000000000,0.822265625000000000
2018,91459,2,0.021341463414634200,0.170731707317073000,0.524390243902439000,0.875000000000000000
2018,91460,1,0.214285714285714000,0.535714285714286000,0.714285714285714000,0.892857142857143000
2018,91460,2,0.052955665024630600,0.277093596059113000,0.576354679802956000,0.852216748768473000
2018,91461,1,0.145454545454545000,0.463636363636364000,0.754545454545455000,0.936363636363636000
2018,91461,2,0.116200578592093000,0.416104146576664000,0.715846994535519000,0.915943426550948000
2018,91462,2,0.174055232558140000,0.546875000000000000,0.840843023255814000,0.968023255813953000
2018,91463,1,0.104166666666667000,0.416666666666667000,0.770833333333333000,0.958333333333333000
2018,91463,2,0.106776859504132000,0.393388429752066000,0.692396694214876000,0.905785123966942000
2018,91464,1,0.122222222222222000,0.377777777777778000,0.700000000000000000,0.944444444444444000
2018,91464,2,0.121816353887399000,0.416052278820375000,0.698223860589812000,0.903987935656837000
2018,91465,2,0.240000000000000000,0.643333333333333000,0.886666666666667000,0.983333333333333000
2018,91466,1,0.022727272727272700,0.522727272727273000,1.000000000000000000,1.000000000000000000
2018,91466,2,0.111111111111111000,0.427105449398443000,0.732484076433121000,0.916489738145789000
2018,91467,1,0.100000000000000000,0.500000000000000000,0.900000000000000000,1.000000000000000000
2018,91467,2,0.139037433155080000,0.455436720142603000,0.736185383244207000,0.919786096256685000
2018,91468,1,0.071428571428571500,0.285714285714286000,0.500000000000000000,0.785714285714286000
2018,91468,2,0.113480055020633000,0.387207702888583000,0.667125171939477000,0.893397524071527000
2018,91469,1,0.000000000000000000,0.500000000000000000,1.000000000000000000,1.000000000000000000
2018,91469,2,0.097992351816443600,0.373804971319312000,0.674474187380497000,0.898661567877629000
2018,91470,2,0.071875000000000000,0.340625000000000000,0.684375000000000000,0.915625000000000000
2018,91471,2,0.121069182389937000,0.437106918238994000,0.746331236897275000,0.930293501048218000
2018,91472,1,0.122662750856583000,0.440039158100832000,0.753842388644151000,0.936465981399902000
2018,91473,1,0.120975199663724000,0.436275746111812000,0.755023118957545000,0.939722572509458000
2018,91474,1,0.123214566002197000,0.451969863443729000,0.779155548579501000,0.950400251137969000
2018,91475,1,0.091441750296079300,0.358411768372499000,0.655488374992209000,0.888518356915789000
2018,91476,1,0.100193001594361000,0.362465385583620000,0.650037761181505000,0.887765377192246000
2018,91477,1,0.117538298996302000,0.403063919704173000,0.688325409403064000,0.902799788695193000
2018,91478,1,0.109769951718262000,0.385259869355297000,0.665897472309003000,0.890407554671968000
2018,91479,1,0.093480397510101600,0.324396636452987000,0.581358523533909000,0.850442284591023000
2018,91480,1,0.106358340936206000,0.378623061267457000,0.663555337216647000,0.891290616885396000
2018,91482,2,0.089820359281437100,0.347305389221557000,0.685628742514970000,0.928143712574850000
2018,91483,2,0.090490797546012300,0.375766871165644000,0.715490797546012000,0.930214723926380000
2018,91484,2,0.108949416342412000,0.419260700389105000,0.751945525291829000,0.941634241245136000
2018,91485,1,0.250000000000000000,0.583333333333333000,0.666666666666667000,0.833333333333333000
2018,91485,2,0.076884422110552700,0.291959798994975000,0.562311557788945000,0.847236180904523000
2018,91486,1,0.073421439060205600,0.277533039647577000,0.554331864904552000,0.850220264317181000
2018,91487,1,0.077586206896551700,0.297082228116711000,0.563660477453581000,0.844164456233422000
2018,91488,2,0.065398335315101100,0.246730083234245000,0.505350772889417000,0.824019024970274000
2018,91489,1,0.093841642228739000,0.329912023460411000,0.601173020527859000,0.865102639296188000
2018,91490,2,0.173667205169628000,0.518578352180937000,0.794830371567044000,0.949919224555735000
2018,91491,1,0.000000000000000000,0.500000000000000000,1.000000000000000000,1.000000000000000000
2018,91491,2,0.117662612374405000,0.381808566895822000,0.644632469592808000,0.880486515071391000
2018,91492,1,0.270270270270270000,0.621621621621622000,0.783783783783784000,0.932432432432433000
2018,91492,2,0.124678663239075000,0.397172236503856000,0.664095972579263000,0.891602399314482000
2018,91493,2,0.125449871465296000,0.465295629820051000,0.789717223650386000,0.949871465295630000
2018,91494,1,0.000000000000000000,0.333333333333333000,0.666666666666667000,0.833333333333333000
2018,91494,2,0.089595375722543300,0.336172801947064000,0.613020991785823000,0.866443565561302000
2018,91495,1,0.000000000000000000,0.136363636363636000,0.409090909090909000,0.772727272727273000
2018,91495,2,0.088163140141061000,0.321680466114689000,0.602882551364612000,0.869365225390984000
2018,91496,1,0.000000000000000000,0.083333333333333300,0.472222222222222000,0.888888888888889000
2018,91496,2,0.111008610086101000,0.362238622386224000,0.634993849938499000,0.883763837638376000
2018,91497,1,0.045454545454545500,0.397727272727273000,0.806818181818182000,0.954545454545455000
2018,91497,2,0.086820586820586800,0.342953342953343000,0.642857142857143000,0.886724386724387000
2018,91498,1,0.130000000000000000,0.500000000000000000,0.780000000000000000,0.910000000000000000
2018,91498,2,0.088956489675516200,0.349557522123894000,0.645833333333333000,0.885232300884956000
2018,91499,1,0.095652173913043500,0.360869565217391000,0.639130434782609000,0.873913043478261000
2018,91499,2,0.124149990285603000,0.402856032640373000,0.671653390324461000,0.892947347969691000
2018,91500,1,0.151260504201681000,0.424369747899160000,0.642857142857143000,0.869747899159664000
2018,91500,2,0.131832213546396000,0.420918830579263000,0.686035954240058000,0.896949337207191000
2018,91501,1,0.051401869158878500,0.271028037383178000,0.551401869158879000,0.831775700934579000
2018,91501,2,0.038143872113676800,0.242007104795737000,0.561456483126110000,0.857593250444050000
2018,91502,1,0.206250000000000000,0.525000000000000000,0.725000000000000000,0.906250000000000000
2018,91502,2,0.121304018195603000,0.401914329037149000,0.668214556482184000,0.887604245640637000
2018,91503,1,0.187500000000000000,0.375000000000000000,0.468750000000000000,0.781250000000000000
2018,91503,2,0.131457208943716000,0.415574402467232000,0.667309175019275000,0.883191981495760000
2018,91504,1,0.105263157894737000,0.381578947368421000,0.657894736842105000,0.881578947368421000
2018,91504,2,0.118944416114227000,0.410632330443651000,0.695690973992861000,0.904003059663437000
2018,91505,1,0.127450980392157000,0.392156862745098000,0.637254901960784000,0.872549019607843000
2018,91505,2,0.135283993115318000,0.441652323580034000,0.725645438898451000,0.919277108433735000
2018,91506,1,0.014285714285714300,0.157142857142857000,0.485714285714286000,0.842857142857143000
2018,91507,1,0.041666666666666700,0.236111111111111000,0.527777777777778000,0.833333333333333000
2018,91508,1,0.018518518518518500,0.055555555555555600,0.129629629629630000,0.592592592592593000
2018,91509,1,0.033333333333333300,0.066666666666666700,0.166666666666667000,0.633333333333333000
2018,91510,1,0.000000000000000000,0.136363636363636000,0.318181818181818000,0.681818181818182000
2018,91511,1,0.000000000000000000,0.000000000000000000,0.000000000000000000,0.500000000000000000
2018,91512,1,0.120000000000000000,0.480000000000000000,0.820000000000000000,0.960000000000000000
2018,91512,2,0.052892234548336000,0.230982567353407000,0.508518225039620000,0.830427892234548000
2018,91513,1,0.000000000000000000,0.500000000000000000,1.000000000000000000,1.000000000000000000
2018,91513,2,0.057079467527228700,0.251916095199677000,0.530859217426382000,0.836022589753933000
2018,91514,4,0.119014084507042000,0.442253521126761000,0.774647887323944000,0.951408450704225000
2018,91515,1,0.000000000000000000,0.000000000000000000,0.500000000000000000,1.000000000000000000
2018,91515,2,0.057201929703652700,0.239145416953825000,0.500689179875948000,0.818745692625775000
2018,91516,1,0.000000000000000000,0.000000000000000000,0.000000000000000000,0.500000000000000000
2018,91516,2,0.083591331269349900,0.283281733746130000,0.532507739938080000,0.832817337461300000
2018,91517,2,0.030638852672751000,0.150586701434159000,0.386136462407649000,0.766188613646241000
2018,91518,2,0.082733812949640300,0.399280575539568000,0.764028776978417000,0.947482014388489000
2018,91519,2,0.071005917159763300,0.319526627218935000,0.600591715976331000,0.852071005917160000
2018,91520,2,0.013157894736842100,0.110526315789474000,0.355263157894737000,0.757894736842105000
2018,91521,1,0.043478260869565200,0.228260869565217000,0.543478260869565000,0.858695652173913000
2018,91521,2,0.068302102703475900,0.282434558718352000,0.559862680589329000,0.845730224574453000
2018,91522,1,0.000000000000000000,0.045454545454545500,0.159090909090909000,0.613636363636364000
2018,91522,2,0.066151202749140900,0.287227949599084000,0.567296678121420000,0.846219931271478000
2018,91523,2,0.139753183668111000,0.476434291715899000,0.797951949586451000,0.961270841538664000
2018,91524,2,0.114200279933834000,0.423399923654409000,0.740806718412012000,0.931607074691437000
2018,91525,1,0.029850746268656700,0.179104477611940000,0.470149253731343000,0.820895522388060000
2018,91525,2,0.078848398391907700,0.301387628063805000,0.549474776293607000,0.826935546621709000
2018,91526,2,0.137682388870037000,0.456226671191042000,0.752629793009841000,0.934085510688836000
2018,91527,2,0.063874788494077900,0.296108291032149000,0.598138747884941000,0.865905245346870000
2018,91528,1,0.000000000000000000,0.464285714285714000,0.964285714285714000,1.000000000000000000
2018,91528,2,0.103610675039246000,0.386185243328100000,0.669544740973312000,0.886970172684458000
2018,91529,1,0.000000000000000000,0.333333333333333000,0.833333333333333000,1.000000000000000000
2018,91529,2,0.105311355311355000,0.372710622710623000,0.629120879120879000,0.861721611721612000
2018,91530,3,0.110810810810811000,0.418918918918919000,0.754054054054054000,0.945945945945946000
2018,91531,2,0.111111111111111000,0.416666666666667000,0.738304093567252000,0.932748538011696000
2018,91532,2,0.153354632587859000,0.482428115015974000,0.773162939297125000,0.944089456869010000
2018,91533,2,0.038127413127413100,0.207528957528958000,0.529440154440154000,0.860038610038610000
2018,91534,1,0.014170040485830000,0.043184885290148500,0.128879892037787000,0.599865047233468000
2018,91535,1,0.003561253561253590,0.016381766381766400,0.074786324786324800,0.561965811965812000
2018,91536,1,0.037790697674418600,0.211724806201550000,0.538759689922481000,0.864825581395349000
2018,91537,1,0.008918617614269760,0.026198439241917500,0.076923076923076900,0.559643255295429000
2018,91538,2,0.017857142857142900,0.151785714285714000,0.357142857142857000,0.723214285714286000
2018,91539,1,0.031250000000000000,0.125000000000000000,0.250000000000000000,0.656250000000000000
2018,91540,1,0.075471698113207500,0.188679245283019000,0.264150943396226000,0.650943396226415000
2018,91541,1,0.026785714285714300,0.196428571428571000,0.410714285714286000,0.741071428571429000
2018,91542,1,0.025862068965517200,0.077586206896551700,0.172413793103448000,0.620689655172414000
2018,91543,2,0.111003861003861000,0.419884169884170000,0.723938223938224000,0.915057915057915000
2018,91544,1,0.020935960591133000,0.124384236453202000,0.322660098522168000,0.719211822660099000
2018,91545,1,0.024498886414253900,0.129175946547884000,0.342984409799555000,0.738307349665924000
2018,91546,1,0.065257352941176500,0.312500000000000000,0.659007352941176000,0.911764705882353000
2018,91547,1,0.013961605584642200,0.103839441535777000,0.294066317626527000,0.704188481675393000
2018,91548,2,0.065476190476190500,0.307539682539683000,0.644841269841270000,0.902777777777778000
2018,91549,1,0.012500000000000000,0.065000000000000000,0.197500000000000000,0.645000000000000000
2018,91550,1,0.036842105263157900,0.118421052631579000,0.255263157894737000,0.673684210526316000
2018,91551,1,0.049019607843137300,0.276470588235294000,0.609803921568628000,0.882352941176471000
2018,91552,1,0.016949152542372900,0.076271186440678000,0.254237288135593000,0.694915254237288000
2018,91553,2,0.112989323843416000,0.382562277580071000,0.658362989323843000,0.888790035587189000
2018,91554,1,0.043564356435643600,0.161386138613861000,0.338613861386139000,0.720792079207921000
2018,91555,1,0.051569506726457400,0.205156950672646000,0.389013452914798000,0.735426008968610000
2018,91556,1,0.116724738675958000,0.364111498257840000,0.632404181184669000,0.885017421602788000
2018,91557,1,0.033751962323390900,0.145211930926217000,0.330455259026688000,0.718995290423862000
2018,91558,2,0.000000000000000000,0.020000000000000000,0.270000000000000000,0.750000000000000000
2018,91559,1,0.000000000000000000,0.034482758620689700,0.120689655172414000,0.586206896551724000
2018,91560,1,0.000000000000000000,0.031250000000000000,0.140625000000000000,0.609375000000000000
2018,91561,1,0.000000000000000000,0.020000000000000000,0.270000000000000000,0.750000000000000000
2018,91562,1,0.000000000000000000,0.017241379310344800,0.068965517241379300,0.551724137931035000
2018,91563,2,0.027472527472527500,0.347985347985348000,0.749084249084249000,0.928571428571429000
2018,91564,1,0.072607260726072600,0.257425742574257000,0.516501650165017000,0.831683168316832000
2018,91565,1,0.049535603715170300,0.235294117647059000,0.517027863777090000,0.831269349845201000
2018,91566,1,0.059440559440559400,0.403846153846154000,0.800699300699301000,0.956293706293707000
2018,91567,1,0.065749235474006100,0.258409785932722000,0.529051987767584000,0.836391437308869000
2018,91568,2,0.102870813397129000,0.405502392344498000,0.728468899521531000,0.925837320574163000
2018,91569,1,0.040000000000000000,0.144615384615385000,0.344615384615385000,0.740000000000000000
2018,91570,1,0.023880597014925400,0.131343283582090000,0.338805970149254000,0.731343283582090000
2018,91571,1,0.103686635944700000,0.433179723502304000,0.782258064516129000,0.952764976958525000
2018,91572,1,0.023127753303964800,0.117841409691630000,0.333700440528634000,0.738986784140969000
2018,91573,1,0.021739130434782600,0.369565217391304000,0.793478260869565000,0.945652173913044000
2018,91573,2,0.052644466209598500,0.252326150832517000,0.507468168462292000,0.807786483839373000
2018,91574,1,0.031250000000000000,0.265625000000000000,0.640625000000000000,0.906250000000000000
2018,91574,2,0.048689285995434200,0.197787924112414000,0.507557269936236000,0.858458631819255000
2018,91575,1,0.065217391304347800,0.217391304347826000,0.434782608695652000,0.782608695652174000
2018,91575,2,0.048638322884012500,0.218260188087774000,0.465370297805643000,0.795748432601881000
2018,91576,1,0.025000000000000000,0.200000000000000000,0.500000000000000000,0.825000000000000000
2018,91576,2,0.054751415984896100,0.371853366897420000,0.739930774071743000,0.922828823159220000
2018,91577,2,0.094329742669060500,0.364228007181329000,0.681552962298025000,0.911654697785757000
2018,91578,2,0.106385366401077000,0.370048254965773000,0.697845359667826000,0.934182471103131000
2018,91579,2,0.113531225905937000,0.375417630429196000,0.695001285016705000,0.933114880493447000
2018,91580,1,0.044642857142857200,0.482142857142857000,0.919642857142857000,0.982142857142857000
2018,91580,2,0.084278366486955500,0.367168618702361000,0.687178533804301000,0.904288281588895000
2018,91581,1,0.088235294117647100,0.477941176470588000,0.860294117647059000,0.970588235294118000
2018,91581,2,0.062357110196616400,0.342363968907179000,0.687071330589849000,0.907064471879287000
2018,91582,1,0.046391752577319600,0.221649484536082000,0.484536082474227000,0.809278350515464000
2018,91582,2,0.083705013841894800,0.345393725007690000,0.652991387265457000,0.891302676099662000
2018,91583,1,0.089430894308943100,0.341463414634146000,0.621951219512195000,0.869918699186992000
2018,91583,2,0.088613702155033800,0.360324863300097000,0.660421357349630000,0.888710196204567000
2018,91584,2,0.116126638634677000,0.446326984912194000,0.796438288399703000,0.966237942122187000
2018,91585,2,0.115563628107617000,0.419968214326257000,0.757861278238166000,0.953456692019526000
2018,91586,2,0.151952461799660000,0.475028296547821000,0.771363893604980000,0.948288058856820000
2018,91587,1,0.061224489795918400,0.387755102040816000,0.724489795918367000,0.897959183673469000
2018,91587,2,0.028919678452388700,0.254754591203189000,0.585059800013071000,0.859224887262270000
2018,91588,1,0.000000000000000000,0.000000000000000000,0.500000000000000000,1.000000000000000000
2018,91588,2,0.075102880658436200,0.255144032921811000,0.500000000000000000,0.819958847736626000
2018,91589,1,0.000000000000000000,0.500000000000000000,1.000000000000000000,1.000000000000000000
2018,91589,2,0.054615384615384600,0.202307692307692000,0.457692307692308000,0.810000000000000000
2018,91590,2,0.025768535262206100,0.154159132007233000,0.391952983725136000,0.763562386980109000
2018,91591,1,0.014285714285714300,0.128571428571429000,0.342857142857143000,0.728571428571429000
2018,91591,2,0.008342208022719180,0.100461483848065000,0.306176783812567000,0.714057507987221000
2018,91592,1,0.000000000000000000,0.000000000000000000,0.100000000000000000,0.600000000000000000
2018,91592,2,0.012322858903265600,0.091189155884165200,0.272027110289587000,0.693160813308688000
2018,91593,2,0.162234042553192000,0.422872340425532000,0.635638297872340000,0.875000000000000000
2018,91594,2,0.126719056974460000,0.460707269155206000,0.777013752455796000,0.943025540275049000
2018,91595,2,0.085937500000000000,0.421875000000000000,0.781250000000000000,0.945312500000000000
2018,91596,2,0.128056628056628000,0.429858429858430000,0.706563706563707000,0.904761904761905000
2018,91597,2,0.102649006622517000,0.360927152317881000,0.614514348785872000,0.856236203090508000
2018,91598,2,0.167763157894737000,0.546052631578947000,0.825657894736842000,0.947368421052632000
2018,91599,2,0.091102985984156000,0.351614868982328000,0.620048750761731000,0.859536867763559000
2018,91600,1,0.000000000000000000,0.333333333333333000,0.833333333333333000,1.000000000000000000
2018,91600,2,0.094512195121951200,0.340193089430894000,0.601117886178862000,0.855436991869919000
2018,91601,1,0.094594594594594600,0.391891891891892000,0.675675675675676000,0.878378378378378000
2018,91601,2,0.069846543268470200,0.315219110900174000,0.599509571270369000,0.854137003638665000
2018,91602,1,0.064516129032258100,0.419354838709677000,0.758064516129032000,0.903225806451613000
2018,91602,2,0.069888132856648600,0.283242993887672000,0.535924345519548000,0.822569484488525000
2018,91603,2,0.108099017893179000,0.412215794430244000,0.756894928023678000,0.952778151486614000
2018,91604,1,0.040697674418604700,0.197674418604651000,0.377906976744186000,0.720930232558140000
2018,91604,2,0.049632515717701200,0.235544142389091000,0.492783139998229000,0.806871513326840000
2018,91605,2,0.102470671880555000,0.419747600426591000,0.766885886953431000,0.949608958407394000
2018,91606,2,0.091015442208703800,0.372426298549368000,0.719583528310716000,0.938172671970052000
2018,91607,1,0.105263157894737000,0.342105263157895000,0.605263157894737000,0.868421052631579000
2018,91607,2,0.075688705234159800,0.296625344352617000,0.554407713498623000,0.833471074380165000
2018,91608,2,0.000000000000000000,0.500000000000000000,1.000000000000000000,1.000000000000000000
2018,91608,3,0.090832867523756300,0.369480156512018000,0.640301844605925000,0.861654555617664000
2018,91609,3,0.112817796610170000,0.359110169491525000,0.583156779661017000,0.836864406779661000
2018,91610,2,0.100000000000000000,0.400000000000000000,0.733333333333333000,0.933333333333333000
2018,91610,3,0.097393919144670900,0.369027731373204000,0.636485131974607000,0.864851319746074000
2018,91611,2,0.000000000000000000,0.000000000000000000,0.000000000000000000,0.500000000000000000
2018,91611,3,0.130817149138879000,0.400146573836570000,0.626603151337486000,0.857273726639795000
2018,91612,3,0.148044692737430000,0.493016759776536000,0.790502793296089000,0.945530726256983000
2018,91613,3,0.196691176470588000,0.562500000000000000,0.810661764705883000,0.944852941176471000
2018,91614,3,0.291666666666667000,0.604166666666667000,0.750000000000000000,0.937500000000000000
2018,91615,3,0.141414141414141000,0.449494949494950000,0.707070707070707000,0.898989898989899000
2018,91616,3,0.052380952380952400,0.257142857142857000,0.533333333333333000,0.828571428571429000
2018,91617,3,0.160390516039052000,0.499302649930265000,0.787308228730823000,0.948396094839610000
2018,91618,3,0.081395348837209300,0.348837209302326000,0.639534883720930000,0.872093023255814000
2018,91619,3,0.047945205479452100,0.260273972602740000,0.541095890410959000,0.828767123287671000
2018,91620,3,0.140776699029126000,0.447348767737117000,0.707244212098581000,0.900672143390590000
2018,91621,2,0.000000000000000000,0.200000000000000000,0.600000000000000000,0.900000000000000000
2018,91621,3,0.071533923303834800,0.278023598820059000,0.516961651917404000,0.810471976401180000
2018,91622,2,0.000000000000000000,0.000000000000000000,0.000000000000000000,0.500000000000000000
2018,91622,3,0.081395348837209300,0.324127906976744000,0.602470930232558000,0.859738372093023000
2018,91623,1,0.000000000000000000,0.000000000000000000,0.500000000000000000,1.000000000000000000
2018,91623,3,0.105691056910569000,0.358536585365854000,0.592682926829268000,0.839837398373984000
2018,91624,3,0.173076923076923000,0.519230769230769000,0.788461538461538000,0.942307692307692000
2018,91625,3,0.197368421052632000,0.549342105263158000,0.786184210526316000,0.934210526315790000
2018,91626,2,0.000000000000000000,0.214285714285714000,0.428571428571429000,0.714285714285714000
2018,91626,3,0.075692963752665300,0.287846481876333000,0.513859275053305000,0.801705756929638000
2018,91627,3,0.124605678233438000,0.496319663512093000,0.835436382754995000,0.963722397476341000
2018,91628,1,0.000000000000000000,0.500000000000000000,1.000000000000000000,1.000000000000000000
2018,91628,2,0.000000000000000000,0.000000000000000000,0.500000000000000000,1.000000000000000000
2018,91628,3,0.091829085457271400,0.327961019490255000,0.582833583208396000,0.846701649175412000
2018,91629,2,0.173913043478261000,0.586956521739130000,0.869565217391304000,0.956521739130435000
2018,91629,3,0.095828933474128900,0.352164730728617000,0.621964097148891000,0.865628299894403000
2018,91630,2,0.000000000000000000,0.500000000000000000,1.000000000000000000,1.000000000000000000
2018,91630,3,0.101851851851852000,0.387205387205387000,0.671296296296296000,0.885942760942761000
2018,91631,3,0.176388888888889000,0.513888888888889000,0.756944444444445000,0.919444444444445000
2018,91632,3,0.167056074766355000,0.515186915887851000,0.782710280373832000,0.934579439252337000
2018,91633,2,0.000000000000000000,0.500000000000000000,1.000000000000000000,1.000000000000000000
2018,91633,3,0.099881796690307300,0.356973995271868000,0.609929078014184000,0.852836879432624000
2018,91634,2,0.156250000000000000,0.531250000000000000,0.750000000000000000,0.875000000000000000
2018,91634,3,0.116643929058663000,0.414733969986358000,0.696452933151433000,0.898362892223738000
2018,91635,2,0.000000000000000000,0.500000000000000000,1.000000000000000000,1.000000000000000000
2018,91635,3,0.096080102258202000,0.332339156369834000,0.563272262462719000,0.827013208351087000
2018,91636,3,0.106918238993711000,0.426415094339623000,0.777358490566038000,0.957861635220126000
2018,91637,2,0.000000000000000000,0.333333333333333000,0.750000000000000000,0.916666666666667000
2018,91637,3,0.092721518987341800,0.323734177215190000,0.549367088607595000,0.818354430379747000
2018,91638,3,0.065217391304347800,0.228260869565217000,0.445652173913043000,0.782608695652174000
2018,91639,2,0.000000000000000000,0.388888888888889000,0.777777777777778000,0.888888888888889000
2018,91639,3,0.137500000000000000,0.429166666666667000,0.666666666666667000,0.875000000000000000
2018,91640,2,0.000000000000000000,0.055555555555555600,0.444444444444445000,0.888888888888889000
2018,91640,3,0.141509433962264000,0.410377358490566000,0.594339622641509000,0.825471698113208000
2018,91641,2,0.000000000000000000,0.375000000000000000,0.750000000000000000,0.875000000000000000
2018,91641,3,0.092233009708737900,0.394822006472492000,0.671521035598706000,0.868932038834952000
2018,91642,3,0.051948051948052000,0.201298701298701000,0.409090909090909000,0.759740259740260000
2018,91643,3,0.114713216957606000,0.393391521197008000,0.652119700748130000,0.873441396508728000
2018,91644,3,0.065789473684210500,0.256578947368421000,0.460526315789474000,0.769736842105263000
2018,91650,1,0.038461538461538400,0.307692307692308000,0.576923076923077000,0.807692307692308000
2018,91650,2,0.050821355236139600,0.254620123203285000,0.566735112936345000,0.862936344969199000
2018,91651,1,0.000000000000000000,0.000000000000000000,0.166666666666667000,0.666666666666667000
2018,91651,2,0.120910384068279000,0.381223328591750000,0.620910384068279000,0.860597439544808000
2018,91652,2,0.129830917874396000,0.453502415458937000,0.767512077294686000,0.943840579710145000
2018,91653,2,0.097922848664688400,0.377596439169139000,0.698071216617211000,0.918397626112760000
2018,91654,1,0.000000000000000000,0.071428571428571500,0.357142857142857000,0.785714285714286000
2018,91654,2,0.065816326530612300,0.289285714285714000,0.590816326530612000,0.867346938775510000
2018,91679,1,0.008771929824561430,0.131578947368421000,0.469298245614035000,0.846491228070175000
2018,91680,1,0.107476635514019000,0.317757009345794000,0.514018691588785000,0.803738317757009000
2018,91681,1,0.098958333333333300,0.276041666666667000,0.489583333333333000,0.812500000000000000
2018,91682,1,0.008000000000000010,0.116000000000000000,0.376000000000000000,0.768000000000000000
2018,91683,1,0.079439252336448600,0.233644859813084000,0.448598130841122000,0.794392523364486000
2018,91725,1,0.000000000000000000,0.100000000000000000,0.300000000000000000,0.700000000000000000
2018,91725,2,0.074180327868852500,0.312704918032787000,0.578278688524590000,0.839754098360656000
2018,91735,1,0.000000000000000000,0.500000000000000000,1.000000000000000000,1.000000000000000000
2018,91735,2,0.128070175438597000,0.398245614035088000,0.643859649122807000,0.873684210526316000
2018,91736,2,0.041666666666666700,0.083333333333333400,0.416666666666667000,0.875000000000000000
2018,91789,1,0.041666666666666700,0.458333333333333000,0.916666666666667000,1.000000000000000000
2018,91789,2,0.148197155143897000,0.470062851472048000,0.740324181276877000,0.918458484948727000
2018,91803,1,0.053571428571428600,0.278571428571429000,0.557142857142857000,0.832142857142857000
2018,91804,1,0.091463414634146400,0.387195121951220000,0.750000000000000000,0.954268292682927000
2018,91805,1,0.046728971962616800,0.242990654205608000,0.532710280373832000,0.836448598130841000
2018,91806,1,0.058823529411764700,0.323529411764706000,0.710784313725490000,0.946078431372549000
2018,91807,1,0.088235294117647100,0.297794117647059000,0.544117647058824000,0.834558823529412000
2018,91808,2,0.058558558558558600,0.315315315315315000,0.711711711711712000,0.954954954954955000
2018,91809,1,0.082142857142857100,0.292857142857143000,0.546428571428571000,0.835714285714286000
2018,91810,1,0.080568720379146900,0.312796208530806000,0.613744075829384000,0.881516587677725000
2018,91811,1,0.000000000000000000,0.500000000000000000,1.000000000000000000,1.000000000000000000
2018,91812,1,0.000000000000000000,0.250000000000000000,0.750000000000000000,1.000000000000000000
2018,91815,1,0.000000000000000000,0.250000000000000000,0.750000000000000000,1.000000000000000000
2018,91817,1,0.085365853658536600,0.317073170731707000,0.579268292682927000,0.847560975609756000
2018,91818,1,0.000000000000000000,0.500000000000000000,1.000000000000000000,1.000000000000000000
2018,91819,1,0.444444444444444000,0.944444444444444000,1.000000000000000000,1.000000000000000000
2018,91820,1,0.000000000000000000,0.500000000000000000,1.000000000000000000,1.000000000000000000
2018,91822,1,0.000000000000000000,0.000000000000000000,0.000000000000000000,0.500000000000000000
2018,91823,1,0.000000000000000000,0.000000000000000000,0.166666666666667000,0.666666666666667000
2018,91824,1,0.000000000000000000,0.000000000000000000,0.333333333333333000,0.833333333333333000
2018,91825,1,0.000000000000000000,0.000000000000000000,0.000000000000000000,0.500000000000000000
2018,91826,1,0.062500000000000000,0.281250000000000000,0.531250000000000000,0.812500000000000000
2018,91827,1,0.000000000000000000,0.000000000000000000,0.000000000000000000,0.500000000000000000
2018,91828,1,0.000000000000000000,0.227272727272727000,0.727272727272727000,1.000000000000000000
2018,91830,1,0.000000000000000000,0.093750000000000000,0.375000000000000000,0.781250000000000000
2018,91833,1,0.000000000000000000,0.205882352941176000,0.588235294117647000,0.882352941176471000
2018,91834,1,0.050000000000000000,0.150000000000000000,0.200000000000000000,0.600000000000000000
2018,91836,1,0.000000000000000000,0.500000000000000000,1.000000000000000000,1.000000000000000000
2018,91849,1,0.080645161290322600,0.245967741935484000,0.425000000000000000,0.759677419354839000
2018,91852,1,0.000000000000000000,0.090909090909090900,0.488636363636364000,0.897727272727273000
2018,91855,1,0.100000000000000000,0.300000000000000000,0.500000000000000000,0.800000000000000000
2018,91857,1,0.000000000000000000,0.071428571428571500,0.285714285714286000,0.714285714285714000
2018,91859,1,0.125000000000000000,0.375000000000000000,0.500000000000000000,0.750000000000000000
2018,91863,1,0.000000000000000000,0.071428571428571500,0.285714285714286000,0.714285714285714000
2018,91869,1,0.073493975903614500,0.310843373493976000,0.619277108433735000,0.881927710843374000
2018,91870,1,0.089641434262948200,0.324701195219124000,0.591633466135458000,0.856573705179283000
2018,91871,1,0.083916083916083900,0.322843822843823000,0.609557109557110000,0.870629370629371000
2018,91872,1,0.067484662576687100,0.263036809815951000,0.528374233128834000,0.832822085889571000
2018,91873,1,0.051020408163265300,0.217996289424861000,0.474953617810761000,0.807977736549165000
2018,91874,1,0.067307692307692300,0.299679487179487000,0.556089743589744000,0.823717948717949000
2018,91875,1,0.059471365638766500,0.241189427312775000,0.491189427312775000,0.809471365638767000
2018,91876,1,0.091760299625468200,0.387640449438202000,0.734082397003745000,0.938202247191011000
2018,91900,1,0.000000000000000000,0.125000000000000000,0.375000000000000000,0.750000000000000000
2018,91906,1,0.000000000000000000,0.222222222222222000,0.500000000000000000,0.777777777777778000
2018,91907,1,0.000000000000000000,0.175000000000000000,0.500000000000000000,0.825000000000000000
2019,90584,2,0.500000000000000000,1.000000000000000000,1.000000000000000000,1.000000000000000000
2019,90587,3,0.000000000000000000,0.000000000000000000,0.000000000000000000,0.500000000000000000
2019,90825,1,0.500000000000000000,1.000000000000000000,1.000000000000000000,1.000000000000000000
2019,90825,3,0.070271112496104700,0.281084449984419000,0.534278591461514000,0.823465253973200000
2019,90826,2,0.000000000000000000,0.000000000000000000,0.000000000000000000,0.500000000000000000
2019,90826,3,0.066155531215772200,0.267579408543264000,0.511171960569551000,0.809748083242059000
2019,90827,2,0.000000000000000000,0.250000000000000000,0.500000000000000000,0.750000000000000000
2019,90827,3,0.072808737048445800,0.266311957434892000,0.503220386446374000,0.809717166059927000
2019,90828,2,0.500000000000000000,1.000000000000000000,1.000000000000000000,1.000000000000000000
2019,90828,3,0.113466334164589000,0.399002493765586000,0.663341645885287000,0.877805486284290000
2019,90831,3,0.060000000000000000,0.300000000000000000,0.600000000000000000,0.860000000000000000
2019,90832,3,0.060070671378091900,0.240282685512367000,0.492932862190813000,0.812720848056537000
2019,91379,2,0.205820105820106000,0.581746031746032000,0.840211640211640000,0.964285714285714000
2019,91380,2,0.192350956130484000,0.556805399325084000,0.820022497187852000,0.955568053993251000
2019,91381,2,0.137888198757764000,0.521739130434783000,0.846583850931677000,0.962732919254658000
2019,91382,1,0.000000000000000000,0.117647058823529000,0.411764705882353000,0.794117647058824000
2019,91382,2,0.060122123062470700,0.294739314232034000,0.606153123532175000,0.871535932362612000
2019,91383,2,0.104111405835544000,0.374668435013263000,0.650198938992042000,0.879641909814324000
2019,91384,1,0.000000000000000000,0.078947368421052700,0.236842105263158000,0.657894736842105000
2019,91384,2,0.060029717682020800,0.300148588410104000,0.605200594353640000,0.865081723625557000
2019,91385,2,0.128404669260700000,0.455252918287938000,0.756809338521401000,0.929961089494164000
2019,91387,2,0.048393913778529100,0.229078613693998000,0.484995773457312000,0.804311073541843000
2019,91388,1,0.000000000000000000,0.166666666666667000,0.500000000000000000,0.833333333333333000
2019,91388,2,0.018311291963377400,0.128066011077201000,0.351814174296372000,0.742059455182548000
2019,91389,1,0.166666666666667000,0.547619047619048000,0.833333333333333000,0.952380952380952000
2019,91389,2,0.055806221800047500,0.262051769175968000,0.540607931607694000,0.834362384231774000
2019,91390,2,0.092156862745098100,0.373737373737374000,0.716934046345811000,0.935353535353535000
2019,91391,2,0.105376700962496000,0.372552273481580000,0.694656488549618000,0.927480916030534000
2019,91392,2,0.125802310654686000,0.401904150620454000,0.684531450577664000,0.908429610611896000
2019,91393,1,0.070175438596491200,0.236842105263158000,0.438596491228070000,0.771929824561404000
2019,91393,2,0.038060897435897400,0.148752289377289000,0.334191849816850000,0.723500457875458000
2019,91394,2,0.087897227856659900,0.356321839080460000,0.692359702501690000,0.923935091277891000
2019,91395,2,0.115163699023550000,0.425330269959793000,0.745261344055141000,0.935094773118897000
2019,91396,2,0.113724226804124000,0.401095360824742000,0.730025773195876000,0.942654639175258000
2019,91397,2,0.071907700563455900,0.277434934263483000,0.538234504963778000,0.832707271263751000
2019,91398,1,0.250000000000000000,0.500000000000000000,0.750000000000000000,1.000000000000000000
2019,91398,2,0.081095596133190100,0.299812030075188000,0.561358754027927000,0.842642320085929000
2019,91399,2,0.156978896704924000,0.491854868567197000,0.765087004813032000,0.930211032950759000
2019,91400,2,0.145146088595664000,0.464184731385485000,0.766729500471254000,0.947690857681433000
2019,91401,2,0.044374463212138600,0.238047523618666000,0.523475522473519000,0.829802462066991000
2019,91402,2,0.081486310299869600,0.340286831812256000,0.632985658409387000,0.874185136897001000
2019,91402,3,0.059056678557273100,0.266151407055093000,0.549346016646849000,0.842251288149029000
2019,91403,2,0.118245390972664000,0.432612841703751000,0.775270184361093000,0.960902733630006000
2019,91404,2,0.153061224489796000,0.492346938775510000,0.790816326530612000,0.951530612244898000
2019,91405,1,0.000000000000000000,0.500000000000000000,1.000000000000000000,1.000000000000000000
2019,91405,2,0.026599702380952400,0.158482142857143000,0.421688988095238000,0.789806547619048000
2019,91406,2,0.141602248770204000,0.447294448348559000,0.748067463106114000,0.942375263527758000
2019,91407,2,0.068250758341759400,0.294489383215369000,0.574570273003033000,0.848331648129424000
2019,91408,2,0.121857923497268000,0.455737704918033000,0.794808743169399000,0.960928961748634000
2019,91409,1,0.000000000000000000,0.000000000000000000,0.000000000000000000,0.500000000000000000
2019,91409,2,0.032796780684104600,0.187525150905433000,0.465191146881288000,0.810462776659960000
2019,91410,1,0.000000000000000000,0.500000000000000000,1.000000000000000000,1.000000000000000000
2019,91410,2,0.114295347269049000,0.443358057990560000,0.752191503708699000,0.923128792987188000
2019,91411,1,0.500000000000000000,1.000000000000000000,1.000000000000000000,1.000000000000000000
2019,91411,2,0.109345794392523000,0.415700934579439000,0.701495327102804000,0.895140186915888000
2019,91412,1,0.000000000000000000,0.500000000000000000,1.000000000000000000,1.000000000000000000
2019,91412,2,0.123209169054441000,0.425859598853868000,0.704871060171920000,0.902220630372493000
2019,91413,2,0.183168316831683000,0.571428571428571000,0.872701555869873000,0.984441301272985000
2019,91414,2,0.190127970749543000,0.575868372943327000,0.856489945155393000,0.970749542961609000
2019,91415,2,0.099509147701918800,0.394020526550647000,0.700133868808568000,0.905622489959839000
2019,91416,1,0.071428571428571500,0.214285714285714000,0.428571428571429000,0.785714285714286000
2019,91416,2,0.048861480075901400,0.180502846299810000,0.383301707779886000,0.751660341555977000
2019,91417,2,0.037790697674418600,0.159883720930233000,0.363372093023256000,0.741279069767442000
2019,91418,1,0.083333333333333300,0.291666666666667000,0.416666666666667000,0.708333333333333000
2019,91418,2,0.040229885057471300,0.154672663668166000,0.325837081459270000,0.711394302848576000
2019,91419,1,0.000000000000000000,0.000000000000000000,0.500000000000000000,1.000000000000000000
2019,91419,2,0.087481146304675700,0.251131221719457000,0.428355957767722000,0.764705882352941000
2019,91420,2,0.142241379310345000,0.495689655172414000,0.806034482758621000,0.952586206896552000
2019,91421,3,0.096238938053097400,0.338495575221239000,0.651548672566372000,0.909292035398230000
2019,91422,2,0.035849056603773600,0.162264150943396000,0.343396226415094000,0.716981132075472000
2019,91423,2,0.183070866141732000,0.507874015748032000,0.763779527559055000,0.938976377952756000
2019,91424,2,0.053191489361702200,0.196048632218845000,0.381458966565350000,0.738601823708207000
2019,91425,1,0.000000000000000000,0.166666666666667000,0.500000000000000000,0.833333333333333000
2019,91425,2,0.104145601617796000,0.339231547017189000,0.579878665318504000,0.844792719919110000
2019,91426,2,0.123974208675264000,0.464536928487690000,0.786928487690504000,0.946365767878077000
2019,91427,2,0.130906274206042000,0.461076684740511000,0.779821843532146000,0.949651432997676000
2019,91428,2,0.073439016499514700,0.323519896473633000,0.631187318020058000,0.881106438045940000
2019,91429,2,0.125310516146840000,0.463842119790229000,0.799475572729782000,0.960943969086393000
2019,91430,1,0.090909090909090900,0.409090909090909000,0.727272727272727000,0.909090909090909000
2019,91430,2,0.091838390394288500,0.363946130131430000,0.660554924549732000,0.888447184812591000
2019,91431,1,0.068181818181818200,0.318181818181818000,0.670454545454545000,0.920454545454546000
2019,91431,2,0.080993520518358500,0.335853131749460000,0.633909287257020000,0.879049676025918000
2019,91432,1,0.000000000000000000,0.250000000000000000,0.650000000000000000,0.900000000000000000
2019,91432,2,0.095613322502030900,0.360032493907392000,0.645897644191714000,0.881478472786353000
2019,91433,2,0.065088757396449700,0.275147928994083000,0.547337278106509000,0.837278106508876000
2019,91434,1,0.087500000000000000,0.362500000000000000,0.625000000000000000,0.850000000000000000
2019,91434,2,0.075034674063800300,0.273231622746186000,0.522330097087379000,0.824133148404993000
2019,91435,1,0.043478260869565200,0.326086956521739000,0.717391304347826000,0.934782608695652000
2019,91435,2,0.083514436510400500,0.311704439615026000,0.576218565662838000,0.848028562558212000
2019,91436,2,0.089684813753581700,0.359598853868195000,0.717478510028653000,0.947564469914040000
2019,91437,1,0.040000000000000000,0.400000000000000000,0.740000000000000000,0.880000000000000000
2019,91437,2,0.077491654744873600,0.296375774916547000,0.559211572087109000,0.840327451915435000
2019,91438,2,0.102479598242310000,0.396735718769617000,0.743565599497803000,0.949309478970496000
2019,91439,2,0.079768786127167700,0.337572254335260000,0.684393063583815000,0.926589595375723000
2019,91440,2,0.074324324324324300,0.280405405405405000,0.559121621621622000,0.853040540540541000
2019,91441,1,0.000000000000000000,0.500000000000000000,1.000000000000000000,1.000000000000000000
2019,91441,2,0.070143884892086300,0.282374100719425000,0.546762589928058000,0.834532374100720000
2019,91442,2,0.078732106339468300,0.341513292433538000,0.644171779141104000,0.881390593047035000
2019,91443,2,0.087500000000000000,0.387500000000000000,0.675000000000000000,0.875000000000000000
2019,91444,1,0.500000000000000000,1.000000000000000000,1.000000000000000000,1.000000000000000000
2019,91444,2,0.049019607843137300,0.186274509803922000,0.460784313725490000,0.823529411764706000
2019,91445,1,0.071428571428571500,0.285714285714286000,0.642857142857143000,0.928571428571429000
2019,91445,2,0.045886828340466000,0.240133143128864000,0.537803138373752000,0.843556823585354000
2019,91446,1,0.031250000000000000,0.187500000000000000,0.531250000000000000,0.875000000000000000
2019,91446,2,0.057493292449214300,0.267343809888846000,0.550785741663473000,0.840935224223841000
2019,91447,1,0.000000000000000000,0.125000000000000000,0.375000000000000000,0.750000000000000000
2019,91447,2,0.061272727272727300,0.278909090909091000,0.588181818181818000,0.870545454545455000
2019,91448,1,0.000000000000000000,0.300000000000000000,0.600000000000000000,0.800000000000000000
2019,91448,2,0.058956916099773200,0.297052154195011000,0.615646258503401000,0.877551020408163000
2019,91449,2,0.072769953051643200,0.281690140845070000,0.565727699530517000,0.856807511737089000
2019,91450,1,0.000000000000000000,0.166666666666667000,0.666666666666667000,1.000000000000000000
2019,91450,2,0.055446032528339100,0.275998028585510000,0.581813701330705000,0.861261705273534000
2019,91451,1,0.023809523809523800,0.166666666666667000,0.452380952380952000,0.809523809523810000
2019,91451,2,0.063933729821580300,0.274426508071368000,0.560110450297366000,0.849617672047579000
2019,91452,1,0.000000000000000000,0.000000000000000000,0.500000000000000000,1.000000000000000000
2019,91452,2,0.076528518670496500,0.317193270414444000,0.619614279852277000,0.878949528108330000
2019,91453,1,0.125000000000000000,0.375000000000000000,0.625000000000000000,0.875000000000000000
2019,91453,2,0.090185676392573000,0.343501326259947000,0.628647214854111000,0.875331564986737000
2019,91454,2,0.121212121212121000,0.393939393939394000,0.657575757575758000,0.884848484848485000
2019,91455,2,0.068181818181818200,0.355113636363636000,0.715392561983471000,0.928460743801653000
2019,91456,2,0.072633744855967100,0.350000000000000000,0.691152263374486000,0.913786008230453000
2019,91457,2,0.066389219183511700,0.358105430043599000,0.728695996829172000,0.936979785969085000
2019,91458,2,0.022950819672131100,0.200000000000000000,0.529508196721312000,0.852459016393443000
2019,91459,2,0.012987012987013000,0.146103896103896000,0.415584415584416000,0.782467532467533000
2019,91460,2,0.046391752577319600,0.264032073310424000,0.565864833906071000,0.848224513172967000
2019,91461,1,0.029411764705882400,0.191176470588235000,0.544117647058824000,0.882352941176471000
2019,91461,2,0.123662488535616000,0.429685111586671000,0.710791806786915000,0.904769183735861000
2019,91462,2,0.175392670157068000,0.530665669409125000,0.820867614061331000,0.965594614809275000
2019,91463,1,0.033333333333333300,0.266666666666667000,0.600000000000000000,0.866666666666667000
2019,91463,2,0.104080987029421000,0.387693767795002000,0.683486238532110000,0.899873457766530000
2019,91464,1,0.032258064516129100,0.177419354838710000,0.516129032258065000,0.870967741935484000
2019,91464,2,0.114360828130135000,0.396483733158068000,0.674827472888597000,0.892704567860664000
2019,91465,2,0.238764044943820000,0.668539325842697000,0.907303370786517000,0.977528089887640000
2019,91466,1,0.117647058823529000,0.617647058823530000,1.000000000000000000,1.000000000000000000
2019,91466,2,0.098281786941580700,0.386941580756014000,0.690721649484536000,0.902061855670103000
2019,91467,2,0.124793388429752000,0.423966942148760000,0.714049586776860000,0.914876033057851000
2019,91468,2,0.123636363636364000,0.400606060606061000,0.660606060606061000,0.883636363636364000
2019,91469,1,0.000000000000000000,0.125000000000000000,0.500000000000000000,0.875000000000000000
2019,91469,2,0.104326923076923000,0.379326923076923000,0.661057692307692000,0.886057692307692000
2019,91470,2,0.094696969696969700,0.363636363636364000,0.678030303030303000,0.909090909090909000
2019,91471,2,0.101829268292683000,0.425609756097561000,0.767073170731707000,0.943292682926829000
2019,91472,1,0.115695613646433000,0.430272485600355000,0.750110766504209000,0.935533894550288000
2019,91473,1,0.108246945575713000,0.425212884116994000,0.759209552017771000,0.942243613476490000
2019,91474,1,0.122590463307406000,0.455698342915117000,0.784071694284748000,0.950963814677038000
2019,91475,1,0.086878272251308900,0.350981675392670000,0.656086387434555000,0.891982984293194000
2019,91476,1,0.091179819567311900,0.347902251029167000,0.643382674958395000,0.886660243496540000
2019,91477,1,0.115305522914219000,0.400998824911868000,0.687279670975323000,0.901586368977673000
2019,91478,1,0.098248141968754800,0.362012740785682000,0.649362960715911000,0.885598361898984000
2019,91479,1,0.100502512562814000,0.346788289272449000,0.609733449857986000,0.863447673148351000
2019,91480,1,0.094129186950519500,0.359732616435370000,0.654508464724261000,0.888905035239410000
2019,91482,2,0.102914389799636000,0.394353369763206000,0.727686703096539000,0.936247723132969000
2019,91483,2,0.083501006036217300,0.368209255533199000,0.712273641851107000,0.927565392354125000
2019,91484,2,0.125310173697270000,0.435483870967742000,0.753101736972705000,0.942928039702233000
2019,91485,1,0.300000000000000000,0.800000000000000000,1.000000000000000000,1.000000000000000000
2019,91485,2,0.080473372781065100,0.292899408284024000,0.562130177514793000,0.849704142011834000
2019,91486,1,0.066037735849056600,0.257289879931389000,0.514579759862779000,0.823327615780446000
2019,91487,1,0.081504702194357400,0.309561128526646000,0.587774294670846000,0.859717868338558000
2019,91488,1,0.000000000000000000,0.500000000000000000,1.000000000000000000,1.000000000000000000
2019,91488,2,0.078419071518193200,0.274780426599749000,0.527603513174404000,0.831242158092848000
2019,91489,1,0.069343065693430700,0.307785888077859000,0.603406326034063000,0.864963503649635000
2019,91490,2,0.128318584070796000,0.446017699115044000,0.763716814159292000,0.946017699115044000
2019,91491,1,0.375000000000000000,0.791666666666667000,0.875000000000000000,0.958333333333333000
2019,91491,2,0.117704280155642000,0.372324902723735000,0.636916342412451000,0.882295719844358000
2019,91492,2,0.128205128205128000,0.392687559354226000,0.644824311490978000,0.880341880341880000
2019,91493,2,0.111996251171509000,0.405576382380506000,0.728912839737582000,0.935332708528585000
2019,91494,1,0.000000000000000000,0.000000000000000000,0.250000000000000000,0.750000000000000000
2019,91494,2,0.090936925903245500,0.340018371096142000,0.611757501530925000,0.862676056338028000
2019,91495,1,0.000000000000000000,0.500000000000000000,1.000000000000000000,1.000000000000000000
2019,91495,2,0.085463504773637200,0.322605481983369000,0.605481983369264000,0.868340006159532000
2019,91496,1,0.000000000000000000,0.000000000000000000,0.500000000000000000,1.000000000000000000
2019,91496,2,0.099135063206919500,0.342315369261477000,0.620093147039255000,0.876912840984697000
2019,91497,1,0.000000000000000000,0.500000000000000000,1.000000000000000000,1.000000000000000000
2019,91497,2,0.083257090576395200,0.340118938700823000,0.639752973467521000,0.882891125343092000
2019,91498,1,0.035714285714285700,0.232142857142857000,0.526785714285714000,0.830357142857143000
2019,91498,2,0.100853590647616000,0.371219150120616000,0.656986453887549000,0.886620894414548000
2019,91499,1,0.000000000000000000,0.350000000000000000,0.750000000000000000,0.900000000000000000
2019,91499,2,0.130257376020088000,0.413998744507219000,0.675664364929902000,0.891922996442770000
2019,91500,1,0.142857142857143000,0.285714285714286000,0.571428571428571000,0.928571428571429000
2019,91500,2,0.134042972600039000,0.427656219199685000,0.693278139168145000,0.899664892568500000
2019,91501,1,0.031250000000000000,0.273437500000000000,0.609375000000000000,0.867187500000000000
2019,91501,2,0.038238350944049900,0.241382296899359000,0.558894855361164000,0.855750909405855000
2019,91502,1,0.103448275862069000,0.327586206896552000,0.534482758620690000,0.810344827586207000
2019,91502,2,0.118294216261526000,0.398994132439229000,0.664606035205365000,0.883906119027661000
2019,91503,2,0.118782161234991000,0.400943396226415000,0.666380789022298000,0.884219554030875000
2019,91504,1,0.208333333333333000,0.583333333333333000,0.833333333333333000,0.958333333333333000
2019,91504,2,0.134098101265823000,0.440928270042194000,0.719804852320675000,0.912974683544304000
2019,91505,1,0.187500000000000000,0.531250000000000000,0.781250000000000000,0.937500000000000000
2019,91505,2,0.127199155524279000,0.426636171710063000,0.711646727656580000,0.912209711470795000
2019,91506,1,0.011904761904761900,0.083333333333333400,0.357142857142857000,0.785714285714286000
2019,91507,1,0.000000000000000000,0.073170731707317100,0.365853658536585000,0.792682926829268000
2019,91508,1,0.060975609756097600,0.170731707317073000,0.353658536585366000,0.743902439024390000
2019,91509,1,0.000000000000000000,0.023809523809523800,0.190476190476191000,0.666666666666667000
2019,91510,1,0.100000000000000000,0.200000000000000000,0.200000000000000000,0.600000000000000000
2019,91511,1,0.035714285714285700,0.071428571428571400,0.142857142857143000,0.607142857142857000
2019,91512,1,0.111111111111111000,0.500000000000000000,0.888888888888889000,1.000000000000000000
2019,91512,2,0.055328629780913500,0.238024507983661000,0.516152989231341000,0.833457111028593000
2019,91513,1,0.200000000000000000,0.600000000000000000,0.900000000000000000,1.000000000000000000
2019,91513,2,0.052345215759849900,0.243339587242026000,0.538836772983115000,0.847842401500938000
2019,91514,4,0.092296511627907000,0.383720930232558000,0.724563953488372000,0.933139534883721000
2019,91515,2,0.048822714681440500,0.222991689750693000,0.490304709141274000,0.816135734072022000
2019,91516,2,0.103174603174603000,0.322751322751323000,0.556878306878307000,0.837301587301587000
2019,91517,1,0.000000000000000000,0.000000000000000000,0.000000000000000000,0.500000000000000000
2019,91517,2,0.029141104294478500,0.151621384750219000,0.405346187554777000,0.782865907099036000
2019,91518,2,0.079936051159072800,0.378497202238210000,0.741007194244604000,0.942446043165468000
2019,91519,2,0.106557377049180000,0.378415300546448000,0.640710382513661000,0.868852459016394000
2019,91520,2,0.021604938271604900,0.108024691358025000,0.287037037037037000,0.700617283950617000
2019,91521,1,0.055555555555555600,0.322222222222222000,0.633333333333333000,0.866666666666667000
2019,91521,2,0.063316428461656700,0.283771323190410000,0.571768864299985000,0.851313969571231000
2019,91522,1,0.000000000000000000,0.500000000000000000,1.000000000000000000,1.000000000000000000
2019,91522,2,0.064168689320388300,0.287014563106796000,0.567506067961165000,0.844660194174757000
2019,91523,2,0.112192695751030000,0.391715219553787000,0.722040642319170000,0.942518118516413000
2019,91524,2,0.094490752800208400,0.356668403230008000,0.670747590518364000,0.908569940088565000
2019,91525,1,0.092592592592592600,0.333333333333333000,0.648148148148148000,0.907407407407408000
2019,91525,2,0.080964630225080400,0.310032154340836000,0.561286173633441000,0.832218649517685000
2019,91526,2,0.104858149452995000,0.396068978305210000,0.708974596699425000,0.917763767847209000
2019,91527,1,0.000000000000000000,0.300000000000000000,0.800000000000000000,1.000000000000000000
2019,91527,2,0.085777126099706700,0.341642228739003000,0.622800586510264000,0.866935483870968000
2019,91528,2,0.107977991746905000,0.401650618982118000,0.688445667125172000,0.894773039889959000
2019,91529,2,0.089502018842530300,0.368102288021534000,0.672947510094213000,0.894347240915209000
2019,91530,3,0.099447513812154700,0.378453038674033000,0.693370165745856000,0.914364640883978000
2019,91531,2,0.089588377723970900,0.391041162227603000,0.732445520581114000,0.930992736077482000
2019,91532,2,0.135451505016722000,0.434782608695652000,0.727424749163880000,0.928093645484950000
2019,91533,2,0.030701754385964900,0.186647173489279000,0.527777777777778000,0.871832358674464000
2019,91534,1,0.011347517730496500,0.056028368794326300,0.153191489361702000,0.608510638297872000
2019,91535,1,0.005102040816326540,0.028425655976676400,0.101311953352770000,0.577988338192420000
2019,91536,1,0.042024832855778400,0.238299904489016000,0.566857688634193000,0.870582617000955000
2019,91537,1,0.005307855626326960,0.023885350318471300,0.087048832271762200,0.568471337579618000
2019,91538,2,0.025423728813559300,0.152542372881356000,0.313559322033898000,0.686440677966102000
2019,91539,1,0.000000000000000000,0.008620689655172430,0.120689655172414000,0.612068965517241000
2019,91540,1,0.000000000000000000,0.000000000000000000,0.142857142857143000,0.642857142857143000
2019,91541,1,0.000000000000000000,0.110169491525424000,0.313559322033898000,0.703389830508475000
2019,91542,1,0.060344827586206900,0.120689655172414000,0.155172413793103000,0.594827586206897000
2019,91543,2,0.070866141732283500,0.357283464566929000,0.700787401574803000,0.914370078740157000
2019,91544,1,0.027918781725888300,0.120558375634518000,0.300761421319797000,0.708121827411168000
2019,91545,1,0.019035532994923800,0.111675126903553000,0.324873096446701000,0.732233502538071000
2019,91546,1,0.080762250453720500,0.342105263157895000,0.679673321234120000,0.918330308529946000
2019,91547,1,0.018484288354898300,0.081330868761552700,0.251386321626617000,0.688539741219963000
2019,91548,2,0.066929133858267700,0.291338582677165000,0.616141732283465000,0.891732283464567000
2019,91549,1,0.020408163265306100,0.088435374149659900,0.248299319727891000,0.680272108843537000
2019,91550,1,0.027210884353741500,0.105442176870748000,0.244897959183673000,0.666666666666667000
2019,91551,1,0.054000000000000000,0.268000000000000000,0.606000000000000000,0.892000000000000000
2019,91552,1,0.002183406113537120,0.048034934497816600,0.235807860262009000,0.689956331877729000
2019,91553,2,0.087800369685767100,0.326247689463956000,0.636783733826248000,0.898336414048059000
2019,91554,1,0.041226215644820300,0.152219873150106000,0.330866807610994000,0.719873150105708000
2019,91555,1,0.041005291005291000,0.152116402116402000,0.313492063492064000,0.702380952380952000
2019,91556,1,0.079737335834896800,0.288930581613508000,0.602251407129456000,0.893058161350844000
2019,91557,1,0.039823008849557500,0.162831858407080000,0.344247787610620000,0.721238938053097000
2019,91558,2,0.009615384615384640,0.048076923076923100,0.307692307692308000,0.769230769230769000
2019,91559,1,0.000000000000000000,0.030303030303030300,0.090909090909090900,0.560606060606061000
2019,91560,1,0.000000000000000000,0.000000000000000000,0.048387096774193600,0.548387096774194000
2019,91561,1,0.000000000000000000,0.028846153846153900,0.326923076923077000,0.798076923076923000
2019,91562,1,0.015625000000000000,0.046875000000000000,0.125000000000000000,0.593750000000000000
2019,91563,2,0.038934426229508200,0.346311475409836000,0.731557377049180000,0.924180327868853000
2019,91564,1,0.086267605633802800,0.269366197183099000,0.503521126760563000,0.820422535211268000
2019,91565,1,0.061643835616438400,0.229452054794521000,0.474315068493151000,0.806506849315069000
2019,91566,1,0.036290322580645200,0.338709677419355000,0.739919354838710000,0.937500000000000000
2019,91567,1,0.079584775086505200,0.254325259515571000,0.506920415224914000,0.832179930795848000
2019,91568,2,0.106666666666667000,0.392000000000000000,0.712000000000000000,0.926666666666667000
2019,91569,1,0.039634146341463400,0.155487804878049000,0.371951219512195000,0.756097560975610000
2019,91570,1,0.039772727272727300,0.174242424242424000,0.390151515151515000,0.755681818181818000
2019,91571,1,0.091397849462365600,0.366935483870968000,0.713709677419355000,0.938172043010753000
2019,91572,1,0.032219570405727900,0.122911694510740000,0.315035799522673000,0.724343675417661000
2019,91573,1,0.000000000000000000,0.500000000000000000,1.000000000000000000,1.000000000000000000
2019,91573,2,0.049705354855239600,0.248142454522162000,0.511017166282347000,0.812580066615424000
2019,91574,1,0.028571428571428600,0.228571428571429000,0.585714285714286000,0.885714285714286000
2019,91574,2,0.048547400611620800,0.191972477064220000,0.496597859327217000,0.853172782874618000
2019,91575,1,0.000000000000000000,0.214285714285714000,0.571428571428571000,0.857142857142857000
2019,91575,2,0.055919745729042500,0.236491855383393000,0.477502979737783000,0.796930870083433000
2019,91576,1,0.000000000000000000,0.365384615384615000,0.807692307692308000,0.942307692307692000
2019,91576,2,0.051754006063230800,0.345531976324527000,0.712934892449834000,0.919156922188538000
2019,91577,2,0.126762900282064000,0.426414468226315000,0.737016757922681000,0.937365189978430000
2019,91578,2,0.112660045470863000,0.395117865262654000,0.716584898887160000,0.934127079095369000
2019,91579,2,0.113511224057603000,0.386629959056897000,0.693773824650572000,0.920655089651278000
2019,91580,1,0.025000000000000000,0.300000000000000000,0.725000000000000000,0.950000000000000000
2019,91580,2,0.077923414768048300,0.354652758715345000,0.682610485863300000,0.905881141916003000
2019,91581,1,0.037500000000000000,0.300000000000000000,0.700000000000000000,0.937500000000000000
2019,91581,2,0.062613760465962800,0.335942240019415000,0.677253974032278000,0.903925494478825000
2019,91582,1,0.088235294117647100,0.382352941176471000,0.735294117647059000,0.941176470588235000
2019,91582,2,0.082799671592775000,0.345894909688013000,0.655213464696223000,0.892118226600985000
2019,91583,1,0.000000000000000000,0.250000000000000000,0.500000000000000000,0.750000000000000000
2019,91583,2,0.101310891730053000,0.379268490046933000,0.674380967794141000,0.896423369477262000
2019,91584,2,0.111840444332239000,0.446604392830093000,0.808886644786670000,0.974122696288816000
2019,91585,2,0.106242197253433000,0.399625468164794000,0.728339575530587000,0.934956304619226000
2019,91586,2,0.155920484010372000,0.486949006050130000,0.778219533275713000,0.947191011235955000
2019,91587,1,0.000000000000000000,0.310344827586207000,0.706896551724138000,0.896551724137931000
2019,91587,2,0.030704167239719400,0.260074267638564000,0.580044010452483000,0.850673910053638000
2019,91588,2,0.060049019607843200,0.227941176470588000,0.474264705882353000,0.806372549019608000
2019,91589,1,0.083333333333333300,0.500000000000000000,0.916666666666667000,1.000000000000000000
2019,91589,2,0.038221528861154400,0.183307332293292000,0.432137285491420000,0.787051482059282000
2019,91590,2,0.031162790697674400,0.180000000000000000,0.428837209302326000,0.780000000000000000
2019,91591,1,0.000000000000000000,0.176470588235294000,0.529411764705882000,0.852941176470588000
2019,91591,2,0.006821829855537700,0.122993579454254000,0.365369181380417000,0.749197431781701000
2019,91592,1,0.055555555555555600,0.277777777777778000,0.722222222222222000,1.000000000000000000
2019,91592,2,0.012970168612192000,0.101491569390402000,0.315499351491569000,0.726977950713359000
2019,91593,2,0.109756097560976000,0.378048780487805000,0.615853658536586000,0.847560975609756000
2019,91594,2,0.126410835214447000,0.445823927765237000,0.757336343115124000,0.937923250564334000
2019,91595,2,0.072463768115942000,0.355072463768116000,0.724637681159420000,0.942028985507247000
2019,91596,2,0.119664634146341000,0.396341463414634000,0.683689024390244000,0.907012195121951000
2019,91597,1,0.176470588235294000,0.588235294117647000,0.882352941176471000,0.970588235294118000
2019,91597,2,0.116899302093719000,0.378614157527418000,0.624875373878365000,0.863160518444666000
2019,91598,2,0.192695214105793000,0.596977329974811000,0.877833753148615000,0.973551637279597000
2019,91599,1,0.000000000000000000,0.318181818181818000,0.772727272727273000,0.954545454545455000
2019,91599,2,0.093600478468899500,0.338815789473684000,0.595095693779904000,0.849880382775120000
2019,91600,1,0.000000000000000000,0.281250000000000000,0.718750000000000000,0.937500000000000000
2019,91600,2,0.095421686746988000,0.338313253012048000,0.606506024096386000,0.863614457831325000
2019,91601,1,0.071428571428571500,0.214285714285714000,0.500000000000000000,0.857142857142857000
2019,91601,2,0.061424474187380500,0.294056724028043000,0.579748247291268000,0.847115997450606000
2019,91602,1,0.125000000000000000,0.437500000000000000,0.625000000000000000,0.812500000000000000
2019,91602,2,0.066594384843643000,0.279160009130336000,0.534581145857110000,0.822015521570418000
2019,91603,2,0.091676559820604100,0.388537132304445000,0.743635404300224000,0.946774831816383000
2019,91604,1,0.120000000000000000,0.400000000000000000,0.560000000000000000,0.780000000000000000
2019,91604,2,0.045458686344174200,0.232395007743464000,0.492985332968935000,0.806049011569646000
2019,91605,2,0.105902051067392000,0.426015069066555000,0.765487651737129000,0.945374633737966000
2019,91606,2,0.087479935794542600,0.389554265958760000,0.751389060377824000,0.949314730213607000
2019,91607,1,0.000000000000000000,0.166666666666667000,0.333333333333333000,0.666666666666667000
2019,91607,2,0.076157442316392700,0.291735786457548000,0.545015834715729000,0.829437490574574000
2019,91608,1,0.000000000000000000,0.500000000000000000,1.000000000000000000,1.000000000000000000
2019,91608,2,0.000000000000000000,0.000000000000000000,0.500000000000000000,1.000000000000000000
2019,91608,3,0.096583442838370600,0.362352168199737000,0.632720105124836000,0.866951379763469000
2019,91609,2,0.000000000000000000,0.250000000000000000,0.750000000000000000,1.000000000000000000
2019,91609,3,0.102272727272727000,0.357323232323232000,0.595328282828283000,0.840277777777778000
2019,91610,2,0.000000000000000000,0.000000000000000000,0.194444444444444000,0.694444444444444000
2019,91610,3,0.089810924369747900,0.347864145658263000,0.609593837535014000,0.851540616246499000
2019,91611,2,0.000000000000000000,0.027777777777777800,0.277777777777778000,0.750000000000000000
2019,91611,3,0.126150306748466000,0.393788343558282000,0.626533742331288000,0.858895705521472000
2019,91612,3,0.132281553398058000,0.459951456310680000,0.780339805825243000,0.952669902912621000
2019,91613,3,0.185258964143426000,0.527888446215139000,0.756972111553785000,0.914342629482072000
2019,91614,3,0.204545454545455000,0.454545454545455000,0.613636363636364000,0.863636363636364000
2019,91615,3,0.131578947368421000,0.410526315789474000,0.668421052631579000,0.889473684210526000
2019,91616,3,0.028846153846153900,0.235576923076923000,0.509615384615385000,0.802884615384615000
2019,91617,3,0.169590643274854000,0.554580896686160000,0.860623781676413000,0.975633528265107000
2019,91618,3,0.187500000000000000,0.625000000000000000,0.937500000000000000,1.000000000000000000
2019,91619,3,0.064102564102564100,0.256410256410256000,0.512820512820513000,0.820512820512821000
2019,91620,3,0.124702144559174000,0.424543288324067000,0.694598888006354000,0.894757744241462000
2019,91621,2,0.000000000000000000,0.500000000000000000,1.000000000000000000,1.000000000000000000
2019,91621,3,0.066220238095238100,0.293898809523810000,0.537946428571429000,0.810267857142857000
2019,91622,3,0.093750000000000000,0.351403061224490000,0.614158163265306000,0.856505102040816000
2019,91623,3,0.117094017094017000,0.346153846153846000,0.558974358974359000,0.829914529914530000
2019,91624,3,0.121621621621622000,0.425675675675676000,0.722972972972973000,0.918918918918919000
2019,91625,3,0.103448275862069000,0.355172413793103000,0.648275862068966000,0.896551724137931000
2019,91626,3,0.071278825995807200,0.306079664570231000,0.535639412997904000,0.800838574423480000
2019,91627,3,0.137652947719689000,0.500556173526140000,0.828698553948832000,0.965795328142381000
2019,91628,3,0.081884057971014500,0.307246376811594000,0.575362318840580000,0.850000000000000000
2019,91629,3,0.093957871396895800,0.338137472283814000,0.609478935698448000,0.865299334811530000
2019,91630,2,0.100000000000000000,0.200000000000000000,0.400000000000000000,0.800000000000000000
2019,91630,3,0.091402714932126700,0.366063348416290000,0.663800904977376000,0.889140271493213000
2019,91631,3,0.125412541254125000,0.438118811881188000,0.724422442244224000,0.911716171617162000
2019,91632,4,0.187739463601533000,0.524904214559387000,0.747126436781609000,0.909961685823755000
2019,91633,3,0.118881118881119000,0.409090909090909000,0.657342657342657000,0.867132867132867000
2019,91633,4,0.080000000000000000,0.315000000000000000,0.574375000000000000,0.839375000000000000
2019,91634,2,0.142857142857143000,0.428571428571429000,0.714285714285714000,0.928571428571429000
2019,91634,3,0.041666666666666700,0.308333333333333000,0.629166666666667000,0.862500000000000000
2019,91634,4,0.118589743589744000,0.415064102564103000,0.695512820512821000,0.899038461538462000
2019,91635,2,0.000000000000000000,0.187500000000000000,0.500000000000000000,0.812500000000000000
2019,91635,3,0.086805555555555600,0.371527777777778000,0.664930555555556000,0.880208333333333000
2019,91635,4,0.081475787855495800,0.305149884704074000,0.546118370484243000,0.822444273635665000
2019,91636,4,0.071428571428571500,0.377747252747253000,0.745879120879121000,0.939560439560440000
2019,91637,2,0.000000000000000000,0.375000000000000000,0.750000000000000000,0.875000000000000000
2019,91637,3,0.161392405063291000,0.449367088607595000,0.648734177215190000,0.860759493670886000
2019,91637,4,0.075055187637969100,0.321192052980132000,0.564017660044150000,0.817880794701987000
2019,91638,4,0.000000000000000000,0.081081081081081100,0.297297297297297000,0.716216216216216000
2019,91639,3,0.179487179487179000,0.500000000000000000,0.679487179487179000,0.858974358974359000
2019,91639,4,0.075342465753424700,0.294520547945206000,0.493150684931507000,0.773972602739726000
2019,91640,3,0.166666666666667000,0.461538461538462000,0.692307692307692000,0.897435897435898000
2019,91640,4,0.123188405797101000,0.362318840579710000,0.514492753623189000,0.775362318840580000
2019,91641,1,0.000000000000000000,0.000000000000000000,0.500000000000000000,1.000000000000000000
2019,91641,3,0.020833333333333300,0.312500000000000000,0.729166666666667000,0.937500000000000000
2019,91641,4,0.057692307692307700,0.376923076923077000,0.692307692307692000,0.873076923076923000
2019,91642,3,0.125000000000000000,0.291666666666667000,0.416666666666667000,0.750000000000000000
2019,91642,4,0.097222222222222200,0.284722222222222000,0.437500000000000000,0.750000000000000000
2019,91643,3,0.112219451371571000,0.385910224438903000,0.635910224438903000,0.862219451371571000
2019,91644,3,0.098591549295774600,0.352112676056338000,0.549295774647887000,0.795774647887324000
2019,91650,1,0.000000000000000000,0.153846153846154000,0.538461538461538000,0.884615384615385000
2019,91650,2,0.044968833481745400,0.220837043633126000,0.503116651825468000,0.827248441674087000
2019,91651,1,0.062500000000000000,0.187500000000000000,0.437500000000000000,0.812500000000000000
2019,91651,2,0.124421296296296000,0.351273148148148000,0.564236111111111000,0.837384259259259000
2019,91652,2,0.131723380900110000,0.470362239297475000,0.807354555433590000,0.968715697036224000
2019,91653,2,0.093342981186685900,0.378437047756874000,0.714182344428365000,0.929088277858177000
2019,91654,1,0.000000000000000000,0.214285714285714000,0.642857142857143000,0.928571428571429000
2019,91654,2,0.067089755213055300,0.267452402538531000,0.531731640979148000,0.831368993653672000
2019,91679,1,0.000000000000000000,0.027027027027027000,0.274774774774775000,0.747747747747748000
2019,91680,1,0.122222222222222000,0.294444444444444000,0.488888888888889000,0.816666666666667000
2019,91681,1,0.108695652173913000,0.255434782608696000,0.396739130434783000,0.750000000000000000
2019,91682,1,0.004347826086956500,0.086956521739130400,0.430434782608696000,0.847826086956522000
2019,91683,1,0.093023255813953500,0.250000000000000000,0.441860465116279000,0.784883720930233000
2019,91725,2,0.076829268292682900,0.327845528455285000,0.595121951219512000,0.844105691056911000
2019,91735,1,0.500000000000000000,1.000000000000000000,1.000000000000000000,1.000000000000000000
2019,91735,2,0.126959247648903000,0.394984326018809000,0.639498432601881000,0.871473354231975000
2019,91736,2,0.013888888888888900,0.111111111111111000,0.500000000000000000,0.902777777777778000
2019,91789,1,0.022727272727272700,0.295454545454545000,0.727272727272727000,0.954545454545455000
2019,91789,2,0.145307917888563000,0.467595307917889000,0.742815249266862000,0.920527859237537000
2019,91803,1,0.013888888888888900,0.222222222222222000,0.569444444444444000,0.861111111111111000
2019,91804,1,0.087837837837837800,0.358108108108108000,0.685810810810811000,0.915540540540541000
2019,91805,1,0.069620253164557000,0.367088607594937000,0.708860759493671000,0.911392405063291000
2019,91806,1,0.084615384615384600,0.369230769230769000,0.707692307692308000,0.923076923076923000
2019,91807,1,0.025641025641025700,0.179487179487180000,0.461538461538462000,0.807692307692308000
2019,91808,2,0.121019108280255000,0.417197452229299000,0.732484076433121000,0.936305732484077000
2019,91809,1,0.049668874172185400,0.268211920529801000,0.576158940397351000,0.857615894039735000
2019,91810,1,0.048611111111111100,0.274305555555556000,0.572916666666667000,0.847222222222222000
2019,91811,1,0.000000000000000000,0.125000000000000000,0.625000000000000000,1.000000000000000000
2019,91812,1,0.250000000000000000,0.583333333333333000,0.833333333333333000,1.000000000000000000
2019,91813,1,0.000000000000000000,0.277777777777778000,0.722222222222222000,0.944444444444444000
2019,91814,1,0.000000000000000000,0.363636363636364000,0.818181818181818000,0.954545454545455000
2019,91815,1,0.000000000000000000,0.375000000000000000,0.833333333333333000,0.958333333333333000
2019,91816,1,0.000000000000000000,0.150000000000000000,0.450000000000000000,0.800000000000000000
2019,91817,1,0.005747126436781600,0.224137931034483000,0.568965517241379000,0.850574712643678000
2019,91819,1,0.000000000000000000,0.250000000000000000,0.625000000000000000,0.875000000000000000
2019,91822,1,0.093750000000000000,0.281250000000000000,0.500000000000000000,0.812500000000000000
2019,91823,1,0.093750000000000000,0.218750000000000000,0.500000000000000000,0.875000000000000000
2019,91824,1,0.031250000000000000,0.156250000000000000,0.437500000000000000,0.812500000000000000
2019,91825,1,0.093750000000000000,0.218750000000000000,0.406250000000000000,0.781250000000000000
2019,91826,1,0.000000000000000000,0.153846153846154000,0.519230769230769000,0.865384615384615000
2019,91827,1,0.000000000000000000,0.204545454545455000,0.568181818181818000,0.863636363636364000
2019,91828,1,0.000000000000000000,0.166666666666667000,0.500000000000000000,0.833333333333333000
2019,91829,1,0.000000000000000000,0.125000000000000000,0.375000000000000000,0.750000000000000000
2019,91830,1,0.000000000000000000,0.250000000000000000,0.583333333333333000,0.833333333333333000
2019,91831,1,0.250000000000000000,0.625000000000000000,0.875000000000000000,1.000000000000000000
2019,91832,1,0.062500000000000000,0.218750000000000000,0.562500000000000000,0.906250000000000000
2019,91833,1,0.000000000000000000,0.230769230769231000,0.692307692307692000,0.961538461538462000
2019,91834,1,0.000000000000000000,0.291666666666667000,0.708333333333333000,0.916666666666667000
2019,91835,1,0.000000000000000000,0.250000000000000000,0.583333333333333000,0.833333333333333000
2019,91849,1,0.090523338048090500,0.258840169731259000,0.446958981612447000,0.778642149929279000
2019,91852,1,0.000000000000000000,0.000000000000000000,0.500000000000000000,1.000000000000000000
2019,91855,1,0.071428571428571500,0.285714285714286000,0.642857142857143000,0.928571428571429000
2019,91856,1,0.100000000000000000,0.400000000000000000,0.800000000000000000,1.000000000000000000
2019,91857,1,0.062500000000000000,0.250000000000000000,0.437500000000000000,0.750000000000000000
2019,91858,1,0.000000000000000000,0.333333333333333000,0.666666666666667000,0.833333333333333000
2019,91859,1,0.000000000000000000,0.000000000000000000,0.000000000000000000,0.500000000000000000
2019,91863,1,0.000000000000000000,0.200000000000000000,0.700000000000000000,1.000000000000000000
2019,91869,1,0.072307692307692300,0.306153846153846000,0.602307692307692000,0.868461538461538000
2019,91870,1,0.082914572864321600,0.345477386934673000,0.644472361809045000,0.881909547738694000
2019,91871,1,0.085427135678391900,0.318467336683417000,0.612437185929648000,0.879396984924623000
2019,91872,1,0.070877531340405000,0.289296046287367000,0.564127290260367000,0.845708775313404000
2019,91873,1,0.052995391705069100,0.248271889400922000,0.516705069124424000,0.821428571428571000
2019,91874,1,0.079072532699167600,0.324019024970273000,0.587395957193817000,0.842449464922711000
2019,91875,1,0.066874027993779200,0.279160186625194000,0.546656298600311000,0.834370139968896000
2019,91876,1,0.096577017114914400,0.411980440097800000,0.760391198044010000,0.944987775061125000
2019,91900,1,0.080381471389645800,0.376021798365123000,0.690735694822888000,0.895095367847411000
2019,91901,1,0.103857566765579000,0.387240356083086000,0.652818991097923000,0.869436201780415000
2019,91902,1,0.142480211081794000,0.410290237467019000,0.612137203166227000,0.844327176781003000
2019,91903,1,0.130162703379224000,0.416770963704631000,0.661451814768461000,0.874843554443054000
2019,91904,1,0.149122807017544000,0.429824561403509000,0.631578947368421000,0.850877192982456000
2019,91905,1,0.126760563380282000,0.500000000000000000,0.767605633802817000,0.894366197183099000
2019,91906,1,0.101802757158006000,0.333510074231177000,0.555143160127253000,0.823435843054083000
2019,91907,1,0.127799736495389000,0.399209486166008000,0.627799736495389000,0.856389986824770000
2019,91908,1,0.125000000000000000,0.457500000000000000,0.762500000000000000,0.930000000000000000
2019,91909,1,0.120041753653445000,0.442588726513570000,0.754697286012526000,0.932150313152401000
2020,90825,2,0.000000000000000000,0.000000000000000000,0.000000000000000000,0.500000000000000000
2020,90825,3,0.074605220754108900,0.284563325813729000,0.532065742829520000,0.822107637769900000
2020,90826,2,0.000000000000000000,0.500000000000000000,1.000000000000000000,1.000000000000000000
2020,90826,3,0.082830989060058000,0.290243357892387000,0.523889260995758000,0.816476892163429000
2020,90827,3,0.080527086383601700,0.288140556368960000,0.528111273792094000,0.820497803806735000
2020,90828,2,0.000000000000000000,0.000000000000000000,0.500000000000000000,1.000000000000000000
2020,90828,3,0.112732095490716000,0.401856763925729000,0.680371352785146000,0.891246684350133000
2020,90831,3,0.051724137931034500,0.362068965517241000,0.724137931034483000,0.913793103448276000
2020,90832,3,0.056410256410256400,0.289743589743590000,0.605128205128205000,0.871794871794872000
2020,91379,2,0.207220011370097000,0.566799317794201000,0.813814667424673000,0.954235361000569000
2020,91380,2,0.185026737967914000,0.559893048128342000,0.822459893048128000,0.947593582887701000
2020,91381,2,0.124255952380952000,0.519345238095238000,0.869047619047619000,0.973958333333333000
2020,91382,1,0.000000000000000000,0.000000000000000000,0.000000000000000000,0.500000000000000000
2020,91382,2,0.054142278253039200,0.272624943719046000,0.559545249887438000,0.841062584421432000
2020,91383,1,0.000000000000000000,0.000000000000000000,0.250000000000000000,0.750000000000000000
2020,91383,2,0.096222380612972200,0.343549536707056000,0.619743406985032000,0.872416250890948000
2020,91384,1,0.071428571428571500,0.214285714285714000,0.357142857142857000,0.714285714285714000
2020,91384,2,0.051338629008531900,0.284054133568697000,0.584583701088556000,0.851868196528391000
2020,91385,1,0.000000000000000000,0.000000000000000000,0.000000000000000000,0.500000000000000000
2020,91385,2,0.125838926174497000,0.409395973154362000,0.674496644295302000,0.890939597315436000
2020,91387,2,0.050593161200279100,0.249825540823447000,0.532100488485694000,0.832868108862526000
2020,91388,1,0.000000000000000000,0.166666666666667000,0.500000000000000000,0.833333333333333000
2020,91388,2,0.018153163670324500,0.119542376838664000,0.326698575764651000,0.725309362596311000
2020,91389,1,0.000000000000000000,0.000000000000000000,0.500000000000000000,1.000000000000000000
2020,91389,2,0.043688177107866200,0.224682053697598000,0.483749411210551000,0.802755534620820000
2020,91390,2,0.119768477292965000,0.439765933087393000,0.768795318661748000,0.948797862867320000
2020,91391,2,0.105309269318381000,0.335990888382688000,0.649640792009813000,0.918959172945506000
2020,91392,2,0.136712749615975000,0.447516641065028000,0.733358934971838000,0.922555043522785000
2020,91393,2,0.034584166568639000,0.141924479473003000,0.324373603105517000,0.717033290201153000
2020,91394,2,0.115347018572825000,0.445747800586510000,0.782991202346041000,0.952590420332356000
2020,91395,2,0.120521172638436000,0.427524429967427000,0.739413680781759000,0.932410423452769000
2020,91396,2,0.098075160403299700,0.371219065077910000,0.714940421631531000,0.941796516956920000
2020,91397,2,0.070788789367234900,0.275353943946836000,0.532505056342098000,0.827939901762496000
2020,91398,1,0.000000000000000000,0.000000000000000000,0.000000000000000000,0.500000000000000000
2020,91398,2,0.076472311749194300,0.288895399941401000,0.544535599179607000,0.832112510987401000
2020,91399,2,0.153514739229025000,0.484807256235828000,0.765532879818594000,0.934240362811792000
2020,91400,2,0.161501787842670000,0.507151370679380000,0.808104886769964000,0.962455303933254000
2020,91401,2,0.048956414978514400,0.251534683855126000,0.537906691221608000,0.835328422344997000
2020,91402,2,0.084615384615384600,0.369230769230769000,0.707692307692308000,0.923076923076923000
2020,91402,3,0.064288063137125900,0.274580730023019000,0.547846103255508000,0.837553436369615000
2020,91403,2,0.159758854559156000,0.508666164280332000,0.808214016578749000,0.959306706857574000
2020,91404,2,0.192810457516340000,0.545751633986928000,0.797385620915033000,0.944444444444444000
2020,91405,2,0.030201342281879200,0.162961409395973000,0.415268456375839000,0.782508389261745000
2020,91406,2,0.146013448607109000,0.447166186359270000,0.734390009606148000,0.933237271853987000
2020,91407,1,0.014705882352941200,0.235294117647059000,0.602941176470588000,0.882352941176471000
2020,91407,2,0.063725490196078400,0.271752450980392000,0.542279411764706000,0.834252450980392000
2020,91408,2,0.112231182795699000,0.444556451612903000,0.782594086021505000,0.950268817204301000
2020,91409,1,0.025641025641025700,0.192307692307692000,0.461538461538462000,0.794871794871795000
2020,91409,2,0.036277602523659300,0.195583596214511000,0.465074357818837000,0.805768364127986000
2020,91410,1,0.000000000000000000,0.500000000000000000,1.000000000000000000,1.000000000000000000
2020,91410,2,0.110254433307633000,0.413646877409406000,0.695836545875097000,0.892444101773323000
2020,91411,2,0.081976313841598800,0.349740932642487000,0.635825314581791000,0.868060695780903000
2020,91412,2,0.103448275862069000,0.372093023255814000,0.643544506816359000,0.874899759422614000
2020,91413,2,0.181241184767278000,0.565585331452750000,0.863892806770099000,0.979548660084626000
2020,91414,2,0.118548387096774000,0.476612903225806000,0.817741935483871000,0.959677419354839000
2020,91415,2,0.090810576506285200,0.363459037711313000,0.654746423927178000,0.882097962722150000
2020,91416,1,0.043478260869565200,0.239130434782609000,0.521739130434783000,0.826086956521739000
2020,91416,2,0.049442896935933100,0.165738161559889000,0.337743732590529000,0.721448467966574000
2020,91417,1,0.000000000000000000,0.500000000000000000,1.000000000000000000,1.000000000000000000
2020,91417,2,0.028700906344410900,0.128398791540785000,0.312688821752266000,0.712990936555891000
2020,91418,1,0.000000000000000000,0.111111111111111000,0.444444444444444000,0.833333333333333000
2020,91418,2,0.034760705289672600,0.135516372795970000,0.296725440806045000,0.695969773299748000
2020,91419,2,0.065068493150684900,0.213698630136986000,0.400000000000000000,0.751369863013699000
2020,91420,2,0.231578947368421000,0.631578947368421000,0.852631578947369000,0.952631578947369000
2020,91421,3,0.099773242630385500,0.337868480725624000,0.649659863945578000,0.911564625850340000
2020,91422,2,0.048117154811715500,0.161087866108787000,0.326359832635983000,0.713389121338912000
2020,91423,2,0.126315789473684000,0.413157894736842000,0.713157894736842000,0.926315789473684000
2020,91424,2,0.047872340425531900,0.159574468085106000,0.315602836879433000,0.703900709219858000
2020,91425,1,0.187500000000000000,0.500000000000000000,0.812500000000000000,1.000000000000000000
2020,91425,2,0.082178217821782200,0.283168316831683000,0.506435643564356000,0.805445544554456000
2020,91426,2,0.126893939393939000,0.463257575757576000,0.781060606060606000,0.944696969696970000
2020,91427,2,0.132674297606660000,0.462278876170656000,0.775494276795005000,0.945889698231009000
2020,91428,1,0.078947368421052700,0.289473684210526000,0.657894736842105000,0.947368421052632000
2020,91428,2,0.079772079772079800,0.328347578347578000,0.623931623931624000,0.875356125356125000
2020,91429,2,0.096834848010028200,0.402381698527108000,0.755092447508618000,0.949545596991539000
2020,91430,1,0.300000000000000000,0.700000000000000000,0.800000000000000000,0.900000000000000000
2020,91430,2,0.093348667816752900,0.352884799693310000,0.633601686793176000,0.874065554916619000
2020,91431,1,0.100000000000000000,0.433333333333333000,0.733333333333333000,0.900000000000000000
2020,91431,2,0.086251067463706300,0.331511528608027000,0.613578138343296000,0.868317677198975000
2020,91432,1,0.090909090909090900,0.272727272727273000,0.545454545454545000,0.863636363636364000
2020,91432,2,0.091018998272884300,0.342141623488774000,0.628324697754750000,0.877202072538860000
2020,91433,2,0.071830985915493000,0.271830985915493000,0.552112676056338000,0.852112676056338000
2020,91434,1,0.024390243902439000,0.121951219512195000,0.243902439024390000,0.646341463414634000
2020,91434,2,0.069235311485090100,0.256347800413345000,0.499114260407440000,0.812001771479185000
2020,91435,1,0.000000000000000000,0.163716814159292000,0.460176991150442000,0.796460176991151000
2020,91435,2,0.077977862217082400,0.285643482570626000,0.540558400792995000,0.832892780439452000
2020,91436,2,0.093240438778535400,0.371182923213756000,0.719389267714201000,0.941446783278980000
2020,91437,1,0.078947368421052700,0.447368421052632000,0.815789473684211000,0.947368421052632000
2020,91437,2,0.071781756180733200,0.269053708439898000,0.518925831202046000,0.821653878942882000
2020,91438,2,0.094971117906897700,0.391607203533809000,0.746687054026504000,0.950050968399592000
2020,91439,2,0.090288315629742100,0.339150227617602000,0.663884673748103000,0.915022761760243000
2020,91440,2,0.062030075187969900,0.308270676691729000,0.620300751879699000,0.874060150375940000
2020,91441,1,0.000000000000000000,0.500000000000000000,1.000000000000000000,1.000000000000000000
2020,91441,2,0.098101265822784800,0.318037974683544000,0.555379746835443000,0.835443037974684000
2020,91442,1,0.214285714285714000,0.500000000000000000,0.642857142857143000,0.857142857142857000
2020,91442,2,0.078849721706864600,0.341372912801484000,0.642857142857143000,0.880333951762523000
2020,91443,2,0.039473684210526300,0.276315789473684000,0.605263157894737000,0.868421052631579000
2020,91444,2,0.125000000000000000,0.388888888888889000,0.625000000000000000,0.861111111111111000
2020,91445,1,0.052631578947368400,0.368421052631579000,0.789473684210526000,0.973684210526316000
2020,91445,2,0.037045252883762200,0.211401952085182000,0.499334516415262000,0.824977817213842000
2020,91446,1,0.041666666666666700,0.145833333333333000,0.437500000000000000,0.833333333333333000
2020,91446,2,0.045779954785229800,0.237377543330821000,0.512810851544838000,0.821213262999246000
2020,91447,1,0.291666666666667000,0.708333333333333000,0.916666666666667000,1.000000000000000000
2020,91447,2,0.053304484657749800,0.259441384736428000,0.568056648308419000,0.861919748229740000
2020,91448,1,0.192307692307692000,0.500000000000000000,0.769230769230769000,0.961538461538462000
2020,91448,2,0.052000000000000000,0.266666666666667000,0.562666666666667000,0.848000000000000000
2020,91449,2,0.062500000000000000,0.291666666666667000,0.583333333333333000,0.854166666666667000
2020,91450,1,0.071428571428571500,0.571428571428571000,1.000000000000000000,1.000000000000000000
2020,91450,2,0.037993180711154400,0.228446176327326000,0.525572333170969000,0.835119337554798000
2020,91451,1,0.000000000000000000,0.000000000000000000,0.000000000000000000,0.500000000000000000
2020,91451,2,0.048708174502329500,0.240152477763659000,0.517153748411690000,0.825709445150360000
2020,91452,1,0.218750000000000000,0.593750000000000000,0.843750000000000000,0.968750000000000000
2020,91452,2,0.069125441696113100,0.298586572438163000,0.608657243816254000,0.879196113074205000
2020,91453,1,0.000000000000000000,0.166666666666667000,0.666666666666667000,1.000000000000000000
2020,91453,2,0.067142857142857100,0.287142857142857000,0.564285714285714000,0.844285714285714000
2020,91454,2,0.072580645161290300,0.334677419354839000,0.625000000000000000,0.862903225806452000
2020,91455,2,0.045730166750884300,0.293835270338555000,0.667003537139970000,0.918898433552299000
2020,91456,2,0.049979765277215700,0.269931201942533000,0.602792391744233000,0.882840955078915000
2020,91457,2,0.026100086281277000,0.277178602243313000,0.671268334771355000,0.920189818809318000
2020,91458,2,0.004601226993865000,0.119631901840491000,0.404907975460123000,0.789877300613497000
2020,91459,2,0.006666666666666650,0.116666666666667000,0.473333333333333000,0.863333333333333000
2020,91460,1,0.000000000000000000,0.000000000000000000,0.500000000000000000,1.000000000000000000
2020,91460,2,0.061183550651955900,0.286359077231695000,0.577733199598796000,0.852557673019057000
2020,91461,1,0.000000000000000000,0.142857142857143000,0.571428571428571000,0.928571428571429000
2020,91461,2,0.103924418604651000,0.378052325581395000,0.663517441860465000,0.889389534883721000
2020,91462,2,0.172034564021995000,0.536920659858602000,0.836213668499607000,0.971327572663001000
2020,91463,1,0.166666666666667000,0.500000000000000000,0.833333333333333000,1.000000000000000000
2020,91463,2,0.089943130799161900,0.349446273570787000,0.644866806345406000,0.885363663573780000
2020,91464,1,0.000000000000000000,0.000000000000000000,0.250000000000000000,0.750000000000000000
2020,91464,2,0.093667931135103600,0.356288298803618000,0.649985409979574000,0.887365042311059000
2020,91465,2,0.097269624573378800,0.390784982935154000,0.745733788395905000,0.952218430034130000
2020,91466,1,0.000000000000000000,0.500000000000000000,1.000000000000000000,1.000000000000000000
2020,91466,2,0.101111111111111000,0.375555555555556000,0.664444444444444000,0.890000000000000000
2020,91467,2,0.128140703517588000,0.443467336683417000,0.729899497487437000,0.914572864321608000
2020,91468,2,0.103929024081115000,0.369455006337136000,0.643219264892269000,0.877693282636249000
2020,91469,2,0.081256771397616500,0.342903575297941000,0.633261105092091000,0.871614301191766000
2020,91470,2,0.068376068376068400,0.354700854700855000,0.705128205128205000,0.918803418803419000
2020,91471,2,0.111526946107784000,0.431886227544910000,0.755239520958084000,0.934880239520958000
2020,91472,1,0.116012853126255000,0.443499799169902000,0.767104029990628000,0.939617083946981000
2020,91473,1,0.117898495833784000,0.440320311654583000,0.765826209284710000,0.943404393463911000
2020,91474,1,0.127911453320500000,0.450914340712223000,0.774975938402310000,0.951973051010587000
2020,91475,1,0.070654369193483200,0.318937659889592000,0.628281944257439000,0.879998653561330000
2020,91476,1,0.083668662282854100,0.326872116988910000,0.622239670232604000,0.879036215526548000
2020,91477,1,0.096177062374245500,0.371026156941650000,0.667404426559356000,0.892555331991952000
2020,91478,1,0.090733444461282000,0.340733444461282000,0.626193362630702000,0.876193362630702000
2020,91479,1,0.082173813868613200,0.304402372262774000,0.563469434306569000,0.841240875912409000
2020,91480,1,0.086224291812184700,0.340007760962359000,0.632828870779977000,0.879045401629802000
2020,91482,2,0.100536193029491000,0.418230563002681000,0.757372654155496000,0.939678284182306000
2020,91483,2,0.084725536992840100,0.354415274463007000,0.698090692124105000,0.928400954653938000
2020,91484,2,0.127376425855513000,0.433460076045627000,0.741444866920152000,0.935361216730038000
2020,91485,2,0.064670658682634700,0.258682634730539000,0.513173652694611000,0.819161676646707000
2020,91486,1,0.065295169946332700,0.232558139534884000,0.464221824686941000,0.796958855098390000
2020,91487,1,0.060431654676259000,0.257553956834532000,0.530935251798561000,0.833812949640288000
2020,91488,2,0.075065274151436100,0.266318537859008000,0.494778067885117000,0.803524804177546000
2020,91489,1,0.069908814589665600,0.294832826747720000,0.572948328267477000,0.848024316109423000
2020,91490,3,0.126637554585153000,0.449781659388646000,0.772925764192140000,0.949781659388646000
2020,91491,2,0.090588988476312400,0.317221510883483000,0.586107554417414000,0.859475032010243000
2020,91492,2,0.120117187500000000,0.395996093750000000,0.651855468750000000,0.875976562500000000
2020,91493,3,0.105008537279454000,0.387592487194081000,0.705463858850313000,0.922879908935686000
2020,91494,1,0.041666666666666700,0.208333333333333000,0.583333333333333000,0.916666666666667000
2020,91494,2,0.065126724414501100,0.285049727301893000,0.560314404876484000,0.840391401989092000
2020,91495,1,0.000000000000000000,0.100000000000000000,0.550000000000000000,0.950000000000000000
2020,91495,2,0.078488372093023200,0.304909560723514000,0.584948320413437000,0.858527131782946000
2020,91496,2,0.087737127371273700,0.304539295392954000,0.565379403794038000,0.848577235772358000
2020,91497,1,0.041666666666666700,0.250000000000000000,0.583333333333333000,0.875000000000000000
2020,91497,2,0.066541705716963400,0.311387066541706000,0.625351452671040000,0.880506091846298000
2020,91498,1,0.055555555555555600,0.266666666666667000,0.588888888888889000,0.877777777777778000
2020,91498,2,0.088329674041547000,0.337358554298260000,0.620756628947813000,0.871727748691100000
2020,91499,1,0.057692307692307700,0.250000000000000000,0.557692307692308000,0.865384615384615000
2020,91499,2,0.120666213460231000,0.388964423294811000,0.643326535236800000,0.875028325402221000
2020,91500,1,0.333333333333333000,0.666666666666667000,0.722222222222222000,0.888888888888889000
2020,91500,2,0.129403944161312000,0.412585863062265000,0.664635497451806000,0.881453578550853000
2020,91501,1,0.000000000000000000,0.180000000000000000,0.546666666666667000,0.866666666666667000
2020,91501,2,0.040170714537134800,0.246876099964801000,0.556890179514256000,0.850184794086589000
2020,91502,1,0.200000000000000000,0.600000000000000000,0.833333333333333000,0.933333333333333000
2020,91502,2,0.114370078740157000,0.381594488188976000,0.644389763779528000,0.877165354330709000
2020,91503,2,0.128906250000000000,0.393880208333333000,0.644531250000000000,0.879557291666667000
2020,91504,1,0.224489795918367000,0.632653061224490000,0.877551020408163000,0.969387755102041000
2020,91504,2,0.134825014343087000,0.434165232358003000,0.706540447504303000,0.907200229489386000
2020,91505,1,0.000000000000000000,0.333333333333333000,0.666666666666667000,0.833333333333333000
2020,91505,2,0.145329441201001000,0.440366972477064000,0.699749791492911000,0.904712260216847000
2020,91506,1,0.015151515151515100,0.075757575757575800,0.318181818181818000,0.757575757575758000
2020,91507,1,0.014285714285714300,0.071428571428571500,0.300000000000000000,0.742857142857143000
2020,91508,1,0.057142857142857200,0.142857142857143000,0.314285714285714000,0.728571428571429000
2020,91509,1,0.000000000000000000,0.000000000000000000,0.181818181818182000,0.681818181818182000
2020,91510,1,0.000000000000000000,0.000000000000000000,0.083333333333333300,0.583333333333333000
2020,91511,1,0.023809523809523800,0.071428571428571500,0.166666666666667000,0.619047619047619000
2020,91512,1,0.000000000000000000,0.100000000000000000,0.250000000000000000,0.650000000000000000
2020,91512,2,0.053464499572284000,0.234816082121471000,0.509837467921300000,0.828485885372113000
2020,91513,1,0.000000000000000000,0.055555555555555600,0.277777777777778000,0.722222222222222000
2020,91513,2,0.057026476578411400,0.241598778004073000,0.521894093686354000,0.837321792260693000
2020,91514,4,0.083916083916083900,0.370629370629371000,0.725524475524476000,0.938811188811189000
2020,91515,1,0.000000000000000000,0.055555555555555600,0.277777777777778000,0.722222222222222000
2020,91515,2,0.038028169014084500,0.209154929577465000,0.491197183098592000,0.820070422535211000
2020,91516,1,0.000000000000000000,0.000000000000000000,0.000000000000000000,0.500000000000000000
2020,91516,2,0.070616883116883100,0.273538961038961000,0.542207792207792000,0.839285714285714000
2020,91517,1,0.000000000000000000,0.000000000000000000,0.500000000000000000,1.000000000000000000
2020,91517,2,0.031815528312901400,0.147694103911267000,0.378867483946293000,0.762988908347928000
2020,91518,3,0.081341911764705900,0.363970588235294000,0.716452205882353000,0.933823529411765000
2020,91519,1,0.000000000000000000,0.250000000000000000,0.500000000000000000,0.750000000000000000
2020,91519,2,0.069397993311036800,0.273411371237458000,0.554347826086957000,0.850334448160535000
2020,91520,1,0.000000000000000000,0.000000000000000000,0.000000000000000000,0.500000000000000000
2020,91520,2,0.043333333333333300,0.146666666666667000,0.356666666666667000,0.753333333333333000
2020,91521,2,0.058422003613732200,0.249447902027705000,0.519775145553102000,0.828749247139129000
2020,91522,1,0.000000000000000000,0.333333333333333000,0.833333333333333000,1.000000000000000000
2020,91522,2,0.053335431088735100,0.242920075519194000,0.501258653241032000,0.811674008810573000
2020,91523,2,0.104661861677657000,0.369038491028983000,0.700966109492409000,0.936589480141083000
2020,91524,2,0.079750821467688900,0.352478094194962000,0.696536144578313000,0.923808871851040000
2020,91525,1,0.125000000000000000,0.500000000000000000,0.750000000000000000,0.875000000000000000
2020,91525,2,0.063546527587153500,0.268185561350535000,0.518597309909415000,0.813958276146034000
2020,91526,2,0.116986525112291000,0.419967333605553000,0.716516945692119000,0.913536137198857000
2020,91527,1,0.000000000000000000,0.500000000000000000,1.000000000000000000,1.000000000000000000
2020,91527,2,0.080160320641282600,0.318303273213093000,0.590514362057448000,0.852371409485638000
2020,91528,2,0.083703703703703700,0.337777777777778000,0.622962962962963000,0.868888888888889000
2020,91529,2,0.104651162790698000,0.355377906976744000,0.622093023255814000,0.871366279069767000
2020,91530,3,0.102836879432624000,0.390070921985816000,0.719858156028369000,0.932624113475177000
2020,91531,2,0.095300261096605700,0.394255874673629000,0.729765013054830000,0.930809399477807000
2020,91532,2,0.154804270462633000,0.487544483985765000,0.781138790035587000,0.948398576512456000
2020,91533,2,0.049657534246575300,0.235730593607306000,0.575342465753425000,0.889269406392694000
2020,91534,1,0.009331259720062210,0.038102643856920700,0.103421461897356000,0.574650077760498000
2020,91535,1,0.004173622704507500,0.020033388981636000,0.084307178631051800,0.568447412353923000
2020,91536,1,0.056122448979591800,0.260204081632653000,0.580498866213152000,0.876417233560091000
2020,91537,1,0.003601440576230520,0.021608643457383000,0.072629051620648300,0.554621848739496000
2020,91538,2,0.085937500000000000,0.398437500000000000,0.734375000000000000,0.921875000000000000
2020,91539,1,0.044117647058823500,0.139705882352941000,0.250000000000000000,0.654411764705882000
2020,91540,1,0.062500000000000000,0.250000000000000000,0.500000000000000000,0.812500000000000000
2020,91541,1,0.047619047619047600,0.214285714285714000,0.539682539682540000,0.873015873015873000
2020,91542,1,0.041666666666666700,0.159722222222222000,0.270833333333333000,0.652777777777778000
2020,91543,2,0.107728337236534000,0.398126463700234000,0.703747072599532000,0.913348946135831000
2020,91544,1,0.017615176151761500,0.085365853658536600,0.252032520325203000,0.684281842818428000
2020,91545,1,0.020114942528735600,0.107758620689655000,0.304597701149425000,0.716954022988506000
2020,91546,1,0.060542797494780800,0.297494780793319000,0.659707724425887000,0.922755741127349000
2020,91547,1,0.018072289156626500,0.086345381526104400,0.255020080321285000,0.686746987951807000
2020,91548,2,0.050438596491228100,0.271929824561404000,0.618421052631579000,0.896929824561404000
2020,91549,1,0.005988023952095800,0.068862275449101800,0.236526946107784000,0.673652694610778000
2020,91550,1,0.006993006993006980,0.066433566433566400,0.213286713286713000,0.653846153846154000
2020,91551,1,0.050438596491228100,0.276315789473684000,0.620614035087719000,0.894736842105263000
2020,91552,1,0.004566210045662100,0.068493150684931500,0.223744292237443000,0.659817351598174000
2020,91553,2,0.092156862745098100,0.331372549019608000,0.622549019607843000,0.883333333333333000
2020,91554,1,0.039175257731958800,0.146391752577320000,0.305154639175258000,0.697938144329897000
2020,91555,1,0.020547945205479500,0.130136986301370000,0.312328767123288000,0.702739726027397000
2020,91556,1,0.101562500000000000,0.364257812500000000,0.654296875000000000,0.891601562500000000
2020,91557,1,0.036666666666666700,0.143333333333333000,0.300833333333333000,0.694166666666667000
2020,91558,2,0.000000000000000000,0.071428571428571500,0.301587301587302000,0.730158730158730000
2020,91559,1,0.013157894736842100,0.065789473684210500,0.157894736842105000,0.605263157894737000
2020,91560,1,0.000000000000000000,0.000000000000000000,0.051282051282051300,0.551282051282051000
2020,91561,1,0.000000000000000000,0.039062500000000000,0.195312500000000000,0.656250000000000000
2020,91562,1,0.000000000000000000,0.025641025641025700,0.128205128205128000,0.602564102564103000
2020,91563,2,0.024163568773234200,0.319702602230483000,0.717472118959108000,0.921933085501859000
2020,91564,1,0.087278106508875700,0.267751479289941000,0.497041420118343000,0.816568047337278000
2020,91565,1,0.055223880597014900,0.213432835820896000,0.420895522388060000,0.762686567164179000
2020,91566,1,0.022569444444444400,0.284722222222222000,0.682291666666667000,0.920138888888889000
2020,91567,1,0.040935672514619900,0.194444444444444000,0.461988304093567000,0.808479532163743000
2020,91568,2,0.089473684210526300,0.369736842105263000,0.702631578947369000,0.922368421052632000
2020,91569,1,0.031335149863760200,0.121253405994550000,0.284741144414169000,0.694822888283379000
2020,91570,1,0.032327586206896600,0.146551724137931000,0.338362068965517000,0.724137931034483000
2020,91571,1,0.069682151589242100,0.292176039119804000,0.638141809290954000,0.915647921760391000
2020,91572,1,0.012249443207127000,0.085746102449888700,0.267260579064588000,0.693763919821826000
2020,91573,1,0.000000000000000000,0.500000000000000000,1.000000000000000000,1.000000000000000000
2020,91573,2,0.037604456824512500,0.213401423707830000,0.473692355307954000,0.797895388424636000
2020,91574,1,0.000000000000000000,0.109090909090909000,0.427272727272727000,0.818181818181818000
2020,91574,2,0.050921126086609800,0.207791689927426000,0.498524603237898000,0.841654039397081000
2020,91575,1,0.027777777777777800,0.222222222222222000,0.555555555555556000,0.861111111111111000
2020,91575,2,0.044233043104374900,0.198108137160056000,0.424916693539718000,0.771041599484037000
2020,91576,1,0.000000000000000000,0.333333333333333000,0.833333333333333000,1.000000000000000000
2020,91576,2,0.045774058577405900,0.335899581589958000,0.707949790794979000,0.917824267782427000
2020,91577,2,0.096432452010141300,0.328504165157552000,0.607841361825426000,0.875769648678015000
2020,91578,2,0.100614343029087000,0.355692076228686000,0.670511534603812000,0.915433801404213000
2020,91579,2,0.097778104767510300,0.361462625073573000,0.680768098881695000,0.917083578575633000
2020,91580,1,0.031250000000000000,0.250000000000000000,0.531250000000000000,0.812500000000000000
2020,91580,2,0.064870189263350500,0.318124252444945000,0.644163793709984000,0.890909730528390000
2020,91581,1,0.136363636363636000,0.409090909090909000,0.681818181818182000,0.909090909090909000
2020,91581,2,0.061983219844358000,0.328520184824903000,0.659928258754864000,0.893391293774319000
2020,91582,1,0.000000000000000000,0.500000000000000000,1.000000000000000000,1.000000000000000000
2020,91582,2,0.075222352743748900,0.321866084913576000,0.628503104547743000,0.881859372377916000
2020,91583,1,0.500000000000000000,1.000000000000000000,1.000000000000000000,1.000000000000000000
2020,91583,2,0.083441019014214500,0.351116854347425000,0.658482554919697000,0.890806719586487000
2020,91584,2,0.109302995391705000,0.426699308755760000,0.778369815668203000,0.960973502304148000
2020,91585,2,0.124225693509292000,0.426205224885537000,0.752019929975761000,0.950040398599515000
2020,91586,2,0.139966430436404000,0.434632599776203000,0.743472584856397000,0.948806415516598000
2020,91587,1,0.000000000000000000,0.285714285714286000,0.642857142857143000,0.857142857142857000
2020,91587,2,0.026244761701825400,0.257298103558491000,0.579622132253711000,0.848568790397045000
2020,91588,2,0.046686746987951800,0.170180722891566000,0.352409638554217000,0.728915662650602000
2020,91589,2,0.047500000000000000,0.193125000000000000,0.435000000000000000,0.789375000000000000
2020,91590,1,0.000000000000000000,0.000000000000000000,0.500000000000000000,1.000000000000000000
2020,91590,2,0.030969845150774200,0.164221678891606000,0.409942950285249000,0.776691116544417000
2020,91591,1,0.000000000000000000,0.000000000000000000,0.333333333333333000,0.833333333333333000
2020,91591,2,0.006087662337662340,0.134131493506494000,0.386160714285714000,0.758116883116883000
2020,91592,1,0.000000000000000000,0.166666666666667000,0.333333333333333000,0.666666666666667000
2020,91592,2,0.010090466249130100,0.091858037578288100,0.296102992345164000,0.714335421016006000
2020,91593,2,0.069060773480663000,0.209944751381215000,0.375690607734807000,0.734806629834254000
2020,91594,2,0.128514056224900000,0.458835341365462000,0.784136546184739000,0.953815261044177000
2020,91595,2,0.076388888888888900,0.354166666666667000,0.715277777777778000,0.937500000000000000
2020,91596,2,0.131970260223048000,0.414498141263940000,0.686802973977695000,0.904275092936803000
2020,91597,1,0.000000000000000000,0.250000000000000000,0.625000000000000000,0.875000000000000000
2020,91597,2,0.072542901716068600,0.296671866874675000,0.565782631305252000,0.841653666146646000
2020,91598,2,0.158208955223881000,0.511940298507463000,0.791044776119403000,0.937313432835821000
2020,91599,1,0.000000000000000000,0.166666666666667000,0.333333333333333000,0.666666666666667000
2020,91599,2,0.066265060240963900,0.296686746987952000,0.574397590361446000,0.843975903614458000
2020,91600,1,0.000000000000000000,0.166666666666667000,0.333333333333333000,0.666666666666667000
2020,91600,2,0.080136626379400900,0.318707304256437000,0.591697320021020000,0.853126642143983000
2020,91601,1,0.000000000000000000,0.055555555555555600,0.277777777777778000,0.722222222222222000
2020,91601,2,0.059552656104380300,0.285274930102516000,0.560577819198509000,0.834855545200373000
2020,91602,1,0.000000000000000000,0.500000000000000000,1.000000000000000000,1.000000000000000000
2020,91602,2,0.061396604070617400,0.261385359271337000,0.509501855391881000,0.809513100191162000
2020,91603,3,0.092197523496941700,0.388109801581381000,0.739295837684619000,0.943383559600179000
2020,91604,2,0.045488616134170300,0.222992598144852000,0.481963833973578000,0.804459851962897000
2020,91605,2,0.113493855028844000,0.404188612992225000,0.733885126661650000,0.943190368698269000
2020,91606,2,0.076766749704995400,0.368886849350990000,0.730824701717582000,0.938704602071588000
2020,91607,1,0.000000000000000000,0.500000000000000000,1.000000000000000000,1.000000000000000000
2020,91607,2,0.064557571864461200,0.269311064718163000,0.522000963545849000,0.817247470692147000
2020,91608,3,0.106253988513082000,0.364709636247607000,0.598276962348437000,0.839821314613912000
2020,91609,3,0.115313653136531000,0.352398523985240000,0.555350553505535000,0.818265682656827000
2020,91610,2,0.134615384615385000,0.480769230769231000,0.788461538461538000,0.942307692307692000
2020,91610,3,0.087758112094395300,0.333702064896755000,0.580383480825959000,0.834439528023599000
2020,91611,2,0.208333333333333000,0.541666666666667000,0.750000000000000000,0.916666666666667000
2020,91611,3,0.119158878504673000,0.386915887850467000,0.618457943925234000,0.850700934579439000
2020,91612,3,0.132653061224490000,0.508503401360544000,0.843537414965987000,0.967687074829932000
2020,91613,3,0.214705882352941000,0.588235294117647000,0.802941176470588000,0.929411764705882000
2020,91614,3,0.150000000000000000,0.375000000000000000,0.575000000000000000,0.850000000000000000
2020,91615,1,0.000000000000000000,0.000000000000000000,0.000000000000000000,0.500000000000000000
2020,91615,3,0.075396825396825400,0.289682539682540000,0.591269841269841000,0.876984126984127000
2020,91616,3,0.057692307692307700,0.237179487179487000,0.448717948717949000,0.769230769230769000
2020,91617,3,0.146913580246914000,0.472839506172840000,0.779012345679012000,0.953086419753087000
2020,91618,3,0.225000000000000000,0.650000000000000000,0.875000000000000000,0.950000000000000000
2020,91619,3,0.121951219512195000,0.439024390243902000,0.768292682926829000,0.951219512195122000
2020,91620,3,0.139575971731449000,0.439929328621908000,0.694346289752650000,0.893992932862191000
2020,91620,4,0.094393592677345500,0.363844393592677000,0.630434782608696000,0.860983981693364000
2020,91621,1,0.000000000000000000,0.312500000000000000,0.750000000000000000,0.937500000000000000
2020,91621,3,0.066558441558441500,0.260551948051948000,0.483766233766234000,0.789772727272727000
2020,91622,3,0.058383233532934100,0.282185628742515000,0.547155688622754000,0.823353293413174000
2020,91623,3,0.077933450087565700,0.300350262697023000,0.542907180385289000,0.820490367775832000
2020,91624,3,0.132812500000000000,0.449218750000000000,0.730468750000000000,0.914062500000000000
2020,91625,3,0.166666666666667000,0.516339869281046000,0.771241830065359000,0.921568627450980000
2020,91626,3,0.058201058201058200,0.279100529100529000,0.519841269841270000,0.798941798941799000
2020,91627,3,0.126436781609195000,0.490229885057471000,0.827298850574713000,0.963505747126437000
2020,91628,3,0.071124361158432700,0.275979557069847000,0.529386712095400000,0.824531516183986000
2020,91629,2,0.000000000000000000,0.250000000000000000,0.500000000000000000,0.750000000000000000
2020,91629,3,0.075353645266594100,0.306039173014146000,0.579706202393906000,0.849020674646355000
2020,91630,3,0.061338289962825300,0.307156133828996000,0.611524163568773000,0.865706319702602000
2020,91631,3,0.117431192660550000,0.432110091743119000,0.722018348623853000,0.907339449541284000
2020,91632,4,0.177419354838710000,0.435483870967742000,0.596774193548387000,0.838709677419355000
2020,91633,3,0.000000000000000000,0.500000000000000000,1.000000000000000000,1.000000000000000000
2020,91633,4,0.085629921259842500,0.331692913385827000,0.577755905511811000,0.831692913385827000
2020,91634,3,0.000000000000000000,0.000000000000000000,0.250000000000000000,0.750000000000000000
2020,91634,4,0.055743243243243300,0.307432432432432000,0.584459459459459000,0.832770270270270000
2020,91635,3,0.137500000000000000,0.450000000000000000,0.650000000000000000,0.837500000000000000
2020,91635,4,0.061755952380952400,0.276785714285714000,0.537202380952381000,0.822172619047619000
2020,91636,4,0.061151079136690700,0.302158273381295000,0.654676258992806000,0.913669064748201000
2020,91637,3,0.100000000000000000,0.200000000000000000,0.400000000000000000,0.800000000000000000
2020,91637,4,0.079185520361991000,0.312217194570136000,0.531674208144796000,0.798642533936652000
2020,91638,4,0.060975609756097600,0.256097560975610000,0.573170731707317000,0.878048780487805000
2020,91639,3,0.192307692307692000,0.576923076923077000,0.807692307692308000,0.923076923076923000
2020,91639,4,0.089285714285714300,0.369047619047619000,0.666666666666667000,0.886904761904762000
2020,91640,4,0.139344262295082000,0.426229508196721000,0.696721311475410000,0.909836065573770000
2020,91641,1,0.000000000000000000,0.500000000000000000,1.000000000000000000,1.000000000000000000
2020,91641,3,0.000000000000000000,0.100000000000000000,0.500000000000000000,0.900000000000000000
2020,91641,4,0.082191780821917800,0.356164383561644000,0.664383561643836000,0.890410958904110000
2020,91642,4,0.000000000000000000,0.068965517241379300,0.224137931034483000,0.655172413793103000
2020,91643,3,0.097665847665847700,0.389434889434889000,0.670761670761671000,0.878992628992629000
2020,91644,3,0.125000000000000000,0.306818181818182000,0.477272727272727000,0.795454545454545000
2020,91650,1,0.000000000000000000,0.125000000000000000,0.458333333333333000,0.833333333333333000
2020,91650,2,0.049172346640701100,0.236611489776047000,0.528724440116845000,0.841285296981500000
2020,91651,1,0.218750000000000000,0.468750000000000000,0.562500000000000000,0.812500000000000000
2020,91651,2,0.112429378531073000,0.356497175141243000,0.594350282485876000,0.850282485875706000
2020,91652,2,0.112447698744770000,0.445606694560670000,0.777196652719665000,0.944037656903766000
2020,91653,2,0.079510703363914400,0.351681957186544000,0.694954128440367000,0.922782874617737000
2020,91654,1,0.066666666666666700,0.266666666666667000,0.566666666666667000,0.866666666666667000
2020,91654,2,0.053679653679653700,0.240259740259740000,0.502164502164502000,0.815584415584416000
2020,91679,1,0.013422818791946300,0.110738255033557000,0.459731543624161000,0.862416107382550000
2020,91680,1,0.067567567567567500,0.207207207207207000,0.378378378378378000,0.738738738738739000
2020,91681,1,0.097560975609756100,0.243902439024390000,0.365853658536585000,0.719512195121951000
2020,91682,1,0.014388489208633100,0.125899280575540000,0.482014388489209000,0.870503597122302000
2020,91683,1,0.078431372549019600,0.220588235294118000,0.475490196078431000,0.833333333333333000
2020,91725,2,0.084433318161128800,0.321574874829313000,0.565999089667729000,0.828857532999545000
2020,91735,1,0.333333333333333000,0.833333333333333000,1.000000000000000000,1.000000000000000000
2020,91735,2,0.110169491525424000,0.364406779661017000,0.616222760290557000,0.861985472154964000
2020,91736,2,0.032258064516129100,0.290322580645161000,0.612903225806452000,0.854838709677419000
2020,91789,1,0.250000000000000000,0.666666666666667000,0.833333333333333000,0.916666666666667000
2020,91789,2,0.147221369358305000,0.453177770954866000,0.710316241940436000,0.904359840343875000
2020,91803,1,0.058139534883720900,0.282945736434109000,0.581395348837209000,0.856589147286822000
2020,91804,1,0.080769230769230800,0.323076923076923000,0.673076923076923000,0.930769230769231000
2020,91805,1,0.080808080808080800,0.368686868686869000,0.702020202020202000,0.914141414141414000
2020,91806,1,0.108695652173913000,0.355072463768116000,0.666666666666667000,0.920289855072464000
2020,91807,1,0.077956989247311800,0.284946236559140000,0.532258064516129000,0.825268817204301000
2020,91808,2,0.062111801242236000,0.291925465838509000,0.667701863354037000,0.937888198757764000
2020,91809,1,0.037162162162162200,0.226351351351351000,0.537162162162162000,0.847972972972973000
2020,91810,1,0.051020408163265300,0.238095238095238000,0.517006802721088000,0.829931972789116000
2020,91811,1,0.000000000000000000,0.000000000000000000,0.200000000000000000,0.700000000000000000
2020,91812,1,0.000000000000000000,0.250000000000000000,0.571428571428571000,0.821428571428571000
2020,91813,1,0.000000000000000000,0.166666666666667000,0.666666666666667000,1.000000000000000000
2020,91814,1,0.000000000000000000,0.078947368421052700,0.210526315789474000,0.631578947368421000
2020,91815,1,0.000000000000000000,0.300000000000000000,0.800000000000000000,1.000000000000000000
2020,91816,1,0.000000000000000000,0.272727272727273000,0.590909090909091000,0.818181818181818000
2020,91817,1,0.082352941176470600,0.270588235294118000,0.488235294117647000,0.800000000000000000
2020,91818,1,0.000000000000000000,0.000000000000000000,0.500000000000000000,1.000000000000000000
2020,91822,1,0.000000000000000000,0.000000000000000000,0.333333333333333000,0.833333333333333000
2020,91823,1,0.000000000000000000,0.000000000000000000,0.333333333333333000,0.833333333333333000
2020,91824,1,0.166666666666667000,0.666666666666667000,1.000000000000000000,1.000000000000000000
2020,91825,1,0.000000000000000000,0.166666666666667000,0.666666666666667000,1.000000000000000000
2020,91826,1,0.000000000000000000,0.500000000000000000,1.000000000000000000,1.000000000000000000
2020,91827,1,0.000000000000000000,0.000000000000000000,0.500000000000000000,1.000000000000000000
2020,91828,1,0.000000000000000000,0.300000000000000000,0.700000000000000000,0.900000000000000000
2020,91829,1,0.000000000000000000,0.000000000000000000,0.000000000000000000,0.500000000000000000
2020,91830,1,0.000000000000000000,0.200000000000000000,0.600000000000000000,0.900000000000000000
2020,91831,1,0.000000000000000000,0.250000000000000000,0.625000000000000000,0.875000000000000000
2020,91832,1,0.000000000000000000,0.050000000000000000,0.150000000000000000,0.600000000000000000
2020,91833,1,0.000000000000000000,0.178571428571429000,0.428571428571429000,0.750000000000000000
2020,91834,1,0.000000000000000000,0.000000000000000000,0.083333333333333300,0.583333333333333000
2020,91835,1,0.000000000000000000,0.125000000000000000,0.625000000000000000,1.000000000000000000
2020,91849,1,0.070809248554913300,0.197254335260116000,0.356936416184971000,0.730491329479769000
2020,91850,1,0.000000000000000000,0.045454545454545500,0.272727272727273000,0.727272727272727000
2020,91851,1,0.000000000000000000,0.500000000000000000,1.000000000000000000,1.000000000000000000
2020,91852,1,0.045454545454545500,0.409090909090909000,0.727272727272727000,0.863636363636364000
2020,91853,1,0.000000000000000000,0.277777777777778000,0.666666666666667000,0.888888888888889000
2020,91854,1,0.000000000000000000,0.000000000000000000,0.000000000000000000,0.500000000000000000
2020,91855,1,0.214285714285714000,0.428571428571429000,0.642857142857143000,0.928571428571429000
2020,91857,1,0.000000000000000000,0.083333333333333300,0.166666666666667000,0.583333333333333000
2020,91858,1,0.000000000000000000,0.000000000000000000,0.000000000000000000,0.500000000000000000
2020,91860,1,0.000000000000000000,0.250000000000000000,0.562500000000000000,0.812500000000000000
2020,91861,1,0.000000000000000000,0.000000000000000000,0.500000000000000000,1.000000000000000000
2020,91862,1,0.000000000000000000,0.100000000000000000,0.300000000000000000,0.700000000000000000
2020,91863,1,0.000000000000000000,0.000000000000000000,0.500000000000000000,1.000000000000000000
2020,91869,1,0.101049868766404000,0.342519685039370000,0.599081364829396000,0.857611548556430000
2020,91870,1,0.088102409638554200,0.323042168674699000,0.615963855421687000,0.881024096385542000
2020,91871,1,0.097513089005235600,0.330497382198953000,0.598821989528796000,0.865837696335079000
2020,91872,1,0.062868369351670000,0.266863130320891000,0.538965291421087000,0.834970530451866000
2020,91873,1,0.051835853131749500,0.255579553635709000,0.532757379409647000,0.829013678905688000
2020,91874,1,0.076826196473551700,0.300167926112511000,0.552476910159530000,0.829135180520571000
2020,91875,1,0.077812828601472200,0.297055730809674000,0.552050473186120000,0.832807570977918000
2020,91876,1,0.082390953150242300,0.376413570274637000,0.734248788368336000,0.940226171243942000
2020,91900,1,0.052098408104196800,0.276410998552822000,0.541968162083936000,0.817655571635311000
2020,91901,1,0.091946308724832200,0.330201342281879000,0.558389261744966000,0.820134228187920000
2020,91902,1,0.123052959501558000,0.360591900311527000,0.548286604361371000,0.810747663551402000
2020,91903,1,0.098187311178247800,0.334592145015106000,0.551359516616314000,0.814954682779456000
2020,91904,1,0.120967741935484000,0.306451612903226000,0.451612903225807000,0.766129032258065000
2020,91905,1,0.157407407407407000,0.462962962962963000,0.671296296296296000,0.865740740740741000
2020,91906,1,0.090106007067137800,0.294346289752650000,0.505653710247350000,0.801413427561837000
2020,91907,1,0.088597210828548000,0.321575061525841000,0.538556193601313000,0.805578342904020000
2020,91908,1,0.121776504297994000,0.436962750716332000,0.742836676217765000,0.927650429799427000
2020,91909,1,0.099411764705882400,0.381176470588235000,0.681764705882353000,0.900000000000000000
2020,91985,2,0.000000000000000000,0.000000000000000000,0.000000000000000000,0.500000000000000000
2021,90825,3,0.071980228606734600,0.286221810318196000,0.536916898362682000,0.822675316651220000
2021,90826,3,0.065144766146993300,0.266369710467706000,0.514922048997773000,0.813697104677060000
2021,90827,2,0.071428571428571500,0.357142857142857000,0.785714285714286000,1.000000000000000000
2021,90827,3,0.064430837740050100,0.263985527414417000,0.514750904536599000,0.815196214862232000
2021,90828,3,0.074626865671641800,0.349502487562189000,0.646766169154229000,0.871890547263682000
2021,90831,3,0.038461538461538400,0.307692307692308000,0.730769230769231000,0.961538461538462000
2021,90832,3,0.075609756097561000,0.341463414634146000,0.663414634146342000,0.897560975609756000
2021,91379,2,0.078933189655172400,0.333782327586207000,0.658405172413793000,0.903556034482759000
2021,91380,2,0.111431870669746000,0.431870669745958000,0.760392609699769000,0.939953810623557000
2021,91381,2,0.046875000000000000,0.320652173913043000,0.697690217391304000,0.923913043478261000
2021,91382,2,0.047312487226650300,0.270692826486818000,0.582873492744737000,0.859493153484570000
2021,91383,1,0.000000000000000000,0.500000000000000000,1.000000000000000000,1.000000000000000000
2021,91383,2,0.086424625098658200,0.326756116811365000,0.605761641673244000,0.865430149960537000
2021,91384,1,0.000000000000000000,0.357142857142857000,0.714285714285714000,0.857142857142857000
2021,91384,2,0.041864764923402000,0.255546751188590000,0.564447966191231000,0.850765979926043000
2021,91385,2,0.107023411371237000,0.399665551839465000,0.680602006688963000,0.887959866220736000
2021,91387,1,0.000000000000000000,0.500000000000000000,1.000000000000000000,1.000000000000000000
2021,91387,2,0.030303030303030300,0.208410636982066000,0.494434137291280000,0.816326530612245000
2021,91388,1,0.000000000000000000,0.055555555555555600,0.111111111111111000,0.555555555555556000
2021,91388,2,0.022942289498580900,0.145222327341533000,0.386825922421949000,0.764545884578997000
2021,91389,1,0.000000000000000000,0.142857142857143000,0.428571428571429000,0.785714285714286000
2021,91389,2,0.053306181121226700,0.267129851461428000,0.544920939147101000,0.831097268806900000
2021,91390,2,0.067207183060841600,0.272313052800858000,0.586370946127044000,0.881265076387028000
2021,91391,2,0.064472740315638400,0.280487804878049000,0.591822094691535000,0.875807030129125000
2021,91392,2,0.091369206180074600,0.340703249866809000,0.635588705380927000,0.886254661694193000
2021,91393,1,0.125000000000000000,0.625000000000000000,1.000000000000000000,1.000000000000000000
2021,91393,2,0.034699389384687600,0.157937999060592000,0.364901362141851000,0.741662752465947000
2021,91394,2,0.046343537414966000,0.288265306122449000,0.633503401360544000,0.891581632653061000
2021,91395,2,0.063056888279643600,0.316312542837560000,0.639479095270733000,0.886223440712817000
2021,91396,2,0.051313628899835800,0.292282430213465000,0.637520525451560000,0.896551724137931000
2021,91397,2,0.070122822050842600,0.265209940017138000,0.526563838903171000,0.831476720936875000
2021,91398,2,0.084789458607848800,0.307075336579777000,0.564737897450587000,0.842452019478660000
2021,91399,2,0.048465266558966100,0.293012924071082000,0.633683360258482000,0.889135702746365000
2021,91400,2,0.067148760330578500,0.293388429752066000,0.595041322314050000,0.868801652892562000
2021,91401,2,0.048733480176211400,0.255506607929515000,0.548182819383260000,0.841409691629956000
2021,91402,2,0.015625000000000000,0.312500000000000000,0.695312500000000000,0.898437500000000000
2021,91402,3,0.067694167422181900,0.288153520701118000,0.564974312481112000,0.844514959202176000
2021,91403,2,0.071477900552486200,0.332527624309392000,0.671961325966851000,0.910911602209945000
2021,91404,2,0.115671641791045000,0.406716417910448000,0.712686567164179000,0.921641791044776000
2021,91405,1,0.014285714285714300,0.142857142857143000,0.478571428571429000,0.850000000000000000
2021,91405,2,0.035029190992493700,0.184528773978315000,0.445371142618849000,0.795871559633028000
2021,91406,2,0.069055944055944100,0.299825174825175000,0.600524475524476000,0.869755244755245000
2021,91407,1,0.071428571428571500,0.258928571428571000,0.526785714285714000,0.839285714285714000
2021,91407,2,0.068497284248642100,0.276101388050694000,0.544357272178636000,0.836753168376584000
2021,91408,2,0.055485098287888400,0.299936588459100000,0.651236525047559000,0.906785034876347000
2021,91409,1,0.000000000000000000,0.000000000000000000,0.500000000000000000,1.000000000000000000
2021,91409,2,0.039737991266375600,0.202183406113537000,0.470960698689956000,0.808515283842795000
2021,91410,2,0.094534711964549500,0.395494830132939000,0.700886262924668000,0.899926144756278000
2021,91411,1,0.000000000000000000,0.000000000000000000,0.000000000000000000,0.500000000000000000
2021,91411,2,0.087802940007946000,0.361938816050854000,0.654946364719905000,0.880810488676996000
2021,91412,2,0.121951219512195000,0.425958188153310000,0.706445993031359000,0.902439024390244000
2021,91413,2,0.096694214876033100,0.383471074380165000,0.706611570247934000,0.919834710743802000
2021,91414,2,0.082446808510638300,0.345744680851064000,0.651595744680851000,0.888297872340426000
2021,91415,1,0.000000000000000000,0.500000000000000000,1.000000000000000000,1.000000000000000000
2021,91415,2,0.078194375925012300,0.347557967439566000,0.639368524913666000,0.870004933399112000
2021,91416,1,0.000000000000000000,0.000000000000000000,0.000000000000000000,0.500000000000000000
2021,91416,2,0.051240808823529400,0.167738970588235000,0.346966911764706000,0.730468750000000000
2021,91417,2,0.043939393939393900,0.145454545454545000,0.312121212121212000,0.710606060606061000
2021,91418,1,0.000000000000000000,0.000000000000000000,0.500000000000000000,1.000000000000000000
2021,91418,2,0.042932947419199200,0.144958996623251000,0.289917993246503000,0.687891944042451000
2021,91419,2,0.076294277929155300,0.218664850136240000,0.394414168937330000,0.752043596730245000
2021,91420,2,0.103092783505155000,0.448453608247423000,0.804123711340206000,0.958762886597938000
2021,91421,3,0.076923076923076900,0.286813186813187000,0.579120879120879000,0.869230769230769000
2021,91422,2,0.040856031128404700,0.178988326848249000,0.385214007782101000,0.747081712062257000
2021,91423,2,0.075129533678756500,0.287564766839378000,0.575129533678757000,0.862694300518135000
2021,91424,2,0.049122807017543800,0.180701754385965000,0.378947368421053000,0.747368421052632000
2021,91425,1,0.000000000000000000,0.500000000000000000,1.000000000000000000,1.000000000000000000
2021,91425,2,0.086768935762224300,0.298178331735379000,0.526366251198466000,0.814956855225312000
2021,91426,2,0.031976744186046500,0.277823920265781000,0.640365448504984000,0.894518272425249000
2021,91427,2,0.049632352941176500,0.284313725490196000,0.628982843137255000,0.894301470588235000
2021,91428,2,0.083940206975852800,0.344384821770793000,0.645266385588348000,0.884821770793407000
2021,91429,2,0.053800763623741800,0.317250954529677000,0.679451579312739000,0.916001388406803000
2021,91430,1,0.000000000000000000,0.500000000000000000,1.000000000000000000,1.000000000000000000
2021,91430,2,0.095803098646793500,0.366640517748578000,0.658364385173564000,0.887526966071779000
2021,91431,2,0.089047529588577900,0.350178470787150000,0.638925417997370000,0.877794476798798000
2021,91432,2,0.085605765485001900,0.346805609661083000,0.642189326061550000,0.880989481885469000
2021,91433,2,0.064476885644768800,0.294403892944039000,0.588807785888078000,0.858880778588808000
2021,91434,1,0.060975609756097600,0.250000000000000000,0.506097560975610000,0.817073170731707000
2021,91434,2,0.071552723059096200,0.265208574739282000,0.515280996523754000,0.821625144843569000
2021,91435,1,0.125000000000000000,0.400000000000000000,0.687500000000000000,0.912500000000000000
2021,91435,2,0.070370935735002300,0.275225156464662000,0.535948710120592000,0.831094489390933000
2021,91436,2,0.045254833040421800,0.274018746338606000,0.641036906854130000,0.912272993555946000
2021,91437,1,0.136363636363636000,0.363636363636364000,0.522727272727273000,0.795454545454545000
2021,91437,2,0.067927170868347300,0.265950824774354000,0.526532835356365000,0.828509181450358000
2021,91438,2,0.040527500804117100,0.248954647796719000,0.594724991958829000,0.886297844966227000
2021,91439,2,0.036507936507936500,0.205555555555556000,0.539682539682540000,0.870634920634921000
2021,91440,2,0.064748201438848900,0.264388489208633000,0.546762589928058000,0.847122302158274000
2021,91441,1,0.000000000000000000,0.000000000000000000,0.500000000000000000,1.000000000000000000
2021,91441,2,0.077160493827160500,0.294753086419753000,0.554012345679012000,0.836419753086420000
2021,91442,1,0.000000000000000000,0.500000000000000000,1.000000000000000000,1.000000000000000000
2021,91442,2,0.083505154639175200,0.328865979381443000,0.614432989690722000,0.869072164948454000
2021,91443,2,0.046875000000000000,0.281250000000000000,0.625000000000000000,0.890625000000000000
2021,91444,2,0.060000000000000000,0.380000000000000000,0.720000000000000000,0.900000000000000000
2021,91445,2,0.040212107821475900,0.225806451612903000,0.515024304021211000,0.829429960229783000
2021,91446,1,0.000000000000000000,0.500000000000000000,1.000000000000000000,1.000000000000000000
2021,91446,2,0.042556917688266200,0.237653239929947000,0.531523642732049000,0.836427320490368000
2021,91447,1,0.060000000000000000,0.320000000000000000,0.620000000000000000,0.860000000000000000
2021,91447,2,0.059099437148217600,0.277673545966229000,0.587992495309569000,0.869418386491557000
2021,91448,1,0.000000000000000000,0.000000000000000000,0.000000000000000000,0.500000000000000000
2021,91448,2,0.023114355231143600,0.240875912408759000,0.555961070559611000,0.838199513381995000
2021,91449,2,0.056372549019607900,0.284313725490196000,0.612745098039216000,0.884803921568628000
2021,91450,2,0.048306772908366500,0.251494023904382000,0.555029880478088000,0.851842629482072000
2021,91451,1,0.055555555555555600,0.277777777777778000,0.583333333333333000,0.861111111111111000
2021,91451,2,0.051479062620053800,0.245293891663465000,0.532462543219362000,0.838647714175951000
2021,91452,1,0.047619047619047600,0.285714285714286000,0.619047619047619000,0.880952380952381000
2021,91452,2,0.067368421052631600,0.293473684210526000,0.594736842105263000,0.868631578947368000
2021,91453,2,0.058558558558558600,0.255255255255255000,0.513513513513514000,0.816816816816817000
2021,91454,2,0.083333333333333300,0.345238095238095000,0.669642857142857000,0.907738095238095000
2021,91455,2,0.016312791299844600,0.199378560331434000,0.544795442775764000,0.861729673744174000
2021,91456,2,0.030948851000741300,0.232209043736101000,0.570422535211268000,0.869162342475908000
2021,91457,2,0.024271844660194200,0.235234627831715000,0.596480582524272000,0.885517799352751000
2021,91458,2,0.001510574018126880,0.123867069486405000,0.436555891238671000,0.814199395770393000
2021,91459,2,0.017605633802816900,0.169014084507042000,0.489436619718310000,0.838028169014085000
2021,91460,1,0.000000000000000000,0.500000000000000000,1.000000000000000000,1.000000000000000000
2021,91460,2,0.058352402745995400,0.255720823798627000,0.545194508009153000,0.847826086956522000
2021,91461,2,0.115312163616792000,0.410791173304629000,0.696986006458558000,0.901506996770721000
2021,91462,2,0.088757396449704200,0.372781065088757000,0.690458579881657000,0.906434911242604000
2021,91463,2,0.099895670318205500,0.383020344287950000,0.678794992175274000,0.895670318205530000
2021,91464,2,0.111869031377899000,0.399454297407913000,0.682128240109141000,0.894542974079127000
2021,91465,2,0.084837545126353800,0.323104693140794000,0.637184115523466000,0.898916967509025000
2021,91466,1,0.220588235294118000,0.602941176470588000,0.838235294117647000,0.955882352941176000
2021,91466,2,0.098348887293610900,0.391241923905241000,0.698851399856425000,0.905958363244795000
2021,91467,1,0.000000000000000000,0.500000000000000000,1.000000000000000000,1.000000000000000000
2021,91467,2,0.129796839729120000,0.461625282167043000,0.758465011286682000,0.926636568848759000
2021,91468,1,0.076923076923076900,0.269230769230769000,0.615384615384615000,0.923076923076923000
2021,91468,2,0.124704491725768000,0.423758865248227000,0.697990543735225000,0.898936170212766000
2021,91469,1,0.185714285714286000,0.542857142857143000,0.742857142857143000,0.885714285714286000
2021,91469,2,0.089175257731958800,0.370618556701031000,0.674742268041237000,0.893298969072165000
2021,91470,2,0.046052631578947300,0.315789473684211000,0.690789473684211000,0.921052631578947000
2021,91471,2,0.090443686006826000,0.389931740614334000,0.731228668941980000,0.931740614334471000
2021,91472,1,0.037130541871921200,0.261514778325123000,0.602770935960591000,0.878386699507389000
2021,91473,1,0.067944633637262400,0.334120619575964000,0.666868065472921000,0.900692079534220000
2021,91474,1,0.079701120797011200,0.364614837217577000,0.716776374310621000,0.931862657890055000
2021,91475,1,0.072158584265038700,0.326908567117086000,0.639344262295082000,0.884594279443035000
2021,91476,1,0.082699523374911300,0.327350167325829000,0.621894331203732000,0.877243687252814000
2021,91477,1,0.084329896907216500,0.345154639175258000,0.651958762886598000,0.891134020618557000
2021,91478,1,0.091531895777178800,0.344713986223420000,0.630203653788560000,0.877021563342318000
2021,91479,1,0.078366197183098600,0.293802816901409000,0.552676056338028000,0.837239436619718000
2021,91480,1,0.086426066627703100,0.340845996493279000,0.636944769140853000,0.882524839275278000
2021,91482,2,0.032941176470588300,0.222352941176471000,0.548235294117647000,0.858823529411765000
2021,91483,2,0.025735294117647100,0.188725490196078000,0.484068627450980000,0.821078431372549000
2021,91484,2,0.078125000000000000,0.312500000000000000,0.603125000000000000,0.868750000000000000
2021,91485,2,0.081690140845070400,0.289436619718310000,0.531690140845071000,0.823943661971831000
2021,91486,1,0.067269076305220900,0.250000000000000000,0.491967871485944000,0.809236947791165000
2021,91487,1,0.092696629213483200,0.320224719101124000,0.566479400749064000,0.838951310861423000
2021,91488,2,0.069551777434312200,0.248840803709428000,0.476043276661515000,0.796754250386399000
2021,91489,1,0.074918566775244300,0.294788273615635000,0.547231270358306000,0.827361563517915000
2021,91490,3,0.058024691358024700,0.267901234567901000,0.588888888888889000,0.879012345679012000
2021,91491,2,0.111971411554497000,0.358844550327576000,0.623287671232877000,0.876414532459798000
2021,91492,1,0.000000000000000000,0.346153846153846000,0.730769230769231000,0.884615384615385000
2021,91492,2,0.132541133455210000,0.405850091407678000,0.661791590493602000,0.888482632541134000
2021,91493,3,0.064002403846153900,0.304086538461539000,0.623197115384615000,0.883112980769231000
2021,91494,1,0.000000000000000000,0.000000000000000000,0.500000000000000000,1.000000000000000000
2021,91494,2,0.081985410719949300,0.317792578496670000,0.597050428163654000,0.861243260386933000
2021,91495,1,0.166666666666667000,0.333333333333333000,0.500000000000000000,0.833333333333333000
2021,91495,2,0.079756566303651500,0.303811659192825000,0.590486867392697000,0.866431774503523000
2021,91496,2,0.099372384937238500,0.333682008368201000,0.594490934449093000,0.860181311018131000
2021,91497,1,0.000000000000000000,0.500000000000000000,1.000000000000000000,1.000000000000000000
2021,91497,2,0.075558794946550100,0.329446064139942000,0.647959183673470000,0.894071914480078000
2021,91498,1,0.000000000000000000,0.333333333333333000,0.666666666666667000,0.833333333333333000
2021,91498,2,0.087815775906513100,0.350919401959100000,0.643753222203128000,0.880649596150541000
2021,91499,1,0.208333333333333000,0.513888888888889000,0.763888888888889000,0.958333333333333000
2021,91499,2,0.126989317636800000,0.411270983213429000,0.675059952038369000,0.890778286461740000
2021,91500,1,0.062500000000000000,0.250000000000000000,0.562500000000000000,0.875000000000000000
2021,91500,2,0.124652915509718000,0.408568028560095000,0.679293930979770000,0.895378817929393000
2021,91501,1,0.022058823529411700,0.227941176470588000,0.573529411764706000,0.867647058823530000
2021,91501,2,0.036523605150214600,0.240815450643777000,0.558283261802575000,0.853991416309013000
2021,91502,1,0.230769230769231000,0.653846153846154000,0.923076923076923000,1.000000000000000000
2021,91502,2,0.110171329429625000,0.374972890913034000,0.639449143352852000,0.874647581869443000
2021,91503,2,0.096899224806201600,0.370431893687708000,0.660022148394241000,0.886489479512735000
2021,91504,1,0.208609271523179000,0.639072847682119000,0.903973509933775000,0.973509933774834000
2021,91504,2,0.106957708049113000,0.402319236016371000,0.692633015006821000,0.897271487039564000
2021,91505,1,0.166666666666667000,0.500000000000000000,0.833333333333333000,1.000000000000000000
2021,91505,2,0.132723112128146000,0.426582761250954000,0.697940503432494000,0.904080854309687000
2021,91506,1,0.000000000000000000,0.112500000000000000,0.400000000000000000,0.787500000000000000
2021,91507,1,0.000000000000000000,0.137500000000000000,0.437500000000000000,0.800000000000000000
2021,91508,1,0.051724137931034500,0.120689655172414000,0.241379310344828000,0.672413793103448000
2021,91509,1,0.021739130434782600,0.043478260869565200,0.065217391304347800,0.543478260869565000
2021,91510,1,0.000000000000000000,0.000000000000000000,0.062500000000000000,0.562500000000000000
2021,91511,1,0.000000000000000000,0.090909090909090900,0.227272727272727000,0.636363636363636000
2021,91512,1,0.045454545454545500,0.272727272727273000,0.590909090909091000,0.863636363636364000
2021,91512,2,0.051467367498905000,0.236530880420499000,0.511826544021025000,0.826763031099431000
2021,91513,1,0.066666666666666700,0.500000000000000000,0.933333333333333000,1.000000000000000000
2021,91513,2,0.063504016064257000,0.272339357429719000,0.556726907630522000,0.847891566265060000
2021,91514,4,0.082441113490364000,0.338329764453961000,0.653104925053533000,0.897216274089936000
2021,91515,1,0.250000000000000000,0.750000000000000000,1.000000000000000000,1.000000000000000000
2021,91515,2,0.059956395348837200,0.228561046511628000,0.481104651162791000,0.812500000000000000
2021,91516,2,0.099673202614379100,0.334967320261438000,0.594771241830065000,0.859477124183007000
2021,91517,1,0.000000000000000000,0.300000000000000000,0.800000000000000000,1.000000000000000000
2021,91517,2,0.031189555125725400,0.147485493230174000,0.382495164410058000,0.766199226305609000
2021,91518,3,0.063572149344096900,0.315842583249243000,0.649344096871847000,0.897073662966700000
2021,91519,2,0.069018404907975500,0.305214723926380000,0.625766871165644000,0.889570552147239000
2021,91520,2,0.055555555555555600,0.225308641975309000,0.478395061728395000,0.808641975308642000
2021,91521,1,0.013513513513513500,0.256756756756757000,0.594594594594595000,0.851351351351351000
2021,91521,2,0.062763809873371300,0.290420260598275000,0.574325564323729000,0.846669113598826000
2021,91522,1,0.073333333333333300,0.273333333333333000,0.560000000000000000,0.860000000000000000
2021,91522,2,0.050793166564978600,0.243746186699207000,0.512050030506406000,0.819097010372178000
2021,91523,2,0.063875944078418800,0.289329905190423000,0.614173228346457000,0.888719267234453000
2021,91524,2,0.075217513331462300,0.334128543362335000,0.656609598652821000,0.897698568621948000
2021,91525,2,0.070511954612994800,0.287721194110496000,0.539443468863974000,0.822234229366473000
2021,91526,2,0.061585606959272500,0.312178726769474000,0.634539343614077000,0.883946223803875000
2021,91527,1,0.000000000000000000,0.500000000000000000,1.000000000000000000,1.000000000000000000
2021,91527,2,0.074487065120428200,0.301962533452275000,0.579839429081178000,0.852363960749331000
2021,91528,2,0.091975308641975300,0.353703703703704000,0.626543209876543000,0.864814814814815000
2021,91529,2,0.102870813397129000,0.364832535885167000,0.631578947368421000,0.869617224880383000
2021,91530,3,0.115894039735099000,0.423841059602649000,0.735099337748345000,0.927152317880795000
2021,91531,2,0.067148760330578500,0.335743801652893000,0.692148760330579000,0.923553719008265000
2021,91532,2,0.041533546325878600,0.282747603833866000,0.640575079872205000,0.899361022364217000
2021,91533,2,0.007434944237918240,0.081784386617100400,0.309789343246592000,0.735439900867410000
2021,91534,1,0.014026402640264000,0.040429042904290400,0.127887788778878000,0.601485148514852000
2021,91535,1,0.007438016528925620,0.031404958677685900,0.093388429752066100,0.569421487603306000
2021,91536,1,0.010688836104513000,0.093824228028503500,0.324821852731591000,0.741686460807601000
2021,91537,1,0.008575197889182040,0.027044854881266500,0.091688654353562000,0.573218997361478000
2021,91538,2,0.056818181818181800,0.261363636363636000,0.556818181818182000,0.852272727272727000
2021,91539,1,0.090000000000000000,0.300000000000000000,0.460000000000000000,0.750000000000000000
2021,91540,1,0.027777777777777800,0.222222222222222000,0.500000000000000000,0.805555555555556000
2021,91541,1,0.032608695652173900,0.195652173913043000,0.500000000000000000,0.836956521739130000
2021,91542,1,0.093220338983050800,0.237288135593220000,0.364406779661017000,0.720338983050848000
2021,91543,2,0.055412371134020600,0.274484536082474000,0.570876288659794000,0.851804123711340000
2021,91544,1,0.014986376021798400,0.099455040871934600,0.294277929155313000,0.709809264305177000
2021,91545,1,0.021311475409836100,0.119672131147541000,0.319672131147541000,0.721311475409836000
2021,91546,1,0.044181034482758600,0.209051724137931000,0.512931034482759000,0.848060344827586000
2021,91547,1,0.010183299389002000,0.066191446028513200,0.237270875763747000,0.681262729124236000
2021,91548,2,0.042424242424242400,0.224242424242424000,0.527272727272727000,0.845454545454546000
2021,91549,1,0.099056603773584900,0.259433962264151000,0.405660377358491000,0.745283018867925000
2021,91550,1,0.023148148148148100,0.129629629629630000,0.314814814814815000,0.708333333333333000
2021,91551,1,0.029069767441860500,0.188953488372093000,0.491279069767442000,0.831395348837209000
2021,91552,1,0.053459119496855300,0.157232704402516000,0.283018867924528000,0.679245283018868000
2021,91553,2,0.051411290322580600,0.246975806451613000,0.522177419354839000,0.826612903225807000
2021,91554,1,0.032838983050847500,0.137711864406780000,0.333686440677966000,0.728813559322034000
2021,91555,1,0.044973544973545000,0.177248677248677000,0.350529100529101000,0.718253968253968000
2021,91556,1,0.050781250000000000,0.212890625000000000,0.469726562500000000,0.807617187500000000
2021,91557,1,0.037261698440208000,0.143847487001733000,0.311958405545927000,0.705372616984402000
2021,91558,2,0.000000000000000000,0.024193548387096800,0.225806451612903000,0.701612903225807000
2021,91559,1,0.016666666666666700,0.100000000000000000,0.183333333333333000,0.600000000000000000
2021,91560,1,0.000000000000000000,0.000000000000000000,0.128571428571429000,0.628571428571429000
2021,91561,1,0.000000000000000000,0.015625000000000000,0.164062500000000000,0.648437500000000000
2021,91562,1,0.000000000000000000,0.000000000000000000,0.125000000000000000,0.625000000000000000
2021,91563,2,0.006802721088435380,0.175170068027211000,0.534013605442177000,0.865646258503401000
2021,91564,1,0.081325301204819300,0.277108433734940000,0.516566265060241000,0.820783132530121000
2021,91565,1,0.068561872909699000,0.240802675585284000,0.464882943143813000,0.792642140468228000
2021,91566,1,0.009771986970684040,0.179153094462541000,0.558631921824104000,0.889250814332248000
2021,91567,1,0.067692307692307700,0.238461538461539000,0.453846153846154000,0.783076923076923000
2021,91568,2,0.048136645962732900,0.254658385093168000,0.557453416149068000,0.850931677018634000
2021,91569,1,0.014240506329113900,0.083860759493670900,0.287974683544304000,0.718354430379747000
2021,91570,1,0.010460251046025100,0.092050209205020900,0.290794979079498000,0.709205020920502000
2021,91571,1,0.014705882352941200,0.137700534759358000,0.445187165775401000,0.822192513368984000
2021,91572,1,0.012886597938144300,0.081185567010309300,0.235824742268041000,0.667525773195876000
2021,91573,2,0.044391831902929800,0.235868600177567000,0.499852027226990000,0.808375258952353000
2021,91574,2,0.054671252599584100,0.244800831866901000,0.562709966405375000,0.872580387138058000
2021,91575,1,0.000000000000000000,0.250000000000000000,0.750000000000000000,1.000000000000000000
2021,91575,2,0.044366197183098600,0.225301810865191000,0.479124748490946000,0.798189134808853000
2021,91576,1,0.000000000000000000,0.328571428571429000,0.714285714285714000,0.885714285714286000
2021,91576,2,0.055936254980079700,0.370597609561753000,0.750597609561753000,0.935936254980080000
2021,91577,2,0.061735836059927700,0.284225934217324000,0.602548648183227000,0.880058550025831000
2021,91578,2,0.068927250308261400,0.304007398273736000,0.637977805178792000,0.902897657213317000
2021,91579,2,0.077556325823223600,0.310586366262276000,0.620883882149047000,0.887853841709994000
2021,91580,1,0.000000000000000000,0.384615384615385000,0.846153846153846000,0.961538461538462000
2021,91580,2,0.071778711484593900,0.343032212885154000,0.668242296918768000,0.896988795518207000
2021,91581,1,0.000000000000000000,0.437500000000000000,0.937500000000000000,1.000000000000000000
2021,91581,2,0.071351706821306900,0.353530220601423000,0.684791056375919000,0.902612542595803000
2021,91582,1,0.111111111111111000,0.500000000000000000,0.851851851851852000,0.962962962962963000
2021,91582,2,0.078612078484668300,0.335725813301622000,0.640321073643082000,0.883207338826128000
2021,91583,1,0.000000000000000000,0.500000000000000000,1.000000000000000000,1.000000000000000000
2021,91583,2,0.097131474103585600,0.380000000000000000,0.678486055776892000,0.895617529880478000
2021,91584,2,0.071470588235294100,0.355147058823529000,0.715147058823529000,0.931470588235294000
2021,91585,2,0.065906040268456400,0.310335570469799000,0.651208053691275000,0.906778523489933000
2021,91586,2,0.085495171369058900,0.349555008521113000,0.669948873319447000,0.905889036167393000
2021,91587,1,0.000000000000000000,0.187500000000000000,0.375000000000000000,0.687500000000000000
2021,91587,2,0.027929060187124700,0.272622538751571000,0.613601452311130000,0.868907973746683000
2021,91588,1,0.100000000000000000,0.200000000000000000,0.300000000000000000,0.700000000000000000
2021,91588,2,0.033430232558139500,0.161337209302326000,0.417151162790698000,0.789244186046512000
2021,91589,1,0.000000000000000000,0.166666666666667000,0.333333333333333000,0.666666666666667000
2021,91589,2,0.040151515151515200,0.181060606060606000,0.424242424242424000,0.783333333333333000
2021,91590,1,0.000000000000000000,0.000000000000000000,0.066666666666666700,0.566666666666667000
2021,91590,2,0.032888888888888900,0.172888888888889000,0.416444444444444000,0.776444444444445000
2021,91591,1,0.006944444444444420,0.034722222222222200,0.166666666666667000,0.638888888888889000
2021,91591,2,0.006447587354409310,0.096089850249584000,0.317803660565724000,0.728161397670549000
2021,91592,1,0.035714285714285700,0.071428571428571400,0.071428571428571400,0.535714285714286000
2021,91592,2,0.013081395348837200,0.089389534883721000,0.287790697674419000,0.711482558139535000
2021,91593,1,0.000000000000000000,0.000000000000000000,0.000000000000000000,0.500000000000000000
2021,91593,2,0.070588235294117700,0.267647058823529000,0.494117647058824000,0.797058823529412000
2021,91594,2,0.048209366391184600,0.274104683195592000,0.581267217630854000,0.855371900826446000
2021,91595,2,0.012820512820512800,0.147435897435897000,0.448717948717949000,0.814102564102564000
2021,91596,2,0.027494908350305500,0.199592668024440000,0.460285132382892000,0.788187372708758000
2021,91597,2,0.083765927324209500,0.309108069844266000,0.556394525719679000,0.831052383199623000
2021,91598,2,0.059228650137741000,0.297520661157025000,0.607438016528926000,0.869146005509642000
2021,91599,2,0.066042641705668200,0.295891835673427000,0.560322412896516000,0.830473218928757000
2021,91600,2,0.067906976744186100,0.307209302325581000,0.586046511627907000,0.846744186046512000
2021,91601,1,0.058823529411764700,0.294117647058824000,0.676470588235294000,0.941176470588235000
2021,91601,2,0.057954545454545500,0.295757575757576000,0.588257575757576000,0.850454545454546000
2021,91602,1,0.093750000000000000,0.375000000000000000,0.718750000000000000,0.937500000000000000
2021,91602,2,0.064749780509218600,0.284789288849868000,0.543404302019315000,0.823364793678666000
2021,91603,3,0.087201735357917600,0.371800433839479000,0.702458423716558000,0.917859725234996000
2021,91604,1,0.000000000000000000,0.200000000000000000,0.700000000000000000,1.000000000000000000
2021,91604,2,0.045882144124955600,0.236332978345758000,0.506212282570110000,0.815761448349308000
2021,91605,2,0.055555555555555600,0.291610436347278000,0.629217273954116000,0.893162393162393000
2021,91606,2,0.042994060475162000,0.255669546436285000,0.589632829373650000,0.876957343412527000
2021,91607,1,0.058823529411764700,0.382352941176471000,0.735294117647059000,0.911764705882353000
2021,91607,2,0.082579564489112300,0.317671691792295000,0.568425460636516000,0.833333333333333000
2021,91608,2,0.000000000000000000,0.000000000000000000,0.500000000000000000,1.000000000000000000
2021,91608,3,0.103728813559322000,0.363389830508475000,0.611525423728814000,0.851864406779661000
2021,91609,3,0.100154083204931000,0.322033898305085000,0.535439137134052000,0.813559322033898000
2021,91610,1,0.000000000000000000,0.416666666666667000,0.916666666666667000,1.000000000000000000
2021,91610,2,0.076923076923076900,0.230769230769231000,0.384615384615385000,0.730769230769231000
2021,91610,3,0.088823529411764700,0.335294117647059000,0.588823529411765000,0.842352941176471000
2021,91611,1,0.000000000000000000,0.500000000000000000,1.000000000000000000,1.000000000000000000
2021,91611,3,0.111525898273448000,0.358142790480635000,0.582361175921605000,0.835744283714419000
2021,91612,3,0.100000000000000000,0.316923076923077000,0.575384615384615000,0.858461538461539000
2021,91613,3,0.162303664921466000,0.471204188481675000,0.746073298429319000,0.937172774869110000
2021,91614,3,0.094594594594594600,0.270270270270270000,0.513513513513514000,0.837837837837838000
2021,91615,3,0.150442477876106000,0.469026548672566000,0.725663716814159000,0.907079646017699000
2021,91616,3,0.044117647058823500,0.166666666666667000,0.328431372549020000,0.705882352941176000
2021,91617,3,0.079691516709511600,0.296915167095116000,0.574550128534704000,0.857326478149100000
2021,91618,3,0.058823529411764700,0.176470588235294000,0.401960784313726000,0.784313725490196000
2021,91619,3,0.084269662921348300,0.365168539325843000,0.696629213483146000,0.915730337078652000
2021,91620,3,0.000000000000000000,0.000000000000000000,0.000000000000000000,0.500000000000000000
2021,91620,4,0.098477157360406100,0.342131979695431000,0.603045685279188000,0.859390862944163000
2021,91621,3,0.064615384615384600,0.263076923076923000,0.491538461538462000,0.793076923076923000
2021,91622,2,0.000000000000000000,0.000000000000000000,0.000000000000000000,0.500000000000000000
2021,91622,3,0.063520871143375700,0.296733212341198000,0.551724137931035000,0.818511796733212000
2021,91623,3,0.075562700964630300,0.306270096463023000,0.548231511254019000,0.817524115755627000
2021,91624,3,0.123853211009174000,0.366972477064220000,0.628440366972477000,0.885321100917431000
2021,91625,3,0.102272727272727000,0.333333333333333000,0.625000000000000000,0.893939393939394000
2021,91626,3,0.038095238095238100,0.227380952380952000,0.483333333333333000,0.794047619047619000
2021,91627,3,0.083287671232876700,0.398904109589041000,0.746849315068493000,0.931232876712329000
2021,91628,2,0.136363636363636000,0.454545454545455000,0.818181818181818000,1.000000000000000000
2021,91628,3,0.081909937888198800,0.309006211180124000,0.579968944099379000,0.852872670807453000
2021,91629,2,0.000000000000000000,0.181818181818182000,0.590909090909091000,0.909090909090909000
2021,91629,3,0.068228630278063900,0.294541709577755000,0.566683831101957000,0.840370751802266000
2021,91630,3,0.075799086757990900,0.313242009132420000,0.590410958904110000,0.852968036529680000
2021,91631,3,0.105018587360595000,0.354089219330855000,0.601301115241636000,0.852230483271375000
2021,91643,2,0.309523809523810000,0.761904761904762000,0.928571428571429000,0.976190476190476000
2021,91643,3,0.085006693440428400,0.331994645247657000,0.593038821954485000,0.846050870147256000
2021,91644,3,0.077464788732394400,0.387323943661972000,0.683098591549296000,0.873239436619719000
2021,91650,2,0.063500000000000000,0.271500000000000000,0.549500000000000000,0.841500000000000000
2021,91651,1,0.000000000000000000,0.000000000000000000,0.250000000000000000,0.750000000000000000
2021,91651,2,0.126760563380282000,0.378521126760563000,0.592136150234742000,0.840375586854460000
2021,91652,2,0.039473684210526300,0.255360623781676000,0.621832358674464000,0.905945419103314000
2021,91653,2,0.054376657824933700,0.265915119363395000,0.599469496021220000,0.887931034482759000
2021,91654,1,0.000000000000000000,0.000000000000000000,0.500000000000000000,1.000000000000000000
2021,91654,2,0.070686900958466500,0.289137380191693000,0.564696485623003000,0.846246006389776000
2021,91679,1,0.008474576271186420,0.122881355932203000,0.432203389830508000,0.817796610169492000
2021,91680,1,0.085365853658536600,0.250000000000000000,0.439024390243902000,0.774390243902439000
2021,91681,1,0.058441558441558500,0.201298701298701000,0.415584415584416000,0.772727272727273000
2021,91682,1,0.025862068965517200,0.172413793103448000,0.491379310344828000,0.844827586206897000
2021,91683,1,0.080459770114942500,0.229885057471264000,0.425287356321839000,0.775862068965517000
2021,91725,2,0.077900287631831300,0.322866730584851000,0.573585810162991000,0.828619367209971000
2021,91735,2,0.140862944162437000,0.440355329949239000,0.710659898477157000,0.911167512690355000
2021,91736,2,0.111111111111111000,0.444444444444444000,0.731481481481482000,0.898148148148148000
2021,91789,1,0.080000000000000000,0.306666666666667000,0.580000000000000000,0.853333333333333000
2021,91789,2,0.137489202418658000,0.440541318744601000,0.707889432767060000,0.904837316441117000
2021,91803,1,0.038461538461538400,0.247863247863248000,0.512820512820513000,0.803418803418804000
2021,91804,1,0.040909090909090900,0.227272727272727000,0.581818181818182000,0.895454545454545000
2021,91805,1,0.078431372549019600,0.338235294117647000,0.612745098039216000,0.852941176470588000
2021,91806,1,0.103896103896104000,0.389610389610390000,0.733766233766234000,0.948051948051948000
2021,91807,1,0.065445026178010500,0.248691099476440000,0.494764397905759000,0.811518324607330000
2021,91808,2,0.050000000000000000,0.236666666666667000,0.586666666666667000,0.900000000000000000
2021,91809,1,0.102678571428571000,0.316964285714286000,0.544642857142857000,0.830357142857143000
2021,91810,1,0.064285714285714300,0.303571428571429000,0.553571428571429000,0.814285714285714000
2021,91812,1,0.111111111111111000,0.388888888888889000,0.666666666666667000,0.888888888888889000
2021,91814,1,0.000000000000000000,0.000000000000000000,0.500000000000000000,1.000000000000000000
2021,91815,1,0.000000000000000000,0.500000000000000000,1.000000000000000000,1.000000000000000000
2021,91816,1,0.000000000000000000,0.000000000000000000,0.000000000000000000,0.500000000000000000
2021,91817,1,0.036842105263157900,0.284210526315790000,0.594736842105263000,0.847368421052632000
2021,91822,1,0.000000000000000000,0.166666666666667000,0.666666666666667000,1.000000000000000000
2021,91824,1,0.166666666666667000,0.416666666666667000,0.750000000000000000,1.000000000000000000
2021,91825,1,0.166666666666667000,0.416666666666667000,0.666666666666667000,0.916666666666667000
2021,91826,1,0.107142857142857000,0.285714285714286000,0.535714285714286000,0.857142857142857000
2021,91827,1,0.136363636363636000,0.454545454545455000,0.727272727272727000,0.909090909090909000
2021,91828,1,0.078947368421052700,0.342105263157895000,0.631578947368421000,0.868421052631579000
2021,91829,1,0.107142857142857000,0.321428571428571000,0.642857142857143000,0.928571428571429000
2021,91830,1,0.111111111111111000,0.361111111111111000,0.722222222222222000,0.972222222222222000
2021,91831,1,0.045454545454545500,0.272727272727273000,0.636363636363636000,0.909090909090909000
2021,91832,1,0.156250000000000000,0.406250000000000000,0.687500000000000000,0.937500000000000000
2021,91833,1,0.100000000000000000,0.470000000000000000,0.800000000000000000,0.930000000000000000
2021,91834,1,0.062500000000000000,0.250000000000000000,0.531250000000000000,0.843750000000000000
2021,91835,1,0.000000000000000000,0.300000000000000000,0.600000000000000000,0.800000000000000000
2021,91849,1,0.057880055788005600,0.201534170153417000,0.389818688981869000,0.746164574616458000
2021,91852,1,0.000000000000000000,0.500000000000000000,1.000000000000000000,1.000000000000000000
2021,91855,1,0.000000000000000000,0.000000000000000000,0.500000000000000000,1.000000000000000000
2021,91857,1,0.000000000000000000,0.100000000000000000,0.600000000000000000,1.000000000000000000
2021,91860,1,0.083333333333333300,0.333333333333333000,0.583333333333333000,0.833333333333333000
2021,91861,1,0.100000000000000000,0.400000000000000000,0.600000000000000000,0.800000000000000000
2021,91862,1,0.083333333333333300,0.416666666666667000,0.666666666666667000,0.833333333333333000
2021,91863,1,0.100000000000000000,0.400000000000000000,0.600000000000000000,0.800000000000000000
2021,91864,1,0.100000000000000000,0.400000000000000000,0.600000000000000000,0.800000000000000000
2021,91869,1,0.073235685752330300,0.307589880159787000,0.591211717709720000,0.856857523302264000
2021,91870,1,0.083606557377049200,0.333606557377049000,0.635245901639344000,0.885245901639344000
2021,91871,1,0.081037277147487800,0.312803889789303000,0.610210696920584000,0.878444084278768000
2021,91872,1,0.057308096740273400,0.264458464773922000,0.549421661409043000,0.842271293375394000
2021,91873,1,0.045012165450121700,0.246046228710462000,0.526155717761557000,0.825121654501217000
2021,91874,1,0.066357000663570000,0.315527538155275000,0.595885865958859000,0.846715328467153000
2021,91875,1,0.048881524440762200,0.263048881524441000,0.559652029826015000,0.845484672742336000
2021,91876,1,0.043636363636363600,0.284848484848485000,0.628484848484848000,0.887272727272727000
2021,91900,1,0.071493212669683300,0.315837104072398000,0.573303167420815000,0.828959276018100000
2021,91901,1,0.088144329896907200,0.327835051546392000,0.571649484536083000,0.831958762886598000
2021,91902,1,0.090766002098635900,0.326862539349423000,0.551941238195173000,0.815844700944386000
2021,91903,1,0.087564766839378300,0.313471502590674000,0.537305699481865000,0.811398963730570000
2021,91904,1,0.098557692307692300,0.310096153846154000,0.509615384615385000,0.798076923076923000
2021,91905,1,0.136029411764706000,0.411764705882353000,0.606617647058824000,0.830882352941177000
2021,91906,1,0.071042679632631000,0.273635872501351000,0.486493787142085000,0.783900594273366000
2021,91907,1,0.085928809788654100,0.320077864293660000,0.550611790878754000,0.816462736373749000
2021,91908,1,0.073903002309468800,0.312355658198614000,0.609699769053118000,0.871247113163972000
2021,91909,1,0.079963235294117600,0.335018382352941000,0.615808823529412000,0.860753676470588000
2021,91984,1,0.070967741935483900,0.264516129032258000,0.461290322580645000,0.767741935483871000
2021,91985,1,0.066860465116279100,0.218023255813954000,0.377906976744186000,0.726744186046512000
2021,91986,1,0.035928143712574900,0.095808383233532900,0.167664670658683000,0.607784431137725000
2021,91987,1,0.003448275862068970,0.058620689655172400,0.265517241379310000,0.710344827586207000
2022,90728,3,0.000000000000000000,0.500000000000000000,1.000000000000000000,1.000000000000000000
2022,90825,3,0.078930095175582500,0.304725959960617000,0.567607482769938000,0.841811617984903000
2022,90826,2,0.000000000000000000,0.500000000000000000,1.000000000000000000,1.000000000000000000
2022,90826,3,0.074917413874469100,0.291057102406796000,0.551439358187824000,0.835299669655498000
2022,90827,2,0.000000000000000000,0.000000000000000000,0.000000000000000000,0.500000000000000000
2022,90827,3,0.091574019894675200,0.308806319485079000,0.556758338209479000,0.839526038619076000
2022,90828,2,0.000000000000000000,0.500000000000000000,1.000000000000000000,1.000000000000000000
2022,90828,3,0.085280373831775700,0.370327102803738000,0.670560747663551000,0.885514018691589000
2022,90831,3,0.098039215686274500,0.323529411764706000,0.558823529411765000,0.833333333333333000
2022,90832,2,0.000000000000000000,0.500000000000000000,1.000000000000000000,1.000000000000000000
2022,90832,3,0.096069868995633200,0.368995633187773000,0.665938864628821000,0.893013100436681000
2022,91379,2,0.197315096251266000,0.569148936170213000,0.828520770010132000,0.956686930091186000
2022,91380,2,0.178477690288714000,0.555774278215223000,0.829396325459318000,0.952099737532808000
2022,91381,2,0.130788485607009000,0.500000000000000000,0.827909887359199000,0.958698372966208000
2022,91382,1,0.034883720930232600,0.244186046511628000,0.500000000000000000,0.790697674418605000
2022,91382,2,0.061956971452213500,0.287029375258585000,0.582333471245346000,0.857261067438974000
2022,91383,2,0.089673913043478300,0.343750000000000000,0.625000000000000000,0.870923913043478000
2022,91384,1,0.023809523809523800,0.297619047619048000,0.619047619047619000,0.845238095238095000
2022,91384,2,0.059113300492610800,0.287010630023334000,0.581799325900959000,0.853901996370236000
2022,91385,2,0.113207547169811000,0.374663072776280000,0.638814016172507000,0.877358490566038000
2022,91387,2,0.051007147498375600,0.244639376218324000,0.522417153996101000,0.828784925276153000
2022,91388,1,0.125000000000000000,0.375000000000000000,0.750000000000000000,1.000000000000000000
2022,91388,2,0.025094921689606100,0.159468438538206000,0.407747982914096000,0.773374466065496000
2022,91389,1,0.000000000000000000,0.000000000000000000,0.333333333333333000,0.833333333333333000
2022,91389,2,0.060064134188455900,0.284287123828318000,0.572644301924026000,0.848421312284164000
2022,91390,2,0.101193705914270000,0.407013022246338000,0.741657623440043000,0.935838307107976000
2022,91391,2,0.121374974650172000,0.405191644696816000,0.716690326505780000,0.932873656459136000
2022,91392,2,0.135368663594470000,0.428571428571429000,0.715149769585254000,0.921947004608295000
2022,91393,2,0.041534484784396600,0.180413582422747000,0.390905886499824000,0.752026788861473000
2022,91394,2,0.082263710618436400,0.352975495915986000,0.704784130688448000,0.934072345390899000
2022,91395,2,0.101321585903084000,0.407488986784141000,0.742731277533040000,0.936563876651982000
2022,91396,2,0.110887096774194000,0.389112903225807000,0.713205645161290000,0.934979838709677000
2022,91397,1,0.333333333333333000,0.666666666666667000,0.833333333333333000,1.000000000000000000
2022,91397,2,0.080865224625624000,0.282029950083195000,0.526788685524126000,0.825623960066556000
2022,91398,1,0.071428571428571500,0.303571428571429000,0.607142857142857000,0.875000000000000000
2022,91398,2,0.092755585646580900,0.308564658090725000,0.550778605280975000,0.834969532836831000
2022,91399,2,0.121266968325792000,0.437782805429864000,0.751357466063348000,0.934841628959276000
2022,91400,2,0.100910470409712000,0.371775417298938000,0.698786039453718000,0.927921092564492000
2022,91401,2,0.049321824907521600,0.261097410604192000,0.552250308261406000,0.840474722564735000
2022,91402,1,0.000000000000000000,0.000000000000000000,0.500000000000000000,1.000000000000000000
2022,91402,2,0.066666666666666700,0.316666666666667000,0.600000000000000000,0.850000000000000000
2022,91402,3,0.075587165067813400,0.302183261660602000,0.575256367846510000,0.848660271253722000
2022,91403,2,0.127331711273317000,0.443633414436334000,0.778994322789943000,0.962692619626926000
2022,91404,2,0.176724137931034000,0.525862068965517000,0.801724137931035000,0.952586206896552000
2022,91405,2,0.033420138888888900,0.179253472222222000,0.441189236111111000,0.795355902777778000
2022,91406,2,0.144889357218124000,0.462592202318230000,0.749736564805058000,0.932033719704953000
2022,91407,2,0.064452015900056800,0.269733106189665000,0.546564452015900000,0.841283361726292000
2022,91408,2,0.115000000000000000,0.422666666666667000,0.762333333333333000,0.954666666666667000
2022,91409,1,0.500000000000000000,1.000000000000000000,1.000000000000000000,1.000000000000000000
2022,91409,2,0.036799315361574700,0.207958921694480000,0.486521181001284000,0.815361574668378000
2022,91410,2,0.095674486803519100,0.399560117302053000,0.700879765395895000,0.896994134897361000
2022,91411,2,0.101718625099920000,0.389688249400480000,0.678257394084732000,0.890287769784173000
2022,91412,1,0.000000000000000000,0.000000000000000000,0.500000000000000000,1.000000000000000000
2022,91412,2,0.117464539007092000,0.419769503546099000,0.702570921985816000,0.900265957446809000
2022,91413,2,0.164658634538153000,0.524096385542169000,0.821285140562249000,0.961847389558233000
2022,91414,2,0.135321100917431000,0.465596330275229000,0.769495412844037000,0.939220183486239000
2022,91415,1,0.000000000000000000,0.000000000000000000,0.000000000000000000,0.500000000000000000
2022,91415,2,0.095547773886943500,0.366433216608304000,0.649324662331166000,0.878439219609805000
2022,91416,2,0.063227111785533600,0.199038947900860000,0.389984825493172000,0.754172989377845000
2022,91417,2,0.069230769230769200,0.207692307692308000,0.378461538461538000,0.740000000000000000
2022,91418,2,0.046751188589540400,0.166138404648706000,0.328314844162705000,0.708927628103539000
2022,91419,2,0.096840659340659300,0.263736263736264000,0.432692307692308000,0.765796703296703000
2022,91420,2,0.197183098591549000,0.584507042253521000,0.823943661971831000,0.936619718309859000
2022,91421,3,0.092105263157894800,0.339473684210526000,0.656578947368421000,0.909210526315790000
2022,91422,2,0.055984555984556000,0.227799227799228000,0.469111969111969000,0.797297297297297000
2022,91423,2,0.149068322981366000,0.472049689440994000,0.773291925465839000,0.950310559006211000
2022,91424,2,0.059288537549407100,0.179841897233202000,0.359683794466403000,0.739130434782609000
2022,91425,2,0.086702127659574500,0.300000000000000000,0.538829787234043000,0.825531914893617000
2022,91426,2,0.117519042437432000,0.435799782372144000,0.762241566920566000,0.943960826985854000
2022,91427,2,0.102017937219731000,0.402092675635277000,0.735426008968610000,0.935351270553064000
2022,91428,2,0.103856970670952000,0.367818400964243000,0.641623141824026000,0.877661711530735000
2022,91429,2,0.110892153350054000,0.441418846291652000,0.783590111071301000,0.953063418129703000
2022,91430,2,0.101187994997916000,0.381096290120884000,0.671112963734890000,0.891204668611922000
2022,91431,1,0.000000000000000000,0.000000000000000000,0.500000000000000000,1.000000000000000000
2022,91431,2,0.089888737068124200,0.353503806363459000,0.639371462033965000,0.875756392738630000
2022,91432,2,0.089850929140290000,0.350827036961405000,0.639881560138861000,0.878905452317746000
2022,91433,2,0.092045454545454500,0.327272727272727000,0.592045454545455000,0.856818181818182000
2022,91434,2,0.078775943038933500,0.286168762308741000,0.537494319042569000,0.830101499772762000
2022,91435,2,0.081050228310502300,0.305691454664057000,0.569063926940639000,0.844422700587084000
2022,91436,2,0.079315263908701900,0.348787446504993000,0.715121255349501000,0.945649072753210000
2022,91437,1,0.250000000000000000,0.500000000000000000,0.750000000000000000,1.000000000000000000
2022,91437,2,0.071947794482075000,0.280026433173633000,0.540806211795804000,0.832727573104246000
2022,91438,2,0.090891321344800600,0.372556684910086000,0.720093823299453000,0.938428459734167000
2022,91439,2,0.100496277915633000,0.370967741935484000,0.710918114143921000,0.940446650124070000
2022,91440,2,0.057522123893805300,0.311946902654867000,0.617256637168142000,0.862831858407080000
2022,91441,2,0.064315352697095400,0.292531120331950000,0.564315352697095000,0.836099585062241000
2022,91442,2,0.073746312684365800,0.305309734513274000,0.582595870206490000,0.851032448377581000
2022,91443,2,0.038461538461538400,0.346153846153846000,0.692307692307692000,0.884615384615385000
2022,91444,2,0.111111111111111000,0.277777777777778000,0.444444444444445000,0.777777777777778000
2022,91445,2,0.047767857142857100,0.240848214285714000,0.529687500000000000,0.836607142857143000
2022,91446,2,0.063959955506117900,0.274193548387097000,0.552280311457175000,0.842046718576196000
2022,91447,1,0.000000000000000000,0.000000000000000000,0.500000000000000000,1.000000000000000000
2022,91447,2,0.062119366626065800,0.277710109622412000,0.572675598863175000,0.857084855866829000
2022,91448,2,0.052631578947368400,0.277511961722488000,0.572966507177034000,0.848086124401914000
2022,91449,1,0.000000000000000000,0.500000000000000000,1.000000000000000000,1.000000000000000000
2022,91449,2,0.052777777777777800,0.250000000000000000,0.544444444444445000,0.847222222222222000
2022,91450,2,0.058313253012048200,0.259759036144578000,0.544337349397590000,0.842891566265060000
2022,91451,2,0.070995145631068000,0.280542071197411000,0.549150485436893000,0.839603559870550000
2022,91452,1,0.000000000000000000,0.000000000000000000,0.500000000000000000,1.000000000000000000
2022,91452,2,0.067833698030634600,0.294310722100656000,0.598687089715536000,0.872210065645514000
2022,91453,2,0.064207650273224100,0.285519125683060000,0.573770491803279000,0.852459016393443000
2022,91454,2,0.065517241379310400,0.282758620689655000,0.627586206896552000,0.910344827586207000
2022,91455,2,0.061308603812467800,0.331014940752190000,0.704791344667697000,0.935085007727975000
2022,91456,2,0.056701030927835100,0.295670103092784000,0.635051546391753000,0.896082474226804000
2022,91457,2,0.064279551337359800,0.340163934426230000,0.701898188093184000,0.926013805004314000
2022,91458,2,0.013473053892215600,0.188622754491018000,0.526946107784431000,0.851796407185629000
2022,91459,2,0.051948051948052000,0.211038961038961000,0.493506493506494000,0.834415584415584000
2022,91460,1,0.000000000000000000,0.200000000000000000,0.400000000000000000,0.700000000000000000
2022,91460,2,0.064788732394366200,0.303521126760563000,0.597887323943662000,0.859154929577465000
2022,91461,1,0.000000000000000000,0.000000000000000000,0.500000000000000000,1.000000000000000000
2022,91461,2,0.120318725099602000,0.417397078353254000,0.695086321381142000,0.898007968127490000
2022,91462,2,0.158944658944659000,0.506435006435006000,0.815637065637066000,0.968146718146718000
2022,91463,2,0.100928381962865000,0.380503978779841000,0.667374005305040000,0.887798408488064000
2022,91464,2,0.109122401847575000,0.394053117782910000,0.680715935334873000,0.895785219399538000
2022,91465,2,0.144295302013423000,0.476510067114094000,0.783557046979866000,0.951342281879195000
2022,91466,2,0.110169491525424000,0.409476117103236000,0.713020030816641000,0.913713405238829000
2022,91467,2,0.085427135678391900,0.384422110552764000,0.706030150753769000,0.907035175879397000
2022,91468,2,0.104426002766252000,0.396957123098202000,0.699170124481328000,0.906639004149378000
2022,91469,2,0.097497393117831100,0.368091762252346000,0.657455683003128000,0.886861313868613000
2022,91470,2,0.080357142857142900,0.334821428571429000,0.683035714285714000,0.928571428571429000
2022,91471,2,0.105657237936772000,0.433444259567388000,0.768718801996672000,0.940931780366057000
2022,91472,1,0.108300337292858000,0.416263381727526000,0.745490541135064000,0.937527496700396000
2022,91473,1,0.125798371947401000,0.458171571696932000,0.777958672510958000,0.945585472761428000
2022,91474,1,0.123669201520913000,0.447148288973384000,0.778326996197719000,0.954847908745247000
2022,91475,1,0.078513289634805100,0.340596412879061000,0.650976013829864000,0.888892890585608000
2022,91476,1,0.085403234330409000,0.333262868618539000,0.630800126836487000,0.882940492548356000
2022,91477,1,0.106302916274694000,0.387817497648166000,0.676857949200376000,0.895343367826905000
2022,91478,1,0.107249802994484000,0.373364854215918000,0.648345153664303000,0.882230102442868000
2022,91479,1,0.097545733439381900,0.335473241677082000,0.591239631860016000,0.853312123622316000
2022,91480,1,0.099772382397572100,0.361874051593323000,0.646092564491654000,0.883990895295903000
2022,91482,2,0.068914956011730200,0.348973607038123000,0.708211143695015000,0.928152492668622000
2022,91483,2,0.067774936061381100,0.318414322250639000,0.667519181585678000,0.916879795396419000
2022,91484,2,0.102857142857143000,0.365714285714286000,0.665714285714286000,0.902857142857143000
2022,91485,2,0.076443057722308900,0.273790951638066000,0.514820592823713000,0.817472698907956000
2022,91486,1,0.039445628997867800,0.216417910447761000,0.503198294243070000,0.826226012793177000
2022,91487,1,0.068301225919439600,0.277583187390543000,0.548161120840631000,0.838879159369527000
2022,91488,2,0.057753164556962000,0.241297468354430000,0.488924050632911000,0.805379746835443000
2022,91489,1,0.058823529411764700,0.230650154798762000,0.486068111455108000,0.814241486068111000
2022,91490,3,0.124145785876993000,0.469248291571754000,0.808656036446469000,0.963553530751709000
2022,91491,2,0.106787595084845000,0.360152135751902000,0.632533645406671000,0.879169104739614000
2022,91492,1,0.500000000000000000,1.000000000000000000,1.000000000000000000,1.000000000000000000
2022,91492,2,0.107927411652340000,0.376313276026743000,0.648042024832856000,0.879656160458453000
2022,91493,3,0.115704937537180000,0.419690660321237000,0.734979179060083000,0.930993456276026000
2022,91494,2,0.080258593503626600,0.317092399873857000,0.594292021444339000,0.857458215074109000
2022,91495,1,0.000000000000000000,0.000000000000000000,0.500000000000000000,1.000000000000000000
2022,91495,2,0.086117861482381500,0.331409477521264000,0.614671931956258000,0.869380315917375000
2022,91496,2,0.096126760563380300,0.341549295774648000,0.617957746478873000,0.872535211267606000
2022,91497,2,0.079979360165118700,0.338493292053664000,0.648864809081527000,0.890350877192983000
2022,91498,1,0.047619047619047600,0.309523809523810000,0.666666666666667000,0.904761904761905000
2022,91498,2,0.106234761407175000,0.375827237896203000,0.653169627307558000,0.883577150818530000
2022,91499,1,0.214285714285714000,0.535714285714286000,0.714285714285714000,0.892857142857143000
2022,91499,2,0.122510421491431000,0.412575266327003000,0.682607688744789000,0.892542843909217000
2022,91500,1,0.000000000000000000,0.500000000000000000,1.000000000000000000,1.000000000000000000
2022,91500,2,0.140116404397499000,0.437917654666954000,0.696701875404182000,0.898900625134727000
2022,91501,1,0.000000000000000000,0.107142857142857000,0.500000000000000000,0.892857142857143000
2022,91501,2,0.037891119551456000,0.243308012298788000,0.551636824018810000,0.846219931271478000
2022,91502,1,0.000000000000000000,0.000000000000000000,0.000000000000000000,0.500000000000000000
2022,91502,2,0.118296155671571000,0.394755576649264000,0.659587090650214000,0.883127669672520000
2022,91503,2,0.156326034063260000,0.451946472019465000,0.683698296836983000,0.888077858880779000
2022,91504,2,0.130831099195710000,0.436327077747989000,0.704691689008043000,0.899195710455764000
2022,91505,2,0.139508928571429000,0.442150297619048000,0.715587797619048000,0.912946428571429000
2022,91506,1,0.000000000000000000,0.026315789473684200,0.184210526315790000,0.657894736842105000
2022,91507,1,0.027777777777777800,0.055555555555555600,0.111111111111111000,0.583333333333333000
2022,91508,1,0.000000000000000000,0.023809523809523800,0.166666666666667000,0.642857142857143000
2022,91509,1,0.055555555555555600,0.111111111111111000,0.277777777777778000,0.722222222222222000
2022,91510,1,0.000000000000000000,0.000000000000000000,0.166666666666667000,0.666666666666667000
2022,91511,1,0.000000000000000000,0.100000000000000000,0.300000000000000000,0.700000000000000000
2022,91512,1,0.000000000000000000,0.000000000000000000,0.500000000000000000,1.000000000000000000
2022,91512,2,0.051558752997601900,0.230455635491607000,0.519424460431655000,0.840527577937650000
2022,91513,2,0.060142154182613400,0.259704756697649000,0.547020229633680000,0.847457627118644000
2022,91514,4,0.097733711048158700,0.359773371104816000,0.699716713881020000,0.937677053824363000
2022,91515,2,0.054805401111993700,0.242255758538523000,0.517871326449563000,0.830420969023034000
2022,91516,2,0.052901023890785000,0.271331058020478000,0.561433447098976000,0.843003412969283000
2022,91517,2,0.036705202312138800,0.176589595375723000,0.426011560693642000,0.786127167630058000
2022,91518,3,0.065760869565217400,0.341304347826087000,0.694565217391304000,0.919021739130435000
2022,91519,1,0.000000000000000000,0.500000000000000000,1.000000000000000000,1.000000000000000000
2022,91519,2,0.075000000000000000,0.305357142857143000,0.585714285714286000,0.855357142857143000
2022,91520,2,0.025157232704402500,0.144654088050314000,0.364779874213836000,0.745283018867925000
2022,91521,1,0.094594594594594600,0.405405405405405000,0.695945945945946000,0.885135135135135000
2022,91521,2,0.075429839156960600,0.310038824181919000,0.591051950452949000,0.856442965427990000
2022,91522,1,0.000000000000000000,0.250000000000000000,0.750000000000000000,1.000000000000000000
2022,91522,2,0.057490144546649100,0.266261498028909000,0.544678055190539000,0.835906701708279000
2022,91523,2,0.119854521408497000,0.394941312613655000,0.715076872210283000,0.939990081005125000
2022,91524,2,0.118291814946619000,0.408185053380783000,0.716441281138790000,0.926548042704626000
2022,91525,1,0.035714285714285700,0.178571428571429000,0.428571428571429000,0.785714285714286000
2022,91525,2,0.076277020514938700,0.292028087567121000,0.534007985680848000,0.818256918628666000
2022,91526,2,0.130524711517527000,0.432288264750708000,0.727520139342478000,0.925756586109297000
2022,91527,1,0.000000000000000000,0.333333333333333000,0.666666666666667000,0.833333333333333000
2022,91527,2,0.092651757188498400,0.348642172523962000,0.621006389776358000,0.865015974440895000
2022,91528,2,0.093023255813953500,0.354993160054720000,0.626538987688099000,0.864569083447332000
2022,91529,1,0.000000000000000000,0.500000000000000000,1.000000000000000000,1.000000000000000000
2022,91529,2,0.095046854082998700,0.364792503346720000,0.647255689424364000,0.877510040160643000
2022,91530,3,0.098726114649681500,0.382165605095541000,0.716560509554140000,0.933121019108280000
2022,91531,2,0.091145833333333300,0.402343750000000000,0.756510416666667000,0.945312500000000000
2022,91532,2,0.147928994082840000,0.486686390532544000,0.786982248520710000,0.948224852071006000
2022,91533,2,0.034220532319391700,0.190747782002535000,0.513307984790875000,0.856780735107731000
2022,91534,1,0.012965964343598000,0.057536466774716400,0.155591572123177000,0.611021069692058000
2022,91535,1,0.003257328990228010,0.025244299674267100,0.078175895765472400,0.556188925081433000
2022,91536,1,0.038993710691823900,0.216352201257862000,0.535849056603774000,0.858490566037736000
2022,91537,1,0.010855683269476400,0.047892720306513400,0.122605363984674000,0.585568326947637000
2022,91538,2,0.032258064516129100,0.338709677419355000,0.774193548387097000,0.967741935483871000
2022,91539,1,0.083333333333333300,0.260416666666667000,0.458333333333333000,0.781250000000000000
2022,91540,1,0.250000000000000000,0.541666666666667000,0.666666666666667000,0.875000000000000000
2022,91541,1,0.016666666666666700,0.166666666666667000,0.600000000000000000,0.950000000000000000
2022,91542,1,0.170212765957447000,0.446808510638298000,0.670212765957447000,0.893617021276596000
2022,91543,2,0.094637223974763400,0.389589905362776000,0.705047318611988000,0.910094637223975000
2022,91544,1,0.032142857142857100,0.121428571428571000,0.294642857142857000,0.705357142857143000
2022,91545,1,0.017441860465116300,0.098837209302325500,0.288759689922481000,0.707364341085271000
2022,91546,1,0.049222797927461200,0.240932642487047000,0.575129533678757000,0.883419689119171000
2022,91547,1,0.011250000000000000,0.063750000000000000,0.226250000000000000,0.673750000000000000
2022,91548,2,0.048951048951049000,0.272727272727273000,0.632867132867133000,0.909090909090909000
2022,91549,1,0.073394495412844000,0.188073394495413000,0.339449541284404000,0.724770642201835000
2022,91550,1,0.039772727272727300,0.113636363636364000,0.261363636363636000,0.687500000000000000
2022,91551,1,0.037162162162162200,0.243243243243243000,0.594594594594595000,0.888513513513514000
2022,91552,1,0.027777777777777800,0.091269841269841300,0.230158730158730000,0.666666666666667000
2022,91553,2,0.096529284164859000,0.347071583514100000,0.633405639913232000,0.882863340563991000
2022,91554,1,0.052631578947368400,0.183114035087719000,0.372807017543860000,0.742324561403509000
2022,91555,1,0.040123456790123500,0.160493827160494000,0.358024691358025000,0.737654320987654000
2022,91556,1,0.108602150537634000,0.374193548387097000,0.669892473118280000,0.904301075268817000
2022,91557,1,0.036044362292051800,0.156192236598891000,0.350277264325324000,0.730129390018484000
2022,91558,2,0.000000000000000000,0.059701492537313400,0.350746268656716000,0.791044776119403000
2022,91559,1,0.031250000000000000,0.125000000000000000,0.250000000000000000,0.656250000000000000
2022,91560,1,0.035714285714285700,0.107142857142857000,0.178571428571429000,0.607142857142857000
2022,91561,1,0.000000000000000000,0.007352941176470560,0.176470588235294000,0.669117647058824000
2022,91562,1,0.014705882352941200,0.058823529411764700,0.176470588235294000,0.632352941176471000
2022,91563,2,0.021551724137931100,0.114224137931034000,0.456896551724138000,0.864224137931035000
2022,91564,1,0.066775244299674200,0.226384364820847000,0.441368078175896000,0.781758957654723000
2022,91565,1,0.081227436823104700,0.245487364620939000,0.445848375451264000,0.781588447653430000
2022,91566,1,0.042000000000000000,0.196000000000000000,0.526000000000000000,0.872000000000000000
2022,91567,1,0.063862928348909700,0.232087227414330000,0.470404984423676000,0.802180685358256000
2022,91568,2,0.063694267515923600,0.321656050955414000,0.662420382165605000,0.904458598726115000
2022,91569,1,0.022580645161290300,0.116129032258065000,0.316129032258065000,0.722580645161290000
2022,91570,1,0.043577981651376200,0.165137614678899000,0.392201834862385000,0.770642201834862000
2022,91571,1,0.046448087431694000,0.269125683060109000,0.629781420765027000,0.907103825136612000
2022,91572,1,0.018472906403940900,0.092364532019704500,0.274630541871921000,0.700738916256158000
2022,91573,1,0.000000000000000000,0.250000000000000000,0.500000000000000000,0.750000000000000000
2022,91573,2,0.039873417721519000,0.219462025316456000,0.484335443037975000,0.804746835443038000
2022,91574,1,0.000000000000000000,0.071428571428571500,0.392857142857143000,0.821428571428571000
2022,91574,2,0.047957371225577300,0.238414338769579000,0.554335540125949000,0.863878572581947000
2022,91575,1,0.071428571428571500,0.214285714285714000,0.357142857142857000,0.714285714285714000
2022,91575,2,0.049609810479375700,0.233100233100233000,0.484696462957333000,0.801206040336475000
2022,91576,1,0.023255813953488400,0.441860465116279000,0.883720930232558000,0.965116279069768000
2022,91576,2,0.054753608760577400,0.369752779160445000,0.744897959183674000,0.929898788783806000
2022,91577,2,0.109110375705665000,0.403932256180650000,0.690188826163130000,0.895366945688145000
2022,91578,2,0.124604680581910000,0.426375711574953000,0.734282099936749000,0.932511068943707000
2022,91579,2,0.113996153277112000,0.407382748927356000,0.725847018789762000,0.932460423139518000
2022,91580,1,0.000000000000000000,0.350000000000000000,0.850000000000000000,1.000000000000000000
2022,91580,2,0.077705130047420600,0.352960195430378000,0.668810173875557000,0.893555108492600000
2022,91581,1,0.000000000000000000,0.468750000000000000,0.968750000000000000,1.000000000000000000
2022,91581,2,0.065143115007736000,0.346731562661166000,0.679506188757091000,0.897917741103662000
2022,91582,1,0.057692307692307700,0.326923076923077000,0.692307692307692000,0.923076923076923000
2022,91582,2,0.072722332910704600,0.337393588118095000,0.647935156674516000,0.883263901467126000
2022,91583,2,0.085133887349953800,0.362696214219760000,0.674699907663897000,0.897137580794091000
2022,91584,2,0.132156630080095000,0.471966775437556000,0.798724414120439000,0.958914268762978000
2022,91585,2,0.111479807963852000,0.418455238633155000,0.760590228748941000,0.953614798079639000
2022,91586,2,0.152561247216036000,0.469629479651751000,0.761085239927111000,0.944017007491395000
2022,91587,1,0.009259259259259250,0.157407407407407000,0.462962962962963000,0.814814814814815000
2022,91587,2,0.029293921983671000,0.292825824009676000,0.633693680072573000,0.870161778046568000
2022,91588,2,0.034883720930232600,0.142857142857143000,0.367109634551495000,0.759136212624585000
2022,91589,1,0.000000000000000000,0.500000000000000000,1.000000000000000000,1.000000000000000000
2022,91589,2,0.043630017452007000,0.227748691099477000,0.532286212914485000,0.848167539267016000
2022,91590,1,0.000000000000000000,0.166666666666667000,0.500000000000000000,0.833333333333333000
2022,91590,2,0.029896907216494900,0.159793814432990000,0.392783505154639000,0.762886597938144000
2022,91591,1,0.055555555555555600,0.166666666666667000,0.388888888888889000,0.777777777777778000
2022,91591,2,0.009046052631578930,0.108552631578947000,0.328125000000000000,0.728618421052632000
2022,91592,1,0.000000000000000000,0.000000000000000000,0.000000000000000000,0.500000000000000000
2022,91592,2,0.015236567762630300,0.091018444266239000,0.282678428227747000,0.706896551724138000
2022,91593,1,0.000000000000000000,0.500000000000000000,1.000000000000000000,1.000000000000000000
2022,91593,2,0.084615384615384600,0.284615384615385000,0.530769230769231000,0.830769230769231000
2022,91594,2,0.122727272727273000,0.465151515151515000,0.793939393939394000,0.951515151515151000
2022,91595,2,0.071428571428571500,0.306122448979592000,0.622448979591837000,0.887755102040816000
2022,91596,2,0.103271983640082000,0.341513292433538000,0.612474437627812000,0.874233128834356000
2022,91597,2,0.092446709916589400,0.329471733086191000,0.570203892493049000,0.833178869323448000
2022,91598,2,0.118159203980099000,0.406716417910448000,0.708955223880597000,0.920398009950249000
2022,91599,2,0.085224274406332500,0.334828496042216000,0.586279683377309000,0.836675461741425000
2022,91600,2,0.079162656400385000,0.306544754571704000,0.565688161693937000,0.838306063522618000
2022,91601,2,0.060721933312939700,0.301391862955032000,0.590088712144387000,0.849418782502294000
2022,91602,1,0.000000000000000000,0.333333333333333000,0.833333333333333000,1.000000000000000000
2022,91602,2,0.074310096420259300,0.304388784218109000,0.565887177213787000,0.835808489415937000
2022,91603,3,0.094804994604593800,0.402111916139972000,0.753429936796670000,0.946123015261292000
2022,91604,1,0.031914893617021300,0.297872340425532000,0.659574468085106000,0.893617021276596000
2022,91604,2,0.053323526707731900,0.260411878275260000,0.531764273237106000,0.824675921669578000
2022,91605,2,0.094356261022927700,0.391156462585034000,0.738977072310406000,0.942176870748299000
2022,91606,2,0.084672870840383600,0.375634517766498000,0.730047941342358000,0.939086294416244000
2022,91607,2,0.085744908896034300,0.333011789924973000,0.593247588424437000,0.845980707395498000
2022,91608,3,0.085098039215686300,0.336862745098039000,0.593333333333333000,0.841568627450980000
2022,91609,3,0.072727272727272800,0.294545454545455000,0.530909090909091000,0.809090909090909000
2022,91610,3,0.084534731323722100,0.332022717343818000,0.592398427260813000,0.844910441240717000
2022,91611,3,0.113061797752809000,0.366338951310862000,0.591058052434457000,0.837780898876405000
2022,91612,3,0.108262108262108000,0.393162393162393000,0.712250712250712000,0.927350427350427000
2022,91613,3,0.186746987951807000,0.536144578313253000,0.789156626506024000,0.939759036144578000
2022,91614,3,0.071428571428571500,0.303571428571429000,0.625000000000000000,0.892857142857143000
2022,91615,3,0.045454545454545500,0.234848484848485000,0.553030303030303000,0.863636363636364000
2022,91616,3,0.042016806722689100,0.201680672268908000,0.411764705882353000,0.752100840336135000
2022,91617,3,0.171597633136095000,0.548816568047337000,0.840236686390533000,0.963017751479290000
2022,91618,3,0.032608695652173900,0.184782608695652000,0.402173913043478000,0.750000000000000000
2022,91619,3,0.059523809523809500,0.273809523809524000,0.630952380952381000,0.916666666666667000
2022,91620,4,0.100635593220339000,0.344809322033898000,0.602754237288136000,0.858580508474576000
2022,91621,2,0.000000000000000000,0.000000000000000000,0.250000000000000000,0.750000000000000000
2022,91621,3,0.072419106317411400,0.285053929121726000,0.532357473035439000,0.819722650231125000
2022,91622,3,0.066813509544787100,0.286343612334802000,0.540381791483113000,0.820851688693098000
2022,91623,3,0.098389982110912300,0.301431127012522000,0.516100178890877000,0.813059033989267000
2022,91624,3,0.129032258064516000,0.427419354838710000,0.741935483870968000,0.943548387096774000
2022,91625,3,0.043750000000000000,0.337500000000000000,0.706250000000000000,0.912500000000000000
2022,91626,2,0.000000000000000000,0.500000000000000000,1.000000000000000000,1.000000000000000000
2022,91626,3,0.088297872340425500,0.313829787234043000,0.536170212765957000,0.810638297872340000
2022,91627,3,0.125349748181309000,0.505316172355904000,0.855064353665361000,0.975097929490767000
2022,91628,2,0.000000000000000000,0.000000000000000000,0.000000000000000000,0.500000000000000000
2022,91628,3,0.074626865671641800,0.294579732914376000,0.573841319717203000,0.853888452474470000
2022,91629,3,0.080425299890948800,0.316521264994548000,0.592148309705562000,0.856052344601963000
2022,91630,3,0.092630501535312200,0.346468781985670000,0.623336745138178000,0.869498464687820000
2022,91631,3,0.149141630901288000,0.476394849785408000,0.725321888412017000,0.898068669527897000
2022,91643,3,0.092617449664429500,0.365771812080537000,0.624832214765101000,0.851677852348993000
2022,91644,3,0.083333333333333300,0.333333333333333000,0.604166666666667000,0.854166666666667000
2022,91650,1,0.000000000000000000,0.375000000000000000,0.875000000000000000,1.000000000000000000
2022,91650,2,0.065195586760280900,0.261283851554664000,0.533600802407222000,0.837512537612839000
2022,91651,2,0.115079365079365000,0.356481481481481000,0.592592592592593000,0.851190476190476000
2022,91652,2,0.149419729206963000,0.474854932301741000,0.777562862669246000,0.952127659574468000
2022,91653,2,0.097202797202797200,0.379020979020979000,0.698601398601399000,0.916783216783217000
2022,91654,1,0.285714285714286000,0.571428571428571000,0.571428571428571000,0.785714285714286000
2022,91654,2,0.067127746135069200,0.273393002441009000,0.550854353132628000,0.844589096826688000
2022,91679,1,0.054216867469879500,0.265060240963855000,0.620481927710843000,0.909638554216868000
2022,91680,1,0.112676056338028000,0.302816901408451000,0.492957746478873000,0.802816901408451000
2022,91681,1,0.077319587628866000,0.206185567010309000,0.350515463917526000,0.721649484536083000
2022,91682,1,0.067901234567901300,0.345679012345679000,0.703703703703704000,0.925925925925926000
2022,91683,1,0.072916666666666700,0.177083333333333000,0.380208333333333000,0.776041666666667000
2022,91725,1,0.000000000000000000,0.000000000000000000,0.000000000000000000,0.500000000000000000
2022,91725,2,0.093907466788822700,0.352267521759047000,0.604901511681173000,0.846541456710948000
2022,91735,1,0.064516129032258100,0.266129032258065000,0.524193548387097000,0.822580645161290000
2022,91735,2,0.109498680738786000,0.394459102902375000,0.670184696569921000,0.885224274406333000
2022,91736,2,0.162790697674419000,0.488372093023256000,0.755813953488372000,0.930232558139535000
2022,91789,2,0.143419062027231000,0.454311649016641000,0.719213313161876000,0.908320726172466000
2022,91803,1,0.049242424242424300,0.246212121212121000,0.511363636363636000,0.814393939393940000
2022,91804,1,0.076687116564417200,0.248466257668712000,0.509202453987730000,0.837423312883436000
2022,91805,1,0.083333333333333300,0.250000000000000000,0.476190476190476000,0.809523809523810000
2022,91806,1,0.035353535353535400,0.262626262626263000,0.616161616161616000,0.888888888888889000
2022,91807,1,0.089285714285714300,0.290178571428571000,0.526785714285714000,0.825892857142857000
2022,91808,2,0.052884615384615400,0.274038461538462000,0.617788461538462000,0.896634615384615000
2022,91809,1,0.102272727272727000,0.325757575757576000,0.583333333333333000,0.859848484848485000
2022,91810,1,0.063909774436090300,0.229323308270677000,0.439849624060150000,0.774436090225564000
2022,91811,1,0.000000000000000000,0.000000000000000000,0.000000000000000000,0.500000000000000000
2022,91812,1,0.000000000000000000,0.071428571428571500,0.214285714285714000,0.642857142857143000
2022,91813,1,0.000000000000000000,0.000000000000000000,0.200000000000000000,0.700000000000000000
2022,91814,1,0.000000000000000000,0.000000000000000000,0.100000000000000000,0.600000000000000000
2022,91815,1,0.025000000000000000,0.100000000000000000,0.300000000000000000,0.725000000000000000
2022,91816,1,0.000000000000000000,0.105263157894737000,0.289473684210526000,0.684210526315790000
2022,91817,1,0.069620253164557000,0.316455696202532000,0.556962025316456000,0.810126582278481000
2022,91818,1,0.000000000000000000,0.000000000000000000,0.000000000000000000,0.500000000000000000
2022,91819,1,0.000000000000000000,0.000000000000000000,0.000000000000000000,0.500000000000000000
2022,91820,1,0.000000000000000000,0.000000000000000000,0.000000000000000000,0.500000000000000000
2022,91821,1,0.000000000000000000,0.000000000000000000,0.333333333333333000,0.833333333333333000
2022,91822,1,0.000000000000000000,0.000000000000000000,0.250000000000000000,0.750000000000000000
2022,91823,1,0.000000000000000000,0.000000000000000000,0.000000000000000000,0.500000000000000000
2022,91824,1,0.000000000000000000,0.000000000000000000,0.200000000000000000,0.700000000000000000
2022,91825,1,0.000000000000000000,0.000000000000000000,0.100000000000000000,0.600000000000000000
2022,91826,1,0.152173913043478000,0.369565217391304000,0.565217391304348000,0.847826086956522000
2022,91827,1,0.000000000000000000,0.000000000000000000,0.147058823529412000,0.647058823529412000
2022,91828,1,0.045454545454545500,0.454545454545455000,0.893939393939394000,0.984848484848485000
2022,91829,1,0.100000000000000000,0.500000000000000000,0.800000000000000000,0.900000000000000000
2022,91830,1,0.230769230769231000,0.500000000000000000,0.615384615384615000,0.846153846153846000
2022,91831,1,0.000000000000000000,0.375000000000000000,0.803571428571429000,0.928571428571429000
2022,91832,1,0.173076923076923000,0.442307692307692000,0.615384615384615000,0.846153846153846000
2022,91833,1,0.000000000000000000,0.157894736842105000,0.552631578947368000,0.894736842105263000
2022,91834,1,0.050000000000000000,0.150000000000000000,0.300000000000000000,0.700000000000000000
2022,91835,1,0.078947368421052700,0.210526315789474000,0.394736842105263000,0.763157894736842000
2022,91849,1,0.076502732240437100,0.221311475409836000,0.405282331511840000,0.760473588342441000
2022,91850,1,0.000000000000000000,0.000000000000000000,0.166666666666667000,0.666666666666667000
2022,91853,1,0.000000000000000000,0.000000000000000000,0.000000000000000000,0.500000000000000000
2022,91855,1,0.000000000000000000,0.500000000000000000,1.000000000000000000,1.000000000000000000
2022,91856,1,0.000000000000000000,0.500000000000000000,1.000000000000000000,1.000000000000000000
2022,91857,1,0.000000000000000000,0.150000000000000000,0.550000000000000000,0.900000000000000000
2022,91858,1,0.000000000000000000,0.250000000000000000,0.583333333333333000,0.833333333333333000
2022,91859,1,0.000000000000000000,0.500000000000000000,1.000000000000000000,1.000000000000000000
2022,91860,1,0.000000000000000000,0.500000000000000000,1.000000000000000000,1.000000000000000000
2022,91861,1,0.000000000000000000,0.500000000000000000,1.000000000000000000,1.000000000000000000
2022,91862,1,0.000000000000000000,0.250000000000000000,0.500000000000000000,0.750000000000000000
2022,91869,1,0.086526576019777500,0.334363411619283000,0.619901112484549000,0.872064276885043000
2022,91870,1,0.118136439267887000,0.377703826955075000,0.640599001663894000,0.881031613976706000
2022,91871,1,0.108759124087591000,0.348905109489051000,0.606569343065693000,0.866423357664234000
2022,91872,1,0.077360355907068700,0.319327731092437000,0.603311913000494000,0.861344537815126000
2022,91873,1,0.074260042283298100,0.309725158562368000,0.598308668076110000,0.862843551797040000
2022,91874,1,0.077803875513799200,0.339988256018790000,0.636817381092190000,0.874633000587199000
2022,91875,1,0.080827067669172900,0.342105263157895000,0.634398496240601000,0.873120300751880000
2022,91876,1,0.079310344827586200,0.372988505747126000,0.736781609195402000,0.943103448275862000
2022,91900,1,0.067796610169491500,0.298493408662900000,0.547080979284369000,0.816384180790960000
2022,91901,1,0.080882352941176500,0.294117647058824000,0.517769607843137000,0.804534313725490000
2022,91902,1,0.100391134289439000,0.337679269882660000,0.574315514993481000,0.837027379400261000
2022,91903,1,0.090344438170525100,0.321005081874647000,0.545736871823828000,0.815076228119706000
2022,91904,1,0.114035087719298000,0.314035087719298000,0.482456140350877000,0.782456140350877000
2022,91905,1,0.061797752808988800,0.264044943820225000,0.466292134831461000,0.764044943820225000
2022,91906,1,0.072487113402061900,0.261275773195876000,0.466494845360825000,0.777706185567010000
2022,91907,1,0.096549636803874100,0.329297820823245000,0.556295399515739000,0.823547215496368000
2022,91908,1,0.116690240452617000,0.388967468175389000,0.677510608203678000,0.905233380480905000
2022,91909,1,0.120974076983504000,0.428908091123331000,0.735663786331500000,0.927729772191673000
2022,91984,1,0.057195571955719600,0.219557195571956000,0.477859778597786000,0.815498154981550000
2022,91985,1,0.052631578947368400,0.191228070175439000,0.392982456140351000,0.754385964912281000
2022,91986,1,0.041463414634146300,0.134146341463415000,0.319512195121951000,0.726829268292683000
2022,91987,1,0.008032128514056210,0.070281124497992000,0.291164658634538000,0.728915662650602000
2023,90825,2,0.015216987648663000,0.234018658910928000,0.584295436131543000,0.865493764869277000
2023,90825,3,0.060008654315329700,0.276032547799817000,0.527698213909321000,0.811674320424833000
2023,90826,2,0.029710526511964900,0.193826186425247000,0.463226965450112000,0.799111305536830000
2023,90826,3,0.056006582103626100,0.254099089934165000,0.497859270604339000,0.799766762773800000
2023,90827,2,0.130218732153911000,0.370117261105636000,0.634045345952752000,0.894146817001028000
2023,90827,3,0.086054129595148300,0.306692522498415000,0.546770114516937000,0.826131721613670000
2023,90828,3,0.103880560619407000,0.354914057428061000,0.607378787944571000,0.856345291135917000
2023,90831,3,0.098875026964938100,0.405854505257568000,0.709209489735237000,0.902230011442607000
2023,90832,3,0.044287619701930600,0.259232926017863000,0.525416389110289000,0.810471082794357000
2023,91379,2,0.237430339961837000,0.640610333162456000,0.893143586616446000,0.989963593415827000
2023,91380,2,0.202446303556093000,0.594919877118928000,0.873495264089320000,0.981021690526486000
2023,91381,2,0.147897365049622000,0.553588842263795000,0.880938251195965000,0.975246773981792000
2023,91382,1,0.000000000000000000,0.185516170134076000,0.550288818184804000,0.864772648050727000
2023,91382,2,0.041073429086825200,0.253125599315189000,0.550913471973388000,0.838861301745024000
2023,91383,2,0.083234494367762000,0.303351537593817000,0.570341470325847000,0.850224427099792000
2023,91384,2,0.036548067394200000,0.248786452890700000,0.551099814055409000,0.838861428558909000
2023,91385,2,0.138343952893794000,0.437425712962336000,0.683476698922087000,0.884394938853545000
2023,91387,2,0.049311854131722000,0.251681164804983000,0.523049028269309000,0.820679717596048000
2023,91388,2,0.011608093233441000,0.111659148827055000,0.350726913383550000,0.750675857789936000
2023,91389,2,0.041230428274933200,0.240647140783490000,0.529390493974263000,0.829973781465706000
2023,91390,2,0.102756890207292000,0.466253090567939000,0.846249470393618000,0.982753270032971000
2023,91391,2,0.167536205699792000,0.547913348419166000,0.880377142719374000,1.000000000000000000
2023,91392,2,0.174115428512789000,0.515880421312091000,0.815517529089354000,0.973752536290052000
2023,91393,1,0.055682823696056100,0.219350128175123000,0.445922867118864000,0.782255562639797000
2023,91393,2,0.029498039771591800,0.138094832206112000,0.330440479998661000,0.721843687564141000
2023,91394,2,0.098958245685432700,0.430954567357324000,0.810188624609375000,0.978192302937483000
2023,91395,2,0.110851610385372000,0.436522980592103000,0.789734639335882000,0.964063269129151000
2023,91396,2,0.119318671280723000,0.436056059502919000,0.803851485487859000,0.987114097265663000
2023,91397,2,0.069239033275005600,0.253021380097844000,0.504479824248824000,0.820697477425986000
2023,91398,2,0.081725704849789700,0.276800864054089000,0.514271500868259000,0.819196341663960000
2023,91399,2,0.143652844344145000,0.501594035137060000,0.831933039953884000,0.973991849160969000
2023,91400,2,0.154486244783473000,0.507960029766070000,0.833857778911650000,0.980383993929053000
2023,91401,1,0.000000000000000000,0.225334297333250000,0.616000068067855000,0.890665770734606000
2023,91401,2,0.041136571518619600,0.242904977379001000,0.533209370393437000,0.831440964533055000
2023,91402,2,0.081705396473358000,0.356535815338753000,0.661835393524610000,0.887004974659214000
2023,91402,3,0.070648527805288400,0.292210799710249000,0.568102543123995000,0.846540271219035000
2023,91403,2,0.148881010322983000,0.523958307829044000,0.875077297506060000,1.000000000000000000
2023,91404,2,0.194661002262528000,0.551078015709261000,0.841024091939397000,0.984607078492664000
2023,91405,2,0.031116778714907500,0.150853807457736000,0.390347133298653000,0.770610104555825000
2023,91406,2,0.187596594406665000,0.516766083085568000,0.789984160011345000,0.960814671332442000
2023,91407,2,0.061149858543215400,0.260755075784175000,0.521589656147762000,0.821984438906803000
2023,91408,2,0.158272513907967000,0.544490850848129000,0.880641419520724000,0.994423082580562000
2023,91409,2,0.030149423799476500,0.158564417528605000,0.406587223890465000,0.778172230161336000
2023,91410,1,0.000000000000000000,0.492677452670073000,0.985313415141106000,0.992635962471033000
2023,91410,2,0.095209712980762100,0.395178832317502000,0.697552998474440000,0.897583879137700000
2023,91411,2,0.091520597105717900,0.356109846946905000,0.637645302616570000,0.873056052775383000
2023,91412,1,0.003298567054072220,0.501178954330171000,0.989239876591948000,0.991359489315849000
2023,91412,2,0.125215075592972000,0.433816525487667000,0.697968529343371000,0.889367079448676000
2023,91413,2,0.286038483049116000,0.694467028077671000,0.896598743619513000,0.988170198590959000
2023,91414,2,0.134770598541577000,0.468864525616406000,0.773197333536036000,0.939103406461207000
2023,91415,1,0.000000000000000000,0.000000000000000000,0.000000000000000000,0.500000000000000000
2023,91415,2,0.076550229196379500,0.325981006719118000,0.604754675595226000,0.855323898072487000
2023,91416,1,0.000000000000000000,0.000000000000000000,0.221883608237942000,0.721883608237942000
2023,91416,2,0.053024195779623000,0.156962839946324000,0.327304465843378000,0.723365821676677000
2023,91417,2,0.056464066714749700,0.188593801590725000,0.383068585793904000,0.750938850917929000
2023,91418,2,0.024781503479771900,0.096764996781337400,0.238997190987150000,0.667013697685585000
2023,91419,1,0.000000000000000000,0.479847373904056000,0.953463270168185000,0.973615896264129000
2023,91419,2,0.074237544321897700,0.216810926570877000,0.367927804243289000,0.725354421994310000
2023,91420,2,0.266262434844138000,0.701241738198978000,0.934979303354840000,1.000000000000000000
2023,91421,3,0.110783529082012000,0.384822442472833000,0.745806974846107000,0.971768061455286000
2023,91422,2,0.034334033230292400,0.183891560873326000,0.416808379399006000,0.767250851755972000
2023,91423,2,0.164787596810268000,0.530256544437582000,0.839748237088685000,0.974279289461371000
2023,91424,2,0.032608969438818100,0.116505661602730000,0.258874973396051000,0.674978281232139000
2023,91425,2,0.086500248763159900,0.298933752524188000,0.528794718815712000,0.816361215054684000
2023,91426,2,0.112651929702038000,0.455048321114574000,0.812879052946558000,0.970482661534023000
2023,91427,2,0.095353727588980500,0.417003220233948000,0.802934316472377000,0.981284823827410000
2023,91428,1,0.000000000000000000,0.315081049486781000,0.636798372754329000,0.821717323267548000
2023,91428,2,0.075609483701835100,0.308119394977234000,0.597799389014492000,0.865289477739093000
2023,91429,2,0.126921483179558000,0.473386380750239000,0.825346203719669000,0.978881306148987000
2023,91430,1,0.086684539007595000,0.255284194214916000,0.585968215626673000,0.917368560419352000
2023,91430,2,0.102336482236140000,0.385507035440543000,0.681305793554780000,0.898135240350378000
2023,91431,1,0.000000000000000000,0.157034228300892000,0.535101446200419000,0.878067217899527000
2023,91431,2,0.081143834159979800,0.333745132121206000,0.619826067194470000,0.867224769233244000
2023,91432,1,0.000000000000000000,0.063664602355347100,0.487656944538897000,0.923992342183550000
2023,91432,2,0.083193529390356100,0.340609627318807000,0.642074867486971000,0.884658769558520000
2023,91433,2,0.096564399937019200,0.324606953085927000,0.546719687684673000,0.818677134535765000
2023,91434,1,0.371470515091167000,0.849345168776252000,0.958785121557515000,0.980910467872430000
2023,91434,2,0.074452166467313600,0.261486334801703000,0.504582694804038000,0.817548526469648000
2023,91435,2,0.069541720512016300,0.272767160723875000,0.524626604454489000,0.821401164242630000
2023,91436,2,0.057373028433640900,0.307112845190411000,0.730163596889803000,0.980423780133032000
2023,91437,2,0.060729007790864500,0.242759207948283000,0.489002911627776000,0.806972711470357000
2023,91438,2,0.093557366419725100,0.378615590905419000,0.735037797113194000,0.949979572627501000
2023,91439,2,0.164729152356504000,0.522031541741496000,0.857302389384991000,1.000000000000000000
2023,91440,2,0.050304967059407000,0.301616620682690000,0.620118386500174000,0.868806732876890000
2023,91441,2,0.047752312410708500,0.230596564076826000,0.492373621267235000,0.809529369601117000
2023,91442,2,0.084317035264476600,0.340637202355204000,0.652399316851530000,0.896079149760802000
2023,91443,2,0.000000000000000000,0.163368827203355000,0.478624966954961000,0.815256139751606000
2023,91444,2,0.000000000000000000,0.103094500274480000,0.380322512040851000,0.777228011766371000
2023,91445,1,0.145165420450587000,0.280857742704417000,0.557950249249809000,0.922257926995978000
2023,91445,2,0.039554106581973300,0.220182560222665000,0.509136380636670000,0.828507926995979000
2023,91446,1,0.011638241671136300,0.275886277654270000,0.669765849740815000,0.905517813757682000
2023,91446,2,0.039289473934019100,0.220854537549714000,0.498527985663145000,0.816962922047450000
2023,91447,2,0.047139706250135900,0.253529972285088000,0.561262500119486000,0.854872234084534000
2023,91448,2,0.050620448896593100,0.263860822459291000,0.564078317696482000,0.850837944133784000
2023,91449,2,0.055531487793061400,0.224143641746133000,0.505185085476826000,0.836572931523754000
2023,91450,1,0.119264059246819000,0.355609428997945000,0.702268488390364000,0.965923118639239000
2023,91450,2,0.054080010167064900,0.254638058854795000,0.549098754239035000,0.848540705551304000
2023,91451,1,0.090097399516946000,0.404708635197123000,0.732479400241161000,0.917868164560984000
2023,91451,2,0.044797898684999300,0.229486782729014000,0.508242018100284000,0.823553134056269000
2023,91452,2,0.065391369252839200,0.284486219808993000,0.600552140143570000,0.881457289587416000
2023,91453,2,0.071671974971737700,0.275849528460429000,0.545042140234479000,0.840864586745788000
2023,91454,1,0.000000000000000000,0.000000000000000000,0.483501938823658000,0.983501938823658000
2023,91454,2,0.090259161172380100,0.282397939586258000,0.527069288666108000,0.834930510252229000
2023,91455,2,0.061578928303008000,0.329967848220844000,0.712647185568013000,0.944258265650177000
2023,91456,2,0.053751869963010200,0.298874335304074000,0.670788732786942000,0.925666267445879000
2023,91457,2,0.055184136771607400,0.344707006640807000,0.728187277807108000,0.938664407937909000
2023,91458,2,0.012408058832736300,0.138847358784596000,0.417228613494091000,0.790789313542232000
2023,91459,2,0.012650404428733700,0.142445056905559000,0.500620887247673000,0.870826234770847000
2023,91460,1,0.000000000000000000,0.338892114199603000,0.778366512302173000,0.939474398102570000
2023,91460,2,0.036254496181692900,0.249037883628792000,0.553473808439512000,0.840690420992413000
2023,91461,1,0.002340065424610850,0.162596437967184000,0.649894361220164000,0.989637988677590000
2023,91461,2,0.116480192813146000,0.399369261746378000,0.664883745508911000,0.881994676575680000
2023,91462,2,0.188193603047949000,0.571705317769831000,0.883511714721881000,1.000000000000000000
2023,91463,1,0.000000000000000000,0.149597041202663000,0.550680154424459000,0.901083113221796000
2023,91463,2,0.087024780104563200,0.339166731486867000,0.620166182368571000,0.868024230986267000
2023,91464,1,0.001626024944108790,0.490310929153409000,0.975059218707615000,0.986374314498315000
2023,91464,2,0.112926496889573000,0.379272649132433000,0.636962732079403000,0.870616579836543000
2023,91465,2,0.131709252873121000,0.432005926929974000,0.768833319016814000,0.968536644959961000
2023,91466,1,0.000000000000000000,0.238220859413793000,0.603300016117084000,0.865079156703291000
2023,91466,2,0.095561178037900300,0.379850833520490000,0.676498214315282000,0.892208558832693000
2023,91467,2,0.097650060812863500,0.378625403424524000,0.673720529056366000,0.892745186444705000
2023,91468,2,0.112868251843321000,0.381112014100226000,0.660271315724402000,0.892027553467497000
2023,91469,1,0.000000000000000000,0.000000000000000000,0.000000000000000000,0.500000000000000000
2023,91469,2,0.096957037865066600,0.354013983163120000,0.626554857473568000,0.869497912175515000
2023,91470,2,0.000491066876298019,0.207766515768957000,0.630099236105450000,0.922823787212791000
2023,91471,2,0.104507679482044000,0.432197031496055000,0.773400654615839000,0.945711302601828000
2023,91472,1,0.127218722582057000,0.470471294737264000,0.810939911738112000,0.967687339582905000
2023,91473,1,0.130928526024843000,0.491479394048534000,0.834757235512123000,0.974206367488433000
2023,91474,1,0.145143041778826000,0.496092516972116000,0.833121790483288000,0.982172315289998000
2023,91475,1,0.068604129105789500,0.321049436518274000,0.636783528705123000,0.884338221292639000
2023,91476,1,0.071128807045020100,0.307939429868276000,0.620269951856829000,0.883459329033573000
2023,91477,1,0.117546967530504000,0.398792203102086000,0.679259542793430000,0.898014307221848000
2023,91478,1,0.097520308475019500,0.342518802197135000,0.615052548600935000,0.870054054878820000
2023,91479,1,0.086752931407271300,0.310730541617318000,0.564396264568477000,0.840418654358431000
2023,91480,1,0.092180138923463200,0.341804437561600000,0.625314671077055000,0.875690372438919000
2023,91482,2,0.109942663869418000,0.452589365905887000,0.820196064156622000,0.977549362120153000
2023,91483,2,0.106168576902593000,0.413620860563158000,0.757522122240606000,0.950069838580041000
2023,91484,2,0.184987887737932000,0.555440749227126000,0.853885471945788000,0.983432610456594000
2023,91485,2,0.053708516090760700,0.242770515870794000,0.509008204292374000,0.819946204512340000
2023,91486,1,0.049794835907586500,0.228528241614300000,0.510216197160986000,0.831482791454273000
2023,91487,1,0.054574891740952200,0.213475965546182000,0.479459891117312000,0.820558817312083000
2023,91488,2,0.065973639228876400,0.250234726179526000,0.495604507309270000,0.811343420358621000
2023,91489,1,0.069551977382749600,0.275562430334794000,0.525297334210021000,0.819286881257976000
2023,91490,3,0.130610108742694000,0.469540592103253000,0.807943490249976000,0.969013006889417000
2023,91491,2,0.123576085512839000,0.378924030940249000,0.632235220886246000,0.876887275458836000
2023,91492,1,0.000184949251448130,0.000184949251448130,0.000000000000000000,0.500000000000000000
2023,91492,2,0.098637832514458000,0.335680160428202000,0.608814025188357000,0.871771697274613000
2023,91493,3,0.093276159241174300,0.393107439029860000,0.746793264311597000,0.946961984522912000
2023,91494,2,0.066490859734844500,0.272741090433428000,0.543021895213478000,0.836771664514894000
2023,91495,1,0.000000000000000000,0.491233987871475000,0.984764516442101000,0.993530528570627000
2023,91495,2,0.078876164009986800,0.306076301387808000,0.587585390913187000,0.860385253535366000
2023,91496,2,0.085021604390107700,0.297868426251816000,0.551624974044478000,0.838778152182770000
2023,91497,1,0.000000000000000000,0.493993298968019000,0.991064992438250000,0.997071693470231000
2023,91497,2,0.077981010920630500,0.327452165366505000,0.630225831599089000,0.880754677153215000
2023,91498,1,0.012280112796155100,0.143900381994546000,0.461158607897230000,0.829538338698839000
2023,91498,2,0.094882524133671900,0.339567730228347000,0.609279597814737000,0.864594391720062000
2023,91499,1,0.035282641741088800,0.199550358226644000,0.435312061232985000,0.771044344747430000
2023,91499,2,0.112849606026803000,0.378991665999753000,0.636927082241388000,0.870785022268438000
2023,91500,2,0.140108104260748000,0.425512807332934000,0.679085660623319000,0.893680957551133000
2023,91501,1,0.000000000000000000,0.110333399090494000,0.424977189080206000,0.814643789989712000
2023,91501,2,0.019554168613007500,0.187505153802554000,0.485974066879718000,0.818023081690172000
2023,91502,1,0.068451332256482400,0.265739018813841000,0.503441116073007000,0.806153429515649000
2023,91502,2,0.090269206325541300,0.329432316037944000,0.596873749790001000,0.857710640077599000
2023,91503,1,0.000000000000000000,0.487438785148294000,0.974621352926171000,0.987182567777877000
2023,91503,2,0.107068531546569000,0.343769853568019000,0.592615453221156000,0.855914131199706000
2023,91504,1,0.000000000000000000,0.000000000000000000,0.239711065276859000,0.739711065276859000
2023,91504,2,0.120390762053597000,0.403904749949683000,0.674244161453199000,0.890730173557113000
2023,91505,1,0.000000000000000000,0.000000000000000000,0.000000000000000000,0.500000000000000000
2023,91505,2,0.130755659124808000,0.410136623812243000,0.674279873535979000,0.894898908848543000
2023,91506,1,0.000000000000000000,0.000000000000000000,0.151933237235215000,0.651933237235216000
2023,91507,1,0.000000000000000000,0.131093832606776000,0.313782335790717000,0.682688503183941000
2023,91508,1,0.029077112504955200,0.052098135146209500,0.077063467730686700,0.554042445089432000
2023,91509,1,0.032475286392092700,0.057377610300200000,0.325829104766497000,0.800926780858390000
2023,91510,1,0.000000000000000000,0.000000000000000000,0.000000000000000000,0.500000000000000000
2023,91511,1,0.000000000000000000,0.000000000000000000,0.000000000000000000,0.500000000000000000
2023,91512,1,0.000000000000000000,0.072332918870868900,0.557045792867491000,0.984712873996622000
2023,91512,2,0.046821506570158000,0.200902497420461000,0.474526512661835000,0.820445521811532000
2023,91513,2,0.048372652015829000,0.232776489316623000,0.533536131791909000,0.849132294491116000
2023,91514,4,0.149253098604256000,0.502993802602308000,0.853740703998051000,1.000000000000000000
2023,91515,1,0.000000000000000000,0.040461218827866700,0.340426657536433000,0.799965438708566000
2023,91515,2,0.034999826106770600,0.192668697557165000,0.479614103796106000,0.821945232345711000
2023,91516,2,0.050711895617090500,0.264751251354386000,0.555753796134653000,0.841714440397357000
2023,91517,2,0.020589673370152300,0.110211122252377000,0.330731327915883000,0.741109879033659000
2023,91518,3,0.053347137919253400,0.324769842347669000,0.710253361039659000,0.938830656611243000
2023,91519,2,0.059580681742916500,0.291868242905270000,0.591156193327732000,0.858868632165378000
2023,91520,2,0.018176612607581900,0.114458974839592000,0.320569776435563000,0.724287414203552000
2023,91521,1,0.211927295026181000,0.497843368947231000,0.783077929762621000,0.997161855841571000
2023,91521,2,0.062276211399720100,0.291925974189487000,0.575103914103935000,0.845454151314168000
2023,91522,1,0.492407652386904000,0.981380981011171000,0.977036324982443000,0.988062996358176000
2023,91522,2,0.043677340590053700,0.232425661178320000,0.502430089045446000,0.813681768457179000
2023,91523,2,0.095194876736154800,0.384537908973298000,0.763687732002096000,0.974344699764953000
2023,91524,2,0.172857957556622000,0.518152095035453000,0.803635772675932000,0.958341635197101000
2023,91525,1,0.055573677927388800,0.440987700825471000,0.816680357231927000,0.931266334333845000
2023,91525,2,0.069082132918193300,0.278365433032557000,0.519014227648410000,0.809730927534047000
2023,91526,2,0.094402023572557700,0.405388997436897000,0.752569050186774000,0.941582076322435000
2023,91527,1,0.000000000000000000,0.161152673472144000,0.485989284648620000,0.824836611176476000
2023,91527,2,0.061860202972853600,0.285929543111664000,0.560155951315287000,0.836086611176476000
2023,91528,2,0.078727887343118100,0.326540460576050000,0.608281115681083000,0.860468542448151000
2023,91529,1,0.000000000000000000,0.000000000000000000,0.000000000000000000,0.500000000000000000
2023,91529,2,0.103725146501370000,0.367785677811279000,0.633379547508875000,0.869319016198966000
2023,91530,3,0.094743040896838300,0.426164530119389000,0.797773325714909000,0.966351836492358000
2023,91531,2,0.098571279571771000,0.411360651859031000,0.763801364774030000,0.951011992486770000
2023,91532,2,0.166071611332934000,0.516131731499100000,0.815466756845796000,0.965406636679630000
2023,91533,2,0.046881194553251800,0.225010706809049000,0.536615568382080000,0.858486056126283000
2023,91534,1,0.009133900663389430,0.035128625504413700,0.117880083193925000,0.591885358352901000
2023,91535,1,0.003535854090607800,0.013104671017776600,0.071394469899591900,0.561825652972423000
2023,91536,1,0.048991255062959900,0.221981954779933000,0.540216627125356000,0.867225927408383000
2023,91537,1,0.001651285474454310,0.001651285474454310,0.042332245713983500,0.542332245713984000
2023,91538,2,0.113345579956917000,0.479092982765290000,0.844739205175185000,0.978991802366812000
2023,91539,1,0.188896033135308000,0.431816016740500000,0.555106021797106000,0.812186038191915000
2023,91540,1,0.031221405859312200,0.303295277322161000,0.697595727888274000,0.925521856425425000
2023,91541,1,0.050941796825670500,0.339084441629096000,0.727709763940667000,0.939567119137242000
2023,91542,1,0.029857724711646700,0.151967445570690000,0.439810098094545000,0.817700377235502000
2023,91543,2,0.104741913694198000,0.424771645325918000,0.761702086344715000,0.941672354712994000
2023,91544,1,0.007515598308146800,0.038991167902958900,0.197858167211077000,0.666382597616265000
2023,91545,1,0.000000000000000000,0.046670487947375300,0.236337561750926000,0.689667073803551000
2023,91546,1,0.063452320711108900,0.310048138640925000,0.651923488040092000,0.905327670110276000
2023,91547,1,0.001992690161191140,0.030258022137594400,0.153049805987374000,0.624784474010971000
2023,91548,2,0.048334750302850700,0.281728330285398000,0.654271564072116000,0.920877984089569000
2023,91549,1,0.005766718173479400,0.055483058610235800,0.151723638372131000,0.602007297935374000
2023,91550,1,0.005826485617545790,0.023943385608462800,0.144132736801252000,0.626015836810335000
2023,91551,1,0.048875138053809000,0.271087724501048000,0.625533464436086000,0.903320877988847000
2023,91552,1,0.000000000000000000,0.037713475490679100,0.155745618969273000,0.618032143478594000
2023,91553,2,0.111640604838505000,0.401064004301286000,0.716478906099675000,0.927055506636894000
2023,91554,1,0.037539435067336300,0.142019724116172000,0.307713805683553000,0.703233516634718000
2023,91555,1,0.040634899009275900,0.145750189853774000,0.318676168503611000,0.713560877659113000
2023,91556,1,0.116760993482914000,0.409097979295848000,0.703334559202561000,0.910997573389627000
2023,91557,1,0.030938202932147600,0.128547539471548000,0.322022821016056000,0.724413484476656000
2023,91558,2,0.000000000000000000,0.000000000000000000,0.260860932268060000,0.760860932268060000
2023,91559,1,0.006741055537166470,0.142347602206685000,0.354887614747700000,0.719281068078181000
2023,91560,1,0.000000000000000000,0.000000000000000000,0.019509875188863100,0.519509875188863000
2023,91561,1,0.000538310250149443,0.060586501101089900,0.392546978865169000,0.832498788014229000
2023,91562,1,0.015959331106876000,0.032242303542295100,0.112374212006816000,0.596091239571397000
2023,91563,2,0.015248925164604100,0.179862589592805000,0.531438407239551000,0.866824742811350000
2023,91564,1,0.082219336304727200,0.248011731989463000,0.450581863508678000,0.784789467823943000
2023,91565,1,0.072100478661510800,0.218518530291545000,0.419700431883835000,0.773282380253801000
2023,91566,1,0.025961582182892100,0.184917230831457000,0.575903541362857000,0.916947892714292000
2023,91567,1,0.050677323687912200,0.183526593644375000,0.368963779838258000,0.736114509881796000
2023,91568,2,0.113182485864592000,0.447922683820879000,0.789412381616858000,0.954672183660570000
2023,91569,1,0.017885411259912400,0.106934354872823000,0.319322972963747000,0.730274029350836000
2023,91570,1,0.043832160818438200,0.148167499757491000,0.300028337981178000,0.695692999042125000
2023,91571,1,0.061106618434265600,0.306757610835816000,0.713216845165053000,0.967565852763502000
2023,91572,1,0.015439953104461900,0.064710646579457500,0.204484972314306000,0.655214278839310000
2023,91573,1,0.000000000000000000,0.013831826653558300,0.104809108232191000,0.590977281578633000
2023,91573,2,0.024001571401940500,0.192059015863459000,0.444528029190501000,0.776470584728982000
2023,91574,1,0.034380091808333700,0.137245755643208000,0.450009530228265000,0.847143866393391000
2023,91574,2,0.034658806629580800,0.193531134595266000,0.510480010856490000,0.851607682890806000
2023,91575,1,0.017455329223024500,0.130531314432682000,0.355373028113412000,0.742297042903753000
2023,91575,2,0.033008343799118800,0.186726432051661000,0.428522707838986000,0.774804619586443000
2023,91576,1,0.000000000000000000,0.400390093617965000,0.837935078184190000,0.937544984566226000
2023,91576,2,0.037691170968573300,0.334269474339377000,0.724478999359875000,0.927900695989071000
2023,91577,2,0.144410913146200000,0.447079313288285000,0.774006565449183000,0.971338165307098000
2023,91578,2,0.143374236857663000,0.497373705211562000,0.851163456904767000,0.997163988550868000
2023,91579,2,0.160564255077197000,0.516128137993600000,0.850028363991555000,0.994464481075152000
2023,91580,1,0.083852843867010800,0.374683856987075000,0.676076187642752000,0.885245174522687000
2023,91580,2,0.072441564106426200,0.347996343246689000,0.672716814894030000,0.897162035753767000
2023,91581,1,0.036880092995148000,0.444503058624295000,0.870916396355093000,0.963293430725946000
2023,91581,2,0.056956430644226800,0.330373632664854000,0.673198404800960000,0.899781202780334000
2023,91582,1,0.109189715439314000,0.452698491445953000,0.804402179816683000,0.960893403810044000
2023,91582,2,0.063220055937696600,0.309088384287244000,0.621282846863795000,0.875414518514248000
2023,91583,2,0.083019628437344100,0.351693648922811000,0.663609800226830000,0.894935779741363000
2023,91584,2,0.166809903353919000,0.566406535804026000,0.899596632450107000,1.000000000000000000
2023,91585,2,0.134827341873345000,0.469934212706068000,0.806229643166750000,0.971122772334028000
2023,91586,2,0.192185879009163000,0.557409204880863000,0.861722856703402000,0.996499530831703000
2023,91587,1,0.065967376746148200,0.468750420166940000,0.873692560456451000,0.970909517035658000
2023,91587,2,0.004280862630484220,0.249854437606990000,0.595833217819780000,0.850259642843274000
2023,91588,2,0.023394100208551600,0.136775447307382000,0.327513058895031000,0.714131711796200000
2023,91589,1,0.000000000000000000,0.000000000000000000,0.244930621335722000,0.744930621335722000
2023,91589,2,0.023258561512635600,0.201550572278683000,0.506813963371120000,0.828521952605072000
2023,91590,1,0.000000000000000000,0.000000000000000000,0.221365824401972000,0.721365824401972000
2023,91590,2,0.010025542307618600,0.105214926490422000,0.331987307350208000,0.736797923167404000
2023,91591,1,0.000000000000000000,0.000000000000000000,0.143268342475309000,0.643268342475309000
2023,91591,2,0.000000000000000000,0.063809072303455700,0.257736548488746000,0.693927476185291000
2023,91592,1,0.000000000000000000,0.136446363773476000,0.273327677237535000,0.636881313464060000
2023,91592,2,0.002840262299942220,0.049799136162199100,0.217234053347301000,0.670275179485044000
2023,91593,1,0.003043369070538760,0.003043369070538760,0.218692955041439000,0.718692955041439000
2023,91593,2,0.097980077931298300,0.287385664398019000,0.449237782014488000,0.759832195547768000
2023,91594,2,0.118369963930744000,0.485501317889576000,0.867131353958832000,1.000000000000000000
2023,91595,2,0.104156030860466000,0.428520408567637000,0.761256462091591000,0.936892084384420000
2023,91596,2,0.125495382364090000,0.360929157205917000,0.612233008908392000,0.876799234066566000
2023,91597,2,0.078479489330148900,0.291953701169237000,0.520467191839320000,0.806992980000232000
2023,91598,2,0.202979757335460000,0.515710235938661000,0.733329783877675000,0.920599305274474000
2023,91599,2,0.069289342242207700,0.309533092905984000,0.563558169974134000,0.823314419310357000
2023,91600,2,0.069986282530531800,0.297490808254504000,0.557181818321140000,0.829677292597168000
2023,91601,2,0.059470380360179800,0.306221129613013000,0.590975041244197000,0.844224291991364000
2023,91602,1,0.000000000000000000,0.244792149601736000,0.479543646836570000,0.734751497234834000
2023,91602,2,0.065374767079843000,0.283828922467500000,0.531797745197225000,0.813343589809568000
2023,91603,3,0.100815940329250000,0.451153906333520000,0.850337966004271000,1.000000000000000000
2023,91604,1,0.000000000000000000,0.488493608776715000,0.973259923500651000,0.984766314723937000
2023,91604,2,0.041389696504070800,0.243216638614119000,0.518758706955639000,0.816931764845591000
2023,91605,2,0.139047225252401000,0.505559117325360000,0.864929020016591000,0.998417127943633000
2023,91606,2,0.106822215642029000,0.421926818207520000,0.780966876508111000,0.965862273942620000
2023,91607,1,0.007383023430359630,0.121650196672198000,0.216721176510182000,0.602454003268344000
2023,91607,2,0.089497385132487300,0.363294700218297000,0.639061602042097000,0.865264286956287000
2023,91608,3,0.090121498854846800,0.315960161220894000,0.546446535543019000,0.820607873176972000
2023,91609,3,0.097024135032515600,0.313736425569200000,0.501118794789728000,0.784406504253044000
2023,91610,3,0.084461811113052100,0.317360464524914000,0.561052436256961000,0.828153782845100000
2023,91611,2,0.003019855819846370,0.488692261296659000,0.961546357113026000,0.975873951636213000
2023,91611,3,0.113960774857045000,0.354775412281342000,0.554544168929219000,0.813729531504922000
2023,91612,3,0.155138705845685000,0.514472725451580000,0.815986797563250000,0.956652777957355000
2023,91613,3,0.214552906357833000,0.631550359644472000,0.897684111531974000,0.980686658245335000
2023,91614,3,0.096275866377284800,0.471624818751326000,0.824715561732831000,0.949366609358790000
2023,91615,3,0.128471287100299000,0.321551656972068000,0.501793575223561000,0.808713205351792000
2023,91616,3,0.000000000000000000,0.114619606829666000,0.378684490445188000,0.764064883615522000
2023,91617,3,0.145535481032803000,0.526721495232320000,0.848411582107326000,0.967225567907809000
2023,91618,3,0.098831669791293200,0.418382388478336000,0.725879370416794000,0.906328651729751000
2023,91619,3,0.026016687046415200,0.205387753721663000,0.431820868476817000,0.752449801801569000
2023,91620,3,0.000000000000000000,0.479566175233492000,0.959507854068904000,0.979941678835412000
2023,91620,4,0.112507958366987000,0.341838061834662000,0.565740148686467000,0.836410045218793000
2023,91621,2,0.137470781477399000,0.477056596313557000,0.739895553589916000,0.900309738753758000
2023,91621,3,0.059580743883414200,0.250082912103030000,0.463227320507209000,0.772725152287593000
2023,91622,3,0.067749687112011100,0.252344887039731000,0.472404937652276000,0.787809737724556000
2023,91623,3,0.074601376026502200,0.277132001747390000,0.502950606977577000,0.800419981256689000
2023,91624,3,0.120912556539498000,0.454062132210340000,0.814782284025246000,0.981632708354405000
2023,91625,3,0.118435979559565000,0.366534358863179000,0.638509017967970000,0.890410638664356000
2023,91626,3,0.068023247026336800,0.270031801123716000,0.470694919459161000,0.768686365361782000
2023,91627,3,0.131022155522664000,0.548642472155430000,0.917620316632766000,1.000000000000000000
2023,91628,2,0.003687983487256520,0.003687983487256520,0.000000000000000000,0.500000000000000000
2023,91628,3,0.084019395591002900,0.294868768623324000,0.544045410267241000,0.833196037234921000
2023,91629,3,0.075098860509056100,0.302167314001069000,0.572671668188081000,0.845603214696068000
2023,91630,3,0.105272830489410000,0.373751173829588000,0.645604556307414000,0.877126212967236000
2023,91631,3,0.093620538081714200,0.330197959570907000,0.593213104211025000,0.856635682721832000
2023,91643,3,0.126205879375888000,0.404329786765609000,0.632606138508234000,0.854482231118513000
2023,91644,3,0.240222175352063000,0.579608862128416000,0.709365438467899000,0.869978751691546000
2023,91650,1,0.000000000000000000,0.137732025437531000,0.448545084845378000,0.810813059407847000
2023,91650,2,0.032466750214161900,0.188667244120162000,0.461608147908441000,0.805407654002441000
2023,91651,1,0.382252375125809000,0.750738284237157000,0.738224549423898000,0.869738640312551000
2023,91651,2,0.115233595783086000,0.341113871091617000,0.573905300597607000,0.848025025289077000
2023,91652,2,0.171910361510160000,0.525825111157305000,0.822409157636176000,0.968494407989031000
2023,91653,2,0.091492654336924100,0.373736395365279000,0.712857430340188000,0.930613689311833000
2023,91654,1,0.000000000000000000,0.349740072063886000,0.709261698944475000,0.859521626880590000
2023,91654,2,0.050155339491655000,0.218481192081043000,0.496355980242775000,0.828030127653387000
2023,91679,1,0.011278248183010800,0.180692031099889000,0.496184732902451000,0.826770949985573000
2023,91680,1,0.115890054534253000,0.313370096525325000,0.481711924465579000,0.784231882474507000
2023,91681,1,0.063712921993099600,0.227512136759745000,0.452014250763779000,0.788215035997134000
2023,91682,1,0.000000000000000000,0.167792052160407000,0.548967223846995000,0.881175171686588000
2023,91683,1,0.038287931610674700,0.115091745754128000,0.328910044819893000,0.752106230676439000
2023,91725,2,0.084500933013399200,0.319472464614287000,0.547089256596170000,0.812117724995282000
2023,91735,2,0.100428285919918000,0.325884730378510000,0.564726153375838000,0.839269708917247000
2023,91736,2,0.081101502125896900,0.355670568339133000,0.687775839246269000,0.913206773033033000
2023,91789,1,0.120031688889995000,0.422912080338549000,0.605428784686352000,0.802548393237798000
2023,91789,2,0.140237720331981000,0.445932940438061000,0.710967339663109000,0.905272119557030000
2023,91803,1,0.034207794831060000,0.201947265619542000,0.485922360134618000,0.818182889346136000
2023,91804,1,0.077605984475334100,0.362146696505926000,0.723597949134456000,0.939057237103865000
2023,91805,1,0.027258601473236600,0.204494809579029000,0.436553749288736000,0.759317541182943000
2023,91806,1,0.083661672457054400,0.419584422315397000,0.795069275714977000,0.959146525856635000
2023,91807,1,0.081303076565386500,0.258014070784559000,0.458001129372141000,0.781290135152968000
2023,91808,2,0.051498693333340100,0.320606146736637000,0.713825435427268000,0.944717982023971000
2023,91809,1,0.032158612035086800,0.161466313680347000,0.384131957575057000,0.754824255929797000
2023,91810,1,0.095898101185169800,0.276540437895940000,0.480871558544690000,0.800229221833919000
2023,91811,1,0.086114281187135700,0.370022608183673000,0.690436568000986000,0.906528241004448000
2023,91812,1,0.000000000000000000,0.102266286152525000,0.304819063077645000,0.702552776925120000
2023,91813,1,0.025135805651261300,0.380040826824728000,0.835919180058730000,0.981014158885264000
2023,91814,1,0.000000000000000000,0.360784880112364000,0.860784880112364000,1.000000000000000000
2023,91815,1,0.000000000000000000,0.325000000000000000,0.600000000000000000,0.775000000000000000
2023,91816,1,0.000000000000000000,0.342430762063368000,0.782675423608631000,0.940244661545264000
2023,91817,1,0.134373482147734000,0.430425140059964000,0.622604454734317000,0.826552796822088000
2023,91818,1,0.075140738821586400,0.304992696369465000,0.643508872222822000,0.913656914674944000
2023,91819,1,0.223263716685112000,0.478495769878533000,0.610308828453799000,0.855076775260378000
2023,91820,1,0.252986498406127000,0.615253225774774000,0.760627830724083000,0.898361103355435000
2023,91821,1,0.268010149889714000,0.625886517932576000,0.788005952326775000,0.930129584283913000
2023,91822,1,0.027903687632015500,0.316543691979608000,0.773663024807149000,0.985023020459557000
2023,91823,1,0.000000000000000000,0.176190474107143000,0.528382593462312000,0.852192119355169000
2023,91824,1,0.137076913921037000,0.348985504443492000,0.613670870597022000,0.901762280074567000
2023,91825,1,0.043414346658032100,0.195115513594771000,0.516693157372037000,0.864991990435298000
2023,91826,1,0.000000000000000000,0.279278088326351000,0.779278088326351000,1.000000000000000000
2023,91827,1,0.000000000000000000,0.171666664166665000,0.671666664166665000,1.000000000000000000
2023,91828,1,0.070761592301801200,0.355332550498269000,0.665416642863066000,0.880845684666598000
2023,91829,1,0.000000000000000000,0.274586446765128000,0.714792720027082000,0.940206273261954000
2023,91830,1,0.000000000000000000,0.000000000000000000,0.166666666666667000,0.666666666666667000
2023,91831,1,0.073143410499678800,0.290656639860690000,0.543296535603262000,0.825783306242250000
2023,91832,1,0.124805729736066000,0.280527579842671000,0.522831035103356000,0.867109184996751000
2023,91833,1,0.000000000000000000,0.075180697370977300,0.225451945225949000,0.650271247854972000
2023,91834,1,0.000000000000000000,0.500000000000000000,1.000000000000000000,1.000000000000000000
2023,91835,1,0.000000000000000000,0.000332345692159119,0.195053497209941000,0.694721151517782000
2023,91836,1,0.000000000000000000,0.340277777832031000,0.681485934616509000,0.841208156784478000
2023,91837,1,0.000000000000000000,0.500000000000000000,1.000000000000000000,1.000000000000000000
2023,91838,1,0.000000000000000000,0.340277777832031000,0.681485934616509000,0.841208156784478000
2023,91849,1,0.088527317371695800,0.221984278076753000,0.368937160339347000,0.735480199634290000
2023,91850,1,0.000000000000000000,0.000000000000000000,0.250000000000000000,0.750000000000000000
2023,91855,1,0.051630434782608700,0.250988142320796000,0.443099472820940000,0.743741765282753000
2023,91856,1,0.000000000000000000,0.238215488215488000,0.601430976430976000,0.863215488215488000
2023,91857,1,0.000000000000000000,0.140945581384392000,0.426607594145105000,0.785662012760713000
2023,91858,1,0.059556201447982400,0.278891596872270000,0.539809332603697000,0.820473937179410000
2023,91859,1,0.375000000000000000,0.750000000000000000,0.875000000000000000,1.000000000000000000
2023,91862,1,0.000000000000000000,0.149220905313400000,0.467169623886655000,0.817948718573256000
2023,91869,1,0.097492002987327800,0.343768698819955000,0.615150582928673000,0.868873887096046000
2023,91870,1,0.082573389479022500,0.313753365352051000,0.593118593965419000,0.861938618092391000
2023,91871,1,0.055816977907692700,0.271180795373460000,0.581604578125418000,0.866240760659651000
2023,91872,1,0.076010880249253500,0.322869877350407000,0.609522026984336000,0.862663029883183000
2023,91873,1,0.039079783228334400,0.242113884008025000,0.533590522058892000,0.830556421279202000
2023,91874,1,0.058518520244761500,0.300482357908749000,0.600398067070313000,0.858434229406325000
2023,91875,1,0.045818130544744500,0.269465421197191000,0.578614444661581000,0.854967154009135000
2023,91876,1,0.116275535583178000,0.472353013773497000,0.835717413391726000,0.979639935201407000
2023,91900,1,0.042683373166322300,0.244310159721116000,0.488220440921972000,0.786593654367177000
2023,91901,1,0.069059880198507200,0.250305666259130000,0.454381697561426000,0.773135911500803000
2023,91902,1,0.086154553772074500,0.291462952420266000,0.494630130134011000,0.789321731485820000
2023,91903,1,0.097978811742515400,0.310646671785230000,0.501498602404991000,0.788830742362277000
2023,91904,1,0.114839192082324000,0.312427141918931000,0.457313311303628000,0.759725361467022000
2023,91905,1,0.079453976721696100,0.310488347931758000,0.482395407464807000,0.751361036254745000
2023,91906,1,0.066211769819783100,0.250706502582174000,0.448979140374608000,0.764484407612217000
2023,91907,1,0.092321044299751600,0.299222529446805000,0.503977032888690000,0.797075547741637000
2023,91908,1,0.131393445368866000,0.433376425310031000,0.725587898657116000,0.923604918715951000
2023,91909,1,0.129603788172126000,0.439993525078522000,0.744298192304877000,0.933908455398481000
2023,91984,1,0.060229900716620700,0.270680696354135000,0.634244135347947000,0.923793339710433000
2023,91984,2,0.025481669339175800,0.133768503262167000,0.371343594357518000,0.763056760434527000
2023,91985,1,0.083079239761985100,0.158419931301435000,0.369314417278310000,0.793973725738860000
2023,91985,2,0.012792022933506100,0.114932876285254000,0.332805517601935000,0.730664664250187000
2023,91986,2,0.017256071109727800,0.143252390041121000,0.427546790344969000,0.801550471413576000
2023,91987,2,0.034973301431514000,0.233158417279287000,0.557494154454041000,0.859309038606268000