Academic Year,Standard Number,Standard Version,Adjusted Not Achieved Percentile,Adjusted Achieved Percentile,Adjusted Merit Percentile,Adjusted Excellence Percentile
2022,18,6,0.04395604395604397,0.543956043956044,1,1
2022,18,7,0,0.5,1,1
2022,37,5,0,0.5,1,1
2022,37,6,0.01000000000000001,0.51,1,1
2022,43,8,0,0.5,1,1
2022,43,9,0,0.5,1,1
2022,108,7,0.04918032786885246,0.5491803278688525,1,1
2022,108,8,0.08333333333333331,0.5833333333333333,1,1
2022,112,7,0,0.5,1,1
2022,112,8,0.0108695652173913,0.5108695652173914,1,1
2022,112,9,0.09655172413793106,0.596551724137931,1,1
2022,122,7,0,0.5,1,1
2022,122,8,0.3,0.8,1,1
2022,123,7,0,0.5,1,1
2022,123,8,0,0.5,1,1
2022,155,7,0,0.5,1,1
2022,168,7,0.05770513675783856,0.5577051367578385,1,1
2022,376,8,0,0.5,1,1
2022,376,9,0.004451038575667643,0.5044510385756676,1,1
2022,378,8,0.005319148936170193,0.5053191489361701,1,1
2022,378,9,0.02606635071090047,0.5260663507109005,1,1
2022,422,4,0,0.5,1,1
2022,423,7,0,0.5,1,1
2022,424,7,0,0.5,1,1
2022,424,8,0.01634877384196187,0.5163487738419619,1,1
2022,427,7,0.01829268292682929,0.5182926829268293,1,1
2022,427,8,0.07002457002457002,0.5700245700245701,1,1
2022,428,8,0.15625,0.65625,1,1
2022,428,9,0.1076923076923077,0.6076923076923078,1,1
2022,430,7,0.03333333333333333,0.5333333333333333,1,1
2022,430,8,0.105543710021322,0.6055437100213219,1,1
2022,439,8,0,0.5,1,1
2022,468,6,0.124113475177305,0.624113475177305,1,1
2022,471,6,0,0.5,1,1
2022,474,7,0,0.5,1,1
2022,571,4,0,0.5,1,1
2022,572,3,0,0.5,1,1
2022,572,4,0,0.5,1,1
2022,572,5,0,0.5,1,1
2022,572,6,0,0.5,1,1
2022,573,5,0,0.5,1,1
2022,576,4,0,0.5,1,1
2022,576,5,0,0.5,1,1
2022,581,4,0,0.5,1,1
2022,582,4,0,0.5,1,1
2022,771,4,0.5,1,1,1
2022,898,4,0.3055555555555556,0.8055555555555556,1,1
2022,898,5,0,0.5,1,1
2022,920,4,0.234375,0.734375,1,1
2022,920,5,0.08737864077669905,0.587378640776699,1,1
2022,1120,1,0,0.5,1,1
2022,1121,1,0,0.5,1,1
2022,1204,8,0,0.5,1,1
2022,1221,7,0,0.5,1,1
2022,1221,8,0,0.5,1,1
2022,1234,8,0,0.5,1,1
2022,1234,9,0,0.5,1,1
2022,1252,8,0,0.5,1,1
2022,1256,8,0,0.5,1,1
2022,1279,7,0.1016150740242261,0.6016150740242261,1,1
2022,1279,8,0.04594594594594592,0.5459459459459459,1,1
2022,1296,7,0.1056393963463066,0.6056393963463066,1,1
2022,1296,8,0.02071005917159763,0.5207100591715976,1,1
2022,1304,9,0.1059431524547804,0.6059431524547804,1,1
2022,1304,10,0.03947368421052633,0.5394736842105263,1,1
2022,1307,8,0.0853517877739331,0.5853517877739332,1,1
2022,1307,9,0.01889168765743071,0.5188916876574308,1,1
2022,1312,7,0.02459016393442626,0.5245901639344263,1,1
2022,1312,8,0.001706484641638251,0.5017064846416383,1,1
2022,1526,5,0,0.5,1,1
2022,1624,7,0,0.5,1,1
2022,1626,6,0,0.5,1,1
2022,1650,7,0,0.5,1,1
2022,1650,8,0,0.5,1,1
2022,1651,6,0,0.5,1,1
2022,1667,7,0,0.5,1,1
2022,1672,6,0,0.5,1,1
2022,1734,8,0.008547008547008572,0.5085470085470085,1,1
2022,1753,7,0,0.5,1,1
2022,1810,8,0,0.5,1,1
2022,1810,9,0,0.5,1,1
2022,1818,6,0,0.5,1,1
2022,1818,8,0,0.5,1,1
2022,1828,6,0,0.5,1,1
2022,1828,7,0,0.5,1,1
2022,1980,8,0,0.5,1,1
2022,1980,9,0.05684931506849317,0.5568493150684932,1,1
2022,2142,4,0.02187499999999998,0.521875,1,1
2022,2436,8,0.09411764705882353,0.5941176470588235,1,1
2022,2571,10,0.3571428571428572,0.8571428571428572,1,1
2022,2571,11,0.1666666666666667,0.6666666666666667,1,1
2022,2575,11,0,0.5,1,1
2022,2595,10,0.09999999999999998,0.6,1,1
2022,2595,11,0,0.5,1,1
2022,2596,10,0.5,1,1,1
2022,2597,10,0,0.5,1,1
2022,2622,8,0,0.5,1,1
2022,2672,4,0.5,1,1,1
2022,2672,7,0.01666666666666666,0.5166666666666666,1,1
2022,2678,7,0,0.5,1,1
2022,2679,7,0,0.5,1,1
2022,2680,7,0,0.5,1,1
2022,2682,7,0,0.5,1,1
2022,2797,8,0.09333333333333332,0.5933333333333333,1,1
2022,2797,9,0.01666666666666666,0.5166666666666666,1,1
2022,2834,5,0.2,0.7,1,1
2022,2835,5,0,0.5,1,1
2022,2839,5,0,0.5,1,1
2022,2866,6,0.07142857142857145,0.5714285714285714,1,1
2022,2870,6,0,0.5,1,1
2022,2871,6,0,0.5,1,1
2022,2886,5,0.28125,0.78125,1,1
2022,2895,6,0,0.5,1,1
2022,2925,5,0.005813953488372103,0.5058139534883721,1,1
2022,2925,6,0.06122448979591838,0.5612244897959184,1,1
2022,2990,7,0.09195402298850575,0.5919540229885057,1,1
2022,2990,8,0.03245436105476673,0.5324543610547667,1,1
2022,3272,4,0,0.5,1,1
2022,3272,5,0,0.5,1,1
2022,3285,4,0,0.5,1,1
2022,3285,5,0,0.5,1,1
2022,3286,4,0,0.5,1,1
2022,3286,5,0,0.5,1,1
2022,3287,4,0,0.5,1,1
2022,3287,5,0,0.5,1,1
2022,3288,4,0,0.5,1,1
2022,3288,5,0,0.5,1,1
2022,3312,4,0,0.5,1,1
2022,3455,4,0,0.5,1,1
2022,3466,7,0.01851851851851855,0.5185185185185186,1,1
2022,3466,8,0,0.5,1,1
2022,3469,1,0,0.5,1,1
2022,3491,7,0.1219346049046322,0.6219346049046321,1,1
2022,3491,8,0.1049382716049383,0.6049382716049383,1,1
2022,3494,6,0.009389671361502372,0.5093896713615024,1,1
2022,3494,7,0.007462686567164201,0.5074626865671642,1,1
2022,3727,9,0.01176470588235296,0.5117647058823529,1,1
2022,3727,10,0.08884803921568629,0.5888480392156863,1,1
2022,3788,5,0,0.5,1,1
2022,3789,9,0,0.5,1,1
2022,3800,6,0,0.5,1,1
2022,3856,9,0.01030927835051548,0.5103092783505154,1,1
2022,3856,10,0.02197802197802196,0.5219780219780219,1,1
2022,3894,6,0,0.5,1,1
2022,3895,6,0,0.5,1,1
2022,3896,6,0,0.5,1,1
2022,4251,8,0.05837432047631375,0.5583743204763137,1,1
2022,4440,7,0,0.5,1,1
2022,4456,5,0,0.5,1,1
2022,4465,5,0,0.5,1,1
2022,4591,5,0.3666666666666667,0.8666666666666667,1,1
2022,4592,6,0,0.5,1,1
2022,4597,5,0.2647058823529412,0.7647058823529411,1,1
2022,4645,9,0.00486223662884927,0.5048622366288493,1,1
2022,4797,9,0.02000000000000002,0.52,1,1
2022,4810,6,0,0.5,1,1
2022,4811,5,0,0.5,1,1
2022,4864,1,0,0.5,1,1
2022,4864,7,0.051056338028169,0.551056338028169,1,1
2022,5148,8,0.07142857142857145,0.5714285714285714,1,1
2022,5148,9,0.01724137931034481,0.5172413793103448,1,1
2022,5149,8,0,0.5,1,1
2022,5149,9,0,0.5,1,1
2022,5165,5,0,0.5,1,1
2022,5165,6,0,0.5,1,1
2022,5180,6,0,0.5,1,1
2022,5180,7,0,0.5,1,1
2022,5189,7,0.01282051282051283,0.5128205128205128,1,1
2022,5468,3,0,0.5,1,1
2022,5482,5,0.09210526315789475,0.5921052631578947,1,1
2022,5742,5,0,0.5,1,1
2022,5742,6,0,0.5,1,1
2022,5744,5,0,0.5,1,1
2022,5766,5,0.1111111111111111,0.6111111111111112,1,1
2022,5955,8,0.01020408163265307,0.5102040816326531,1,1
2022,5955,9,0,0.5,1,1
2022,5968,8,0,0.5,1,1
2022,5968,9,0,0.5,1,1
2022,6142,6,0.1666666666666667,0.6666666666666667,1,1
2022,6142,8,0,0.5,1,1
2022,6143,8,0,0.5,1,1
2022,6144,7,0,0.5,1,1
2022,6144,8,0,0.5,1,1
2022,6146,8,0,0.5,1,1
2022,6147,8,0,0.5,1,1
2022,6212,6,0,0.5,1,1
2022,6314,7,0.0733333333333333,0.5733333333333333,1,1
2022,6315,7,0.04761904761904762,0.5476190476190477,1,1
2022,6345,6,0,0.5,1,1
2022,6345,7,0.05555555555555558,0.5555555555555556,1,1
2022,6400,6,0.007320644216691041,0.5073206442166911,1,1
2022,6476,6,0,0.5,1,1
2022,6476,7,0,0.5,1,1
2022,6479,7,0,0.5,1,1
2022,6523,6,0,0.5,1,1
2022,6571,6,0.2228070175438597,0.7228070175438597,1,1
2022,6580,6,0,0.5,1,1
2022,6580,7,0,0.5,1,1
2022,6580,8,0,0.5,1,1
2022,6611,5,0,0.5,1,1
2022,6611,6,0,0.5,1,1
2022,6612,5,0,0.5,1,1
2022,6612,6,0,0.5,1,1
2022,6613,6,0,0.5,1,1
2022,6613,7,0,0.5,1,1
2022,6617,6,0,0.5,1,1
2022,6622,6,0,0.5,1,1
2022,6699,4,0.2777777777777778,0.7777777777777778,1,1
2022,6700,4,0.05128205128205127,0.5512820512820513,1,1
2022,6701,4,0.06,0.56,1,1
2022,6896,5,0.06,0.56,1,1
2022,6896,6,0.08620689655172414,0.5862068965517242,1,1
2022,6950,5,0,0.5,1,1
2022,6950,6,0,0.5,1,1
2022,6997,5,0,0.5,1,1
2022,7038,3,0,0.5,1,1
2022,7038,4,0,0.5,1,1
2022,7126,6,0.02135493372606773,0.5213549337260677,1,1
2022,7127,7,0.03687445127304651,0.5368744512730466,1,1
2022,7337,7,0.05555555555555558,0.5555555555555556,1,1
2022,7337,8,0.015625,0.515625,1,1
2022,7909,6,0,0,0,0.5
2022,8949,6,0,0.5,1,1
2022,8991,4,0.09259259259259262,0.2592592592592593,0.5,0.8333333333333334
2022,8995,4,0.06363636363636366,0.4181818181818182,0.7909090909090909,0.9363636363636364
2022,8995,5,0.1573033707865169,0.5168539325842696,0.8089887640449438,0.949438202247191
2022,8999,4,0.1710526315789474,0.4605263157894737,0.736842105263158,0.9473684210526316
2022,8999,5,0.2235294117647059,0.5588235294117647,0.7705882352941177,0.9352941176470588
2022,9003,4,0.1666666666666667,0.4722222222222222,0.75,0.9444444444444445
2022,9007,5,0,0,0,0.5
2022,9184,6,0,0.5,1,1
2022,9184,7,0,0.5,1,1
2022,9221,10,0.1323529411764706,0.4705882352941176,0.7794117647058824,0.9411764705882354
2022,9681,7,0.03262362637362637,0.5326236263736264,1,1
2022,9681,8,0.007290400972053468,0.5072904009720535,1,1
2022,9694,8,0.03203342618384403,0.532033426183844,1,1
2022,9694,9,0.00990099009900991,0.5099009900990099,1,1
2022,9695,7,0.050561797752809,0.550561797752809,1,1
2022,9705,7,0.01748633879781419,0.5174863387978141,1,1
2022,9705,8,0,0.5,1,1
2022,9792,5,0.3571428571428572,0.8571428571428572,1,1
2022,10013,6,0.07317073170731708,0.5731707317073171,1,1
2022,10013,7,0,0.5,1,1
2022,10019,6,0.05825242718446599,0.558252427184466,1,1
2022,10019,7,0,0.5,1,1
2022,10026,6,0.07479508196721313,0.5747950819672132,1,1
2022,10026,7,0.03703703703703704,0.537037037037037,1,1
2022,10082,3,0,0.5,1,1
2022,10082,4,0,0.5,1,1
2022,10231,5,0,0.5,1,1
2022,10235,5,0.5,1,1,1
2022,10308,4,0,0.5,1,1
2022,10308,5,0.006024096385542188,0.5060240963855422,1,1
2022,10320,5,0,0.5,1,1
2022,10347,6,0.09090909090909088,0.5909090909090908,1,1
2022,10347,7,0.1111111111111111,0.6111111111111112,1,1
2022,10545,6,0,0.5,1,1
2022,10645,4,0,0.5,1,1
2022,10851,4,0.001148369315571884,0.5011483693155718,1,1
2022,10852,4,0,0.5,1,1
2022,11095,7,0.1603053435114504,0.6603053435114503,1,1
2022,11095,8,0,0.5,1,1
2022,11097,5,0.02190721649484534,0.5219072164948453,1,1
2022,11097,6,0.00901639344262295,0.509016393442623,1,1
2022,11733,4,0,0.5,1,1
2022,11815,6,0.0114942528735632,0.5114942528735632,1,1
2022,11815,7,0,0.5,1,1
2022,11816,6,0.1428571428571429,0.6428571428571428,1,1
2022,11817,7,0.0164285714285714,0.5164285714285715,1,1
2022,11817,8,0,0.5,1,1
2022,11818,6,0,0.5,1,1
2022,11818,7,0.006393861892583119,0.5063938618925832,1,1
2022,11827,5,0,0.5,1,1
2022,11831,7,0.006993006993006978,0.506993006993007,1,1
2022,12310,6,0,0.5,1,1
2022,12356,6,0.09441233140655109,0.594412331406551,1,1
2022,12395,3,0,0.5,1,1
2022,12886,7,0.09999999999999998,0.6,1,1
2022,12886,8,0.08333333333333331,0.5833333333333333,1,1
2022,12887,7,0.1964285714285715,0.6964285714285714,1,1
2022,12887,8,0.1415094339622642,0.6415094339622642,1,1
2022,12997,4,0.02631578947368424,0.5263157894736843,1,1
2022,12997,5,0.02956989247311825,0.5295698924731183,1,1
2022,12998,3,0.02439024390243905,0.524390243902439,1,1
2022,12998,4,0.08333333333333331,0.5833333333333333,1,1
2022,12999,3,0,0.5,1,1
2022,12999,4,0.02777777777777779,0.5277777777777778,1,1
2022,13000,3,0,0.5,1,1
2022,13000,4,0.02941176470588236,0.5294117647058824,1,1
2022,13002,3,0,0.5,1,1
2022,13002,4,0.02777777777777779,0.5277777777777778,1,1
2022,13015,3,0,0.5,1,1
2022,13016,4,0,0.5,1,1
2022,13016,5,0,0.5,1,1
2022,13031,3,0.0138888888888889,0.5138888888888888,1,1
2022,13031,4,0,0.5,1,1
2022,13037,3,0,0.5,1,1
2022,13037,4,0,0.5,1,1
2022,13038,3,0.1805555555555556,0.6805555555555556,1,1
2022,13038,4,0,0.5,1,1
2022,13039,3,0,0.5,1,1
2022,13039,4,0,0.5,1,1
2022,13053,4,0,0.5,1,1
2022,13053,5,0,0.5,1,1
2022,13282,5,0.02247191011235955,0.5224719101123596,1,1
2022,13282,6,0.06711409395973156,0.5671140939597316,1,1
2022,13288,5,0.01944444444444443,0.5194444444444444,1,1
2022,13288,6,0.05833333333333335,0.5583333333333333,1,1
2022,13293,5,0.01874999999999999,0.51875,1,1
2022,13293,6,0.0318181818181818,0.5318181818181817,1,1
2022,13300,5,0.01136363636363635,0.5113636363636364,1,1
2022,13300,6,0.175,0.675,1,1
2022,13304,6,0.007142857142857118,0.5071428571428571,1,1
2022,13304,7,0.140625,0.640625,1,1
2022,13310,5,0.06962025316455694,0.5696202531645569,1,1
2022,13310,6,0.0982142857142857,0.5982142857142857,1,1
2022,13314,6,0.0557029177718833,0.5557029177718833,1,1
2022,13314,7,0.08405172413793105,0.584051724137931,1,1
2022,13315,5,0.01041666666666669,0.5104166666666667,1,1
2022,13315,6,0.05263157894736842,0.5526315789473684,1,1
2022,13316,5,0.04325955734406439,0.5432595573440644,1,1
2022,13316,6,0.05660377358490565,0.5566037735849056,1,1
2022,13322,5,0.0451388888888889,0.5451388888888888,1,1
2022,13322,6,0.1038961038961039,0.6038961038961039,1,1
2022,13325,5,0.03863636363636364,0.5386363636363636,1,1
2022,13325,6,0.06340057636887608,0.5634005763688761,1,1
2022,13331,5,0.049645390070922,0.549645390070922,1,1
2022,13331,6,0.06369426751592355,0.5636942675159236,1,1
2022,13343,6,0.1379310344827586,0.6379310344827587,1,1
2022,13343,7,0.1398713826366559,0.639871382636656,1,1
2022,13376,3,0,0.5,1,1
2022,13382,3,0.04838709677419356,0.5483870967741935,1,1
2022,13382,4,0.3308823529411765,0.8308823529411764,1,1
2022,13387,4,0,0.5,1,1
2022,13388,4,0,0.5,1,1
2022,14139,6,0,0.5,1,1
2022,14420,7,0,0.5,1,1
2022,14420,8,0.01685393258426965,0.5168539325842696,1,1
2022,14432,6,0,0.5,1,1
2022,14441,5,0,0.5,1,1
2022,14441,6,0.01744186046511626,0.5174418604651163,1,1
2022,14441,7,0,0.5,1,1
2022,14442,6,0,0.5,1,1
2022,14454,7,0,0.5,1,1
2022,14555,4,0,0.5,1,1
2022,14565,4,0,0.5,1,1
2022,14609,2,0,0.5,1,1
2022,14996,4,0,0.5,1,1
2022,14996,6,0.015625,0.515625,1,1
2022,14997,7,0.25,0.75,1,1
2022,14998,5,0,0.5,1,1
2022,14998,7,0.1470588235294117,0.6470588235294117,1,1
2022,15020,7,0.04838709677419356,0.2580645161290323,0.5564516129032258,0.8467741935483871
2022,15020,8,0.04081632653061224,0.4489795918367347,0.8571428571428572,0.9489795918367347
2022,15158,5,0,0.5,1,1
2022,15299,6,0,0.5,1,1
2022,15441,4,0.09090909090909088,0.5909090909090908,1,1
2022,15446,3,0,0.5,1,1
2022,15446,4,0.007575757575757569,0.5075757575757576,1,1
2022,15458,4,0,0.5,1,1
2022,15609,3,0,0.5,1,1
2022,15757,4,0,0.5,1,1
2022,15757,5,0,0.5,1,1
2022,15844,7,0.1136363636363637,0.6136363636363636,1,1
2022,15844,8,0,0.5,1,1
2022,15855,6,0,0.5,1,1
2022,16032,5,0.09090909090909088,0.5909090909090908,1,1
2022,16034,5,0,0.5,1,1
2022,16041,6,0.09574468085106386,0.5957446808510638,1,1
2022,16041,7,0,0.5,1,1
2022,16049,5,0.05434782608695654,0.5543478260869565,1,1
2022,16052,5,0,0.5,1,1
2022,16053,5,0,0.5,1,1
2022,16056,6,0,0.5,1,1
2022,16059,5,0.2142857142857143,0.7142857142857143,1,1
2022,16136,9,0.125,0.625,1,1
2022,16136,10,0,0.5,1,1
2022,16139,7,0.2702702702702703,0.7702702702702703,1,1
2022,16167,6,0,0.5,1,1
2022,16231,5,0,0.5,1,1
2022,16258,4,0,0.5,1,1
2022,16259,4,0,0.5,1,1
2022,16337,4,0,0.5,1,1
2022,16340,5,0.03488372093023257,0.5348837209302326,1,1
2022,16407,7,0.05645161290322581,0.5564516129032258,1,1
2022,16672,4,0,0.5,1,1
2022,16673,5,0.07692307692307693,0.5769230769230769,1,1
2022,16674,4,0,0.5,1,1
2022,16679,4,0,0.5,1,1
2022,16679,5,0.375,0.875,1,1
2022,16701,4,0,0.5,1,1
2022,16701,5,0,0.5,1,1
2022,16702,4,0,0.5,1,1
2022,16702,5,0,0.5,1,1
2022,16703,4,0,0.5,1,1
2022,16703,5,0,0.5,1,1
2022,16712,3,0,0.5,1,1
2022,16718,5,0,0.5,1,1
2022,16718,6,0,0.5,1,1
2022,16800,4,0,0.5,1,1
2022,16800,5,0,0.5,1,1
2022,16802,4,0,0.5,1,1
2022,16802,5,0,0.5,1,1
2022,16843,5,0.1388888888888889,0.6388888888888888,1,1
2022,16843,6,0,0.5,1,1
2022,16850,5,0.00877192982456143,0.5087719298245614,1,1
2022,16850,6,0,0.5,1,1
2022,16850,7,0,0.5,1,1
2022,16856,5,0,0.5,1,1
2022,16856,6,0,0.5,1,1
2022,16856,7,0,0.5,1,1
2022,16857,5,0.01020408163265307,0.5102040816326531,1,1
2022,16857,6,0,0.5,1,1
2022,16857,7,0,0.5,1,1
2022,16870,3,0.02941176470588236,0.5294117647058824,1,1
2022,16870,4,0,0.5,1,1
2022,16870,5,0,0.5,1,1
2022,16871,3,0,0.5,1,1
2022,16871,4,0,0.5,1,1
2022,17025,5,0,0.5,1,1
2022,17151,5,0,0.5,1,1
2022,17151,6,0,0.5,1,1
2022,17164,4,0.09999999999999998,0.5,0.9,1
2022,17164,5,0.1068376068376069,0.3717948717948718,0.6495726495726496,0.8846153846153846
2022,17164,6,0.04999999999999999,0.2625,0.55,0.8375
2022,17167,3,0,0.125,0.25,0.625
2022,17167,4,0.1666666666666667,0.4621212121212122,0.6818181818181818,0.8863636363636364
2022,17167,5,0.07042253521126762,0.3309859154929578,0.5915492957746479,0.8309859154929577
2022,17170,3,0,0.25,0.75,1
2022,17170,4,0.1190476190476191,0.4285714285714286,0.6904761904761905,0.8809523809523809
2022,17170,5,0.25,0.6470588235294118,0.823529411764706,0.9264705882352942
2022,17236,4,0,0.5,1,1
2022,17253,5,0,0.5,1,1
2022,17255,4,0,0.5,1,1
2022,17257,4,0,0.5,1,1
2022,17261,4,0,0.5,1,1
2022,17261,6,0,0.5,1,1
2022,17283,8,0,0.5,1,1
2022,17284,6,0.01538461538461539,0.5153846153846153,1,1
2022,17284,7,0.02766798418972333,0.5276679841897234,1,1
2022,17288,7,0.02121212121212124,0.5212121212121212,1,1
2022,17288,8,0.04290718038528896,0.542907180385289,1,1
2022,17385,7,0,0.5,1,1
2022,17391,8,0.06862745098039214,0.5686274509803921,1,1
2022,17459,7,0,0.5,1,1
2022,17459,8,0,0.5,1,1
2022,17459,9,0,0.5,1,1
2022,17574,5,0,0.5,1,1
2022,17574,6,0,0.5,1,1
2022,17576,5,0,0.5,1,1
2022,17578,9,0.1071428571428572,0.6071428571428572,1,1
2022,17586,6,0,0.5,1,1
2022,17586,7,0,0.5,1,1
2022,17588,5,0,0.5,1,1
2022,17590,6,0,0.5,1,1
2022,17591,5,0,0.5,1,1
2022,17591,6,0,0.5,1,1
2022,17591,7,0.001030927835051543,0.5010309278350515,1,1
2022,17592,4,0,0.5,1,1
2022,17592,5,0.01204819277108432,0.5120481927710843,1,1
2022,17592,6,0.001277372262773746,0.5012773722627737,1,1
2022,17594,5,0.01543942992874109,0.515439429928741,1,1
2022,17594,6,0.002588438308886998,0.502588438308887,1,1
2022,17596,5,0,0.5,1,1
2022,17596,6,0,0.5,1,1
2022,17600,5,0,0.5,1,1
2022,17600,6,0,0.5,1,1
2022,17600,7,0.003521126760563376,0.5035211267605634,1,1
2022,17602,7,0.001492537313432851,0.5014925373134329,1,1
2022,17677,5,0.01635514018691586,0.5163551401869159,1,1
2022,17678,4,0,0.5,1,1
2022,17763,4,0,0.5,1,1
2022,17772,5,0,0.5,1,1
2022,17772,6,0,0.5,1,1
2022,17784,6,0,0.5,1,1
2022,17784,7,0,0.5,1,1
2022,17784,8,0.0339506172839506,0.5339506172839505,1,1
2022,17786,7,0,0.5,1,1
2022,17786,8,0.06289308176100628,0.5628930817610063,1,1
2022,17791,7,0,0.5,1,1
2022,17791,8,0.02564102564102566,0.5256410256410257,1,1
2022,17817,4,0.125,0.625,1,1
2022,17818,4,0,0.5,1,1
2022,17819,4,0,0.5,1,1
2022,17820,4,0,0.5,1,1
2022,17821,4,0,0.5,1,1
2022,17953,4,0,0.5,1,1
2022,17976,4,0,0.5,1,1
2022,17978,4,0,0.5,1,1
2022,18104,3,0.125,0.625,1,1
2022,18106,4,0,0.5,1,1
2022,18132,3,0.005681818181818177,0.5056818181818181,1,1
2022,18159,5,0,0.5,1,1
2022,18170,4,0,0.5,1,1
2022,18171,4,0,0.5,1,1
2022,18211,5,0.01923076923076922,0.5192307692307692,1,1
2022,18211,6,0.1017561983471074,0.6017561983471074,1,1
2022,18212,4,0,0.5,1,1
2022,18212,5,0.06924460431654678,0.5692446043165468,1,1
2022,18213,3,0,0.5,1,1
2022,18213,4,0.0357142857142857,0.5357142857142857,1,1
2022,18226,4,0.1428571428571429,0.6428571428571428,1,1
2022,18227,3,0,0.5,1,1
2022,18228,3,0.0693359375,0.5693359375,1,1
2022,18273,6,0,0.5,1,1
2022,18274,5,0,0.5,1,1
2022,18282,3,0,0.5,1,1
2022,18352,5,0,0.5,1,1
2022,18352,6,0.02205882352941174,0.5220588235294117,1,1
2022,18354,6,0,0.5,1,1
2022,18356,6,0,0.5,1,1
2022,18360,5,0.04545454545454547,0.5454545454545454,1,1
2022,18360,6,0,0.5,1,1
2022,18363,7,0,0.5,1,1
2022,18408,3,0,0.5,1,1
2022,18408,5,0,0.5,1,1
2022,18408,6,0,0.5,1,1
2022,18409,5,0,0.5,1,1
2022,18426,8,0,0.5,1,1
2022,18426,9,0.004784688995215336,0.5047846889952153,1,1
2022,18496,1,0,0.5,1,1
2022,18496,2,0,0.5,1,1
2022,18496,3,0,0.5,1,1
2022,18497,8,0.09465737514518002,0.59465737514518,1,1
2022,18497,9,0.1106442577030812,0.6106442577030813,1,1
2022,18516,2,0,0.5,1,1
2022,18694,5,0.3333333333333334,0.6666666666666667,0.6666666666666667,0.8333333333333334
2022,18700,5,0,0.0625,0.3125,0.75
2022,18715,6,0,0.3333333333333334,0.8333333333333334,1
2022,18741,6,0.007380073800738018,0.507380073800738,1,1
2022,18741,7,0.05128205128205127,0.5512820512820513,1,1
2022,18750,8,0,0.5,1,1
2022,18756,6,0,0.5,1,1
2022,18862,4,0,0.5,1,1
2022,18862,5,0.04938271604938271,0.5493827160493827,1,1
2022,19046,4,0,0.5,1,1
2022,19048,4,0,0.5,1,1
2022,19054,4,0,0.5,1,1
2022,19055,4,0,0.5,1,1
2022,19061,4,0,0.5,1,1
2022,19075,1,0,0.5,1,1
2022,19075,2,0.03846153846153844,0.5384615384615384,1,1
2022,19095,2,0,0.5,1,1
2022,19095,3,0,0.5,1,1
2022,19103,2,0.04545454545454547,0.5454545454545454,1,1
2022,19111,1,0,0.5,1,1
2022,19111,2,0.05416666666666664,0.5541666666666667,1,1
2022,19115,3,0.006802721088435382,0.5068027210884354,1,1
2022,19131,3,0,0.5,1,1
2022,19140,2,0,0.5,1,1
2022,19140,3,0,0.5,1,1
2022,19149,2,0.01063829787234044,0.5106382978723405,1,1
2022,19157,2,0.07142857142857145,0.5714285714285714,1,1
2022,19205,4,0,0.5,1,1
2022,19359,3,0,0.5,1,1
2022,19359,4,0,0.5,1,1
2022,19373,2,0,0.5,1,1
2022,19412,2,0,0.5,1,1
2022,19428,2,0,0.5,1,1
2022,19428,3,0.04761904761904762,0.5476190476190477,1,1
2022,19430,3,0.0161290322580645,0.5161290322580645,1,1
2022,19491,3,0,0.5,1,1
2022,19491,4,0.05095541401273884,0.5509554140127388,1,1
2022,19492,4,0,0.5,1,1
2022,19522,4,0.009751773049645363,0.5097517730496454,1,1
2022,19522,5,0.002096436058700191,0.5020964360587001,1,1
2022,19540,3,0,0.5,1,1
2022,19605,4,0,0.5,1,1
2022,19620,4,0,0.5,1,1
2022,19636,3,0,0.5,1,1
2022,19666,5,0,0.5,1,1
2022,19747,4,0,0.5,1,1
2022,19772,4,0,0.5,1,1
2022,19806,3,0,0.5,1,1
2022,19808,3,0.02459016393442626,0.5245901639344263,1,1
2022,19851,4,0.05263157894736842,0.5526315789473684,1,1
2022,19892,3,0,0.5,1,1
2022,19894,3,0.02941176470588236,0.5294117647058824,1,1
2022,19894,4,0,0.5,1,1
2022,19930,3,0.3,0.8,1,1
2022,19946,2,0,0.5,1,1
2022,19946,3,0,0.5,1,1
2022,19947,2,0,0.5,1,1
2022,19947,3,0,0.5,1,1
2022,20046,5,0,0.5,1,1
2022,20121,2,0.02666666666666667,0.5266666666666666,1,1
2022,20125,3,0.06451612903225806,0.564516129032258,1,1
2022,20126,3,0,0.5,1,1
2022,20129,2,0,0.5,1,1
2022,20129,3,0.2058823529411765,0.7058823529411764,1,1
2022,20135,2,0,0.5,1,1
2022,20135,3,0.05681818181818182,0.5568181818181819,1,1
2022,20149,3,0.09999999999999998,0.6,1,1
2022,20149,4,0.01652892561983471,0.5165289256198347,1,1
2022,20150,3,0,0.5,1,1
2022,20150,4,0.03703703703703704,0.537037037037037,1,1
2022,20151,3,0,0.5,1,1
2022,20151,4,0,0.5,1,1
2022,20160,4,0.1451612903225806,0.6451612903225806,1,1
2022,20182,3,0,0.5,1,1
2022,20183,3,0,0.5,1,1
2022,20184,3,0,0.5,1,1
2022,20186,3,0,0.5,1,1
2022,20305,4,0,0.5,1,1
2022,20306,4,0,0.5,1,1
2022,20386,2,0,0.5,1,1
2022,20386,3,0,0.5,1,1
2022,20388,2,0,0.5,1,1
2022,20388,3,0,0.5,1,1
2022,20393,2,0,0.5,1,1
2022,20523,5,0,0.5,1,1
2022,20533,4,0,0.5,1,1
2022,20555,4,0,0.5,1,1
2022,20555,5,0.08333333333333331,0.5833333333333333,1,1
2022,20557,4,0,0.5,1,1
2022,20560,3,0.07142857142857145,0.5714285714285714,1,1
2022,20673,4,0.0903716216216216,0.5903716216216216,1,1
2022,20793,2,0.00724637681159418,0.5072463768115942,1,1
2022,20793,3,0,0.5,1,1
2022,20799,3,0,0.5,1,1
2022,20799,5,0.03658536585365851,0.5365853658536586,1,1
2022,20802,4,0.1052631578947368,0.6052631578947368,1,1
2022,20817,2,0.08333333333333331,0.5833333333333333,1,1
2022,20817,3,0.0625,0.5625,1,1
2022,20827,6,0,0.5,1,1
2022,20848,2,0,0.5,1,1
2022,20866,2,0,0.5,1,1
2022,20953,5,0.04761904761904762,0.2380952380952381,0.5238095238095238,0.8333333333333334
2022,21031,4,0.4166666666666667,0.9166666666666667,1,1
2022,21031,5,0,0.5,1,1
2022,21045,1,0.1538461538461539,0.6538461538461539,1,1
2022,21211,2,0,0.5,1,1
2022,21211,3,0,0.5,1,1
2022,21306,5,0.2708333333333334,0.7708333333333334,1,1
2022,21313,4,0.1923076923076923,0.6923076923076923,1,1
2022,21337,3,0,0.5,1,1
2022,21337,4,0.01327433628318586,0.5132743362831859,1,1
2022,21380,3,0,0.5,1,1
2022,21380,4,0,0.5,1,1
2022,21414,3,0.1076555023923445,0.6076555023923444,1,1
2022,21433,6,0,0.5,1,1
2022,21433,7,0,0.5,1,1
2022,21560,3,0,0.5,1,1
2022,21563,4,0,0.5,1,1
2022,21563,5,0,0.5,1,1
2022,21639,4,0.1785714285714286,0.6785714285714286,1,1
2022,21644,4,0,0.5,1,1
2022,21684,2,0.06071428571428572,0.5607142857142857,1,1
2022,21684,3,0.02380952380952384,0.5238095238095238,1,1
2022,21697,2,0,0.5,1,1
2022,21699,2,0,0.5,1,1
2022,21709,3,0,0.5,1,1
2022,21710,2,0,0.5,1,1
2022,21710,3,0,0.5,1,1
2022,21840,3,0,0.5,1,1
2022,21840,4,0,0.5,1,1
2022,21842,3,0,0.5,1,1
2022,21842,4,0,0.5,1,1
2022,21853,5,0,0.5,1,1
2022,21853,6,0,0.5,1,1
2022,21910,4,0,0.5,1,1
2022,21910,5,0.03539823008849558,0.5353982300884956,1,1
2022,21956,1,0.2142857142857143,0.7142857142857143,1,1
2022,22013,2,0.03999999999999998,0.54,1,1
2022,22065,3,0,0.5,1,1
2022,22073,3,0,0.5,1,1
2022,22075,3,0,0.5,1,1
2022,22076,3,0,0.5,1,1
2022,22077,3,0,0.5,1,1
2022,22078,3,0,0.5,1,1
2022,22085,3,0,0.5,1,1
2022,22089,3,0,0.5,1,1
2022,22091,3,0,0.5,1,1
2022,22092,3,0,0.5,1,1
2022,22093,3,0,0.5,1,1
2022,22145,3,0.1212121212121212,0.6212121212121212,1,1
2022,22175,2,0,0.5,1,1
2022,22175,3,0.05084745762711862,0.5508474576271186,1,1
2022,22179,2,0,0.5,1,1
2022,22186,3,0.05263157894736842,0.5526315789473684,1,1
2022,22193,3,0,0.5,1,1
2022,22196,2,0,0.5,1,1
2022,22237,2,0,0.5,1,1
2022,22254,2,0.1274509803921569,0.6274509803921569,1,1
2022,22256,3,0,0.5,1,1
2022,22256,4,0,0.5,1,1
2022,22257,3,0,0.5,1,1
2022,22257,4,0.09482758620689657,0.5948275862068966,1,1
2022,22257,5,0,0.5,1,1
2022,22264,1,0,0.5,1,1
2022,22264,2,0.1276595744680851,0.6276595744680851,1,1
2022,22267,5,0,0.5,1,1
2022,22316,5,0,0.5,1,1
2022,22316,6,0.003192848020434236,0.5031928480204342,1,1
2022,22715,2,0,0.5,1,1
2022,22756,5,0,0.2954545454545454,0.75,0.9545454545454545
2022,22756,7,0,0.1111111111111111,0.2777777777777778,0.6666666666666667
2022,22756,8,0.006578947368421073,0.1891447368421053,0.4720394736842106,0.7894736842105263
2022,22757,6,0.04999999999999999,0.275,0.6375,0.9125
2022,22757,7,0.04999999999999999,0.2,0.55,0.9
2022,22757,8,0,0,0,0.5
2022,22760,4,0.02083333333333332,0.1041666666666666,0.2708333333333333,0.6875
2022,22760,5,0,0.08333333333333331,0.2222222222222222,0.6388888888888888
2022,22768,2,0.06109134045077108,0.5610913404507711,1,1
2022,22771,3,0.09980382540461008,0.5998038254046101,1,1
2022,22799,2,0,0.5,1,1
2022,22801,2,0,0.5,1,1
2022,22885,4,0,0.5,1,1
2022,22906,3,0,0.5,1,1
2022,22908,4,0.1666666666666667,0.6666666666666667,1,1
2022,22994,3,0,0.5,1,1
2022,22994,4,0.007462686567164201,0.5074626865671642,1,1
2022,23013,2,0.07142857142857145,0.5,0.8571428571428571,0.9285714285714285
2022,23013,3,0.05508474576271188,0.3983050847457628,0.75,0.9067796610169492
2022,23014,2,0.2142857142857143,0.6428571428571429,0.8571428571428572,0.9285714285714286
2022,23014,3,0.0357142857142857,0.3690476190476191,0.746031746031746,0.9126984126984128
2022,23015,3,0.01333333333333331,0.36,0.7333333333333334,0.8866666666666666
2022,23016,3,0.01428571428571429,0.4142857142857143,0.807142857142857,0.9071428571428571
2022,23092,7,0.02631578947368424,0.5263157894736843,1,1
2022,23093,6,0,0.5,1,1
2022,23229,4,0.002293577981651362,0.5022935779816513,1,1
2022,23229,5,0,0.5,1,1
2022,23244,2,0,0.5,1,1
2022,23355,2,0,0.5,1,1
2022,23372,2,0,0.5,1,1
2022,23372,3,0,0.5,1,1
2022,23374,4,0,0.5,1,1
2022,23375,2,0,0.5,1,1
2022,23375,3,0,0.5,1,1
2022,23375,4,0,0.5,1,1
2022,23382,4,0,0.5,1,1
2022,23382,5,0,0.5,1,1
2022,23385,3,0,0.5,1,1
2022,23385,4,0,0.5,1,1
2022,23385,5,0,0.5,1,1
2022,23386,4,0,0.5,1,1
2022,23386,5,0,0.5,1,1
2022,23386,6,0.0625,0.5625,1,1
2022,23387,3,0,0.5,1,1
2022,23387,4,0,0.5,1,1
2022,23388,3,0,0.5,1,1
2022,23388,4,0,0.5,1,1
2022,23388,5,0,0.5,1,1
2022,23389,3,0,0.5,1,1
2022,23389,4,0,0.5,1,1
2022,23389,5,0,0.5,1,1
2022,23391,4,0,0.5,1,1
2022,23391,5,0,0.5,1,1
2022,23406,2,0,0.5,1,1
2022,23406,3,0,0.5,1,1
2022,23411,5,0,0.5,1,1
2022,23411,6,0,0.5,1,1
2022,23424,2,0.015625,0.515625,1,1
2022,23425,2,0,0.5,1,1
2022,23426,2,0,0.5,1,1
2022,23427,2,0.04999999999999999,0.55,1,1
2022,23428,2,0,0.5,1,1
2022,23431,2,0.03333333333333333,0.5333333333333333,1,1
2022,23542,1,0.04193548387096774,0.5419354838709678,1,1
2022,23637,5,0,0.5,1,1
2022,23644,2,0,0.5,1,1
2022,23648,3,0,0.5,1,1
2022,23730,5,0.1271186440677966,0.3601694915254237,0.5550847457627118,0.8220338983050848
2022,23743,3,0.05263157894736842,0.5526315789473684,1,1
2022,23755,2,0.00770925110132159,0.5077092511013216,1,1
2022,23758,3,0.00390625,0.50390625,1,1
2022,23759,3,0,0.5,1,1
2022,23764,3,0.25,0.75,1,1
2022,23766,2,0.08253588516746413,0.5825358851674641,1,1
2022,23768,3,0,0.5,1,1
2022,23769,2,0.05882352941176472,0.5588235294117647,1,1
2022,23790,1,0,0.5,1,1
2022,23793,2,0,0.5,1,1
2022,23925,3,0,0.5,1,1
2022,23925,4,0,0.5,1,1
2022,23927,2,0,0.5,1,1
2022,23929,1,0,0.5,1,1
2022,23930,1,0,0.5,1,1
2022,23930,2,0.07142857142857145,0.5714285714285714,1,1
2022,23933,2,0.25,0.75,1,1
2022,23943,1,0,0.5,1,1
2022,23943,2,0,0.5,1,1
2022,23960,3,0.004716981132075471,0.5047169811320755,1,1
2022,23960,4,0,0.5,1,1
2022,23961,3,0,0.5,1,1
2022,23963,3,0,0.5,1,1
2022,23964,3,0,0.5,1,1
2022,23966,2,0,0.5,1,1
2022,23966,3,0,0.5,1,1
2022,23992,2,0.1531531531531531,0.6531531531531531,1,1
2022,23992,3,0.25,0.75,1,1
2022,23998,2,0,0.5,1,1
2022,24024,2,0,0.5,1,1
2022,24025,1,0.1666666666666667,0.6666666666666667,1,1
2022,24089,3,0,0.5,1,1
2022,24089,4,0,0.5,1,1
2022,24093,2,0.00694444444444442,0.5069444444444444,1,1
2022,24093,3,0,0.5,1,1
2022,24099,3,0,0.5,1,1
2022,24100,2,0.1842105263157895,0.6842105263157895,1,1
2022,24129,2,0,0.5,1,1
2022,24148,2,0.1142857142857143,0.6142857142857143,1,1
2022,24275,1,0,0.5,1,1
2022,24275,2,0.06896551724137934,0.5689655172413793,1,1
2022,24306,2,0.06363636363636366,0.5636363636363637,1,1
2022,24338,1,0,0.5,1,1
2022,24338,2,0,0.5,1,1
2022,24362,1,0.0222222222222222,0.5222222222222221,1,1
2022,24362,2,0.02800000000000003,0.528,1,1
2022,24372,1,0,0.5,1,1
2022,24373,2,0.5,1,1,1
2022,24378,1,0,0.5,1,1
2022,24378,2,0.05681818181818182,0.5568181818181819,1,1
2022,24380,1,0,0.5,1,1
2022,24380,2,0,0.5,1,1
2022,24381,2,0.02777777777777779,0.5277777777777778,1,1
2022,24409,1,0,0.5,1,1
2022,24409,2,0,0.5,1,1
2022,24458,1,0,0.5,1,1
2022,24458,2,0,0.5,1,1
2022,24525,5,0.1666666666666667,0.6666666666666667,1,1
2022,24525,6,0.009090909090909094,0.509090909090909,1,1
2022,24538,2,0,0.5,1,1
2022,24539,3,0,0.5,1,1
2022,24549,2,0,0.5,1,1
2022,24550,3,0,0.5,1,1
2022,24558,3,0,0.5,1,1
2022,24559,3,0,0.5,1,1
2022,24560,3,0,0.5,1,1
2022,24561,3,0,0.5,1,1
2022,24562,3,0.02500000000000002,0.525,1,1
2022,24563,3,0.005319148936170193,0.5053191489361701,1,1
2022,24567,4,0,0.5,1,1
2022,24568,4,0,0.5,1,1
2022,24574,6,0,0.5,1,1
2022,24579,4,0,0.5,1,1
2022,24624,1,0.03703703703703704,0.537037037037037,1,1
2022,24648,2,0.1206896551724138,0.6206896551724138,1,1
2022,24648,3,0,0.5,1,1
2022,24663,1,0.02319587628865977,0.5231958762886597,1,1
2022,24663,2,0.09564164648910412,0.5956416464891041,1,1
2022,24689,1,0.04838709677419356,0.5483870967741935,1,1
2022,24725,2,0.05094339622641508,0.5509433962264151,1,1
2022,24733,2,0.12426614481409,0.62426614481409,1,1
2022,24821,1,0,0.5,1,1
2022,24821,2,0,0.5,1,1
2022,24821,3,0,0.5,1,1
2022,24828,2,0.06666666666666665,0.5666666666666667,1,1
2022,24846,2,0,0.5,1,1
2022,24874,3,0,0.5,1,1
2022,24888,3,0,0.5,1,1
2022,24895,2,0,0.5,1,1
2022,24895,3,0,0.5,1,1
2022,24895,4,0,0.5,1,1
2022,24996,2,0,0.5,1,1
2022,24999,2,0.1145833333333333,0.6145833333333333,1,1
2022,25003,2,0,0.5,1,1
2022,25003,4,0,0.5,1,1
2022,25003,5,0.04999999999999999,0.55,1,1
2022,25043,4,0,0.5,1,1
2022,25043,5,0,0.5,1,1
2022,25044,3,0,0.5,1,1
2022,25045,4,0.005847953216374269,0.5058479532163742,1,1
2022,25045,5,0,0.5,1,1
2022,25118,4,0,0.5,1,1
2022,25192,2,0.1428571428571429,0.6428571428571428,1,1
2022,25192,3,0,0.5,1,1
2022,25193,2,0,0.5,1,1
2022,25399,2,0,0.5,1,1
2022,25399,4,0,0.5,1,1
2022,25424,3,0.02941176470588236,0.5294117647058824,1,1
2022,25424,4,0.05555555555555558,0.5555555555555556,1,1
2022,25435,2,0,0.5,1,1
2022,25437,2,0,0.5,1,1
2022,25438,3,0,0.5,1,1
2022,25443,2,0,0.5,1,1
2022,25456,2,0,0.5,1,1
2022,25456,3,0,0.5,1,1
2022,25470,6,0,0.5,1,1
2022,25473,6,0,0.5,1,1
2022,25475,6,0.0625,0.5625,1,1
2022,25478,5,0.08333333333333331,0.5833333333333333,1,1
2022,25504,2,0,0.5,1,1
2022,25504,3,0,0.5,1,1
2022,25508,2,0.02808988764044945,0.5280898876404494,1,1
2022,25508,3,0.02538631346578368,0.5253863134657837,1,1
2022,25510,3,0,0.5,1,1
2022,25510,4,0,0.5,1,1
2022,25510,5,0,0.5,1,1
2022,25557,2,0.09090909090909088,0.5909090909090908,1,1
2022,25557,3,0.1621621621621622,0.6621621621621622,1,1
2022,25559,2,0.1551724137931034,0.6551724137931034,1,1
2022,25559,3,0.1666666666666667,0.6666666666666667,1,1
2022,25562,2,0.1428571428571429,0.6428571428571428,1,1
2022,25562,3,0.1290322580645161,0.6290322580645161,1,1
2022,25572,2,0.07500000000000001,0.575,1,1
2022,25572,3,0.09677419354838712,0.5967741935483871,1,1
2022,25782,4,0.4,0.9,1,1
2022,25783,2,0,0.5,1,1
2022,25787,4,0,0.5,1,1
2022,25790,2,0.05172413793103448,0.5517241379310345,1,1
2022,25792,2,0.06896551724137934,0.5689655172413793,1,1
2022,25794,2,0,0.5,1,1
2022,25805,4,0.003597122302158251,0.5035971223021583,1,1
2022,25819,2,0.09999999999999998,0.6,1,1
2022,25819,3,0.1534090909090909,0.6534090909090908,1,1
2022,25825,2,0,0.5,1,1
2022,25825,3,0.07575757575757575,0.5757575757575757,1,1
2022,25894,2,0,0.5,1,1
2022,25946,4,0,0.5,1,1
2022,25987,3,0,0.5,1,1
2022,26117,1,0,0.5,1,1
2022,26117,3,0.1122448979591837,0.6122448979591837,1,1
2022,26119,5,0,0.375,0.75,0.875
2022,26119,6,0.1082474226804124,0.4329896907216495,0.731958762886598,0.9072164948453608
2022,26120,5,0,0,0.1666666666666667,0.6666666666666667
2022,26120,6,0.1408450704225352,0.3591549295774648,0.5422535211267605,0.823943661971831
2022,26121,5,0,0.1666666666666667,0.5,0.8333333333333334
2022,26121,6,0.1111111111111111,0.4166666666666666,0.638888888888889,0.8333333333333334
2022,26122,6,0,0.1875,0.5,0.8125
2022,26123,5,0,0.3333333333333334,0.8333333333333334,1
2022,26123,6,0.1105263157894737,0.3473684210526316,0.5789473684210527,0.8421052631578947
2022,26161,2,0,0.5,1,1
2022,26162,2,0,0.5,1,1
2022,26223,3,0.04347826086956524,0.5434782608695652,1,1
2022,26237,1,0,0.5,1,1
2022,26237,2,0.02336448598130841,0.5233644859813085,1,1
2022,26243,2,0.03488372093023257,0.5348837209302326,1,1
2022,26246,1,0,0.5,1,1
2022,26246,2,0.06626506024096385,0.5662650602409638,1,1
2022,26249,1,0.0730769230769231,0.573076923076923,1,1
2022,26308,5,0.009433962264150941,0.5094339622641509,1,1
2022,26308,6,0,0.5,1,1
2022,26461,3,0,0.5,1,1
2022,26461,4,0.08837209302325583,0.5883720930232559,1,1
2022,26463,3,0,0.5,1,1
2022,26463,4,0.06074766355140188,0.5607476635514019,1,1
2022,26540,4,0.25,0.5,0.75,1
2022,26540,5,0.1084905660377358,0.4198113207547169,0.6886792452830188,0.8773584905660378
2022,26540,6,0.1666666666666667,0.4888888888888889,0.7333333333333333,0.9111111111111111
2022,26541,2,0,0.5,1,1
2022,26541,3,0.2222222222222222,0.7222222222222222,1,1
2022,26707,4,0.06,0.56,1,1
2022,26707,5,0,0.5,1,1
2022,26708,4,0.02991452991452992,0.5299145299145299,1,1
2022,26708,5,0.1428571428571429,0.6428571428571428,1,1
2022,26768,3,0.05555555555555558,0.5555555555555556,1,1
2022,26801,2,0,0.5,1,1
2022,26801,3,0,0.5,1,1
2022,26801,4,0,0.5,1,1
2022,26802,1,0,0.5,1,1
2022,26802,2,0,0.5,1,1
2022,26834,3,0,0.5,1,1
2022,26863,4,0,0.5,1,1
2022,26971,1,0.004658385093167683,0.5046583850931676,1,1
2022,26971,2,0.0037974683544304,0.5037974683544304,1,1
2022,26974,2,0,0.5,1,1
2022,26974,3,0,0.5,1,1
2022,26977,3,0,0.5,1,1
2022,26977,4,0,0.5,1,1
2022,26980,2,0,0.5,1,1
2022,26981,2,0,0.5,1,1
2022,26981,3,0,0.5,1,1
2022,27107,3,0,0.5,1,1
2022,27110,3,0.04901960784313725,0.5490196078431373,1,1
2022,27120,3,0,0.5,1,1
2022,27125,3,0,0.5,1,1
2022,27141,1,0.07142857142857145,0.5714285714285714,1,1
2022,27141,2,0,0.5,1,1
2022,27159,2,0,0.5,1,1
2022,27164,2,0,0.5,1,1
2022,27171,2,0,0.5,1,1
2022,27176,2,0.04651162790697677,0.5465116279069768,1,1
2022,27207,1,0,0.5,1,1
2022,27208,1,0,0.5,1,1
2022,27208,2,0,0.5,1,1
2022,27208,3,0,0.5,1,1
2022,27210,1,0,0.5,1,1
2022,27210,2,0.1176470588235294,0.6176470588235294,1,1
2022,27216,3,0,0.5,1,1
2022,27229,5,0,0.5,1,1
2022,27309,1,0,0.5,1,1
2022,27309,2,0,0.5,1,1
2022,27357,2,0,0.5,1,1
2022,27358,2,0,0.5,1,1
2022,27360,2,0,0.5,1,1
2022,27360,3,0,0.5,1,1
2022,27361,2,0.003067484662576669,0.5030674846625767,1,1
2022,27361,3,0,0.5,1,1
2022,27363,2,0,0.5,1,1
2022,27365,2,0,0.5,1,1
2022,27366,2,0,0.5,1,1
2022,27368,2,0,0.5,1,1
2022,27457,3,0.009433962264150941,0.5094339622641509,1,1
2022,27457,4,0.0646551724137931,0.5646551724137931,1,1
2022,27458,2,0,0.5,1,1
2022,27458,4,0,0.5,1,1
2022,27459,2,0,0.5,1,1
2022,27459,3,0,0.5,1,1
2022,27459,4,0,0.5,1,1
2022,27460,2,0,0.5,1,1
2022,27461,2,0,0.5,1,1
2022,27461,3,0.0136986301369863,0.5136986301369864,1,1
2022,27468,2,0,0.5,1,1
2022,27501,2,0,0.5,1,1
2022,27548,3,0.01136363636363635,0.3181818181818182,0.6818181818181819,0.875
2022,27552,3,0,0.09999999999999998,0.3333333333333333,0.7333333333333334
2022,27557,3,0,0.5,1,1
2022,27563,1,0,0.5,1,1
2022,27563,2,0.006779661016949157,0.5067796610169492,1,1
2022,27563,3,0.015625,0.515625,1,1
2022,27573,2,0,0.5,1,1
2022,27604,2,0,0.5,1,1
2022,27614,1,0,0.5,1,1
2022,27616,1,0,0.5,1,1
2022,27617,1,0.09999999999999998,0.6,1,1
2022,27644,2,0,0.5,1,1
2022,27644,3,0.0233463035019455,0.5233463035019454,1,1
2022,27645,3,0.01851851851851855,0.5185185185185186,1,1
2022,27646,3,0,0.5,1,1
2022,27647,3,0,0.5,1,1
2022,27647,4,0.07936507936507936,0.5793650793650793,1,1
2022,27648,3,0,0.5,1,1
2022,27705,1,0.375,0.875,1,1
2022,27711,1,0,0.5,1,1
2022,27714,2,0.09999999999999998,0.6,1,1
2022,27833,3,0.03125,0.53125,1,1
2022,27837,2,0.1229166666666667,0.3895833333333333,0.6395833333333334,0.8729166666666667
2022,27840,2,0.08598130841121493,0.294392523364486,0.5392523364485982,0.8308411214953271
2022,27843,2,0.094392523364486,0.3504672897196262,0.5981308411214953,0.8420560747663551
2022,27846,2,0.05405405405405406,0.277027027027027,0.5844594594594594,0.8614864864864865
2022,27849,2,0.08715596330275227,0.3153669724770642,0.5802752293577982,0.8520642201834863
2022,27852,2,0.05102040816326531,0.2517006802721089,0.5612244897959184,0.8605442176870748
2022,27927,1,5.181347150259308E-4,0.5005181347150259,1,1
2022,27927,2,0,0.5,1,1
2022,27928,1,5.050505050505083E-4,0.5005050505050506,1,1
2022,27928,2,0,0.5,1,1
2022,27929,1,0.003586065573770503,0.5035860655737705,1,1
2022,27929,2,0,0.5,1,1
2022,27930,1,0,0.5,1,1
2022,27934,3,0,0.5,1,1
2022,27940,4,0.007874015748031482,0.5078740157480315,1,1
2022,27940,5,0.04761904761904762,0.5476190476190477,1,1
2022,27943,3,0,0.5,1,1
2022,27949,3,0,0.5,1,1
2022,27955,3,0.003475238922675927,0.503475238922676,1,1
2022,27964,2,0,0.5,1,1
2022,27965,2,0,0.5,1,1
2022,28002,2,0.04999999999999999,0.2,0.55,0.9
2022,28002,3,0.1607142857142857,0.5357142857142857,0.7857142857142857,0.9107142857142857
2022,28003,3,0,0,0.125,0.625
2022,28003,4,0.2777777777777778,0.7222222222222222,0.8888888888888888,0.9444444444444444
2022,28004,3,0,0.125,0.625,1
2022,28004,4,0.3333333333333334,0.8333333333333334,1,1
2022,28005,4,0.0423728813559322,0.2457627118644068,0.5,0.7966101694915254
2022,28006,3,0.3333333333333334,0.6666666666666667,0.8333333333333334,1
2022,28006,4,0.09999999999999998,0.3,0.65,0.9500000000000001
2022,28007,3,0.04999999999999999,0.55,1,1
2022,28007,4,0.05357142857142855,0.25,0.4642857142857143,0.7678571428571428
2022,28007,5,0,0.06666666666666665,0.2666666666666667,0.7
2022,28008,4,0,0.25,0.5,0.75
2022,28018,2,0.01219512195121952,0.5121951219512195,1,1
2022,28032,3,0,0.5,1,1
2022,28042,2,0.08823529411764708,0.5882352941176471,1,1
2022,28056,3,0.2857142857142857,0.7857142857142857,1,1
2022,28062,3,0.06140350877192985,0.3333333333333334,0.6973684210526316,0.9254385964912281
2022,28068,3,0.08172231985940248,0.3998242530755712,0.7442882249560634,0.9261862917398946
2022,28069,3,0.08333333333333331,0.4068627450980392,0.7598039215686274,0.9362745098039216
2022,28070,3,0.07024793388429751,0.359504132231405,0.7169421487603307,0.9276859504132232
2022,28077,2,0,0.5,1,1
2022,28098,3,0.08540372670807456,0.4301242236024845,0.7639751552795031,0.9192546583850931
2022,28098,4,0.05122732123799362,0.3604589114194237,0.7027748132337246,0.8935432230522946
2022,28099,2,0.0646551724137931,0.3965517241379311,0.7543103448275863,0.9224137931034483
2022,28099,3,0.1187080536912752,0.4756711409395973,0.790268456375839,0.9333053691275167
2022,28100,3,0.05113636363636365,0.3806818181818182,0.7556818181818182,0.9261363636363636
2022,28100,4,0.07232968881412954,0.415475189234651,0.755677039529016,0.9125315391084946
2022,28101,3,0,0.5,1,1
2022,28101,4,0.1235632183908046,0.5660919540229885,0.9022988505747127,0.9597701149425287
2022,28102,3,0.1944444444444444,0.5648148148148148,0.8148148148148148,0.9444444444444444
2022,28102,4,0.07211538461538464,0.3221153846153846,0.6201923076923077,0.8701923076923077
2022,28103,2,0.09756097560975607,0.3963414634146341,0.6890243902439024,0.8902439024390244
2022,28103,3,0.1410472972972973,0.4771959459459459,0.7576013513513514,0.9214527027027027
2022,28104,2,0.169811320754717,0.4339622641509434,0.6415094339622641,0.8773584905660378
2022,28104,3,0.1063432835820896,0.4384328358208955,0.7667910447761195,0.9347014925373136
2022,28106,1,0.05421686746987953,0.5542168674698795,1,1
2022,28107,2,0.1383928571428572,0.6383928571428572,1,1
2022,28121,3,0.07142857142857145,0.5714285714285714,1,1
2022,28126,3,0.04640718562874252,0.5464071856287425,1,1
2022,28146,1,0.02380952380952384,0.5238095238095238,1,1
2022,28146,2,0,0.5,1,1
2022,28226,1,0,0.5,1,1
2022,28228,1,0,0.5,1,1
2022,28302,3,0.02352941176470591,0.5235294117647059,1,1
2022,28392,1,0,0.5,1,1
2022,28392,2,0.001272264631043241,0.5012722646310432,1,1
2022,28393,1,0,0.5,1,1
2022,28393,2,0,0.5,1,1
2022,28394,1,0,0.5,1,1
2022,28394,2,0.004237288135593209,0.5042372881355932,1,1
2022,28395,2,0,0.5,1,1
2022,28396,2,0,0.5,1,1
2022,28401,2,0,0.5,1,1
2022,28403,2,0,0.5,1,1
2022,28404,2,0,0.5,1,1
2022,28405,2,0,0.5,1,1
2022,28407,1,0,0.5,1,1
2022,28407,2,0,0.5,1,1
2022,28408,2,0,0.5,1,1
2022,28438,2,0,0.5,1,1
2022,28492,1,0,0.5,1,1
2022,28497,2,0,0.5,1,1
2022,28500,2,0,0.5,1,1
2022,28501,2,0,0.5,1,1
2022,28502,2,0,0.5,1,1
2022,28510,2,0.3026315789473684,0.8026315789473684,1,1
2022,28511,1,0.02173913043478259,0.5217391304347826,1,1
2022,28511,2,0.09999999999999998,0.6,1,1
2022,28516,1,0.04081632653061224,0.5408163265306123,1,1
2022,28516,2,0.07017543859649122,0.5701754385964912,1,1
2022,28520,2,0,0.5,1,1
2022,28521,1,0,0.5,1,1
2022,28521,2,0,0.5,1,1
2022,28521,3,0,0.5,1,1
2022,28522,1,0.009433962264150941,0.5094339622641509,1,1
2022,28523,1,0,0.5,1,1
2022,28523,2,0,0.5,1,1
2022,28523,3,0,0.5,1,1
2022,28524,1,0,0.5,1,1
2022,28524,2,0,0.5,1,1
2022,28524,3,0,0.5,1,1
2022,28528,1,0,0.5,1,1
2022,28530,1,0,0.5,1,1
2022,28535,1,0.02380952380952384,0.5238095238095238,1,1
2022,28535,2,0.03448275862068967,0.5344827586206897,1,1
2022,28536,1,0,0.5,1,1
2022,28536,2,0,0.5,1,1
2022,28542,1,0,0.5,1,1
2022,28542,2,0,0.5,1,1
2022,28542,3,0,0.5,1,1
2022,28543,1,0,0.5,1,1
2022,28543,2,0,0.5,1,1
2022,28543,3,0.0625,0.5625,1,1
2022,28544,1,0,0.5,1,1
2022,28546,1,0,0.5,1,1
2022,28549,1,0,0.5,1,1
2022,28557,1,0,0.5,1,1
2022,28557,3,0,0.5,1,1
2022,28563,1,0,0.5,1,1
2022,28619,1,0,0.5,1,1
2022,28619,3,0,0.5,1,1
2022,28624,1,0,0.5,1,1
2022,28624,2,0,0.5,1,1
2022,28630,1,0,0.5,1,1
2022,28630,2,0,0.5,1,1
2022,28634,2,0,0.5,1,1
2022,28644,2,0,0.5,1,1
2022,28644,3,0,0.5,1,1
2022,28650,1,0,0.5,1,1
2022,28650,2,0,0.5,1,1
2022,28650,3,0,0.5,1,1
2022,28715,2,0,0.5,1,1
2022,28734,1,0,0.5,1,1
2022,28737,2,0,0.5,1,1
2022,28738,1,0,0.5,1,1
2022,28779,2,0,0.5,1,1
2022,28837,1,0,0.5,1,1
2022,28843,1,0.02898550724637683,0.5289855072463768,1,1
2022,28844,1,0,0.5,1,1
2022,28845,1,0,0.5,1,1
2022,28845,2,0,0.5,1,1
2022,28848,1,0,0.5,1,1
2022,28896,1,0,0.5,1,1
2022,28920,1,0,0.5,1,1
2022,28920,2,0,0.5,1,1
2022,28921,1,0,0.5,1,1
2022,28921,2,0,0.5,1,1
2022,28922,1,0,0.5,1,1
2022,28922,2,0,0.5,1,1
2022,28923,1,0,0.5,1,1
2022,28923,2,0,0.5,1,1
2022,28924,1,0,0.5,1,1
2022,28924,2,0.009259259259259245,0.5092592592592593,1,1
2022,28931,1,0,0.5,1,1
2022,28931,2,0,0.5,1,1
2022,28937,2,0,0.5,1,1
2022,28938,2,0,0.5,1,1
2022,28939,2,0,0.5,1,1
2022,28940,2,0,0.5,1,1
2022,28941,2,0,0.5,1,1
2022,28946,2,0.02006172839506171,0.5200617283950617,1,1
2022,28971,1,0,0.5,1,1
2022,28971,2,0.02884615384615386,0.5288461538461539,1,1
2022,28974,2,0,0.5,1,1
2022,28975,1,0,0.5,1,1
2022,28975,2,0.1071428571428572,0.6071428571428572,1,1
2022,28976,1,0,0.5,1,1
2022,28977,2,0,0.5,1,1
2022,28978,2,0,0.5,1,1
2022,29024,1,0,0.5,1,1
2022,29024,2,0,0.5,1,1
2022,29025,1,0.2,0.7,1,1
2022,29026,1,0.05555555555555558,0.5555555555555556,1,1
2022,29027,1,0.1538461538461539,0.6538461538461539,1,1
2022,29061,1,0,0.5,1,1
2022,29069,1,0,0.5,1,1
2022,29071,1,0,0.5,1,1
2022,29077,1,0,0.5,1,1
2022,29078,1,0,0.5,1,1
2022,29079,1,0,0.5,1,1
2022,29080,1,0.04347826086956524,0.5434782608695652,1,1
2022,29081,1,0.09999999999999998,0.6,1,1
2022,29082,1,0,0.5,1,1
2022,29089,2,0,0.5,1,1
2022,29148,2,0,0.5,1,1
2022,29149,2,0,0.5,1,1
2022,29151,2,0,0.5,1,1
2022,29172,2,0,0.5,1,1
2022,29172,3,0,0.5,1,1
2022,29173,1,0,0.5,1,1
2022,29173,2,0,0.5,1,1
2022,29174,2,0,0.5,1,1
2022,29174,3,0,0.5,1,1
2022,29175,2,0,0.5,1,1
2022,29237,2,0,0.5,1,1
2022,29239,1,0,0.5,1,1
2022,29240,1,0.1666666666666667,0.6666666666666667,1,1
2022,29241,1,0.2,0.7,1,1
2022,29242,1,0,0.5,1,1
2022,29244,1,0.09999999999999998,0.6,1,1
2022,29245,1,0.05555555555555558,0.5555555555555556,1,1
2022,29246,1,0,0.5,1,1
2022,29248,1,0.05555555555555558,0.5555555555555556,1,1
2022,29252,1,0.1666666666666667,0.6666666666666667,1,1
2022,29297,1,0,0.5,1,1
2022,29297,2,0,0.5,1,1
2022,29315,2,0,0.5,1,1
2022,29317,2,0.1481481481481481,0.6481481481481481,1,1
2022,29320,2,0,0.5,1,1
2022,29321,1,0,0.5,1,1
2022,29321,2,0,0.5,1,1
2022,29321,3,0,0.5,1,1
2022,29322,1,0,0.5,1,1
2022,29322,2,0,0.5,1,1
2022,29322,3,0,0.5,1,1
2022,29323,1,0,0.5,1,1
2022,29323,3,0,0.5,1,1
2022,29324,1,0,0.5,1,1
2022,29324,3,0,0.5,1,1
2022,29335,1,0.1739130434782609,0.6739130434782609,1,1
2022,29335,2,0.007633587786259555,0.5076335877862596,1,1
2022,29336,1,0.05633802816901407,0.556338028169014,1,1
2022,29336,2,0.004385964912280715,0.5043859649122807,1,1
2022,29337,1,0.5,1,1,1
2022,29338,1,0,0.5,1,1
2022,29338,2,0.02836879432624112,0.5283687943262412,1,1
2022,29384,1,0,0.5,1,1
2022,29386,1,0,0.5,1,1
2022,29388,1,0,0.5,1,1
2022,29399,1,0,0.5,1,1
2022,29414,1,0,0.5,1,1
2022,29465,1,0.005263157894736859,0.5052631578947369,1,1
2022,29466,1,0,0.5,1,1
2022,29467,1,0,0.5,1,1
2022,29468,2,0,0.5,1,1
2022,29470,1,0,0.5,1,1
2022,29470,2,0.005000000000000004,0.505,1,1
2022,29471,1,0,0.5,1,1
2022,29472,1,0.02857142857142858,0.5285714285714286,1,1
2022,29473,1,0,0.5,1,1
2022,29473,2,0,0.5,1,1
2022,29474,1,0,0.5,1,1
2022,29475,1,0,0.5,1,1
2022,29476,1,0,0.5,1,1
2022,29476,2,0,0.5,1,1
2022,29477,1,0,0.5,1,1
2022,29477,2,0,0.5,1,1
2022,29479,1,0,0.5,1,1
2022,29480,2,0,0.5,1,1
2022,29481,1,0,0.5,1,1
2022,29482,1,0,0.5,1,1
2022,29483,1,0,0.5,1,1
2022,29484,1,0,0.5,1,1
2022,29487,2,0,0.5,1,1
2022,29488,2,0,0.5,1,1
2022,29489,2,0,0.5,1,1
2022,29490,2,0,0.5,1,1
2022,29538,2,0,0.5,1,1
2022,29555,3,0,0.5,1,1
2022,29555,4,0,0.5,1,1
2022,29557,1,0.03999999999999998,0.54,1,1
2022,29561,1,0,0.5,1,1
2022,29574,1,0,0.5,1,1
2022,29575,1,0,0.5,1,1
2022,29576,1,0.007117437722419906,0.5071174377224199,1,1
2022,29578,1,0.004672897196261683,0.5046728971962617,1,1
2022,29582,2,0,0.5,1,1
2022,29584,2,0,0.5,1,1
2022,29584,3,0,0.5,1,1
2022,29586,3,0,0.5,1,1
2022,29590,1,0.04255319148936171,0.5425531914893618,1,1
2022,29597,1,0,0.5,1,1
2022,29600,1,0,0.5,1,1
2022,29652,1,0.04545454545454547,0.5454545454545454,1,1
2022,29653,1,0,0.5,1,1
2022,29677,1,0.05821371610845294,0.5582137161084529,1,1
2022,29677,2,0.04999999999999999,0.55,1,1
2022,29678,1,0.1029539530842745,0.6029539530842745,1,1
2022,29678,2,0.1428571428571429,0.6428571428571428,1,1
2022,29679,1,0.1195014662756598,0.6195014662756598,1,1
2022,29679,2,0.2631578947368422,0.7631578947368421,1,1
2022,29680,1,0.06156156156156156,0.5615615615615616,1,1
2022,29680,2,0.03333333333333333,0.5333333333333333,1,1
2022,29681,1,0.09694555112881809,0.5969455511288181,1,1
2022,29681,2,0.1571428571428571,0.6571428571428571,1,1
2022,29682,1,0.09999999999999998,0.6,1,1
2022,29682,2,0.1621621621621622,0.6621621621621622,1,1
2022,29683,1,0.1076923076923077,0.6076923076923078,1,1
2022,29683,2,0,0.5,1,1
2022,29684,1,0.1196711327649208,0.6196711327649208,1,1
2022,29684,2,0.03703703703703704,0.537037037037037,1,1
2022,29704,2,0.05555555555555558,0.388888888888889,0.8333333333333334,1
2022,29705,2,0,0.4285714285714286,0.8571428571428572,0.9285714285714286
2022,29706,2,0.09090909090909088,0.25,0.4772727272727273,0.8181818181818181
2022,29707,2,0.2037037037037037,0.5555555555555556,0.8148148148148149,0.962962962962963
2022,29708,2,0.2115384615384616,0.576923076923077,0.826923076923077,0.9615384615384616
2022,29709,1,0,0.5,1,1
2022,29763,1,0.5,1,1,1
2022,29785,1,0.125,0.625,1,1
2022,29785,2,0.3,0.8,1,1
2022,29786,1,0.09523809523809523,0.5952380952380952,1,1
2022,29786,2,0.2321428571428572,0.7321428571428572,1,1
2022,29787,1,0.1676646706586826,0.6676646706586826,1,1
2022,29787,2,0,0.5,1,1
2022,29788,1,0.2173913043478261,0.7173913043478262,1,1
2022,29788,2,0.2,0.7,1,1
2022,29789,1,0.09722222222222221,0.5972222222222222,1,1
2022,29789,2,0.2096774193548387,0.7096774193548387,1,1
2022,29790,1,0.03260869565217389,0.5326086956521738,1,1
2022,29790,2,0.0108695652173913,0.5108695652173914,1,1
2022,29791,1,0.0874125874125874,0.5874125874125874,1,1
2022,29791,2,0.006172839506172867,0.5061728395061729,1,1
2022,29792,1,0.1856287425149701,0.6856287425149701,1,1
2022,29792,2,0,0.5,1,1
2022,29793,1,0.01417004048582998,0.51417004048583,1,1
2022,29793,2,0.006849315068493178,0.5068493150684932,1,1
2022,29794,1,0.078125,0.578125,1,1
2022,29794,2,0.01515151515151514,0.5151515151515151,1,1
2022,29795,1,0.1875,0.6875,1,1
2022,29795,2,0.03999999999999998,0.54,1,1
2022,29796,1,0.005617977528089901,0.5056179775280899,1,1
2022,29796,2,0.03636363636363638,0.5363636363636364,1,1
2022,29797,1,0.1333333333333334,0.6333333333333333,1,1
2022,29797,2,0.1875,0.6875,1,1
2022,29798,1,0,0.5,1,1
2022,29827,1,0,0.5,1,1
2022,29827,2,0,0.5,1,1
2022,29829,1,0,0.5,1,1
2022,29829,2,0.01219512195121952,0.5121951219512195,1,1
2022,29832,1,0,0.5,1,1
2022,29838,2,0,0.5,1,1
2022,29838,3,0.1428571428571429,0.6428571428571428,1,1
2022,29841,2,0,0.5,1,1
2022,29847,1,0,0.5,1,1
2022,29847,2,0,0.5,1,1
2022,29848,1,0,0.5,1,1
2022,29848,2,0,0.5,1,1
2022,29849,1,0,0.5,1,1
2022,29849,2,0,0.5,1,1
2022,29850,1,0,0.5,1,1
2022,29850,2,0,0.5,1,1
2022,29851,1,0,0.5,1,1
2022,29863,1,0.05405405405405406,0.5540540540540541,1,1
2022,29863,2,0,0.5,1,1
2022,29864,1,0.0222222222222222,0.5222222222222221,1,1
2022,29864,2,0.02380952380952384,0.5238095238095238,1,1
2022,29865,1,0.08530805687203791,0.5853080568720379,1,1
2022,29865,2,0.01315789473684209,0.513157894736842,1,1
2022,29866,1,0.02760736196319019,0.5276073619631902,1,1
2022,29866,2,0.05882352941176472,0.5588235294117647,1,1
2022,29867,1,0.05128205128205127,0.5512820512820513,1,1
2022,29867,2,0.05128205128205127,0.5512820512820513,1,1
2022,29868,1,0.06451612903225806,0.564516129032258,1,1
2022,29868,2,0,0.5,1,1
2022,29869,1,0.03804347826086957,0.5380434782608696,1,1
2022,29869,2,0,0.5,1,1
2022,29870,1,0.03846153846153844,0.5384615384615384,1,1
2022,29870,2,0,0.5,1,1
2022,29871,1,0.07500000000000001,0.575,1,1
2022,29871,2,0,0.5,1,1
2022,29928,1,0,0.5,1,1
2022,29928,2,0,0.5,1,1
2022,30044,2,0,0.5,1,1
2022,30046,1,0,0.5,1,1
2022,30047,2,0,0.5,1,1
2022,30072,2,0,0.5,1,1
2022,30077,1,0,0.5,1,1
2022,30122,1,0,0.5,1,1
2022,30122,2,0,0.5,1,1
2022,30123,1,0,0.5,1,1
2022,30123,2,0,0.5,1,1
2022,30124,1,0,0.5,1,1
2022,30124,2,0,0.5,1,1
2022,30125,1,0,0.5,1,1
2022,30125,2,0,0.5,1,1
2022,30128,3,0,0.5,1,1
2022,30129,3,0,0.5,1,1
2022,30136,3,0,0.5,1,1
2022,30159,1,0,0.5,1,1
2022,30162,1,0,0.5,1,1
2022,30223,1,0,0.5,1,1
2022,30244,2,0,0,0,0.5
2022,30244,3,0.125,0.625,1,1
2022,30245,1,0.1929824561403509,0.5789473684210527,0.8245614035087718,0.9385964912280701
2022,30245,2,0.15,0.375,0.6499999999999999,0.9249999999999999
2022,30246,1,0,0.375,0.875,1
2022,30246,2,0,0.5,1,1
2022,30250,1,0,0.5,1,1
2022,30263,2,0.04166666666666669,0.5416666666666667,1,1
2022,30264,1,0,0.5,1,1
2022,30264,2,0,0.5,1,1
2022,30265,1,0,0.5,1,1
2022,30265,2,0.001512096774193561,0.5015120967741935,1,1
2022,30266,1,0,0.5,1,1
2022,30266,2,0,0.5,1,1
2022,30279,1,0,0.5,1,1
2022,30280,1,0,0.5,1,1
2022,30434,1,0.04336734693877553,0.5433673469387755,1,1
2022,30435,1,0.009345794392523366,0.5093457943925234,1,1
2022,30436,1,0.007936507936507964,0.5079365079365079,1,1
2022,30437,1,0.01111111111111113,0.5111111111111111,1,1
2022,30438,1,0.06521739130434784,0.5652173913043479,1,1
2022,30441,1,0,0.5,1,1
2022,30441,2,0.125,0.625,1,1
2022,30446,1,0,0.5,1,1
2022,30447,1,0.1153846153846154,0.6153846153846154,1,1
2022,30447,2,0.113905325443787,0.613905325443787,1,1
2022,30448,1,0.0892857142857143,0.5892857142857143,1,1
2022,30472,1,0,0.5,1,1
2022,30477,1,0.03022974607013301,0.5302297460701331,1,1
2022,30479,1,0.08947368421052632,0.5894736842105264,1,1
2022,30480,1,0.07035175879396988,0.5703517587939699,1,1
2022,30507,1,0.2876712328767124,0.7876712328767124,1,1
2022,30508,1,0.1785714285714286,0.6785714285714286,1,1
2022,30508,2,0.4285714285714286,0.9285714285714286,1,1
2022,30509,1,0.1461187214611872,0.6461187214611872,1,1
2022,30509,2,0.01020408163265307,0.5102040816326531,1,1
2022,30510,1,0.1585365853658536,0.6585365853658536,1,1
2022,30510,2,0.25,0.75,1,1
2022,30511,1,0.1111111111111111,0.6111111111111112,1,1
2022,30511,2,0,0.5,1,1
2022,30515,1,0,0.5,1,1
2022,30516,1,0.06451612903225806,0.564516129032258,1,1
2022,30517,1,0.02941176470588236,0.5294117647058824,1,1
2022,30517,2,0.02631578947368424,0.5263157894736843,1,1
2022,30518,1,0.04651162790697677,0.5465116279069768,1,1
2022,30519,1,0.1538461538461539,0.6538461538461539,1,1
2022,30523,2,0,0.5,1,1
2022,30532,1,0,0.5,1,1
2022,30533,1,0,0.5,1,1
2022,30534,1,0,0.5,1,1
2022,30540,1,0.1574074074074074,0.6574074074074074,1,1
2022,30540,2,0.0172018348623853,0.5172018348623852,1,1
2022,30541,2,0,0.5,1,1
2022,30541,3,0.01182033096926716,0.5118203309692672,1,1
2022,30556,1,0.02072538860103629,0.5207253886010363,1,1
2022,30558,1,0.02439024390243905,0.524390243902439,1,1
2022,30559,1,0,0.5,1,1
2022,30560,1,0.08333333333333331,0.5833333333333333,1,1
2022,30561,1,0.03883495145631066,0.5388349514563107,1,1
2022,30562,1,0,0.5,1,1
2022,30563,1,0.02500000000000002,0.525,1,1
2022,30564,1,0.03999999999999998,0.54,1,1
2022,30565,1,0,0.5,1,1
2022,30566,1,0.06818181818181818,0.5681818181818181,1,1
2022,30567,1,0,0.5,1,1
2022,30568,1,0.02415458937198067,0.5241545893719807,1,1
2022,30569,1,0,0.5,1,1
2022,30570,1,0.02536231884057971,0.5253623188405797,1,1
2022,30571,1,0.01724137931034481,0.5172413793103448,1,1
2022,30573,1,0,0.5,1,1
2022,30574,1,0.0625,0.5625,1,1
2022,30596,1,0.04761904761904762,0.5476190476190477,1,1
2022,30596,2,0,0.5,1,1
2022,30616,1,0,0.5,1,1
2022,30626,1,0,0.5,1,1
2022,30628,1,0,0.5,1,1
2022,30636,1,0.1168032786885246,0.6168032786885246,1,1
2022,30665,1,0,0.5,1,1
2022,30784,1,0,0.5,1,1
2022,30785,1,0,0.5,1,1
2022,30788,1,0,0.5,1,1
2022,30788,2,0,0.5,1,1
2022,30789,1,0,0.5,1,1
2022,30790,1,0,0.5,1,1
2022,30790,2,0,0.5,1,1
2022,30792,1,0,0.5,1,1
2022,30795,1,0,0.5,1,1
2022,30798,1,0,0.5,1,1
2022,30798,2,0.01449275362318842,0.5144927536231885,1,1
2022,30799,1,0,0.5,1,1
2022,30818,1,0,0.5,1,1
2022,30818,2,0,0.5,1,1
2022,30843,1,0,0.5,1,1
2022,30843,2,0,0.5,1,1
2022,30880,1,0,0.5,1,1
2022,30885,1,0,0.5,1,1
2022,30889,1,0,0.5,1,1
2022,30890,1,0.04347826086956524,0.5434782608695652,1,1
2022,30891,1,0,0.5,1,1
2022,30906,1,0.07032967032967036,0.5703296703296703,1,1
2022,30911,1,0.06398809523809523,0.5639880952380952,1,1
2022,30916,1,0.02459016393442626,0.5245901639344263,1,1
2022,30916,2,0.08333333333333331,0.5833333333333333,1,1
2022,30932,1,0.04629629629629628,0.5462962962962963,1,1
2022,30933,1,0.1114836546521374,0.6114836546521374,1,1
2022,30935,1,0.1574367088607595,0.6574367088607596,1,1
2022,30936,1,0.125,0.625,1,1
2022,30981,1,0,0.5,1,1
2022,30982,1,0.04308797127468583,0.1867145421903052,0.4631956912028725,0.8195691202872532
2022,30986,1,0.125,0.625,1,1
2022,30987,1,0.05120481927710846,0.5512048192771084,1,1
2022,30989,1,0.1111111111111111,0.6111111111111112,1,1
2022,30990,1,0.07708333333333334,0.2208333333333333,0.40625,0.7625
2022,30996,1,0.1875,0.6875,1,1
2022,30997,1,0.05901426718547342,0.3858625162127108,0.72568093385214,0.8988326848249028
2022,31003,1,0.05063291139240506,0.5506329113924051,1,1
2022,31004,1,0.0328767123287671,0.3328767123287671,0.6767123287671233,0.8767123287671232
2022,31007,1,0,0.5,1,1
2022,31008,1,0.1461187214611872,0.6461187214611872,1,1
2022,31015,1,0.08333333333333331,0.5833333333333333,1,1
2022,31016,1,0,0.2538461538461538,0.6153846153846154,0.8615384615384616
2022,31021,1,0.0357142857142857,0.5357142857142857,1,1
2022,31027,1,0.1214953271028038,0.4532710280373832,0.7815420560747663,0.9497663551401869
2022,31033,1,0.05769230769230771,0.5576923076923077,1,1
2022,31044,1,0.0161290322580645,0.5161290322580645,1,1
2022,31057,1,0,0.5,1,1
2022,31070,2,0.0821917808219178,0.5821917808219178,1,1
2022,31070,3,0.06097560975609756,0.5609756097560976,1,1
2022,31071,2,0,0.5,1,1
2022,31071,3,0.0911949685534591,0.5911949685534591,1,1
2022,31073,1,0,0.5,1,1
2022,31074,1,0,0.5,1,1
2022,31076,1,0,0.5,1,1
2022,31077,1,0,0.5,1,1
2022,31078,1,0,0.5,1,1
2022,31079,1,0.08333333333333331,0.5833333333333333,1,1
2022,31080,1,0,0.5,1,1
2022,31081,1,0.1666666666666667,0.6666666666666667,1,1
2022,31120,1,0,0,0,0.5
2022,31120,2,0,0,0,0.5
2022,31138,1,0,0.5,1,1
2022,31139,1,0,0.5,1,1
2022,31140,1,0.25,0.75,1,1
2022,31161,2,0,0.5,1,1
2022,31184,1,0,0.5,1,1
2022,31186,1,0,0.5,1,1
2022,31187,1,0,0.5,1,1
2022,31193,1,0.5,1,1,1
2022,31194,1,0,0.5,1,1
2022,31221,1,0,0.5,1,1
2022,31223,1,0,0.5,1,1
2022,31224,1,0,0.5,1,1
2022,31288,1,0.01245551601423489,0.5124555160142349,1,1
2022,31292,1,0,0.5,1,1
2022,31384,1,0.04285714285714287,0.5428571428571429,1,1
2022,31386,1,0.2058823529411765,0.7058823529411764,1,1
2022,31387,1,0.275,0.775,1,1
2022,31388,1,0.09999999999999998,0.6,1,1
2022,31438,1,0,0.5,1,1
2022,31439,1,0,0.5,1,1
2022,31446,1,0,0.5,1,1
2022,31446,2,0,0.5,1,1
2022,31448,1,0,0.5,1,1
2022,31500,1,0,0.5,1,1
2022,31500,2,0,0.5,1,1
2022,31501,1,0.09999999999999998,0.6,1,1
2022,31501,2,0.1666666666666667,0.6666666666666667,1,1
2022,31502,1,0.09999999999999998,0.6,1,1
2022,31502,2,0.125,0.625,1,1
2022,31503,1,0.09999999999999998,0.6,1,1
2022,31504,1,0,0.5,1,1
2022,31504,2,0.01282051282051283,0.5128205128205128,1,1
2022,31508,1,0.006040268456375841,0.5060402684563758,1,1
2022,31534,1,0.08333333333333331,0.5833333333333333,1,1
2022,31535,1,0.1470588235294117,0.6470588235294117,1,1
2022,31537,1,0.09649122807017546,0.5964912280701755,1,1
2022,31538,1,0.05263157894736842,0.5526315789473684,1,1
2022,31542,1,0,0.5,1,1
2022,31543,1,0,0.5,1,1
2022,31544,1,0,0.5,1,1
2022,31579,1,0,0.5,1,1
2022,31604,1,0,0.5,1,1
2022,31614,2,0.06060606060606061,0.5606060606060606,1,1
2022,31615,2,0,0.5,1,1
2022,31616,2,0.07500000000000001,0.575,1,1
2022,31617,2,0,0.5,1,1
2022,31622,2,0.02380952380952384,0.5238095238095238,1,1
2022,31623,2,0,0.5,1,1
2022,31624,2,0,0.5,1,1
2022,31625,2,0.02500000000000002,0.525,1,1
2022,31630,2,0.125,0.625,1,1
2022,31631,1,0.03999999999999998,0.54,1,1
2022,31632,2,0.04761904761904762,0.5476190476190477,1,1
2022,31633,2,0,0.5,1,1
2022,31638,2,0.05357142857142855,0.5535714285714286,1,1
2022,31639,2,0,0.5,1,1
2022,31640,2,0,0.5,1,1
2022,31641,1,0,0.5,1,1
2022,31664,2,0,0.5,1,1
2022,31665,1,0,0.5,1,1
2022,31675,1,0.06467661691542287,0.5646766169154229,1,1
2022,31677,1,0.1208333333333334,0.6208333333333333,1,1
2022,31678,1,0.1412213740458015,0.6412213740458015,1,1
2022,31679,1,0,0.5,1,1
2022,31680,1,0,0.5,1,1
2022,31681,1,0,0.5,1,1
2022,31832,1,0,0.5,1,1
2022,31833,1,0,0.5,1,1
2022,31942,1,0,0.5,1,1
2022,31946,1,0,0.5,1,1
2022,31953,1,0,0.5,1,1
2022,31955,1,0,0.5,1,1
2022,31958,1,0,0.5,1,1
2022,31958,2,0,0.5,1,1
2022,31959,3,0,0.5,1,1
2022,31960,3,0,0.5,1,1
2022,32003,1,0.1428571428571429,0.6428571428571428,1,1
2022,32052,1,0.09523809523809523,0.5952380952380952,1,1
2022,32054,1,0.1129807692307692,0.6129807692307692,1,1
2022,32056,1,0.08146067415730335,0.5814606741573034,1,1
2022,32158,1,0,0.5,1,1
2022,32181,1,0.0625,0.4140625,0.80078125,0.94921875
2022,32182,1,0.01724137931034481,0.3620689655172413,0.8275862068965516,0.9827586206896551
2022,32183,1,0.03125,0.4479166666666667,0.90625,0.9895833333333334
2022,32184,1,0.02325581395348836,0.3837209302325582,0.8488372093023256,0.9883720930232559
2022,32185,1,0.04999999999999999,0.37,0.755,0.935
2022,32202,1,0,0.5,1,1
2022,32202,2,0,0.5,1,1
2022,32304,1,0.07661290322580644,0.2459677419354839,0.4556451612903226,0.7862903225806451
2022,32305,1,0.04587155963302753,0.1651376146788991,0.3165137614678899,0.6972477064220184
2022,32360,1,0.03333333333333333,0.2,0.4,0.7333333333333334
2022,32366,1,0.147887323943662,0.4366197183098592,0.6619718309859155,0.8732394366197183
2022,32367,1,0.04999999999999999,0.25,0.6,0.9
2022,32368,1,0.1578947368421053,0.4210526315789474,0.6447368421052633,0.8815789473684211
2022,32369,1,0.04347826086956524,0.2391304347826087,0.5217391304347826,0.8260869565217391
2022,32370,1,0.107843137254902,0.3627450980392157,0.5980392156862745,0.8431372549019608
2022,32371,1,0.0735294117647059,0.3088235294117647,0.6176470588235294,0.8823529411764706
2022,32372,1,0.06944444444444442,0.3472222222222222,0.625,0.8472222222222222
2022,32373,1,0.2058823529411765,0.5,0.6764705882352942,0.8823529411764706
2022,32374,1,0.1571428571428571,0.4428571428571428,0.6142857142857142,0.8285714285714285
2022,32375,1,0.1621621621621622,0.4054054054054054,0.5135135135135135,0.7702702702702703
2022,32378,1,0,0,0.125,0.625
2022,32379,1,0,0,0.09999999999999998,0.6
2022,32380,1,0.11,0.31,0.42,0.72
2022,32386,1,0,0.5,1,1
2022,32418,1,0,0.5,1,1
2022,32443,1,0.01874999999999999,0.51875,1,1
2022,32462,1,0.01010101010101011,0.5101010101010102,1,1
2022,32468,1,0,0.5,1,1
2022,32478,1,0,0.5,1,1
2022,32483,1,0,0.5,1,1
2022,32500,1,0,0.5,1,1
2022,32503,1,0,0.5,1,1
2022,32836,1,0.06603773584905659,0.5660377358490566,1,1
2022,32841,1,0.0562130177514793,0.5562130177514792,1,1
2022,32844,1,0.0625,0.5625,1,1
2022,32845,1,0.04901960784313725,0.5490196078431373,1,1
2022,32849,1,0.04285714285714287,0.5428571428571429,1,1
2022,32850,1,0.01010101010101011,0.5101010101010102,1,1
2022,32853,1,0.1521739130434783,0.6521739130434783,1,1
2022,32854,1,0,0.5,1,1
2022,32876,1,0.109375,0.609375,1,1
2022,32955,1,0,0.06083086053412462,0.2054896142433235,0.6446587537091988
2022,32969,1,0,0,0.2,0.7
2022,32971,1,0,0.03333333333333333,0.2,0.6666666666666667
2022,32972,1,0,0.07142857142857145,0.3571428571428572,0.7857142857142857
2022,32973,1,0,0.04545454545454547,0.3181818181818182,0.7727272727272727
2022,32974,1,0,0.02631578947368424,0.1842105263157895,0.6578947368421053
2022,90728,3,0,0.5,1,1
2022,90825,3,0.07893009517558253,0.304725959960617,0.5676074827699376,0.8418116179849031
2022,90826,2,0,0.5,1,1
2022,90826,3,0.0749174138744691,0.2910571024067957,0.5514393581878244,0.8352996696554978
2022,90827,2,0,0,0,0.5
2022,90827,3,0.09157401989467523,0.308806319485079,0.5567583382094792,0.8395260386190755
2022,90828,2,0,0.5,1,1
2022,90828,3,0.08528037383177572,0.3703271028037384,0.6705607476635513,0.8855140186915887
2022,90831,3,0.0980392156862745,0.3235294117647058,0.5588235294117647,0.8333333333333334
2022,90832,2,0,0.5,1,1
2022,90832,3,0.09606986899563319,0.368995633187773,0.665938864628821,0.8930131004366813
2022,91379,2,0.1973150962512665,0.5691489361702128,0.8285207700101317,0.9566869300911854
2022,91380,2,0.1784776902887139,0.5557742782152231,0.8293963254593176,0.9520997375328084
2022,91381,2,0.1307884856070088,0.5,0.827909887359199,0.9586983729662079
2022,91382,1,0.03488372093023257,0.2441860465116279,0.5,0.7906976744186046
2022,91382,2,0.06195697145221346,0.287029375258585,0.5823334712453455,0.8572610674389739
2022,91383,2,0.08967391304347827,0.34375,0.625,0.8709239130434783
2022,91384,1,0.02380952380952384,0.2976190476190477,0.6190476190476191,0.8452380952380952
2022,91384,2,0.05911330049261082,0.2870106300233342,0.5817993259009593,0.8539019963702359
2022,91385,2,0.1132075471698113,0.3746630727762803,0.6388140161725068,0.8773584905660378
2022,91387,2,0.05100714749837559,0.2446393762183236,0.5224171539961013,0.8287849252761533
2022,91388,1,0.125,0.375,0.75,1
2022,91388,2,0.02509492168960609,0.159468438538206,0.4077479829140959,0.773374466065496
2022,91389,1,0,0,0.3333333333333334,0.8333333333333334
2022,91389,2,0.06006413418845585,0.2842871238283177,0.5726443019240257,0.8484213122841637
2022,91390,2,0.1011937059142702,0.4070130222463375,0.7416576234400434,0.9358383071079761
2022,91391,2,0.1213749746501724,0.4051916446968161,0.7166903265057798,0.932873656459136
2022,91392,2,0.13536866359447,0.4285714285714286,0.7151497695852534,0.9219470046082949
2022,91393,2,0.04153448478439664,0.180413582422747,0.3909058864998238,0.7520267888614733
2022,91394,2,0.0822637106184364,0.352975495915986,0.704784130688448,0.9340723453908985
2022,91395,2,0.1013215859030837,0.407488986784141,0.7427312775330397,0.9365638766519824
2022,91396,2,0.1108870967741936,0.3891129032258065,0.7132056451612903,0.9349798387096774
2022,91397,1,0.3333333333333334,0.6666666666666667,0.8333333333333334,1
2022,91397,2,0.08086522462562395,0.2820299500831947,0.5267886855241264,0.8256239600665558
2022,91398,1,0.07142857142857145,0.3035714285714286,0.6071428571428572,0.875
2022,91398,2,0.09275558564658093,0.3085646580907245,0.550778605280975,0.8349695328368314
2022,91399,2,0.1212669683257919,0.4377828054298643,0.7513574660633484,0.9348416289592759
2022,91400,2,0.1009104704097117,0.3717754172989378,0.6987860394537178,0.9279210925644917
2022,91401,2,0.04932182490752157,0.2610974106041923,0.5522503082614056,0.8404747225647349
2022,91402,1,0,0,0.5,1
2022,91402,2,0.06666666666666665,0.3166666666666667,0.6,0.85
2022,91402,3,0.07558716506781343,0.3021832616606021,0.5752563678465101,0.8486602712537215
2022,91403,2,0.1273317112733171,0.4436334144363341,0.7789943227899432,0.9626926196269262
2022,91404,2,0.1767241379310345,0.5258620689655172,0.8017241379310345,0.9525862068965517
2022,91405,2,0.0334201388888889,0.1792534722222222,0.4411892361111111,0.7953559027777778
2022,91406,2,0.1448893572181244,0.4625922023182297,0.749736564805058,0.9320337197049526
2022,91407,2,0.06445201590005678,0.269733106189665,0.5465644520159001,0.8412833617262918
2022,91408,2,0.115,0.4226666666666666,0.7623333333333333,0.9546666666666667
2022,91409,1,0.5,1,1,1
2022,91409,2,0.03679931536157466,0.2079589216944801,0.4865211810012837,0.8153615746683782
2022,91410,2,0.09567448680351909,0.3995601173020528,0.7008797653958945,0.8969941348973607
2022,91411,2,0.1017186250999201,0.3896882494004796,0.6782573940847322,0.8902877697841727
2022,91412,1,0,0,0.5,1
2022,91412,2,0.1174645390070922,0.4197695035460993,0.7025709219858156,0.9002659574468086
2022,91413,2,0.1646586345381526,0.5240963855421686,0.821285140562249,0.961847389558233
2022,91414,2,0.1353211009174312,0.4655963302752294,0.7694954128440368,0.9392201834862387
2022,91415,1,0,0,0,0.5
2022,91415,2,0.09554777388694347,0.3664332166083041,0.6493246623311656,0.878439219609805
2022,91416,2,0.06322711178553364,0.1990389479008599,0.3899848254931715,0.7541729893778453
2022,91417,2,0.0692307692307692,0.2076923076923077,0.3784615384615385,0.74
2022,91418,2,0.04675118858954042,0.1661384046487058,0.3283148441627047,0.7089276281035394
2022,91419,2,0.09684065934065933,0.2637362637362637,0.4326923076923077,0.7657967032967032
2022,91420,2,0.1971830985915493,0.5845070422535211,0.823943661971831,0.9366197183098591
2022,91421,3,0.09210526315789475,0.3394736842105263,0.656578947368421,0.9092105263157895
2022,91422,2,0.05598455598455598,0.2277992277992278,0.4691119691119691,0.7972972972972973
2022,91423,2,0.1490683229813665,0.4720496894409938,0.7732919254658386,0.9503105590062112
2022,91424,2,0.05928853754940711,0.1798418972332016,0.3596837944664032,0.7391304347826086
2022,91425,2,0.08670212765957447,0.3,0.5388297872340425,0.825531914893617
2022,91426,2,0.117519042437432,0.4357997823721437,0.7622415669205658,0.9439608269858542
2022,91427,2,0.102017937219731,0.4020926756352765,0.7354260089686098,0.9353512705530642
2022,91428,2,0.1038569706709522,0.3678184009642427,0.6416231418240257,0.8776617115307351
2022,91429,2,0.1108921533500538,0.4414188462916517,0.7835901110713006,0.9530634181297025
2022,91430,2,0.1011879949979158,0.3810962901208838,0.6711129637348895,0.8912046686119216
2022,91431,1,0,0,0.5,1
2022,91431,2,0.08988873706812417,0.3535038063634589,0.6393714620339644,0.8757563927386297
2022,91432,2,0.08985092914028997,0.3508270369614049,0.6398815601388606,0.8789054523177455
2022,91433,2,0.09204545454545454,0.3272727272727273,0.5920454545454545,0.8568181818181818
2022,91434,2,0.07877594303893348,0.2861687623087411,0.5374943190425694,0.8301014997727617
2022,91435,2,0.08105022831050229,0.3056914546640574,0.5690639269406392,0.8444227005870841
2022,91436,2,0.07931526390870186,0.3487874465049929,0.7151212553495008,0.9456490727532096
2022,91437,1,0.25,0.5,0.75,1
2022,91437,2,0.071947794482075,0.2800264331736329,0.5408062117958037,0.8327275731042458
2022,91438,2,0.0908913213448006,0.372556684910086,0.7200938232994527,0.9384284597341673
2022,91439,2,0.1004962779156328,0.3709677419354839,0.7109181141439206,0.9404466501240695
2022,91440,2,0.05752212389380529,0.3119469026548672,0.6172566371681416,0.8628318584070797
2022,91441,2,0.06431535269709543,0.2925311203319502,0.5643153526970954,0.8360995850622407
2022,91442,2,0.07374631268436577,0.3053097345132743,0.5825958702064897,0.8510324483775811
2022,91443,2,0.03846153846153844,0.3461538461538462,0.6923076923076923,0.8846153846153847
2022,91444,2,0.1111111111111111,0.2777777777777778,0.4444444444444445,0.7777777777777778
2022,91445,2,0.04776785714285714,0.2408482142857143,0.5296875,0.8366071428571429
2022,91446,2,0.06395995550611788,0.2741935483870968,0.5522803114571746,0.8420467185761957
2022,91447,1,0,0,0.5,1
2022,91447,2,0.06211936662606576,0.2777101096224117,0.572675598863175,0.857084855866829
2022,91448,2,0.05263157894736842,0.277511961722488,0.5729665071770336,0.8480861244019139
2022,91449,1,0,0.5,1,1
2022,91449,2,0.05277777777777776,0.25,0.5444444444444445,0.8472222222222222
2022,91450,2,0.05831325301204821,0.2597590361445784,0.5443373493975904,0.8428915662650602
2022,91451,2,0.07099514563106796,0.280542071197411,0.5491504854368932,0.8396035598705501
2022,91452,1,0,0,0.5,1
2022,91452,2,0.06783369803063455,0.2943107221006565,0.5986870897155361,0.8722100656455143
2022,91453,2,0.06420765027322406,0.2855191256830602,0.5737704918032787,0.8524590163934427
2022,91454,2,0.06551724137931036,0.2827586206896552,0.6275862068965516,0.9103448275862068
2022,91455,2,0.06130860381246778,0.3310149407521896,0.704791344667697,0.9350850077279752
2022,91456,2,0.05670103092783507,0.2956701030927835,0.6350515463917525,0.8960824742268041
2022,91457,2,0.0642795513373598,0.3401639344262295,0.7018981880931838,0.9260138050043141
2022,91458,2,0.01347305389221559,0.188622754491018,0.5269461077844312,0.8517964071856288
2022,91459,2,0.05194805194805197,0.2110389610389611,0.4935064935064936,0.8344155844155844
2022,91460,1,0,0.2,0.4,0.7
2022,91460,2,0.06478873239436622,0.3035211267605634,0.597887323943662,0.8591549295774648
2022,91461,1,0,0,0.5,1
2022,91461,2,0.1203187250996016,0.4173970783532537,0.6950863213811421,0.8980079681274901
2022,91462,2,0.1589446589446589,0.5064350064350064,0.8156370656370656,0.9681467181467182
2022,91463,2,0.1009283819628647,0.3805039787798409,0.6673740053050398,0.8877984084880637
2022,91464,2,0.1091224018475751,0.3940531177829099,0.680715935334873,0.895785219399538
2022,91465,2,0.1442953020134228,0.4765100671140939,0.7835570469798658,0.9513422818791947
2022,91466,2,0.1101694915254237,0.4094761171032357,0.713020030816641,0.9137134052388289
2022,91467,2,0.08542713567839194,0.3844221105527638,0.7060301507537688,0.9070351758793971
2022,91468,2,0.1044260027662518,0.396957123098202,0.6991701244813278,0.9066390041493776
2022,91469,2,0.09749739311783107,0.3680917622523462,0.6574556830031283,0.8868613138686131
2022,91470,2,0.08035714285714285,0.3348214285714286,0.6830357142857142,0.9285714285714285
2022,91471,2,0.1056572379367721,0.4334442595673877,0.7687188019966722,0.9409317803660566
2022,91472,1,0.1083003372928582,0.4162633817275261,0.7454905411350637,0.9375274967003959
2022,91473,1,0.1257983719474014,0.4581715716969318,0.7779586725109581,0.9455854727614277
2022,91474,1,0.1236692015209125,0.447148288973384,0.7783269961977186,0.954847908745247
2022,91475,1,0.07851328963480514,0.3405964128790607,0.6509760138298638,0.8888928905856083
2022,91476,1,0.08540323433040903,0.3332628686185393,0.6308001268364867,0.8829404925483564
2022,91477,1,0.1063029162746942,0.3878174976481655,0.6768579492003763,0.8953433678269049
2022,91478,1,0.1072498029944838,0.373364854215918,0.6483451536643026,0.8822301024428684
2022,91479,1,0.09754573343938189,0.3354732416770822,0.5912396318600159,0.8533121236223157
2022,91480,1,0.09977238239757208,0.3618740515933232,0.6460925644916541,0.8839908952959029
2022,91482,2,0.0689149560117302,0.3489736070381232,0.7082111436950146,0.9281524926686217
2022,91483,2,0.06777493606138107,0.3184143222506394,0.6675191815856777,0.9168797953964194
2022,91484,2,0.1028571428571429,0.3657142857142857,0.6657142857142857,0.9028571428571428
2022,91485,2,0.07644305772230892,0.2737909516380656,0.514820592823713,0.8174726989079564
2022,91486,1,0.0394456289978678,0.2164179104477612,0.5031982942430704,0.826226012793177
2022,91487,1,0.0683012259194396,0.2775831873905429,0.5481611208406305,0.8388791593695272
2022,91488,2,0.057753164556962,0.2412974683544303,0.4889240506329113,0.805379746835443
2022,91489,1,0.05882352941176472,0.2306501547987616,0.4860681114551083,0.8142414860681114
2022,91490,3,0.1241457858769932,0.469248291571754,0.8086560364464692,0.9635535307517085
2022,91491,2,0.1067875950848449,0.3601521357519017,0.6325336454066706,0.8791691047396137
2022,91492,1,0.5,1,1,1
2022,91492,2,0.10792741165234,0.3763132760267431,0.6480420248328558,0.8796561604584526
2022,91493,3,0.1157049375371803,0.4196906603212374,0.7349791790600833,0.9309934562760261
2022,91494,2,0.08025859350362663,0.3170923998738569,0.5942920214443393,0.8574582150741091
2022,91495,1,0,0,0.5,1
2022,91495,2,0.08611786148238154,0.3314094775212637,0.6146719319562577,0.8693803159173754
2022,91496,2,0.09612676056338026,0.3415492957746479,0.6179577464788732,0.8725352112676057
2022,91497,2,0.0799793601651187,0.3384932920536636,0.6488648090815273,0.8903508771929824
2022,91498,1,0.04761904761904762,0.3095238095238095,0.6666666666666667,0.9047619047619048
2022,91498,2,0.1062347614071752,0.3758272378962034,0.6531696273075582,0.88357715081853
2022,91499,1,0.2142857142857143,0.5357142857142857,0.7142857142857142,0.8928571428571428
2022,91499,2,0.1225104214914312,0.4125752663270033,0.6826076887447893,0.8925428439092172
2022,91500,1,0,0.5,1,1
2022,91500,2,0.1401164043974995,0.4379176546669541,0.6967018754041818,0.8989006251347272
2022,91501,1,0,0.1071428571428572,0.5,0.8928571428571428
2022,91501,2,0.03789111955145597,0.2433080122987882,0.5516368240188099,0.8462199312714777
2022,91502,1,0,0,0,0.5
2022,91502,2,0.118296155671571,0.3947555766492644,0.6595870906502135,0.8831276696725201
2022,91503,2,0.1563260340632603,0.4519464720194647,0.683698296836983,0.8880778588807786
2022,91504,2,0.1308310991957105,0.4363270777479893,0.7046916890080429,0.8991957104557641
2022,91505,2,0.1395089285714286,0.4421502976190476,0.7155877976190477,0.9129464285714286
2022,91506,1,0,0.02631578947368424,0.1842105263157895,0.6578947368421053
2022,91507,1,0.02777777777777779,0.05555555555555558,0.1111111111111111,0.5833333333333333
2022,91508,1,0,0.02380952380952384,0.1666666666666667,0.6428571428571428
2022,91509,1,0.05555555555555558,0.1111111111111112,0.2777777777777778,0.7222222222222222
2022,91510,1,0,0,0.1666666666666667,0.6666666666666667
2022,91511,1,0,0.09999999999999998,0.3,0.7
2022,91512,1,0,0,0.5,1
2022,91512,2,0.05155875299760193,0.2304556354916068,0.5194244604316547,0.8405275779376499
2022,91513,2,0.06014215418261343,0.259704756697649,0.5470202296336796,0.847457627118644
2022,91514,4,0.09773371104815864,0.3597733711048159,0.6997167138810199,0.9376770538243626
2022,91515,2,0.05480540111199367,0.2422557585385227,0.5178713264495631,0.8304209690230342
2022,91516,2,0.05290102389078499,0.2713310580204778,0.5614334470989761,0.8430034129692833
2022,91517,2,0.03670520231213875,0.1765895953757226,0.4260115606936416,0.7861271676300579
2022,91518,3,0.06576086956521737,0.3413043478260869,0.6945652173913044,0.9190217391304347
2022,91519,1,0,0.5,1,1
2022,91519,2,0.07500000000000001,0.3053571428571429,0.5857142857142857,0.8553571428571428
2022,91520,2,0.02515723270440251,0.1446540880503144,0.3647798742138365,0.7452830188679245
2022,91521,1,0.09459459459459457,0.4054054054054054,0.6959459459459459,0.8851351351351352
2022,91521,2,0.07542983915696061,0.310038824181919,0.5910519504529488,0.8564429654279904
2022,91522,1,0,0.25,0.75,1
2022,91522,2,0.05749014454664914,0.2662614980289093,0.5446780551905388,0.8359067017082786
2022,91523,2,0.1198545214084973,0.3949413126136552,0.7150768722102827,0.9399900810051248
2022,91524,2,0.1182918149466192,0.4081850533807829,0.71644128113879,0.9265480427046263
2022,91525,1,0.0357142857142857,0.1785714285714286,0.4285714285714286,0.7857142857142857
2022,91525,2,0.07627702051493873,0.292028087567121,0.5340079856808482,0.8182569186286659
2022,91526,2,0.1305247115175267,0.4322882647507076,0.7275201393424777,0.9257565861092968
2022,91527,1,0,0.3333333333333334,0.6666666666666667,0.8333333333333334
2022,91527,2,0.09265175718849838,0.3486421725239617,0.6210063897763579,0.8650159744408947
2022,91528,2,0.09302325581395349,0.3549931600547196,0.6265389876880985,0.8645690834473324
2022,91529,1,0,0.5,1,1
2022,91529,2,0.09504685408299868,0.3647925033467202,0.6472556894243642,0.8775100401606426
2022,91530,3,0.0987261146496815,0.3821656050955414,0.7165605095541401,0.9331210191082803
2022,91531,2,0.09114583333333331,0.40234375,0.7565104166666666,0.9453125
2022,91532,2,0.1479289940828402,0.4866863905325444,0.7869822485207101,0.9482248520710059
2022,91533,2,0.03422053231939165,0.1907477820025349,0.5133079847908746,0.8567807351077313
2022,91534,1,0.01296596434359804,0.05753646677471636,0.1555915721231767,0.6110210696920584
2022,91535,1,0.003257328990228015,0.02524429967426711,0.07817589576547235,0.5561889250814332
2022,91536,1,0.03899371069182389,0.2163522012578616,0.5358490566037736,0.8584905660377359
2022,91537,1,0.01085568326947639,0.04789272030651343,0.1226053639846743,0.5855683269476373
2022,91538,2,0.03225806451612906,0.3387096774193549,0.7741935483870968,0.967741935483871
2022,91539,1,0.08333333333333331,0.2604166666666666,0.4583333333333333,0.78125
2022,91540,1,0.25,0.5416666666666666,0.6666666666666666,0.875
2022,91541,1,0.01666666666666666,0.1666666666666667,0.6000000000000001,0.9500000000000001
2022,91542,1,0.1702127659574468,0.4468085106382979,0.6702127659574468,0.8936170212765958
2022,91543,2,0.09463722397476343,0.3895899053627761,0.7050473186119874,0.9100946372239748
2022,91544,1,0.03214285714285714,0.1214285714285714,0.2946428571428572,0.7053571428571428
2022,91545,1,0.01744186046511626,0.09883720930232553,0.2887596899224806,0.7073643410852712
2022,91546,1,0.04922279792746115,0.2409326424870467,0.5751295336787565,0.883419689119171
2022,91547,1,0.01124999999999998,0.06374999999999997,0.22625,0.6737500000000001
2022,91548,2,0.04895104895104896,0.2727272727272728,0.6328671328671329,0.9090909090909091
2022,91549,1,0.07339449541284404,0.1880733944954128,0.3394495412844036,0.7247706422018348
2022,91550,1,0.03977272727272729,0.1136363636363637,0.2613636363636364,0.6875
2022,91551,1,0.03716216216216217,0.2432432432432433,0.5945945945945946,0.8885135135135135
2022,91552,1,0.02777777777777779,0.09126984126984128,0.2301587301587302,0.6666666666666667
2022,91553,2,0.09652928416485901,0.3470715835140998,0.6334056399132321,0.8828633405639913
2022,91554,1,0.05263157894736842,0.1831140350877193,0.3728070175438596,0.7423245614035088
2022,91555,1,0.04012345679012347,0.1604938271604938,0.3580246913580247,0.7376543209876543
2022,91556,1,0.1086021505376344,0.3741935483870967,0.6698924731182796,0.9043010752688172
2022,91557,1,0.03604436229205177,0.156192236598891,0.3502772643253235,0.7301293900184843
2022,91558,2,0,0.05970149253731344,0.3507462686567164,0.791044776119403
2022,91559,1,0.03125,0.125,0.25,0.65625
2022,91560,1,0.0357142857142857,0.1071428571428572,0.1785714285714286,0.6071428571428572
2022,91561,1,0,0.007352941176470562,0.1764705882352941,0.6691176470588236
2022,91562,1,0.01470588235294118,0.05882352941176472,0.1764705882352941,0.6323529411764706
2022,91563,2,0.02155172413793105,0.1142241379310345,0.4568965517241379,0.8642241379310345
2022,91564,1,0.06677524429967424,0.2263843648208469,0.4413680781758957,0.7817589576547231
2022,91565,1,0.08122743682310468,0.2454873646209386,0.4458483754512636,0.7815884476534296
2022,91566,1,0.04199999999999998,0.196,0.526,0.872
2022,91567,1,0.06386292834890966,0.2320872274143302,0.4704049844236761,0.8021806853582555
2022,91568,2,0.06369426751592355,0.321656050955414,0.6624203821656051,0.9044585987261147
2022,91569,1,0.02258064516129033,0.1161290322580645,0.3161290322580646,0.7225806451612904
2022,91570,1,0.04357798165137616,0.1651376146788991,0.3922018348623853,0.7706422018348624
2022,91571,1,0.04644808743169399,0.2691256830601093,0.6297814207650274,0.907103825136612
2022,91572,1,0.01847290640394089,0.09236453201970446,0.2746305418719212,0.7007389162561577
2022,91573,1,0,0.25,0.5,0.75
2022,91573,2,0.03987341772151898,0.2194620253164557,0.4843354430379747,0.8047468354430379
2022,91574,1,0,0.07142857142857145,0.3928571428571429,0.8214285714285714
2022,91574,2,0.04795737122557725,0.2384143387695785,0.5543355401259487,0.8638785725819473
2022,91575,1,0.07142857142857145,0.2142857142857143,0.3571428571428572,0.7142857142857143
2022,91575,2,0.04960981047937568,0.2331002331002331,0.4846964629573325,0.8012060403364751
2022,91576,1,0.02325581395348836,0.4418604651162791,0.8837209302325582,0.9651162790697675
2022,91576,2,0.05475360876057739,0.3697527791604447,0.7448979591836735,0.9298987887838063
2022,91577,2,0.1091103757056648,0.4039322561806502,0.6901888261631302,0.8953669456881448
2022,91578,2,0.1246046805819102,0.4263757115749526,0.7342820999367489,0.9325110689437065
2022,91579,2,0.113996153277112,0.4073827489273561,0.7258470187897618,0.9324604231395177
2022,91580,1,0,0.35,0.85,1
2022,91580,2,0.07770513004742063,0.3529601954303779,0.6688101738755567,0.8935551084925994
2022,91581,1,0,0.46875,0.96875,1
2022,91581,2,0.06514311500773595,0.3467315626611656,0.6795061887570912,0.8979177411036616
2022,91582,1,0.05769230769230771,0.3269230769230769,0.6923076923076923,0.9230769230769231
2022,91582,2,0.07272233291070457,0.3373935881180945,0.6479351566745155,0.8832639014671255
2022,91583,2,0.08513388734995381,0.3626962142197599,0.6746999076638965,0.8971375807940906
2022,91584,2,0.1321566300800949,0.4719667754375556,0.798724414120439,0.9589142687629783
2022,91585,2,0.111479807963852,0.4184552386331545,0.760590228748941,0.9536147980796384
2022,91586,2,0.1525612472160356,0.4696294796517514,0.7610852399271106,0.9440170074913949
2022,91587,1,0.009259259259259245,0.1574074074074074,0.462962962962963,0.8148148148148149
2022,91587,2,0.02929392198367098,0.2928258240096764,0.6336936800725732,0.8701617780465678
2022,91588,2,0.03488372093023257,0.1428571428571429,0.367109634551495,0.7591362126245847
2022,91589,1,0,0.5,1,1
2022,91589,2,0.04363001745200701,0.2277486910994765,0.5322862129144852,0.8481675392670157
2022,91590,1,0,0.1666666666666667,0.5,0.8333333333333334
2022,91590,2,0.02989690721649485,0.1597938144329897,0.3927835051546392,0.7628865979381443
2022,91591,1,0.05555555555555558,0.1666666666666667,0.3888888888888889,0.7777777777777778
2022,91591,2,0.009046052631578927,0.1085526315789474,0.328125,0.7286184210526316
2022,91592,1,0,0,0,0.5
2022,91592,2,0.01523656776263033,0.09101844426623901,0.2826784282277466,0.7068965517241379
2022,91593,1,0,0.5,1,1
2022,91593,2,0.08461538461538459,0.2846153846153846,0.5307692307692308,0.8307692307692307
2022,91594,2,0.1227272727272727,0.4651515151515152,0.793939393939394,0.9515151515151514
2022,91595,2,0.07142857142857145,0.3061224489795918,0.6224489795918366,0.8877551020408163
2022,91596,2,0.1032719836400818,0.3415132924335378,0.6124744376278118,0.8742331288343559
2022,91597,2,0.09244670991658943,0.3294717330861909,0.5702038924930491,0.8331788693234476
2022,91598,2,0.1181592039800995,0.4067164179104478,0.7089552238805971,0.9203980099502488
2022,91599,2,0.08522427440633246,0.3348284960422164,0.5862796833773087,0.8366754617414248
2022,91600,2,0.079162656400385,0.3065447545717036,0.5656881616939365,0.8383060635226179
2022,91601,2,0.06072193331293974,0.3013918629550321,0.5900887121443866,0.8494187825022943
2022,91602,1,0,0.3333333333333334,0.8333333333333334,1
2022,91602,2,0.07431009642025932,0.3043887842181093,0.565887177213787,0.835808489415937
2022,91603,3,0.0948049946045938,0.4021119161399722,0.7534299367966701,0.9461230152612917
2022,91604,1,0.03191489361702127,0.2978723404255319,0.6595744680851063,0.8936170212765958
2022,91604,2,0.05332352670773194,0.2604118782752597,0.5317642732371058,0.824675921669578
2022,91605,2,0.09435626102292771,0.391156462585034,0.7389770723104055,0.9421768707482991
2022,91606,2,0.08467287084038355,0.3756345177664975,0.7300479413423575,0.9390862944162436
2022,91607,2,0.08574490889603431,0.3330117899249732,0.5932475884244373,0.8459807073954984
2022,91608,3,0.08509803921568626,0.3368627450980392,0.5933333333333334,0.8415686274509804
2022,91609,3,0.07272727272727275,0.2945454545454546,0.5309090909090909,0.8090909090909091
2022,91610,3,0.08453473132372213,0.3320227173438182,0.5923984272608125,0.8449104412407165
2022,91611,3,0.113061797752809,0.3663389513108615,0.591058052434457,0.8377808988764045
2022,91612,3,0.1082621082621083,0.3931623931623932,0.7122507122507122,0.9273504273504273
2022,91613,3,0.1867469879518072,0.536144578313253,0.7891566265060241,0.9397590361445783
2022,91614,3,0.07142857142857145,0.3035714285714286,0.625,0.8928571428571428
2022,91615,3,0.04545454545454547,0.2348484848484849,0.553030303030303,0.8636363636363636
2022,91616,3,0.04201680672268909,0.2016806722689076,0.4117647058823529,0.7521008403361344
2022,91617,3,0.1715976331360947,0.5488165680473372,0.8402366863905325,0.9630177514792899
2022,91618,3,0.03260869565217389,0.1847826086956522,0.4021739130434783,0.75
2022,91619,3,0.05952380952380953,0.2738095238095238,0.6309523809523809,0.9166666666666667
2022,91620,4,0.100635593220339,0.3448093220338983,0.6027542372881356,0.8585805084745762
2022,91621,2,0,0,0.25,0.75
2022,91621,3,0.07241910631741139,0.2850539291217257,0.5323574730354391,0.8197226502311248
2022,91622,3,0.0668135095447871,0.2863436123348018,0.540381791483113,0.8208516886930983
2022,91623,3,0.09838998211091232,0.3014311270125223,0.5161001788908766,0.8130590339892665
2022,91624,3,0.1290322580645161,0.4274193548387097,0.7419354838709677,0.9435483870967741
2022,91625,3,0.04375000000000001,0.3375,0.70625,0.9125
2022,91626,2,0,0.5,1,1
2022,91626,3,0.08829787234042552,0.3138297872340425,0.5361702127659574,0.8106382978723404
2022,91627,3,0.1253497481813095,0.5053161723559038,0.8550643536653609,0.9750979294907667
2022,91628,2,0,0,0,0.5
2022,91628,3,0.07462686567164178,0.2945797329143755,0.5738413197172034,0.8538884524744698
2022,91629,3,0.08042529989094876,0.3165212649945475,0.5921483097055616,0.8560523446019629
2022,91630,3,0.09263050153531216,0.3464687819856704,0.6233367451381782,0.8694984646878199
2022,91631,3,0.1491416309012876,0.4763948497854078,0.7253218884120172,0.898068669527897
2022,91643,3,0.09261744966442953,0.3657718120805369,0.6248322147651006,0.8516778523489933
2022,91644,3,0.08333333333333331,0.3333333333333333,0.6041666666666666,0.8541666666666666
2022,91650,1,0,0.375,0.875,1
2022,91650,2,0.06519558676028087,0.261283851554664,0.5336008024072216,0.8375125376128385
2022,91651,2,0.1150793650793651,0.3564814814814815,0.5925925925925926,0.8511904761904762
2022,91652,2,0.1494197292069632,0.4748549323017408,0.7775628626692457,0.9521276595744681
2022,91653,2,0.09720279720279718,0.379020979020979,0.6986013986013987,0.9167832167832168
2022,91654,1,0.2857142857142857,0.5714285714285714,0.5714285714285714,0.7857142857142857
2022,91654,2,0.06712774613506917,0.273393002441009,0.5508543531326282,0.8445890968266884
2022,91679,1,0.05421686746987953,0.2650602409638554,0.6204819277108433,0.9096385542168675
2022,91680,1,0.1126760563380282,0.3028169014084507,0.4929577464788733,0.8028169014084507
2022,91681,1,0.07731958762886598,0.2061855670103093,0.3505154639175258,0.7216494845360825
2022,91682,1,0.06790123456790126,0.3456790123456791,0.7037037037037037,0.9259259259259259
2022,91683,1,0.07291666666666669,0.1770833333333334,0.3802083333333334,0.7760416666666666
2022,91725,1,0,0,0,0.5
2022,91725,2,0.09390746678882272,0.3522675217590472,0.6049015116811727,0.8465414567109483
2022,91735,1,0.06451612903225806,0.2661290322580645,0.5241935483870968,0.8225806451612903
2022,91735,2,0.1094986807387863,0.3944591029023746,0.6701846965699209,0.8852242744063326
2022,91736,2,0.1627906976744186,0.4883720930232558,0.7558139534883721,0.930232558139535
2022,91789,2,0.1434190620272315,0.4543116490166415,0.719213313161876,0.9083207261724661
2022,91803,1,0.04924242424242425,0.2462121212121212,0.5113636363636364,0.8143939393939394
2022,91804,1,0.07668711656441718,0.2484662576687117,0.50920245398773,0.8374233128834356
2022,91805,1,0.08333333333333331,0.25,0.4761904761904762,0.8095238095238095
2022,91806,1,0.03535353535353536,0.2626262626262627,0.6161616161616161,0.8888888888888888
2022,91807,1,0.0892857142857143,0.2901785714285715,0.5267857142857143,0.8258928571428572
2022,91808,2,0.05288461538461536,0.2740384615384615,0.6177884615384616,0.8966346153846154
2022,91809,1,0.1022727272727273,0.3257575757575758,0.5833333333333334,0.8598484848484849
2022,91810,1,0.06390977443609025,0.2293233082706767,0.4398496240601504,0.7744360902255639
2022,91811,1,0,0,0,0.5
2022,91812,1,0,0.07142857142857145,0.2142857142857143,0.6428571428571428
2022,91813,1,0,0,0.2,0.7
2022,91814,1,0,0,0.09999999999999998,0.6
2022,91815,1,0.02500000000000002,0.1,0.3,0.725
2022,91816,1,0,0.1052631578947368,0.2894736842105263,0.6842105263157895
2022,91817,1,0.06962025316455694,0.3164556962025316,0.5569620253164557,0.810126582278481
2022,91818,1,0,0,0,0.5
2022,91819,1,0,0,0,0.5
2022,91820,1,0,0,0,0.5
2022,91821,1,0,0,0.3333333333333334,0.8333333333333334
2022,91822,1,0,0,0.25,0.75
2022,91823,1,0,0,0,0.5
2022,91824,1,0,0,0.2,0.7
2022,91825,1,0,0,0.09999999999999998,0.6
2022,91826,1,0.1521739130434783,0.3695652173913044,0.5652173913043479,0.8478260869565217
2022,91827,1,0,0,0.1470588235294117,0.6470588235294117
2022,91828,1,0.04545454545454547,0.4545454545454546,0.893939393939394,0.9848484848484849
2022,91829,1,0.09999999999999998,0.5,0.8,0.9
2022,91830,1,0.2307692307692308,0.5,0.6153846153846154,0.8461538461538461
2022,91831,1,0,0.375,0.8035714285714286,0.9285714285714286
2022,91832,1,0.1730769230769231,0.4423076923076923,0.6153846153846154,0.8461538461538461
2022,91833,1,0,0.1578947368421053,0.5526315789473684,0.8947368421052632
2022,91834,1,0.04999999999999999,0.15,0.3,0.7
2022,91835,1,0.07894736842105265,0.2105263157894737,0.3947368421052632,0.7631578947368421
2022,91849,1,0.07650273224043713,0.221311475409836,0.4052823315118397,0.7604735883424408
2022,91850,1,0,0,0.1666666666666667,0.6666666666666667
2022,91853,1,0,0,0,0.5
2022,91855,1,0,0.5,1,1
2022,91856,1,0,0.5,1,1
2022,91857,1,0,0.15,0.55,0.9
2022,91858,1,0,0.25,0.5833333333333334,0.8333333333333334
2022,91859,1,0,0.5,1,1
2022,91860,1,0,0.5,1,1
2022,91861,1,0,0.5,1,1
2022,91862,1,0,0.25,0.5,0.75
2022,91869,1,0.08652657601977748,0.3343634116192831,0.6199011124845488,0.8720642768850433
2022,91870,1,0.1181364392678869,0.3777038269550749,0.6405990016638935,0.8810316139767055
2022,91871,1,0.1087591240875913,0.3489051094890511,0.6065693430656934,0.8664233576642336
2022,91872,1,0.07736035590706869,0.319327731092437,0.6033119130004942,0.8613445378151261
2022,91873,1,0.07426004228329808,0.3097251585623678,0.5983086680761099,0.8628435517970402
2022,91874,1,0.07780387551379919,0.3399882560187904,0.6368173810921902,0.8746330005871991
2022,91875,1,0.08082706766917291,0.3421052631578947,0.6343984962406014,0.8731203007518795
2022,91876,1,0.0793103448275862,0.3729885057471264,0.7367816091954023,0.943103448275862
2022,91900,1,0.06779661016949151,0.2984934086629002,0.5470809792843692,0.8163841807909604
2022,91901,1,0.08088235294117646,0.2941176470588235,0.5177696078431373,0.8045343137254902
2022,91902,1,0.1003911342894394,0.3376792698826597,0.5743155149934811,0.8370273794002607
2022,91903,1,0.09034443817052512,0.3210050818746471,0.5457368718238284,0.8150762281197064
2022,91904,1,0.1140350877192983,0.3140350877192983,0.4824561403508772,0.7824561403508772
2022,91905,1,0.06179775280898875,0.2640449438202247,0.4662921348314607,0.7640449438202247
2022,91906,1,0.07248711340206188,0.2612757731958763,0.4664948453608248,0.7777061855670103
2022,91907,1,0.09654963680387407,0.3292978208232446,0.5562953995157385,0.823547215496368
2022,91908,1,0.1166902404526167,0.388967468175389,0.6775106082036776,0.9052333804809054
2022,91909,1,0.1209740769835035,0.4289080911233307,0.7356637863315004,0.9277297721916732
2022,91984,1,0.05719557195571956,0.2195571955719557,0.477859778597786,0.8154981549815499
2022,91985,1,0.05263157894736842,0.1912280701754386,0.3929824561403509,0.7543859649122807
2022,91986,1,0.04146341463414632,0.1341463414634146,0.3195121951219512,0.7268292682926829
2022,91987,1,0.008032128514056214,0.07028112449799195,0.2911646586345382,0.7289156626506024
2023,18,6,0.03745961534324555,0.5374596153432456,1,1
2023,18,7,0.07181361086228966,0.5718136108622897,1,1
2023,37,5,0.100694559679791,0.600694559679791,1,1
2023,37,6,0.002581352132621173,0.5025813521326212,1,1
2023,43,8,0,0.5,1,1
2023,43,9,0,0.5,1,1
2023,122,8,0,0.5,1,1
2023,155,7,0,0.5,1,1
2023,168,7,0.03541652470055767,0.5354165247005577,1,1
2023,168,8,0.05028125748587931,0.5502812574858793,1,1
2023,376,8,0.07792295409158534,0.5761891659577998,0.99727321576985,0.9990070039036354
2023,376,9,0.00587000703863827,0.5041362189048527,0.99727321576985,0.9990070039036354
2023,378,8,0.02092270925757289,0.5209227092575729,1,1
2023,378,9,0.01768862197764243,0.5176886219776424,1,1
2023,423,7,0,0.5,1,1
2023,424,8,0.01573482090127826,0.5157348209012782,1,1
2023,427,3,0,0.5,1,1
2023,427,7,0.08557822530446069,0.5855782253044607,1,1
2023,427,8,0.04779413439536978,0.5477941343953698,1,1
2023,428,9,0.02242327557745732,0.5224232755774574,1,1
2023,430,7,0.1306536324396337,0.6306536324396337,1,1
2023,430,8,0.08005931320530218,0.5800593132053022,1,1
2023,439,8,0,0.5,1,1
2023,468,6,0.1195925173026246,0.6195925173026245,1,1
2023,471,6,0.09995174118728423,0.5970431932750533,0.9970914520877692,1
2023,571,5,0,0.5,1,1
2023,572,4,0,0.5,1,1
2023,572,5,0,0.5,1,1
2023,572,6,0.01976977014582043,0.5197697701458204,1,1
2023,573,5,0,0.5,1,1
2023,582,4,0,0.5,1,1
2023,582,5,0.04999999999999999,0.55,1,1
2023,771,5,0,0.5,1,1
2023,831,6,0,0.5,1,1
2023,898,5,0.0310823291614924,0.5310823291614923,1,1
2023,920,5,0.06396138741401597,0.5639613874140159,1,1
2023,1204,8,0,0.5,1,1
2023,1204,9,0,0.5,1,1
2023,1234,9,0,0.5,1,1
2023,1252,8,0,0.5,1,1
2023,1256,8,0,0.5,1,1
2023,1279,6,0,0.5,1,1
2023,1279,7,0.04931214615675672,0.5493121461567567,1,1
2023,1279,8,0.05726004893595887,0.5572600489359589,1,1
2023,1296,7,0.1087255031274818,0.6087255031274819,1,1
2023,1296,8,0.06403289356514852,0.5640328935651485,1,1
2023,1304,9,0.1480499067925186,0.6480499067925185,1,1
2023,1304,10,0.09836184975152035,0.5983618497515204,1,1
2023,1307,8,0.06156276701049684,0.5615627670104968,1,1
2023,1307,9,0.06364654654929891,0.5636465465492989,1,1
2023,1312,7,0.007196492340420524,0.5071964923404205,1,1
2023,1312,8,0.01929879177731353,0.5192987917773135,1,1
2023,1624,7,0,0.5,1,1
2023,1626,6,0,0.5,1,1
2023,1629,6,0,0.5,1,1
2023,1629,7,0,0.5,1,1
2023,1650,7,0,0.5,1,1
2023,1650,8,0,0.5,1,1
2023,1651,6,0,0.5,1,1
2023,1667,8,0.2592875001654262,0.7592875001654262,1,1
2023,1672,7,0,0.5,1,1
2023,1734,8,0.009072736480275678,0.5090727364802756,1,1
2023,1753,7,0,0.5,1,1
2023,1759,5,0,0.5,1,1
2023,1810,9,0,0.5,1,1
2023,1828,6,0.07142857142857145,0.5714285714285714,1,1
2023,1980,9,0.039405068214314,0.539405068214314,1,1
2023,1980,10,0.01672289849267805,0.516722898492678,1,1
2023,2139,2,0.5,1,1,1
2023,2142,5,0,0.5,1,1
2023,2401,10,0,0.5,1,1
2023,2436,8,0.07105099791002356,0.5710509979100236,1,1
2023,2571,11,0.1143575850570821,0.6143575850570822,1,1
2023,2595,11,0,0.5,1,1
2023,2596,11,0.3190476119047566,0.8119047511904682,0.9928571392857116,1
2023,2597,11,0.00746573717273824,0.5074657371727382,1,1
2023,2672,7,0,0.5,1,1
2023,2672,8,0,0.5,1,1
2023,2676,8,0,0.5,1,1
2023,2678,8,0,0.5,1,1
2023,2680,7,0.04591728518358962,0.5459172851835896,1,1
2023,2680,8,0.002439024314024374,0.5024390243140244,1,1
2023,2682,7,0,0.5,1,1
2023,2797,8,0.1275530220638927,0.6275530220638927,1,1
2023,2797,9,0.04421968873055937,0.5442196887305594,1,1
2023,2834,5,0,0.5,1,1
2023,2835,5,0,0.5,1,1
2023,2866,6,0,0.5,1,1
2023,2866,7,0,0.5,1,1
2023,2870,6,0,0.5,1,1
2023,2871,6,0,0.5,1,1
2023,2873,8,0.25,0.75,1,1
2023,2886,5,0.03799745883112199,0.5329069950878015,0.9941989083027916,0.9992893720461121
2023,2990,7,0.0933888080392331,0.5933888080392331,1,1
2023,2990,8,0.03496017183589795,0.534960171835898,1,1
2023,3272,4,0,0.5,1,1
2023,3285,4,0,0.5,1,1
2023,3285,5,0,0.5,1,1
2023,3286,4,0,0.5,1,1
2023,3286,5,0,0.5,1,1
2023,3287,4,0,0.5,1,1
2023,3287,5,0,0.5,1,1
2023,3288,4,0,0.5,1,1
2023,3466,7,0.002870161174888919,0.5028701611748889,1,1
2023,3466,8,0.01495990273188907,0.5149599027318891,1,1
2023,3491,7,0.09073551903511806,0.590735519035118,1,1
2023,3491,8,0.08515828572890105,0.585158285728901,1,1
2023,3494,6,0.05570545869721533,0.5557054586972153,1,1
2023,3494,7,0.0103047480773969,0.5103047480773969,1,1
2023,3727,10,0.09656040733619775,0.5965604073361978,1,1
2023,3788,5,0,0.5,1,1
2023,3789,9,0,0.5,1,1
2023,3800,6,0,0.5,1,1
2023,3856,9,0,0.5,1,1
2023,3856,10,0.04480229657020241,0.5448022965702024,1,1
2023,4251,8,0.0342460247175615,0.5342460247175616,1,1
2023,4251,9,0.02741244894287542,0.5274124489428754,1,1
2023,4438,7,0,0.5,1,1
2023,4592,6,0,0.5,1,1
2023,4645,9,0,0.5,1,1
2023,4645,10,0,0.5,1,1
2023,4864,7,0.01803489305385758,0.5180348930538576,1,1
2023,5148,9,0.03149646243554277,0.5314964624355427,1,1
2023,5149,9,0,0.5,1,1
2023,5180,7,0.005991266856204491,0.5059912668562045,1,1
2023,5189,7,0,0.5,1,1
2023,5468,3,0,0.5,1,1
2023,5482,5,0.4134257749713333,0.9027201472245572,0.9827182044883842,0.9934238322351603
2023,5742,5,0,0.5,1,1
2023,5742,6,0,0.5,1,1
2023,5744,5,0,0.5,1,1
2023,5766,5,0,0.5,1,1
2023,5766,6,0,0.5,1,1
2023,5955,8,0,0.5,1,1
2023,5955,9,0,0.5,1,1
2023,5968,8,0.2519175514065535,0.7519175514065535,1,1
2023,5968,9,0.001917551406553475,0.5019175514065535,1,1
2023,6015,1,0.25,0.75,1,1
2023,6142,8,0.007042253521126751,0.5070422535211268,1,1
2023,6143,8,0.03141775878193753,0.5314177587819375,1,1
2023,6144,8,0,0.5,1,1
2023,6146,8,0.03225806451612906,0.532258064516129,1,1
2023,6147,8,0,0.5,1,1
2023,6400,6,0.004692087132218969,0.5046920871322189,1,1
2023,6400,7,4.32502503665555E-4,0.5004325025036656,1,1
2023,6476,7,0,0.5,1,1
2023,6523,6,0,0.5,1,1
2023,6571,6,0.1081730317362166,0.6081730317362166,1,1
2023,6580,6,0,0.5,1,1
2023,6580,8,0,0.5,1,1
2023,6582,6,0,0.5,1,1
2023,6611,5,0,0.5,1,1
2023,6611,6,0.01785714285714285,0.5178571428571428,1,1
2023,6612,6,0.01819887254384867,0.5181988725438487,1,1
2023,6613,7,0,0.5,1,1
2023,6617,6,0,0.5,1,1
2023,6622,6,0,0.5,1,1
2023,6699,4,0.1666666666666667,0.6666666666666667,1,1
2023,6700,4,0.05731088215469832,0.5573108821546984,1,1
2023,6701,4,0.3243278864965792,0.8243278864965792,1,1
2023,6705,9,0,0.5,1,1
2023,6896,6,0.06936613495772836,0.5693661349577284,1,1
2023,6950,5,0,0.5,1,1
2023,6950,6,0,0.5,1,1
2023,7038,3,0,0.5,1,1
2023,7038,4,0,0.5,1,1
2023,7126,6,0.06036649855603327,0.5603664985560333,1,1
2023,7126,7,0,0.5,1,1
2023,7127,7,0.02893287208631434,0.5289328720863143,1,1
2023,7127,8,0.07000123481458032,0.5700012348145803,1,1
2023,7337,8,0.009240548676013594,0.5092405486760136,1,1
2023,7909,6,0,0,0,0.5
2023,8991,5,0.07783391416085272,0.2185221447375695,0.433064456781755,0.7923762262050382
2023,8995,5,0.06354963931055363,0.2060057959183766,0.4849233672890521,0.8424672106812292
2023,8999,5,0.0936301479353654,0.2987547460422641,0.5024964615138467,0.797371863406948
2023,9003,5,0.1439022081208126,0.401892104896738,0.6355611685279551,0.8775712717520296
2023,9184,6,6.567559829814829E-4,0.5006567559829815,1,1
2023,9184,7,6.567559829814829E-4,0.5006567559829815,1,1
2023,9184,8,6.567559829814829E-4,0.5006567559829815,1,1
2023,9221,9,0,0.43224307634896,0.9009143152729326,0.9686712389239727
2023,9221,10,0.12415747955771,0.5527773675008728,0.9063490978816282,0.9777292099384653
2023,9681,7,0.01679728979973538,0.5167972897997354,1,1
2023,9681,8,0.02394067881165862,0.5239406788116586,1,1
2023,9694,8,0.050585877575892,0.5505858775758921,1,1
2023,9694,9,0.02233071106984208,0.5223307110698421,1,1
2023,9695,7,0.02501592908910333,0.5250159290891033,1,1
2023,9695,8,0.06642379658392733,0.5664237965839274,1,1
2023,9705,7,0.00361021248201665,0.5036102124820167,1,1
2023,9705,8,0.02302493041040882,0.5230249304104089,1,1
2023,9792,5,0.04838402742325382,0.5474543063995239,0.99907027897627,1
2023,9922,6,0,0.5,1,1
2023,9922,7,0,0.5,1,1
2023,10013,6,0.0115676406101658,0.5115676406101658,1,1
2023,10013,7,0.04358103698526428,0.5435810369852643,1,1
2023,10019,6,0,0.5,1,1
2023,10019,7,0.03096225902873995,0.53096225902874,1,1
2023,10026,6,0.02231274342929746,0.5223127434292975,1,1
2023,10026,7,0.05754252574079183,0.5575425257407918,1,1
2023,10082,3,0,0.5,1,1
2023,10082,4,0.05550165154069631,0.5555016515406963,1,1
2023,10087,4,0.1086206896551724,0.6086206896551725,1,1
2023,10183,5,0,0.5,1,1
2023,10308,5,0.02847663084491414,0.5284766308449141,1,1
2023,10320,5,0,0.5,1,1
2023,10645,4,0,0.5,1,1
2023,10701,6,0,0.5,1,1
2023,10851,4,0.001597886840306317,0.5015978868403064,1,1
2023,10852,4,0,0.5,1,1
2023,11095,7,0.4321945867634341,0.9321945867634341,1,1
2023,11095,8,0.1115368272567537,0.6115368272567537,1,1
2023,11097,5,0.005671109871780766,0.5056711098717808,1,1
2023,11097,6,0.02217608828301348,0.5221760882830135,1,1
2023,11815,6,0.01016141152141303,0.510161411521413,1,1
2023,11815,7,0.07158998294998448,0.5715899829499844,1,1
2023,11817,7,0.01009102149750107,0.5100910214975011,1,1
2023,11817,8,0.01688722134870008,0.5168872213487001,1,1
2023,11818,6,0.01490273878748721,0.5149027387874872,0.9998637408356742,0.9998637408356742
2023,11818,7,0.01450591339066182,0.5145059133906618,0.9998637408356742,0.9998637408356742
2023,11827,5,0.5,1,1,1
2023,11827,6,0.004081633959184317,0.5040816339591843,1,1
2023,11831,7,0.02576054597406791,0.525760545974068,1,1
2023,11831,8,0.0184821069669443,0.5184821069669443,1,1
2023,12009,6,0,0.5,1,1
2023,12310,6,0,0.5,1,1
2023,12356,6,0.0647610692718229,0.5647610692718229,1,1
2023,12356,7,0.0902601819603766,0.5902601819603766,1,1
2023,12997,4,0,0.5,1,1
2023,12997,5,0.02664738576022818,0.5266473857602282,1,1
2023,12998,3,0,0.5,1,1
2023,12998,4,0.004189517906718121,0.5041895179067182,1,1
2023,12998,5,0,0.5,1,1
2023,12999,3,0,0.499640212748191,0.9995202836642546,0.9998800709160636
2023,12999,4,0.01582574430689776,0.5154659570550888,0.9995202836642546,0.9998800709160636
2023,13000,3,0,0.5,1,1
2023,13000,4,0,0.5,1,1
2023,13002,3,0.003611122865970595,0.5036111228659705,1,1
2023,13002,4,0.07305556731041501,0.573055567310415,1,1
2023,13010,3,0,0.5,1,1
2023,13015,4,0,0.5,1,1
2023,13016,4,6.454093515911863E-4,0.5003999752612247,0.9997545659096335,1
2023,13016,5,0.04374885762745323,0.5435034235370868,0.9997545659096335,1
2023,13016,6,6.454093515911863E-4,0.5003999752612247,0.9997545659096335,1
2023,13019,5,0,0.5,1,1
2023,13031,3,0,0.5,1,1
2023,13031,4,0.0600937152132322,0.5600937152132321,1,1
2023,13037,3,0,0.5,1,1
2023,13037,4,0,0.5,1,1
2023,13038,4,0.01508088241220718,0.5150808824122072,1,1
2023,13039,3,0,0.5,1,1
2023,13039,4,0,0.5,1,1
2023,13046,4,0,0.5,1,1
2023,13053,4,0,0.5,1,1
2023,13053,5,0,0.5,1,1
2023,13282,5,0.01902756269528722,0.5190275626952872,1,1
2023,13282,6,0.03178988431658475,0.5317898843165847,1,1
2023,13288,5,0.01285147392038288,0.5128514739203829,1,1
2023,13288,6,0.01861342782475167,0.5186134278247516,1,1
2023,13293,5,0.06826888638225187,0.5682688863822518,1,1
2023,13293,6,0.02362077095233428,0.5236207709523343,1,1
2023,13300,5,1.641340534481728E-4,0.5001641340534482,1,1
2023,13300,6,0.02190326448823077,0.5219032644882308,1,1
2023,13304,6,0.04016360074917624,0.5401636007491762,1,1
2023,13304,7,0.003213915214585028,0.503213915214585,1,1
2023,13310,5,0,0.5,1,1
2023,13310,6,0.01761281458056424,0.5176128145805643,1,1
2023,13314,6,0.03474865654533954,0.5347486565453395,1,1
2023,13314,7,0.06052322919491221,0.5605232291949123,1,1
2023,13315,5,0.07260506365258779,0.5706189752289568,0.9972966722790052,0.9992827607026362
2023,13315,6,0.02310631678541986,0.5211202283617888,0.9972966722790052,0.9992827607026362
2023,13316,5,0.02217703204913546,0.5221770320491355,1,1
2023,13316,6,0.02112734314864379,0.5211273431486438,1,1
2023,13322,5,0.01312694103458884,0.5131269410345889,1,1
2023,13322,6,0.008317981877803582,0.5083179818778036,1,1
2023,13325,5,0.01973840706786151,0.5197384070678615,1,1
2023,13325,6,0.04813582627337026,0.5481358262733702,1,1
2023,13331,5,0.04355157869375881,0.5435515786937588,1,1
2023,13331,6,0.03962328785739,0.53962328785739,1,1
2023,13343,6,0,0.5,1,1
2023,13343,7,0.09066446317349253,0.5906644631734925,1,1
2023,13382,4,0.01100693988937984,0.5110069398893798,1,1
2023,13387,4,0,0.5,1,1
2023,13388,4,0,0.5,1,1
2023,14139,6,0,0.5,1,1
2023,14420,7,0.002250881701231777,0.5022508817012318,1,1
2023,14420,8,0.002815847449076425,0.5028158474490765,1,1
2023,14424,6,0,0.5,1,1
2023,14424,7,0,0.5,1,1
2023,14432,6,0,0.5,1,1
2023,14441,6,0.01423679013764084,0.5142367901376408,1,1
2023,14441,7,0.001715553304477369,0.5017155533044774,1,1
2023,14442,6,0,0.5,1,1
2023,14454,7,0,0.5,1,1
2023,14555,3,0,0.5,1,1
2023,14555,4,0,0.5,1,1
2023,14565,4,0,0.5,1,1
2023,14609,2,0,0.5,1,1
2023,14996,4,0,0.5,1,1
2023,14996,6,0,0.5,1,1
2023,14997,5,0,0.5,1,1
2023,14998,5,0.003259510472484739,0.5032595104724847,1,1
2023,14998,7,0.1818309390439133,0.6818309390439132,1,1
2023,15020,8,0.04065799313903701,0.3060973738302582,0.5756155846344799,0.8101762039432588
2023,15158,5,0,0.5,1,1
2023,15299,6,0,0.5,1,1
2023,15299,7,0,0.5,1,1
2023,15446,4,0.06212616194495263,0.5621261619449527,1,1
2023,15609,4,0.1666666666666667,0.6666666666666667,1,1
2023,15757,5,0,0.5,1,1
2023,15844,7,0.01435831514341235,0.5143583151434123,1,1
2023,15844,8,0.07388212466722183,0.5738821246672219,1,1
2023,15855,6,0,0.5,1,1
2023,15855,7,0,0.5,1,1
2023,16032,5,0,0.5,1,1
2023,16034,5,0,0.5,1,1
2023,16041,6,0,0.4882757858177089,0.9843660260820134,0.9960902402643046
2023,16041,7,0.1293344531746805,0.6176102389923894,0.9843660260820134,0.9960902402643046
2023,16042,5,0.1173469438775548,0.6173469438775548,1,1
2023,16049,5,0.04207034155371292,0.5420703415537129,1,1
2023,16049,6,0,0.5,1,1
2023,16052,5,0,0.5,1,1
2023,16053,5,0,0.5,1,1
2023,16056,6,0,0.5,1,1
2023,16057,6,0,0.5,1,1
2023,16059,5,0.1667782847376257,0.6667782847376258,1,1
2023,16136,9,0.1879142637428473,0.6879142637428473,1,1
2023,16136,10,0,0.5,1,1
2023,16139,7,0,0.5,1,1
2023,16167,7,0,0.5,1,1
2023,16337,4,0.01470588235294118,0.5147058823529411,1,1
2023,16340,5,0,0.5,1,1
2023,16407,7,0.03444967163040286,0.5344496716304028,1,1
2023,16407,8,0.00111633829706953,0.5011163382970696,1,1
2023,16617,6,0,0.5,1,1
2023,16673,5,0,0.5,1,1
2023,16674,4,0.07638928041925697,0.5752733980092846,0.9983261763850414,0.9994420587950138
2023,16701,4,0,0.5,1,1
2023,16701,5,0,0.5,1,1
2023,16702,4,0,0.5,1,1
2023,16702,5,0,0.5,1,1
2023,16703,4,0,0.5,1,1
2023,16703,5,0,0.5,1,1
2023,16712,3,0,0.5,1,1
2023,16718,5,0,0.5,1,1
2023,16718,6,0,0.5,1,1
2023,16800,4,0,0.5,1,1
2023,16800,5,0.01219512195121952,0.5121951219512195,1,1
2023,16802,4,0,0.5,1,1
2023,16802,5,0,0.5,1,1
2023,16850,5,0,0.5,1,1
2023,16850,6,0,0.5,1,1
2023,16850,7,0,0.5,1,1
2023,16856,5,0,0.5,1,1
2023,16856,7,0,0.5,1,1
2023,16857,5,0,0.5,1,1
2023,16857,6,0,0.5,1,1
2023,16857,7,0,0.5,1,1
2023,16870,3,0,0.5,1,1
2023,16870,5,0,0.5,1,1
2023,16871,3,0.01666666666666666,0.5166666666666666,1,1
2023,16871,4,0,0.5,1,1
2023,17025,5,0,0.5,1,1
2023,17151,5,0,0.5,1,1
2023,17164,4,0.06342078599574352,0.3434740412422846,0.7168228971064786,0.9367696418599376
2023,17164,5,0,0.3078310330243189,0.6196006748842564,0.8117696418599376
2023,17164,6,0.08415985085245548,0.3301507632131243,0.5999928317470015,0.8540019193863327
2023,17167,4,0.1123023403594943,0.3691774385337077,0.6818535869393411,0.9249784887651278
2023,17167,5,0.0948972770683551,0.3511130925421465,0.6403187768127588,0.8841029613389675
2023,17170,3,0.1917342659139381,0.5233601651967177,0.8128088761596064,0.9811829768768268
2023,17170,4,0.0488771230567952,0.3090744509110034,0.6461422094929397,0.8859448816387314
2023,17170,5,0.0788636459678464,0.3363655560322971,0.6278358303375039,0.8703339202730531
2023,17236,4,0,0.5,1,1
2023,17248,3,0,0.5,1,1
2023,17253,5,0,0.5,1,1
2023,17255,4,0.03064766248662548,0.5306476624866254,1,1
2023,17261,6,0,0.5,1,1
2023,17284,6,0.006484010053138034,0.506484010053138,1,1
2023,17284,7,0.01750385349931638,0.5175038534993164,1,1
2023,17288,7,0.01014903320225036,0.5101490332022504,1,1
2023,17288,8,0.05752767397894937,0.5575276739789494,1,1
2023,17391,8,0.04106467806822212,0.5410646780682221,0.9981949458483754,0.9981949458483754
2023,17454,3,0,0.5,1,1
2023,17455,2,0,0.5,1,1
2023,17459,8,0,0.5,1,1
2023,17459,9,0,0.5,1,1
2023,17574,5,0,0.5,1,1
2023,17576,5,0,0.5,1,1
2023,17578,9,0,0.5,1,1
2023,17586,6,0,0.5,1,1
2023,17586,7,7.112375533427917E-4,0.5007112375533428,1,1
2023,17588,6,0,0.5,1,1
2023,17591,5,0,0.5,1,1
2023,17591,6,0,0.5,1,1
2023,17591,7,0,0.5,1,1
2023,17592,5,0.006367218701528288,0.5063672187015282,1,1
2023,17592,6,0.003159240808941477,0.5031592408089415,1,1
2023,17594,5,0.007609432611997924,0.507609432611998,1,1
2023,17594,6,6.909386136741968E-4,0.5006909386136742,1,1
2023,17596,6,0,0.5,1,1
2023,17600,5,0,0.5,1,1
2023,17600,6,0.004470091445107072,0.504470091445107,1,1
2023,17600,7,0.002607572243878198,0.5026075722438782,1,1
2023,17602,7,0,0.5,1,1
2023,17677,5,0.01719116596429338,0.5171911659642934,0.9996080426191586,0.9996080426191586
2023,17678,4,0,0.5,1,1
2023,17763,4,0,0.5,1,1
2023,17772,5,0,0.5,1,1
2023,17772,6,0.02500000000000002,0.525,1,1
2023,17784,7,0,0.5,1,1
2023,17784,8,0.03740983153306599,0.537409831533066,1,1
2023,17786,7,0,0.5,1,1
2023,17786,8,0.1155875195126307,0.6155875195126308,1,1
2023,17791,7,6.87419883503626E-4,0.5001327626135124,0.9985900681512081,0.9991447254211994
2023,17791,8,0.0366874198835036,0.5361327626135124,0.9985900681512081,0.9991447254211994
2023,17817,4,0,0.5,1,1
2023,17818,4,0,0.5,1,1
2023,17819,4,0,0.5,1,1
2023,17820,4,0,0.5,1,1
2023,17821,4,0,0.5,1,1
2023,17976,4,0,0.5,1,1
2023,17978,4,0,0.5,1,1
2023,18026,5,0,0.5,1,1
2023,18104,3,0,0.5,1,1
2023,18132,3,0.05192250272205834,0.5448563152925756,0.9901742356744423,0.997240423103925
2023,18170,4,0,0.5,1,1
2023,18170,5,0,0.5,1,1
2023,18211,6,0.06610772462870113,0.5661077246287012,1,1
2023,18212,5,0.06824738936211083,0.5682473893621108,1,1
2023,18213,4,0,0.5,1,1
2023,18214,4,0,0.5,1,1
2023,18226,4,0.1252546801838437,0.6252546801838437,1,1
2023,18226,5,2.546801838436696E-4,0.5002546801838437,1,1
2023,18227,3,0.005248942404538104,0.5052489424045381,1,1
2023,18227,4,0,0.5,1,1
2023,18228,3,0.05573529837862762,0.5557352983786277,1,1
2023,18228,4,0.1563534302467595,0.6563534302467595,1,1
2023,18352,6,0.02212646340621155,0.5221264634062115,1,1
2023,18352,7,0.04383776181653909,0.5438377618165391,1,1
2023,18353,7,0,0.5,1,1
2023,18354,6,0,0.5,1,1
2023,18354,7,0,0.5,1,1
2023,18356,7,0,0.5,1,1
2023,18360,6,0,0.4915305636965188,0.98644890191443,0.9949183382179113
2023,18360,7,0.06080611273930375,0.5523366764358225,0.98644890191443,0.9949183382179113
2023,18361,7,0,0.5,1,1
2023,18363,7,0,0.5,1,1
2023,18408,5,0.006756756756756743,0.5067567567567568,1,1
2023,18408,6,0,0.5,1,1
2023,18409,5,0,0.5,1,1
2023,18426,9,0,0.5,1,1
2023,18496,1,0,0.5,1,1
2023,18496,2,0,0.5,1,1
2023,18496,3,0,0.5,1,1
2023,18497,8,0.01120322084221948,0.5112032208422195,1,1
2023,18497,9,0.07197572935484098,0.571975729354841,1,1
2023,18691,5,0,0.5,1,1
2023,18693,5,0,0.5,1,1
2023,18694,5,0,0.25,0.5,0.75
2023,18715,6,0,0,0.5,1
2023,18741,6,0.009685610312222759,0.5096856103122227,1,1
2023,18741,7,0.06944992007653256,0.5694499200765326,1,1
2023,18750,7,0,0.4831770961833988,0.9700038274032939,0.9868267312198951
2023,18750,8,0.09370854904166198,0.5768856452250608,0.9700038274032939,0.9868267312198951
2023,18862,5,0,0.5,1,1
2023,18862,6,0,0.5,1,1
2023,19046,4,0,0.5,1,1
2023,19054,4,0,0.5,1,1
2023,19055,4,0,0.5,1,1
2023,19075,2,0,0.5,1,1
2023,19075,3,0,0.5,1,1
2023,19103,2,8.857866342595888E-4,0.5008857866342595,1,1
2023,19103,3,0.1034498891983622,0.6034498891983622,1,1
2023,19111,2,0.02762185818170038,0.5276218581817004,1,1
2023,19111,3,0.02623979429963652,0.5262397942996365,1,1
2023,19115,3,0,0.5,1,1
2023,19119,3,0,0.5,1,1
2023,19131,3,0,0.5,1,1
2023,19140,3,0,0.5,1,1
2023,19149,2,0.2513407396213602,0.7513407396213602,1,1
2023,19149,3,0.05262279090341143,0.5526227909034114,1,1
2023,19157,2,0.09062458772440912,0.5906245877244092,1,1
2023,19157,3,0.1184023655021869,0.6184023655021869,1,1
2023,19428,2,0.05805935882117641,0.5580593588211764,1,1
2023,19428,3,0.0112172535580185,0.5112172535580185,1,1
2023,19491,4,0.005144695437888924,0.5051446954378889,1,1
2023,19492,4,0,0.5,1,1
2023,19522,4,0.003605572125007894,0.5036055721250079,1,1
2023,19522,5,0.002144008147895393,0.5021440081478954,1,1
2023,19636,3,2.268798864653032E-4,0.5002268798864653,1,1
2023,19636,4,0.02022687988646532,0.5202268798864653,1,1
2023,19666,5,0,0.5,1,1
2023,19747,5,0.186046511627907,0.686046511627907,1,1
2023,19808,3,0.01661185275861138,0.5166118527586114,1,1
2023,19851,4,0.01666666666666666,0.5166666666666666,1,1
2023,19892,4,0,0.5,1,1
2023,19894,4,0.005455975695869642,0.5054559756958696,1,1
2023,19946,1,0,0.5,1,1
2023,19946,3,0,0.5,1,1
2023,19947,2,0,0.5,1,1
2023,19947,3,0,0.5,1,1
2023,20046,5,0,0.5,1,1
2023,20121,2,0.06865363072704134,0.5686536307270413,1,1
2023,20129,3,0.3010615748612695,0.8010615748612695,1,1
2023,20135,2,0,0.5,1,1
2023,20135,3,0.02000000000000002,0.52,1,1
2023,20149,3,0,0.5,1,1
2023,20149,4,0.02572203810418644,0.5257220381041865,1,1
2023,20150,3,0.01678978193044406,0.5167897819304441,1,1
2023,20150,4,0.08678127384776552,0.5867812738477656,1,1
2023,20151,4,0.2201755053894146,0.7201755053894145,1,1
2023,20182,3,0,0.5,1,1
2023,20182,4,0,0.5,1,1
2023,20183,3,0,0.5,1,1
2023,20183,4,0,0.5,1,1
2023,20184,3,0,0.5,1,1
2023,20184,4,0,0.5,1,1
2023,20186,3,0,0.5,1,1
2023,20186,4,0,0.5,1,1
2023,20305,4,0,0.5,1,1
2023,20306,4,0.05843733881988522,0.5576460767473593,0.9988131068912112,0.999604368963737
2023,20386,2,0,0.5,1,1
2023,20388,2,0,0.5,1,1
2023,20533,4,0,0.5,1,1
2023,20555,5,0.1025525023392588,0.6025525023392588,1,1
2023,20560,3,0,0.5,1,1
2023,20560,4,0,0.5,1,1
2023,20562,4,0,0.5,1,1
2023,20673,4,0.08411716270300662,0.5841171627030066,1,1
2023,20793,2,0,0.5,1,1
2023,20793,3,0,0.5,1,1
2023,20802,4,0.1675057378108452,0.6675057378108452,1,1
2023,20817,2,0,0.5,1,1
2023,20817,3,0.05051112978875044,0.5505111297887504,1,1
2023,20827,5,0,0.5,1,1
2023,20827,6,0,0.5,1,1
2023,20848,2,0,0.5,1,1
2023,20859,5,0,0.5,1,1
2023,20860,5,0,0.5,1,1
2023,20866,2,0,0.5,1,1
2023,20866,3,0,0.5,1,1
2023,20953,5,0,0.2344709359710873,0.5815523136049063,0.8470813776338191
2023,20965,5,0,0.5,1,1
2023,21015,2,0,0.5,1,1
2023,21015,3,0,0.5,1,1
2023,21031,5,0.2338724086180537,0.7338724086180537,1,1
2023,21045,2,0.1265783288418831,0.6265783288418831,1,1
2023,21110,2,0,0.5,1,1
2023,21211,2,0,0.5,1,1
2023,21211,3,0,0.5,1,1
2023,21290,5,0,0.5,1,1
2023,21291,5,0,0.5,1,1
2023,21292,5,0,0.5,1,1
2023,21293,5,0,0.5,1,1
2023,21313,5,0.3395048819507022,0.8395048819507022,1,1
2023,21337,3,0,0.5,1,1
2023,21337,4,0.0479165969310601,0.5479165969310601,1,1
2023,21380,4,0.02459471283067283,0.5245947128306728,1,1
2023,21414,2,0,0.5,1,1
2023,21414,3,0.07572854438711235,0.5757285443871123,1,1
2023,21433,7,0,0.5,1,1
2023,21560,3,0,0.5,1,1
2023,21563,4,0,0.5,1,1
2023,21644,4,0,0.5,1,1
2023,21684,2,0,0.5,1,1
2023,21684,3,0.03153631620937875,0.5315363162093787,1,1
2023,21697,2,0,0.5,1,1
2023,21702,2,0,0.5,1,1
2023,21705,2,0,0.5,1,1
2023,21709,3,0,0.5,1,1
2023,21709,4,0,0.5,1,1
2023,21709,5,0,0.5,1,1
2023,21710,2,0.001402486486058119,0.5014024864860581,1,1
2023,21710,3,0.1014024864860581,0.6014024864860581,1,1
2023,21710,4,0.001402486486058119,0.5014024864860581,1,1
2023,21811,3,0,0.5,1,1
2023,21835,3,0,0.5,1,1
2023,21840,3,0.03411793895746651,0.5341179389574665,1,1
2023,21840,4,0,0.5,1,1
2023,21842,3,0.07985948600130238,0.5798594860013024,1,1
2023,21842,4,0.004859486001302371,0.5048594860013024,1,1
2023,21853,5,0,0.5,1,1
2023,21853,6,0.001098901098901095,0.5010989010989011,1,1
2023,22013,2,0,0.5,1,1
2023,22145,3,0.01960784313725489,0.5196078431372548,1,1
2023,22175,2,8.382193035200158E-5,0.5000838219303521,1,1
2023,22175,3,0.08054359204529454,0.5805435920452946,1,1
2023,22179,3,0,0.5,1,1
2023,22186,2,0,0.5,1,1
2023,22186,3,0,0.5,1,1
2023,22196,2,0,0.5,1,1
2023,22196,3,0,0.5,1,1
2023,22202,2,0,0.5,1,1
2023,22237,3,0,0.5,1,1
2023,22256,4,0,0.5,1,1
2023,22257,3,0,0.5,1,1
2023,22257,4,0.06905670111796869,0.5690567011179687,1,1
2023,22257,5,0.03380029086155845,0.5338002908615584,1,1
2023,22264,2,0.1270065099112959,0.6270065099112958,1,1
2023,22316,5,0,0.5,1,1
2023,22316,6,0.001877166373719208,0.5018771663737192,1,1
2023,22757,7,0.07632210542075046,0.1445031144817229,0.3864919768306233,0.8183109677696508
2023,22757,8,0.2221554387540838,0.6028364478150563,0.8031586434972899,0.9224776344363175
2023,22760,5,0.002328281394856968,0.4017549997439223,0.8259074227290166,0.9264807043799513
2023,22768,2,0.04247754864163494,0.5424775486416349,1,1
2023,22771,3,0.06726991906726026,0.5672699190672603,1,1
2023,22801,2,0,0.5,1,1
2023,22802,2,0,0.5,1,1
2023,22899,3,0,0.5,1,1
2023,22906,3,0,0.5,1,1
2023,22907,3,0,0.5,1,1
2023,22994,3,0,0.5,1,1
2023,22994,4,0.01063829787234044,0.5106382978723405,1,1
2023,23013,3,0.02090252521877356,0.293750328264084,0.610936248806621,0.8380884457613106
2023,23014,3,0.002823315909145363,0.3099949951704779,0.7081190302135416,0.9009473509522091
2023,23015,3,0,0.3220927488920776,0.7370551025095521,0.9149623536174745
2023,23016,3,0,0.4037928138551959,0.8149236180204021,0.9111308041652061
2023,23092,7,0.02941176470588236,0.5294117647058824,1,1
2023,23093,5,0,0.5,1,1
2023,23094,5,0,0.5,1,1
2023,23094,6,0.04545454545454547,0.5454545454545454,1,1
2023,23095,5,0,0.5,1,1
2023,23229,4,0,0.5,1,1
2023,23229,5,0.00284306403030804,0.5028430640303081,1,1
2023,23230,1,0,0.5,1,1
2023,23244,2,0,0.5,1,1
2023,23244,3,0,0.5,1,1
2023,23355,2,0,0.5,1,1
2023,23372,3,0,0.5,1,1
2023,23374,4,0.07142857142857145,0.5714285714285714,1,1
2023,23375,4,0,0.5,1,1
2023,23382,5,0,0.5,1,1
2023,23385,5,0,0.5,1,1
2023,23386,4,0,0.5,1,1
2023,23386,5,0,0.5,1,1
2023,23386,6,0.05537246328921724,0.5553724632892172,1,1
2023,23387,3,0,0.5,1,1
2023,23387,4,0,0.5,1,1
2023,23388,5,0,0.5,1,1
2023,23389,5,0,0.5,1,1
2023,23391,5,0,0.5,1,1
2023,23406,3,0,0.5,1,1
2023,23411,6,0,0.5,1,1
2023,23411,7,0,0.5,1,1
2023,23424,2,0.0140225656791208,0.5140225656791209,1,1
2023,23424,3,5.090521656073155E-4,0.5005090521656073,1,1
2023,23425,2,0.01644020807056706,0.516440208070567,1,1
2023,23425,3,0.002926694557053577,0.5029266945570536,1,1
2023,23426,2,0,0.5,1,1
2023,23427,2,0,0.5,1,1
2023,23428,2,0,0.5,1,1
2023,23428,3,0,0.5,1,1
2023,23431,2,0,0.5,1,1
2023,23432,2,0,0.5,1,1
2023,23542,1,0.01713668028615795,0.5171366802861579,1,1
2023,23542,2,0,0.5,1,1
2023,23644,2,0,0.5,1,1
2023,23743,3,0,0.5,1,1
2023,23755,2,0.01277889914421831,0.5127788991442184,1,1
2023,23755,3,0,0.5,1,1
2023,23758,3,0.01323667980645094,0.5132366798064509,1,1
2023,23758,4,0,0.5,1,1
2023,23759,3,0,0.5,1,1
2023,23759,4,0,0.5,1,1
2023,23764,3,0,0.5,1,1
2023,23764,4,0,0.5,1,1
2023,23766,2,0.08463353741090296,0.584633537410903,1,1
2023,23766,3,0.1258558781200472,0.6258558781200472,1,1
2023,23768,3,0,0.5,1,1
2023,23769,2,0.007462686567164201,0.5074626865671642,1,1
2023,23769,3,0,0.5,1,1
2023,23925,5,0,0.5,1,1
2023,23927,2,0,0.5,1,1
2023,23930,2,0.02314493492182257,0.5230818913743225,0.999635972429263,0.999699015976763
2023,23933,2,0,0.5,1,1
2023,23943,2,0,0.5,1,1
2023,23959,3,0.5,1,1,1
2023,23960,3,0,0.5,1,1
2023,23960,4,0,0.5,1,1
2023,23961,3,0,0.5,1,1
2023,23961,4,0,0.5,1,1
2023,23963,3,0,0.5,1,1
2023,23963,4,0,0.5,1,1
2023,23964,3,0,0.5,1,1
2023,23964,4,0,0.5,1,1
2023,23966,2,7.489500311646524E-4,0.5007489500311646,1,1
2023,23966,3,0.004221172253386862,0.5042211722533869,1,1
2023,23991,2,0,0.5,1,1
2023,23992,3,0.2616117392086621,0.7616117392086621,1,1
2023,23998,2,0,0.5,1,1
2023,23999,2,0,0.5,1,1
2023,23999,3,0,0.5,1,1
2023,24008,2,0,0.5,1,1
2023,24023,2,0,0.5,1,1
2023,24085,2,0,0.5,1,1
2023,24089,3,0,0.5,1,1
2023,24093,2,0.1852672758838476,0.6852672758838476,1,1
2023,24093,3,0.05106814168471335,0.5510681416847134,1,1
2023,24129,2,0,0.5,1,1
2023,24148,2,0.08832671572125422,0.5827476057805063,0.9927722921579457,0.9983514020986936
2023,24275,2,0.03950789720038994,0.5395078972003899,1,1
2023,24287,2,0.0402321989785166,0.5402321989785166,1,1
2023,24302,2,0.0402321989785166,0.5402321989785166,1,1
2023,24306,2,0.03383245593996459,0.5338324559399645,1,1
2023,24338,2,0.03955637995204986,0.5395563799520499,1,1
2023,24362,1,1.110396809983483E-4,0.5001110396809983,1,1
2023,24362,2,0.04724218722198198,0.5472421872219819,1,1
2023,24364,1,0,0.5,1,1
2023,24372,2,0,0.5,1,1
2023,24378,1,0,0.5,1,1
2023,24378,2,0.05255260919048466,0.5525526091904847,1,1
2023,24380,2,0.1333267642583593,0.6324434135846804,0.9986032999574332,0.9994866506311122
2023,24396,1,0,0.5,1,1
2023,24397,1,0,0.5,1,1
2023,24397,2,0,0.5,1,1
2023,24409,2,0,0.5,1,1
2023,24458,2,0.01351351351351349,0.5135135135135135,1,1
2023,24525,5,0,0.5,1,1
2023,24525,6,0.04695170110584068,0.5469517011058407,1,1
2023,24538,2,0,0.5,1,1
2023,24538,3,0,0.5,1,1
2023,24539,3,0,0.5,1,1
2023,24558,3,0,0.5,1,1
2023,24559,3,0,0.5,1,1
2023,24560,3,0,0.5,1,1
2023,24561,3,0,0.5,1,1
2023,24562,3,0,0.5,1,1
2023,24563,3,0,0.5,1,1
2023,24574,6,0,0.5,1,1
2023,24575,5,0,0.5,1,1
2023,24579,4,0,0.5,1,1
2023,24624,1,0,0.5,1,1
2023,24624,2,0,0.5,1,1
2023,24648,2,0.1999627440829649,0.699962744082965,1,1
2023,24648,3,0.0999627440829649,0.5999627440829649,1,1
2023,24663,1,0.01707756781941594,0.5170775678194159,1,1
2023,24663,2,0.07374086066691926,0.5737408606669192,1,1
2023,24689,2,0,0.5,1,1
2023,24725,2,0.10313063195845,0.60313063195845,1,1
2023,24725,3,0.0297475473813355,0.5297475473813356,1,1
2023,24733,2,0.09088007373495793,0.590880073734958,1,1
2023,24733,3,0.0163759477602437,0.5163759477602436,1,1
2023,24821,2,0,0.5,1,1
2023,24821,3,0,0.5,1,1
2023,24828,2,0.178108813914813,0.678108813914813,1,1
2023,24837,1,0.5,0.9933293583091785,0.9933293583091785,1
2023,24837,2,0.002139222125353169,0.4954685804345316,0.9933293583091785,1
2023,24846,2,0,0.5,1,1
2023,24874,3,0,0.5,1,1
2023,24895,4,0,0.5,1,1
2023,24996,2,0.01105549390701177,0.5110554939070118,1,1
2023,24996,3,0,0.5,1,1
2023,24999,2,0.1888832155513294,0.6888832155513294,1,1
2023,24999,3,0,0.5,1,1
2023,25003,2,0,0.5,1,1
2023,25003,3,0,0.5,1,1
2023,25003,5,0,0.5,1,1
2023,25043,5,0,0.5,1,1
2023,25045,4,0,0.5,1,1
2023,25045,5,0,0.5,1,1
2023,25118,4,0,0.5,1,1
2023,25192,3,0,0.5,1,1
2023,25193,3,0.1696428586309535,0.6696428586309535,1,1
2023,25399,4,0,0.5,1,1
2023,25424,3,0.06617805969244916,0.5661780596924492,1,1
2023,25424,4,0.065540954697546,0.5655409546975461,1,1
2023,25424,5,0.03025316832063046,0.5302531683206304,1,1
2023,25435,2,0,0.5,1,1
2023,25437,2,0,0.5,1,1
2023,25438,3,0,0.5,1,1
2023,25443,2,0,0.5,1,1
2023,25456,2,0.02008438968345572,0.5200843896834557,1,1
2023,25456,3,0,0.5,1,1
2023,25470,6,0,0.5,1,1
2023,25473,6,0,0.5,1,1
2023,25475,6,0,0.5,1,1
2023,25478,5,0,0.5,1,1
2023,25504,3,0,0.5,1,1
2023,25508,3,0.02392089489094518,0.5239208948909452,1,1
2023,25510,3,0,0.5,1,1
2023,25510,4,0,0.5,1,1
2023,25510,5,0,0.5,1,1
2023,25537,3,0,0.5,1,1
2023,25557,2,0,0.5,1,1
2023,25557,3,0.1167484834762325,0.6167484834762325,1,1
2023,25559,3,0.1069312548562785,0.6069312548562785,1,1
2023,25562,2,0.0257102058498736,0.5247966123525811,0.9977323122773472,0.9986459057746396
2023,25562,3,0.2252008679890926,0.7242872744918001,0.9977323122773472,0.9986459057746396
2023,25572,2,0.01345177158363214,0.5134517715836322,1,1
2023,25572,3,0.1464645920964527,0.6464645920964527,1,1
2023,25706,2,0.25,0.75,1,1
2023,25782,4,0,0.5,1,1
2023,25782,5,0,0.5,1,1
2023,25787,4,0,0.5,1,1
2023,25788,4,0,0.5,1,1
2023,25790,2,0.02997493633685477,0.5299749363368548,1,1
2023,25790,3,0.4978648445937355,0.9978648445937356,1,1
2023,25792,2,0.029825694873095,0.5285630275759774,0.9977419126228277,0.9990045799199454
2023,25792,3,0.06716335721075734,0.5659006899136398,0.9977419126228277,0.9990045799199454
2023,25794,2,0,0.5,1,1
2023,25805,4,0.006385366829105399,0.5063853668291054,1,1
2023,25818,2,0,0.5,1,1
2023,25819,3,0.1085352156855468,0.6085352156855468,1,1
2023,25825,2,0.02872858023993363,0.525640306867365,0.9969117266274313,1
2023,25825,3,0.004919056430409796,0.5018307830578411,0.9969117266274313,1
2023,25894,3,0,0.5,1,1
2023,25958,2,0,0.5,1,1
2023,25958,3,0,0.5,1,1
2023,25968,2,0,0.5,1,1
2023,25968,3,0,0.5,1,1
2023,25987,3,0,0.5,1,1
2023,25987,4,0,0.5,1,1
2023,25987,5,0,0.5,1,1
2023,26117,3,0.01666666666666666,0.5166666666666666,1,1
2023,26119,5,0.03955872570628605,0.5373388158047085,0.9950941277630657,0.9973140376646433
2023,26119,6,0.08375935266553369,0.395332546212232,0.7088872312113416,0.8973140376646432
2023,26120,5,0.002733520842130355,0.1632705620728079,0.5748593491602784,0.9143223079296008
2023,26120,6,0.1343124682105514,0.3547179304938606,0.5182804017918573,0.7978749395085482
2023,26121,6,0.1744655471755029,0.4074085173895828,0.5985010972067899,0.8655581269927101
2023,26122,6,0.05595668645394208,0.4440355067631278,0.8205904903129473,0.9325116700037617
2023,26123,5,0,0.2878307122100133,0.6778801068252374,0.8900493946152241
2023,26123,6,0.08106908928222478,0.3944811968410753,0.7104382463601211,0.8970261388012706
2023,26237,1,0,0.5,1,1
2023,26237,2,0.0583574628297614,0.5583574628297614,1,1
2023,26243,2,0.08551884122632614,0.5844135910780626,0.9988189323837918,0.9999241825320554
2023,26246,1,8.764121274527081E-4,0.5008764121274527,0.9997973106403286,0.9997973106403286
2023,26246,2,0.1419020531530937,0.6419020531530937,0.9997973106403286,0.9997973106403286
2023,26249,1,0.0463550940635018,0.5463550940635018,1,1
2023,26308,5,0,0.5,1,1
2023,26308,6,0,0.5,1,1
2023,26461,3,0,0.5,1,1
2023,26461,4,0.05671772592384017,0.5567177259238402,1,1
2023,26463,4,0.0354430371428302,0.5354430371428303,1,1
2023,26540,4,0.2431808354013053,0.5467050067433825,0.7049606199822405,0.9014364486401631
2023,26540,5,0,0.4910241713420773,0.9862106199822404,0.995186448640163
2023,26540,6,0.1236156180100009,0.4153644270332376,0.6927323591126753,0.9009835500894385
2023,26707,4,0.05615830474193395,0.556158304741934,1,1
2023,26707,5,0.09420497055858579,0.5942049705585858,1,1
2023,26708,4,0.06050772200308513,0.5605077220030852,1,1
2023,26708,5,0.02818506754084255,0.5281850675408426,1,1
2023,26768,3,0,0.5,1,1
2023,26801,5,0,0.5,1,1
2023,26802,4,0,0.5,1,1
2023,26834,3,0,0.5,1,1
2023,26835,3,0,0.5,1,1
2023,26864,3,0,0.5,1,1
2023,26971,2,0.01207278780115001,0.511235360006755,0.9989528962122721,0.9997903240066671
2023,26977,3,0,0.5,1,1
2023,26977,4,0,0.5,1,1
2023,26981,3,0,0.5,1,1
2023,27104,2,0,0.5,1,1
2023,27110,4,0.08000000000000002,0.5779338844266528,0.9979338844266529,1
2023,27118,4,0,0.5,1,1
2023,27120,4,0,0.5,1,1
2023,27124,5,0,0.5,1,1
2023,27141,1,0,0.5,1,1
2023,27141,2,0,0.5,1,1
2023,27159,2,0,0.5,1,1
2023,27164,2,0.02066261498489408,0.5174330686352284,0.9946174227505573,0.9978469691002229
2023,27171,2,0.005584073681222157,0.5055840736812222,0.9996749767207576,0.9996749767207576
2023,27176,2,0.04309810323455315,0.5430981032345532,1,1
2023,27208,2,0,0.5,1,1
2023,27208,3,0,0.5,1,1
2023,27210,2,0.09479266053945373,0.5947926605394538,1,1
2023,27229,5,0.00877240497602727,0.5087724049760273,1,1
2023,27229,6,0.01567217671290216,0.5156721767129022,1,1
2023,27309,2,0,0.5,1,1
2023,27329,4,0,0.5,1,1
2023,27357,2,0,0.5,1,1
2023,27358,2,0,0.5,1,1
2023,27360,2,0,0.5,1,1
2023,27360,3,0,0.5,1,1
2023,27361,2,0,0.5,1,1
2023,27361,3,0,0.5,1,1
2023,27363,2,0,0.5,1,1
2023,27365,2,0,0.5,1,1
2023,27366,2,0,0.5,1,1
2023,27368,2,0,0.5,1,1
2023,27457,3,0.02025645034856882,0.5202564503485688,1,1
2023,27457,4,0.03970184306409624,0.5397018430640963,1,1
2023,27458,4,0,0.5,1,1
2023,27459,4,0,0.5,1,1
2023,27460,2,0,0.5,1,1
2023,27461,2,0,0.5,1,1
2023,27461,3,0,0.5,1,1
2023,27519,2,0,0.5,1,1
2023,27519,4,0,0.5,1,1
2023,27548,3,0,0.3278629697688923,0.8237405448975208,0.9958775751286285
2023,27552,3,0,0.1356286680384798,0.5186621919943504,0.8830335239558705
2023,27563,1,0.01458179927593312,0.5145817992759332,1,1
2023,27563,2,0.01954211673625056,0.5195421167362506,1,1
2023,27563,3,0.009347081275257685,0.5093470812752576,1,1
2023,27573,2,0,0.5,1,1
2023,27614,1,0,0.5,1,1
2023,27616,1,0,0.5,1,1
2023,27617,1,0.01719131122768824,0.5171913112276882,1,1
2023,27644,2,0.01994645638328368,0.5199464563832836,1,1
2023,27644,3,0.01487375450207112,0.5148737545020712,1,1
2023,27645,3,0.01886600689846701,0.518866006898467,1,1
2023,27646,2,0,0.5,1,1
2023,27646,3,0,0.5,1,1
2023,27647,3,0,0.5,1,1
2023,27647,4,0,0.5,1,1
2023,27648,3,0,0.5,1,1
2023,27705,2,0,0.5,1,1
2023,27833,3,0.02941176470588236,0.5294117647058824,1,1
2023,27837,2,0.07707810528376863,0.2483369908535442,0.5048982150417627,0.833639329471987
2023,27837,3,0.1047337829394463,0.259142851659405,0.4387809989245465,0.7843719302045878
2023,27840,2,0.05899733576443406,0.2395376816471603,0.4693887656004492,0.7888484197177229
2023,27840,3,0.03380557862080524,0.1413634257188937,0.3802487018614549,0.7726908547633665
2023,27843,2,0.09047276462834808,0.310099068294893,0.5186120697561871,0.7989857660896422
2023,27843,3,0.111539615876506,0.3127673128355978,0.4974224122739382,0.7961947153148465
2023,27846,2,0.05213120041689695,0.2221985594153603,0.4867460940585806,0.8166787350601172
2023,27846,3,0.03442286708356362,0.1742818927486937,0.4971627607252472,0.8573037350601171
2023,27849,2,0.09207006636553328,0.3179987578537427,0.5648384842048186,0.8389097927166091
2023,27849,3,0.04495468175014866,0.2173814739031255,0.4693850179180191,0.7969582257650423
2023,27852,2,0.1111208776593493,0.351149588060396,0.6427533448788724,0.9027246344778256
2023,27852,3,0,0.2704106548454912,0.6609825115455391,0.8905718567000479
2023,27927,1,1.120066314081458E-4,0.5001120066314082,1,1
2023,27927,2,0.001368288038443299,0.5013682880384434,1,1
2023,27928,1,0,0.5,1,1
2023,27928,2,6.931682495675551E-4,0.5006931682495676,1,1
2023,27929,1,5.397403362639164E-5,0.5000539740336264,1,1
2023,27929,2,0.001374977996638271,0.5013749779966383,1,1
2023,27930,1,0,0.5,1,1
2023,27934,3,0,0.5,1,1
2023,27934,4,0,0.5,1,1
2023,27939,4,0,0.5,1,1
2023,27939,5,0,0.5,1,1
2023,27940,4,0.0211057884765265,0.5211057884765264,1,1
2023,27940,5,0.02487747567793464,0.5248774756779346,1,1
2023,27943,3,0,0.5,1,1
2023,27955,3,3.610273810109588E-4,0.500361027381011,1,1
2023,27955,4,2.769404767760664E-5,0.5000276940476776,1,1
2023,27959,3,0,0.5,1,1
2023,27964,2,0,0.5,1,1
2023,27965,2,0,0.5,1,1
2023,28005,4,0,0.1099224570362835,0.4389426887756872,0.8290202317394038
2023,28007,4,0.01407998948167316,0.5015402733857872,0.962878629739857,0.9754183458357429
2023,28007,5,0.1390799894816732,0.308831940052454,0.3899619630731904,0.7202100125024096
2023,28018,2,0,0.5,1,1
2023,28042,3,0.2131418261770335,0.7131418261770335,1,1
2023,28062,3,0.05476591003840875,0.3157950081113561,0.6548205258371322,0.8937914277641849
2023,28068,3,0.06848737090738083,0.3634571953860748,0.7173201330060093,0.9223503085273153
2023,28069,3,0.03097905804687029,0.2815625360128625,0.6347050571119339,0.8841215791459418
2023,28070,3,0.08002592825947641,0.3723233818264322,0.6960195685927888,0.9037221150258329
2023,28098,4,0.0220587708600094,0.3213530456051512,0.6827553048595884,0.8834610301144467
2023,28099,3,0.07776850654685019,0.3854176215549101,0.7120461649769038,0.904397049968844
2023,28100,3,0,0.4858181149476526,0.971366834431403,0.9855487194837504
2023,28100,4,0.05370896129861941,0.3636342191034149,0.6990454058599745,0.8891201480551791
2023,28101,4,0.1115473697214765,0.3533344917444808,0.559652204585144,0.8178650825621396
2023,28103,3,0.09174496634112467,0.3640165790855705,0.6487934794838749,0.8765218667394291
2023,28104,3,0.08187444098129287,0.3517454385847877,0.6429852015330345,0.8731142039295396
2023,28106,1,0.03330967244602684,0.5333096724460269,1,1
2023,28106,2,0,0.5,1,1
2023,28107,2,0.0662697680247527,0.5662697680247527,1,1
2023,28107,3,0,0.5,1,1
2023,28121,3,0,0.3798412291827593,0.8798412291827592,1
2023,28126,3,0.01763243290907157,0.5176324329090716,1,1
2023,28146,1,0.06819791407857567,0.5681979140785757,1,1
2023,28146,2,0.005697914078575672,0.5056979140785757,1,1
2023,28206,1,0,0.5,1,1
2023,28207,1,0,0.5,1,1
2023,28209,1,0,0.5,1,1
2023,28210,1,0,0.5,1,1
2023,28302,3,0,0.5,1,1
2023,28392,2,0.00840026191912796,0.5084002619191279,1,1
2023,28393,2,0.03149878217645979,0.5314987821764598,1,1
2023,28394,2,0.0169886918507175,0.5169886918507175,1,1
2023,28395,2,0,0.5,1,1
2023,28396,2,0,0.5,1,1
2023,28401,2,0,0.5,1,1
2023,28403,2,0,0.5,1,1
2023,28404,2,0,0.5,1,1
2023,28405,2,0,0.5,1,1
2023,28407,2,0,0.5,1,1
2023,28408,2,0.03359019161290644,0.5335901916129064,1,1
2023,28438,2,0,0.5,1,1
2023,28500,2,0,0.5,1,1
2023,28502,2,0,0.5,1,1
2023,28502,3,0,0.5,1,1
2023,28504,2,0,0.5,1,1
2023,28504,3,0,0.5,1,1
2023,28510,2,0.2136862840408987,0.7136862840408987,1,1
2023,28511,1,0,0.5,0.9995454688772538,0.9995454688772537
2023,28511,2,0.0653446042678904,0.5653446042678905,0.9995454688772538,0.9995454688772537
2023,28516,1,0.1477076757860397,0.6477076757860397,1,1
2023,28516,2,0.04531303977071405,0.545313039770714,1,1
2023,28521,3,0,0.5,1,1
2023,28522,1,0,0.5,1,1
2023,28522,2,0,0.5,1,1
2023,28523,3,0,0.5,1,1
2023,28524,3,0,0.5,1,1
2023,28528,3,0,0.5,1,1
2023,28530,1,0,0.5,1,1
2023,28531,2,0,0.5,1,1
2023,28532,2,0,0.5,1,1
2023,28534,1,0,0.5,1,1
2023,28535,1,0.001145886980291999,0.501145886980292,1,1
2023,28535,2,0.08447922031362531,0.5844792203136253,1,1
2023,28536,1,0,0.5,1,1
2023,28536,2,0,0.5,1,1
2023,28542,1,0,0.5,1,1
2023,28542,3,0,0.5,1,1
2023,28543,1,0.002146197876638611,0.5021461978766386,1,1
2023,28543,2,0.002146197876638611,0.5021461978766386,1,1
2023,28543,3,0.09143191216235291,0.5914319121623529,1,1
2023,28544,3,0,0.5,1,1
2023,28546,3,0,0.5,1,1
2023,28557,3,0.02098187574621591,0.5209818757462159,1,1
2023,28619,3,0,0.5,1,1
2023,28624,2,0,0.5,1,1
2023,28630,2,0,0.5,1,1
2023,28644,3,0,0.5,1,1
2023,28650,2,0,0.5,1,1
2023,28715,2,0,0.5,1,1
2023,28737,2,0,0.5,1,1
2023,28738,3,0,0.5,1,1
2023,28779,2,0,0.5,1,1
2023,28837,1,0,0.5,1,1
2023,28837,2,0,0.5,1,1
2023,28843,1,0,0.5,1,1
2023,28843,2,0,0.5,1,1
2023,28844,1,0,0.5,1,1
2023,28844,2,0,0.5,1,1
2023,28845,2,0,0.5,1,1
2023,28845,3,0,0.5,1,1
2023,28848,1,0,0.5,1,1
2023,28896,2,0,0.5,1,1
2023,28920,2,0.07401130560072261,0.5740113056007226,0.9989298333174765,0.9989298333174765
2023,28931,2,0,0.5,1,1
2023,28939,2,0,0.5,1,1
2023,28946,2,0.01757553063348011,0.517179568181383,0.9996040375479028,1
2023,28971,2,0.0154486464529926,0.5154486464529926,1,1
2023,28974,2,0,0.5,1,1
2023,28978,2,0,0.5,1,1
2023,28980,2,0,0.5,1,1
2023,29024,1,0.04999999999999999,0.55,1,1
2023,29025,1,0.02941176470588236,0.5294117647058824,1,1
2023,29026,1,0.04166666666666669,0.5416666666666667,1,1
2023,29026,2,0,0.5,1,1
2023,29027,1,0,0.5,1,1
2023,29027,2,0,0.5,1,1
2023,29061,1,0.07776398960085407,0.5777639896008541,1,1
2023,29069,1,0.03606597570849474,0.5360659757084947,1,1
2023,29071,1,0,0.5,1,1
2023,29076,1,0,0.5,1,1
2023,29077,1,0,0.5,1,1
2023,29078,1,0.03333333333333333,0.5333333333333333,1,1
2023,29079,1,0,0.5,1,1
2023,29080,1,0.01246905913402574,0.5122439407758821,0.9979459844325186,0.9981711027906621
2023,29081,1,0.0840896274029983,0.581936223718234,0.997326440010927,0.9994798436956913
2023,29082,1,0,0.5,1,1
2023,29089,2,0,0.5,1,1
2023,29172,2,0,0.5,1,1
2023,29172,3,0,0.5,1,1
2023,29173,1,0,0.5,1,1
2023,29173,2,0,0.5,1,1
2023,29174,2,0,0.5,1,1
2023,29174,3,0,0.5,1,1
2023,29175,2,0,0.5,1,1
2023,29240,1,0,0.5,1,1
2023,29244,1,0,0.5,1,1
2023,29248,1,0,0.5,1,1
2023,29252,1,0,0.5,1,1
2023,29290,3,0,0.5,1,1
2023,29291,3,0,0.5,1,1
2023,29292,3,0,0.5,1,1
2023,29293,3,0,0.5,1,1
2023,29294,3,0,0.5,1,1
2023,29297,1,0,0.5,1,1
2023,29297,2,0,0.5,1,1
2023,29315,1,0,0.5,1,1
2023,29315,2,0,0.5,1,1
2023,29317,3,0.04719972471768386,0.5471997247176839,1,1
2023,29320,2,0,0.5,1,1
2023,29320,3,0,0.5,1,1
2023,29321,1,0,0.5,1,1
2023,29321,2,0,0.5,1,1
2023,29321,3,0,0.5,1,1
2023,29321,4,0,0.5,1,1
2023,29335,2,0.01034571173934124,0.5103457117393413,1,1
2023,29336,2,0.004081632653061218,0.5040816326530613,1,1
2023,29338,2,0.005411239206355722,0.5054112392063557,1,1
2023,29382,2,0,0.5,1,1
2023,29384,2,0,0.5,1,1
2023,29388,2,0,0.5,1,1
2023,29392,2,0,0.5,1,1
2023,29399,1,0,0.5,1,1
2023,29414,1,0,0.5,1,1
2023,29414,2,0,0.5,1,1
2023,29465,1,0.02492888813553151,0.5245633702496988,0.9993076776127946,0.9996731954986274
2023,29465,2,0.008445371652015032,0.5080798537661823,0.9993076776127946,0.9996731954986274
2023,29466,1,0.01679918922969953,0.5167991892296995,1,1
2023,29467,1,0.01007434671596191,0.5100743467159619,1,1
2023,29468,2,0.04182016026670249,0.5418201602667025,1,1
2023,29468,3,0.009033275020800868,0.5090332750208009,1,1
2023,29470,1,0.002220728751819445,0.5014801065195078,0.9986754700083114,0.999416092240623
2023,29470,2,0.02020634026261081,0.5194657180302993,0.9986754700083114,0.999416092240623
2023,29470,3,0.002220728751819445,0.5014801065195078,0.9986754700083114,0.999416092240623
2023,29471,1,0,0.5,1,1
2023,29471,2,0,0.5,1,1
2023,29472,1,0,0.5,1,1
2023,29473,2,0,0.5,1,1
2023,29473,3,0,0.5,1,1
2023,29474,1,0.03871201310529804,0.538712013105298,0.9999200717251561,0.9999200717251561
2023,29474,2,0.007942782336067267,0.5079427823360673,0.9999200717251561,0.9999200717251561
2023,29475,1,0,0.5,1,1
2023,29476,2,0,0.5,1,1
2023,29476,3,0,0.5,1,1
2023,29477,2,0,0.5,1,1
2023,29477,3,0,0.5,1,1
2023,29479,1,0.01129578609975701,0.511295786099757,1,1
2023,29479,2,0,0.5,1,1
2023,29479,3,0,0.5,1,1
2023,29480,2,0,0.5,1,1
2023,29480,3,0,0.5,1,1
2023,29481,1,0,0.5,1,1
2023,29481,2,0,0.5,1,1
2023,29482,1,0,0.5,1,1
2023,29483,1,0,0.5,1,1
2023,29483,2,0,0.5,1,1
2023,29484,1,0,0.5,1,1
2023,29484,2,0,0.5,1,1
2023,29487,2,0,0.5,1,1
2023,29488,2,0,0.5,1,1
2023,29489,2,0,0.5,1,1
2023,29490,2,0,0.5,1,1
2023,29538,2,0,0.5,1,1
2023,29551,1,0.5,1,1,1
2023,29555,4,0,0.5,1,1
2023,29557,1,0.02395438727837751,0.5239543872783775,1,1
2023,29557,2,1.448634688536732E-4,0.5001448634688537,1,1
2023,29561,1,0,0.5,1,1
2023,29573,1,0,0.5,1,1
2023,29573,2,0,0.5,1,1
2023,29573,3,0,0.5,1,1
2023,29574,1,0,0.5,1,1
2023,29576,1,0.01254936084514924,0.5125493608451492,1,1
2023,29576,2,3.542388939297148E-4,0.5003542388939297,1,1
2023,29578,1,0.0082405838814264,0.5082405838814263,1,1
2023,29578,2,0,0.5,1,1
2023,29584,3,0.349416723694842,0.849416723694842,1,1
2023,29584,4,0.01608339036150858,0.5160833903615085,1,1
2023,29586,4,0,0.5,1,1
2023,29590,1,0.1116647908835675,0.6116647908835675,1,1
2023,29597,1,0,0.5,1,1
2023,29600,1,0,0.5,1,1
2023,29652,1,0.009090909090909094,0.509090909090909,1,1
2023,29677,1,0.03206028662559762,0.5320602866255977,1,1
2023,29677,2,0.06227723559898768,0.5622772355989877,1,1
2023,29678,1,0.035387824357696,0.5353878243576959,1,1
2023,29678,2,0.06597230997493919,0.5659723099749392,1,1
2023,29679,1,0.07885293321885722,0.5788529332188572,1,1
2023,29679,2,0.0832716851985848,0.5832716851985849,1,1
2023,29680,1,8.16539368319047E-5,0.5000816539368319,1,1
2023,29680,2,0.06434097835625485,0.5643409783562549,1,1
2023,29681,1,0.01066369184063659,0.5106636918406366,1,1
2023,29681,2,0.137004018180963,0.637004018180963,1,1
2023,29682,1,0.03903671298034039,0.5390367129803404,1,1
2023,29682,2,0.07183804483383655,0.5718380448338365,1,1
2023,29683,1,0,0.5,1,1
2023,29683,2,0,0.5,1,1
2023,29684,1,0.08110283779734323,0.5811028377973433,1,1
2023,29684,2,0.1091059595241511,0.609105959524151,1,1
2023,29704,2,0,0.1822044385599745,0.6822044385599746,1
2023,29705,2,0,0.3747416966490739,0.874741696649074,1
2023,29706,2,0.0478534488648667,0.1543637106540194,0.3961933716180293,0.7896831098288766
2023,29707,2,0.4023952035973398,0.8239160863483543,0.8693916952106292,0.9478708124596147
2023,29708,2,0,0.1240456813001247,0.4575275035441454,0.8334818222440207
2023,29709,1,0,0.5,1,1
2023,29709,2,0,0.5,1,1
2023,29709,3,0,0.5,1,1
2023,29785,1,0.009918605338437025,0.509918605338437,1,1
2023,29785,2,0.1569995846228061,0.656999584622806,1,1
2023,29786,1,0.04307362762319922,0.5430736276231992,1,1
2023,29786,2,0.1160159862602688,0.6160159862602688,1,1
2023,29787,1,0,0.5,1,1
2023,29787,2,0.1948888596512798,0.6948888596512799,1,1
2023,29788,1,0.0212469128930563,0.5212469128930564,1,1
2023,29788,2,0.1549489298091266,0.6549489298091267,1,1
2023,29789,1,0.01889455663332085,0.5188945566333208,1,1
2023,29789,2,0.1054510970577098,0.6054510970577098,1,1
2023,29790,1,0.006386454762151272,0.5063864547621513,1,1
2023,29790,2,0.02656189335864251,0.5265618933586425,1,1
2023,29791,1,0.0163113454254904,0.5163113454254904,1,1
2023,29791,2,0.04180154150392174,0.5418015415039217,1,1
2023,29792,1,0.1619323245782307,0.6619323245782307,1,1
2023,29792,2,0.1845567589673709,0.6845567589673709,1,1
2023,29793,1,0.01231033853407226,0.5123103385340723,1,1
2023,29793,2,0.04631826178355919,0.5463182617835591,1,1
2023,29794,1,0.02896912977200156,0.5289691297720016,1,1
2023,29794,2,0,0.5,1,1
2023,29795,1,0,0.5,1,1
2023,29795,2,0,0.5,1,1
2023,29796,1,0.01426629375384442,0.5142662937538445,1,1
2023,29796,2,0.07253925811200151,0.5725392581120015,1,1
2023,29797,1,0.05022858546556042,0.5502285854655604,1,1
2023,29797,2,0.5,1,1,1
2023,29798,1,0.1666666666666667,0.6666666666666667,1,1
2023,29798,2,0.02941176470588236,0.5294117647058824,1,1
2023,29823,2,0,0.5,1,1
2023,29827,1,0,0.5,1,1
2023,29827,2,0,0.5,1,1
2023,29829,1,0.002349948817621683,0.5008451488440316,0.9983642787078779,0.9998690786814679
2023,29829,2,0.05714446936556689,0.5556396693919768,0.9983642787078779,0.9998690786814679
2023,29832,2,0,0.5,1,1
2023,29835,1,0,0.5,1,1
2023,29838,2,0,0.5,1,1
2023,29838,3,0,0.5,1,1
2023,29841,1,0,0.5,1,1
2023,29841,2,0,0.5,1,1
2023,29847,1,0,0.5,1,1
2023,29847,2,0,0.5,1,1
2023,29848,1,0,0.5,1,1
2023,29848,2,0,0.5,1,1
2023,29849,1,0,0.5,1,1
2023,29849,2,0,0.5,1,1
2023,29850,2,0,0.5,1,1
2023,29851,1,0,0.5,1,1
2023,29851,2,0,0.5,1,1
2023,29863,1,0.01370800037410141,0.5137080003741015,1,1
2023,29863,2,0.1997545120020084,0.6997545120020083,1,1
2023,29864,1,0.03704453386172579,0.5370445338617258,1,1
2023,29864,2,0.01497643802313819,0.5149764380231382,1,1
2023,29865,1,0.06237005091122522,0.5623700509112253,1,1
2023,29865,2,0.07186773713304939,0.5718677371330494,1,1
2023,29866,1,0.06011857468595805,0.560118574685958,1,1
2023,29866,2,0.04786983096736508,0.5478698309673651,1,1
2023,29867,1,0.002470897925771265,0.5024708979257713,1,1
2023,29867,2,0.05026549534192681,0.5502654953419268,1,1
2023,29868,1,0.03806885571788637,0.5380688557178863,1,1
2023,29868,2,0.08568790333693399,0.585687903336934,1,1
2023,29869,1,0,0.5,1,1
2023,29869,2,0.1278791694114156,0.6278791694114156,1,1
2023,29870,1,0,0.5,1,1
2023,29870,2,0.3320286723071105,0.8320286723071105,1,1
2023,29871,1,0.1047446888824219,0.6047446888824219,1,1
2023,29871,2,0.04121780314679829,0.5412178031467982,1,1
2023,29928,1,0,0.5,1,1
2023,29928,2,0,0.5,1,1
2023,30046,1,0,0.5,1,1
2023,30047,2,0,0.5,1,1
2023,30049,1,0,0.5,1,1
2023,30072,2,0,0.5,1,1
2023,30077,1,0,0.5,1,1
2023,30122,1,0,0.5,1,1
2023,30122,2,0,0.5,1,1
2023,30123,2,0,0.5,1,1
2023,30124,2,0,0.5,1,1
2023,30125,1,0,0.5,1,1
2023,30125,2,0,0.5,1,1
2023,30128,3,0,0.5,1,1
2023,30129,3,0,0.5,1,1
2023,30136,3,0,0.5,1,1
2023,30138,2,0,0.5,1,1
2023,30139,2,0,0.5,1,1
2023,30144,2,0,0.5,1,1
2023,30145,2,0,0.5,1,1
2023,30151,2,0,0.5,1,1
2023,30159,1,0,0.5,1,1
2023,30162,1,0,0.5,1,1
2023,30182,1,0,0.5,1,1
2023,30244,3,0,0.1207697400470977,0.5133648778806545,0.8925951378335568
2023,30245,2,0.1522341996356018,0.5517680544471861,0.8422097183187061,0.9426758635071217
2023,30246,2,0,0.5,1,1
2023,30263,2,0.01619315263637267,0.5161931526363727,1,1
2023,30264,1,0.01178525967552135,0.5117852596755214,1,1
2023,30264,2,0.003251468152039083,0.503251468152039,1,1
2023,30265,1,0,0.5,1,1
2023,30265,2,0.002140395795495298,0.5021403957954953,1,1
2023,30266,1,0,0.5,1,1
2023,30266,2,7.270844752768624E-4,0.5007270844752769,1,1
2023,30279,1,0.001637274723959636,0.5016372747239597,1,1
2023,30279,2,0.1266372747239596,0.6266372747239597,1,1
2023,30280,1,0.05453612790054579,0.5545361279005458,1,1
2023,30296,1,0.5,1,1,1
2023,30434,1,0.01362908969724569,0.5136290896972457,1,1
2023,30435,1,0,0.5,1,1
2023,30436,1,0,0.5,1,1
2023,30437,1,0.01182685165954261,0.5118268516595426,1,1
2023,30438,1,0.01730835124467434,0.5173083512446743,1,1
2023,30441,1,0,0.5,1,1
2023,30441,2,0,0.5,1,1
2023,30447,2,0.0925163032704866,0.5925163032704865,1,1
2023,30448,1,0.08221949856311983,0.5695183358972062,0.9823245748745484,0.995025737540462
2023,30477,1,0.02542830295040516,0.5254283029504052,1,1
2023,30479,1,0,0.5,1,1
2023,30480,1,0.04035674103007197,0.540356741030072,1,1
2023,30507,1,0.3542219022856862,0.8542219022856862,1,1
2023,30507,2,0.1391847735728149,0.6391847735728149,1,1
2023,30508,1,0.01898170956210116,0.5189817095621012,1,1
2023,30508,2,0.2178121189188263,0.7178121189188262,1,1
2023,30509,1,0.002278680733137473,0.5022786807331374,1,1
2023,30509,2,0.08513582359028032,0.5851358235902804,1,1
2023,30510,1,0.002448180120302679,0.5024481801203027,1,1
2023,30510,2,0.0592663619384845,0.5592663619384846,1,1
2023,30511,1,0.06032675730763631,0.5603267573076363,1,1
2023,30511,2,0.1374242629765705,0.6374242629765705,1,1
2023,30515,1,0,0.5,1,1
2023,30516,1,0,0.5,1,1
2023,30517,1,0.06761577452025153,0.5676157745202515,1,1
2023,30517,2,0.01725345567967185,0.5172534556796718,1,1
2023,30518,1,0.03046150006397064,0.5304615000639706,1,1
2023,30519,1,0,0.5,1,1
2023,30532,1,0,0.5,1,1
2023,30533,1,0,0.5,1,1
2023,30534,1,0,0.5,1,1
2023,30540,1,0,0.5,1,1
2023,30540,2,0.0435703023532692,0.5435703023532692,1,1
2023,30541,2,0,0.5,1,1
2023,30541,3,0.02887141998819282,0.5288714199881928,1,1
2023,30556,1,0.04447390066822698,0.544473900668227,1,1
2023,30558,1,0.01574803149606302,0.515748031496063,1,1
2023,30559,1,0,0.5,1,1
2023,30560,1,0.02104835525101373,0.5199979113717532,0.9989495561207395,1
2023,30561,1,0.09371331747547401,0.5937133174754741,0.9997514291882615,0.9997514291882614
2023,30562,1,0,0.5,1,1
2023,30563,1,0,0.5,1,1
2023,30564,1,0.280843857031445,0.7789646976501045,0.9981208406186595,1
2023,30565,1,0,0.5,1,1
2023,30566,1,0.04071100906627179,0.5407110090662718,1,1
2023,30567,1,0.01502369616287713,0.5150236961628771,0.9995725633613668,0.9995725633613669
2023,30568,1,0.08763813625678157,0.5853687304059523,0.9964901396959767,0.9987595455468059
2023,30569,1,0,0.5,1,1
2023,30570,1,0.004462117209684979,0.5044301354466317,0.9999680182369468,1
2023,30571,1,0.1071428571428572,0.6071428571428572,1,1
2023,30573,1,0,0.5,1,1
2023,30574,1,0,0.5,1,1
2023,30596,1,0,0.5,1,1
2023,30596,2,0.02500000000000002,0.525,1,1
2023,30616,1,0,0.5,1,1
2023,30621,2,0,0.5,1,1
2023,30626,1,0,0.5,1,1
2023,30636,1,0.09304455929963895,0.593044559299639,1,1
2023,30645,1,0,0.5,1,1
2023,30645,2,0,0.5,1,1
2023,30665,1,0,0.5,1,1
2023,30784,2,0,0.5,1,1
2023,30785,2,0,0.5,1,1
2023,30788,2,0,0.5,1,1
2023,30789,2,0,0.5,1,1
2023,30790,2,0,0.5,1,1
2023,30792,2,0,0.5,1,1
2023,30795,2,0,0.5,1,1
2023,30798,2,0.07445456253979649,0.5744545625397965,1,1
2023,30799,2,0,0.5,1,1
2023,30818,1,0,0.5,1,1
2023,30818,2,0.03333333333333333,0.5333333333333333,1,1
2023,30843,2,0.09032452276184666,0.5903245227618467,1,1
2023,30889,1,0,0.5,1,1
2023,30890,1,0.1192878098839523,0.6192878098839523,1,1
2023,30891,1,0,0.5,1,1
2023,30906,1,0.06663215349709334,0.5666321534970933,1,1
2023,30906,2,0.102793808352485,0.6027938083524851,1,1
2023,30911,1,0.07196914487763362,0.5719691448776336,1,1
2023,30911,2,0.0342904518892061,0.5342904518892061,1,1
2023,30916,1,0,0.5,1,1
2023,30916,2,0.0355269608297229,0.5355269608297228,1,1
2023,30932,1,0.01671639494604926,0.5167163949460493,1,1
2023,30933,1,0.1044312188094422,0.6044312188094422,1,1
2023,30935,1,0.1536432826510257,0.6536432826510257,1,1
2023,30936,1,0.4014030915124559,0.9014030915124559,1,1
2023,30982,1,0.02105226661955728,0.1448484886433516,0.4362950021809851,0.8124987801571907
2023,30986,1,0.3515356573777766,0.8515356573777766,1,1
2023,30987,1,0.01732879620958477,0.5173287962095847,1,1
2023,30989,1,0.1748697471587253,0.6748697471587253,1,1
2023,30990,1,0.06723591906146381,0.2250227757860958,0.4245625224348691,0.7667756657102371
2023,30996,1,0.04529248846842149,0.5452924884684215,1,1
2023,30997,1,0.03892194552182793,0.3402809734709206,0.6693208261455647,0.867961798196472
2023,31003,1,0.0322770211642418,0.5322770211642418,1,1
2023,31004,1,0.04346561350392142,0.4288111677828392,0.8013216785948551,0.9159761243159374
2023,31007,1,0.25,0.75,1,1
2023,31008,1,0.1351476256343466,0.6351476256343466,1,1
2023,31015,1,0,0.5,1,1
2023,31016,1,0.01402225532256446,0.1618165105905168,0.4545004772113422,0.8067062219433899
2023,31021,1,0.01691278757998427,0.5135519937299415,0.9956034575652045,0.9989642514152471
2023,31027,1,0.06801037433926299,0.3541399957195692,0.7072204641078322,0.9210908427275261
2023,31033,1,0.0662731836118744,0.5662731836118744,1,1
2023,31044,1,0.00994909309643116,0.5092363964464669,0.9988800481214847,0.999592744771449
2023,31070,2,0.08440977732198318,0.5844097773219832,1,1
2023,31070,3,0.1006342977056762,0.6006342977056762,1,1
2023,31071,2,0.02739371836077764,0.5273937183607776,1,1
2023,31071,3,0.08525275434298868,0.5852527543429886,1,1
2023,31073,1,0,0.5,1,1
2023,31074,1,0,0.5,1,1
2023,31076,1,0,0.5,1,1
2023,31076,2,0.1983726340205265,0.6983726340205265,1,1
2023,31077,1,0,0.5,1,1
2023,31077,2,0,0.5,1,1
2023,31078,1,0,0.5,1,1
2023,31079,1,0.008038929266686534,0.5080389292666865,1,1
2023,31079,2,0.1898571110848684,0.6898571110848684,1,1
2023,31080,1,0,0.5,1,1
2023,31080,2,0,0.5,1,1
2023,31081,1,0.006989917774699983,0.4986242542074391,0.9888327201187219,0.9971983836859829
2023,31081,2,0.05698991777469997,0.5486242542074391,0.9888327201187219,0.9971983836859829
2023,31120,2,0,0,0,0.5
2023,31122,2,0,0,0.5,1
2023,31138,1,0,0.5,1,1
2023,31139,1,0,0.5,1,1
2023,31139,2,0,0.5,1,1
2023,31140,1,0.03515145233026484,0.5204740372231292,0.9776643274916327,0.9923417425987683
2023,31161,2,0,0.5,1,1
2023,31184,3,0,0.5,1,1
2023,31186,3,0,0.5,1,1
2023,31288,1,0.01279098830360886,0.5127909883036088,1,1
2023,31292,1,0,0.5,1,1
2023,31384,1,0.2536968283592379,0.7536968283592379,1,1
2023,31385,1,0,0.5,1,1
2023,31386,1,0.21922169737015,0.7164494365797957,0.993398571887138,0.9961708326774923
2023,31387,1,0,0.5,1,1
2023,31388,1,0.09544365316489467,0.5954436531648947,1,1
2023,31438,1,0,0.5,1,1
2023,31444,1,0,0.5,1,1
2023,31445,2,0,0.5,1,1
2023,31446,2,0,0.5,1,1
2023,31448,1,0,0.5,1,1
2023,31448,3,0,0.5,1,1
2023,31500,2,0,0.5,1,1
2023,31501,1,0,0.5,1,1
2023,31501,2,0.01200057860717357,0.5120005786071735,1,1
2023,31501,3,0.0706086372152322,0.5706086372152321,1,1
2023,31502,1,0,0.5,1,1
2023,31502,2,0.01253466675385306,0.5125346667538531,1,1
2023,31502,3,0,0.5,1,1
2023,31503,2,0,0.5,1,1
2023,31504,2,0.02671086503671805,0.526710865036718,1,1
2023,31508,1,0.005896500175380737,0.5058965001753808,1,1
2023,31533,2,0,0.5,1,1
2023,31534,1,0.01703372235321882,0.5170337223532189,1,1
2023,31535,1,0.01869421019013262,0.5186942101901326,1,1
2023,31537,1,0.03603013565660385,0.5360301356566038,1,1
2023,31538,1,0.04568120007912124,0.5456812000791212,1,1
2023,31542,1,0,0.5,1,1
2023,31543,1,0,0.5,1,1
2023,31544,1,0,0.5,1,1
2023,31614,2,0.1438259870320902,0.6438259870320902,1,1
2023,31615,2,0,0.5,1,1
2023,31616,2,0,0.5,1,1
2023,31617,2,0,0.5,1,1
2023,31622,2,0.04404637406627809,0.5440463740662781,1,1
2023,31623,2,0,0.5,1,1
2023,31624,2,0,0.5,1,1
2023,31625,2,0,0.5,1,1
2023,31630,2,0,0.5,1,1
2023,31631,1,0,0.5,1,1
2023,31632,2,0.02309213437354085,0.5230921343735409,0.9986227013675225,0.9986227013675224
2023,31633,2,0,0.5,1,1
2023,31638,2,0,0.5,1,1
2023,31639,2,0,0.5,1,1
2023,31640,2,0,0.5,1,1
2023,31641,1,0,0.5,1,1
2023,31665,1,0,0.5,1,1
2023,31675,1,0.05978340550284317,0.5597834055028432,1,1
2023,31677,1,0.04115763166334535,0.5411576316633453,1,1
2023,31678,1,0.05450177059835454,0.5545017705983546,1,1
2023,31679,1,0,0.5,1,1
2023,31832,1,0,0.5,1,1
2023,31833,1,0,0.5,1,1
2023,31942,1,0.09999999999999998,0.6,1,1
2023,31946,1,0,0.5,1,1
2023,31953,1,0,0.5,1,1
2023,31955,1,0,0.5,1,1
2023,31958,1,0,0.5,1,1
2023,31958,2,0,0.5,1,1
2023,31959,2,0,0.5,1,1
2023,31959,3,0,0.5,1,1
2023,31960,3,0,0.5,1,1
2023,31961,2,0,0.5,1,1
2023,31962,2,0,0.5,1,1
2023,31963,2,0,0.5,1,1
2023,31982,1,0,0.5,1,1
2023,32003,1,0.2481745986005249,0.7481745986005249,1,1
2023,32009,1,0,0.5,1,1
2023,32010,1,0,0.5,1,1
2023,32011,1,0,0.5,1,1
2023,32052,1,0.02212762865093093,0.5221276286509309,1,1
2023,32054,1,0.08616060111209273,0.5861606011120928,1,1
2023,32056,1,0.1011977799103344,0.6011977799103344,1,1
2023,32089,1,0.04728430417149132,0.5445520639620196,0.9965846997381603,0.9993169399476322
2023,32090,1,0,0.5,1,1
2023,32092,1,0,0.5,1,1
2023,32106,1,0.25,0.75,1,1
2023,32158,1,0,0.5,1,1
2023,32174,1,0,0.5,1,1
2023,32181,1,0.0967138521392037,0.4688022015322759,0.806595188594938,0.9345068392018657
2023,32182,1,0.07836018014700369,0.4532081515038353,0.796221581358995,0.9213736100021634
2023,32183,1,0,0.3934957313628801,0.8392577220848159,0.9457619907219358
2023,32184,1,0.0781769327821305,0.4658413186708915,0.8449182745100513,0.9572538886212903
2023,32185,1,0.05031626176166909,0.3944124080123285,0.7464808169025191,0.9023846706518597
2023,32202,1,0,0.5,1,1
2023,32202,2,0,0.5,1,1
2023,32304,1,0.04788103917166386,0.1757651791912087,0.3455339173768725,0.7176497773573276
2023,32305,1,0.06370794605796287,0.1751262027591606,0.317837541392976,0.7064192846917783
2023,32360,1,0.1037870550663195,0.3673467514099635,0.6093291512292763,0.8457694548856324
2023,32366,1,0.07311313797337127,0.2548833217417317,0.484497731213749,0.8027275474453885
2023,32367,1,0.07954277663263959,0.4195487500698374,0.7193168866623272,0.8793109132251294
2023,32368,1,0.08288138893511626,0.2769206803366768,0.4993686925743058,0.8053294011727452
2023,32369,1,0.01194984419611556,0.06557601690988835,0.3021697053780293,0.7485435326642564
2023,32370,1,0.06117870949250726,0.3316960893780777,0.6462511338240564,0.875733753938486
2023,32371,1,0.06334377867517405,0.2136268822419375,0.4556116252558931,0.8053285216891297
2023,32372,1,0.2820047268927175,0.6618744788538972,0.8464106731823967,0.966540921221217
2023,32373,1,0.1128969428695081,0.3393243648832929,0.6308587720693543,0.9044313500555694
2023,32374,1,0.03833814081415315,0.3218715098380404,0.6067129535764726,0.8231795845525854
2023,32375,1,0.07584425067136086,0.3208980809605108,0.596553832789229,0.8515000025000791
2023,32378,1,0.1505430480245086,0.4435223341303641,0.7291078848134787,0.9361285987076232
2023,32379,1,0,0.1666666666666667,0.4833333333333334,0.8166666666666667
2023,32380,1,0.06109098190474915,0.2334125499000532,0.446248045124981,0.7739264771296769
2023,32418,1,0.002956413694691351,0.5029564136946914,1,1
2023,32419,1,0,0.5,1,1
2023,32443,1,0.02313945199618844,0.5231394519961885,1,1
2023,32462,1,0.007093309953968729,0.5070933099539687,1,1
2023,32468,1,0.02410421216384856,0.5241042121638486,1,1
2023,32478,1,0,0.5,1,1
2023,32483,1,0,0.5,1,1
2023,32500,1,0,0.5,1,1
2023,32503,1,0.02625269900145255,0.5262526990014526,1,1
2023,32801,1,0,0.5,1,1
2023,32803,1,0,0.5,1,1
2023,32804,1,0,0.5,1,1
2023,32805,1,0,0.5,1,1
2023,32836,1,0.101732514444437,0.601732514444437,1,1
2023,32841,1,0.1014799853281382,0.6014799853281382,1,1
2023,32844,1,0.175229693795558,0.675229693795558,1,1
2023,32845,1,0.06528005621035626,0.5652800562103563,1,1
2023,32849,1,0.1540907339623289,0.6540907339623289,1,1
2023,32850,1,0.0877231079729533,0.5877231079729532,1,1
2023,32853,1,0.05882352941176472,0.5588235294117647,1,1
2023,32876,1,0.1264787830416164,0.6264787830416164,1,1
2023,32940,1,0.3376042227576915,0.8376042227576914,1,1
2023,32941,1,0.02343190254407351,0.5111699982247051,0.9821516941759472,0.9944135984953155
2023,32954,1,0,0,0.1666666666666667,0.6666666666666667
2023,32955,1,0,0.1002240502878375,0.3109684130555989,0.7107443627677614
2023,32969,1,0,0,0.1434108443556136,0.6434108443556136
2023,32971,1,0,0.2176297478901729,0.5821023293174239,0.8644725814272509
2023,32972,1,0,0.1666666678968167,0.5000000012301501,0.8333333333333334
2023,32973,1,0,0,0.385869570652178,0.885869570652178
2023,32974,1,0,0.2891569489549322,0.6641569489549322,0.875
2023,90825,2,0.01521698764866297,0.2340186589109284,0.5842954361315429,0.8654937648692774
2023,90825,3,0.06000865431532965,0.2760325477998173,0.5276982139093207,0.811674320424833
2023,90826,2,0.02971052651196487,0.193826186425247,0.463226965450112,0.7991113055368299
2023,90826,3,0.05600658210362608,0.254099089934165,0.4978592706043389,0.7997667627737999
2023,90827,2,0.1302187321539114,0.3701172611056358,0.6340453459527524,0.894146817001028
2023,90827,3,0.0860541295951483,0.3066925224984154,0.546770114516937,0.8261317216136699
2023,90828,3,0.1038805606194068,0.3549140574280613,0.6073787879445711,0.8563452911359166
2023,90831,3,0.09887502696493805,0.405854505257568,0.709209489735237,0.9022300114426072
2023,90832,3,0.04428761970193063,0.2592329260178627,0.5254163891102893,0.8104710827943572
2023,91379,2,0.2374303399618372,0.6406103331624562,0.893143586616446,0.9899635934158271
2023,91380,2,0.2024463035560931,0.5949198771189276,0.8734952640893202,0.9810216905264857
2023,91381,2,0.1478973650496218,0.5535888422637949,0.8809382511959648,0.9752467739817917
2023,91382,1,0,0.1855161701340763,0.5502888181848038,0.8647726480507274
2023,91382,2,0.04107342908682521,0.2531255993151889,0.5509134719733879,0.8388613017450243
2023,91383,2,0.08323449436776204,0.3033515375938168,0.5703414703258467,0.850224427099792
2023,91384,2,0.03654806739420002,0.2487864528906999,0.5510998140554091,0.8388614285589093
2023,91385,2,0.1383439528937936,0.4374257129623356,0.6834766989220873,0.8843949388535453
2023,91387,2,0.04931185413172196,0.2516811648049828,0.5230490282693091,0.8206797175960482
2023,91388,2,0.01160809323344103,0.1116591488270553,0.3507269133835501,0.7506758577899358
2023,91389,2,0.04123042827493317,0.2406471407834905,0.5293904939742632,0.8299737814657059
2023,91390,2,0.1027568902072918,0.4662530905679391,0.8462494703936183,0.9827532700329711
2023,91391,2,0.1675362056997919,0.5479133484191656,0.8803771427193736,1
2023,91392,2,0.1741154285127894,0.5158804213120907,0.8155175290893535,0.9737525362900522
2023,91393,1,0.05568282369605609,0.2193501281751228,0.4459228671188641,0.7822555626397973
2023,91393,2,0.02949803977159177,0.1380948322061119,0.3304404799986607,0.7218436875641406
2023,91394,2,0.09895824568543271,0.4309545673573241,0.8101886246093745,0.978192302937483
2023,91395,2,0.1108516103853718,0.4365229805921031,0.7897346393358821,0.9640632691291507
2023,91396,2,0.1193186712807229,0.4360560595029187,0.8038514854878585,0.9871140972656626
2023,91397,2,0.06923903327500563,0.2530213800978437,0.5044798242488241,0.8206974774259861
2023,91398,2,0.0817257048497897,0.2768008640540887,0.5142715008682586,0.8191963416639596
2023,91399,2,0.1436528443441448,0.5015940351370604,0.8319330399538841,0.9739918491609686
2023,91400,2,0.1544862447834732,0.5079600297660704,0.83385777891165,0.9803839939290527
2023,91401,1,0,0.2253342973332498,0.6160000680678552,0.8906657707346055
2023,91401,2,0.0411365715186196,0.2429049773790012,0.5332093703934366,0.831440964533055
2023,91402,2,0.081705396473358,0.3565358153387533,0.6618353935246096,0.8870049746592144
2023,91402,3,0.07064852780528835,0.2922107997102488,0.568102543123995,0.8465402712190346
2023,91403,2,0.1488810103229832,0.5239583078290435,0.8750772975060602,1
2023,91404,2,0.1946610022625284,0.5510780157092612,0.8410240919393971,0.9846070784926643
2023,91405,2,0.03111677871490753,0.1508538074577359,0.3903471332986535,0.7706101045558251
2023,91406,2,0.1875965944066654,0.5167660830855676,0.7899841600113446,0.9608146713324424
2023,91407,2,0.06114985854321536,0.2607550757841746,0.5215896561477624,0.8219844389068032
2023,91408,2,0.1582725139079675,0.5444908508481292,0.8806414195207236,0.9944230825805619
2023,91409,2,0.03014942379947649,0.1585644175286054,0.4065872238904653,0.7781722301613364
2023,91410,1,0,0.4926774526700732,0.9853134151411062,0.992635962471033
2023,91410,2,0.09520971298076208,0.395178832317502,0.6975529984744395,0.8975838791376995
2023,91411,2,0.09152059710571786,0.3561098469469046,0.6376453026165696,0.8730560527753828
2023,91412,1,0.003298567054072221,0.5011789543301713,0.989239876591948,0.9913594893158488
2023,91412,2,0.1252150755929716,0.4338165254876666,0.6979685293433712,0.8893670794486762
2023,91413,2,0.2860384830491157,0.6944670280776705,0.8965987436195132,0.9881701985909584
2023,91414,2,0.1347705985415773,0.4688645256164064,0.7731973335360358,0.9391034064612067
2023,91415,1,0,0,0,0.5
2023,91415,2,0.0765502291963795,0.3259810067191181,0.6047546755952256,0.855323898072487
2023,91416,1,0,0,0.2218836082379416,0.7218836082379416
2023,91416,2,0.05302419577962303,0.1569628399463244,0.3273044658433782,0.7233658216766767
2023,91417,2,0.05646406671474974,0.1885938015907255,0.3830685857939041,0.7509388509179284
2023,91418,2,0.02478150347977193,0.09676499678133743,0.23899719098715,0.6670136976855845
2023,91419,1,0,0.4798473739040559,0.9534632701681848,0.9736158962641289
2023,91419,2,0.07423754432189766,0.216810926570877,0.3679278042432891,0.7253544219943098
2023,91420,2,0.2662624348441384,0.7012417381989777,0.9349793033548395,1
2023,91421,3,0.1107835290820122,0.3848224424728327,0.7458069748461067,0.9717680614552862
2023,91422,2,0.03433403323029238,0.1838915608733265,0.416808379399006,0.7672508517559719
2023,91423,2,0.1647875968102679,0.5302565444375821,0.8397482370886852,0.9742792894613711
2023,91424,2,0.03260896943881808,0.11650566160273,0.2588749733960507,0.6749782812321388
2023,91425,2,0.08650024876315993,0.298933752524188,0.528794718815712,0.816361215054684
2023,91426,2,0.1126519297020382,0.4550483211145735,0.8128790529465579,0.9704826615340227
2023,91427,2,0.09535372758898053,0.4170032202339484,0.8029343164723773,0.9812848238274094
2023,91428,1,0,0.3150810494867815,0.6367983727543292,0.8217173232675477
2023,91428,2,0.07560948370183512,0.3081193949772345,0.5977993890144917,0.8652894777390925
2023,91429,2,0.1269214831795578,0.4733863807502394,0.825346203719669,0.9788813061489874
2023,91430,1,0.08668453900759499,0.2552841942149158,0.5859682156266731,0.9173685604193523
2023,91430,2,0.1023364822361399,0.3855070354405425,0.6813057935547803,0.8981352403503776
2023,91431,1,0,0.1570342283008922,0.5351014462004187,0.8780672178995265
2023,91431,2,0.08114383415997983,0.3337451321212059,0.6198260671944696,0.8672247692332435
2023,91432,1,0,0.06366460235534704,0.4876569445388974,0.9239923421835504
2023,91432,2,0.08319352939035607,0.3406096273188067,0.6420748674869711,0.8846587695585204
2023,91433,2,0.09656439993701915,0.3246069530859268,0.546719687684673,0.8186771345357654
2023,91434,1,0.3714705150911669,0.8493451687762519,0.9587851215575152,0.9809104678724302
2023,91434,2,0.07445216646731362,0.2614863348017031,0.5045826948040377,0.8175485264696483
2023,91435,2,0.06954172051201629,0.2727671607238753,0.5246266044544892,0.8214011642426302
2023,91436,2,0.05737302843364089,0.3071128451904112,0.7301635968898025,0.9804237801330322
2023,91437,2,0.06072900779086454,0.2427592079482833,0.4890029116277757,0.8069727114703569
2023,91438,2,0.09355736641972512,0.3786155909054188,0.7350377971131942,0.9499795726275005
2023,91439,2,0.1647291523565044,0.5220315417414956,0.8573023893849913,1
2023,91440,2,0.05030496705940701,0.3016166206826902,0.6201183865001736,0.8688067328768904
2023,91441,2,0.04775231241070854,0.2305965640768264,0.4923736212672351,0.8095293696011172
2023,91442,2,0.08431703526447659,0.3406372023552041,0.6523993168515295,0.896079149760802
2023,91443,2,0,0.1633688272033554,0.4786249669549612,0.8152561397516057
2023,91444,2,0,0.1030945002744804,0.380322512040851,0.7772280117663706
2023,91445,1,0.1451654204505865,0.280857742704417,0.557950249249809,0.9222579269959784
2023,91445,2,0.03955410658197334,0.2201825602226651,0.5091363806366703,0.8285079269959785
2023,91446,1,0.01163824167113631,0.2758862776542698,0.6697658497408152,0.9055178137576817
2023,91446,2,0.03928947393401905,0.2208545375497142,0.4985279856631454,0.8169629220474502
2023,91447,2,0.04713970625013592,0.2535299722850883,0.5612625001194862,0.8548722340845338
2023,91448,2,0.05062044889659306,0.2638608224592911,0.5640783176964822,0.8508379441337841
2023,91449,2,0.05553148779306144,0.2241436417461333,0.5051850854768258,0.8365729315237539
2023,91450,1,0.1192640592468195,0.3556094289979446,0.7022684883903638,0.9659231186392387
2023,91450,2,0.05408001016706487,0.2546380588547953,0.5490987542390346,0.8485407055513041
2023,91451,1,0.09009739951694601,0.4047086351971231,0.7324794002411605,0.9178681645609835
2023,91451,2,0.04479789868499928,0.2294867827290144,0.5082420181002842,0.8235531340562692
2023,91452,2,0.06539136925283917,0.2844862198089934,0.6005521401435703,0.8814572895874161
2023,91453,2,0.07167197497173772,0.2758495284604288,0.545042140234479,0.8408645867457878
2023,91454,1,0,0,0.483501938823658,0.983501938823658
2023,91454,2,0.09025916117238009,0.2823979395862583,0.5270692886661077,0.8349305102522294
2023,91455,2,0.06157892830300799,0.3299678482208441,0.712647185568013,0.9442582656501769
2023,91456,2,0.05375186996301018,0.2988743353040737,0.670788732786942,0.9256662674458785
2023,91457,2,0.05518413677160744,0.3447070066408067,0.7281872778071079,0.9386644079379086
2023,91458,2,0.01240805883273627,0.1388473587845956,0.4172286134940911,0.7907893135422318
2023,91459,2,0.01265040442873366,0.1424450569055589,0.5006208872476726,0.8708262347708473
2023,91460,1,0,0.3388921141996031,0.778366512302173,0.9394743981025699
2023,91460,2,0.03625449618169285,0.2490378836287923,0.553473808439512,0.8406904209924125
2023,91461,1,0.002340065424610849,0.1625964379671844,0.6498943612201639,0.9896379886775903
2023,91461,2,0.1164801928131459,0.3993692617463776,0.6648837455089113,0.8819946765756795
2023,91462,2,0.1881936030479492,0.5717053177698305,0.8835117147218813,1
2023,91463,1,0,0.1495970412026628,0.5506801544244586,0.9010831132217958
2023,91463,2,0.08702478010456322,0.3391667314868668,0.6201661823685705,0.8680242309862669
2023,91464,1,0.001626024944108795,0.4903109291534086,0.975059218707615,0.9863743144983153
2023,91464,2,0.1129264968895729,0.3792726491324333,0.6369627320794031,0.8706165798365426
2023,91465,2,0.1317092528731212,0.4320059269299736,0.7688333190168135,0.9685366449599613
2023,91466,1,0,0.2382208594137932,0.6033000161170836,0.8650791567032905
2023,91466,2,0.09556117803790026,0.3798508335204895,0.6764982143152818,0.8922085588326926
2023,91467,2,0.09765006081286348,0.3786254034245244,0.6737205290563664,0.8927451864447054
2023,91468,2,0.1128682518433214,0.3811120141002264,0.6602713157244021,0.8920275534674971
2023,91469,1,0,0,0,0.5
2023,91469,2,0.0969570378650666,0.3540139831631196,0.6265548574735675,0.8694979121755146
2023,91470,2,4.910668762980186E-4,0.2077665157689566,0.6300992361054498,0.9228237872127912
2023,91471,2,0.1045076794820442,0.4321970314960547,0.7734006546158387,0.9457113026018282
2023,91472,1,0.127218722582057,0.4704712947372644,0.8109399117381124,0.967687339582905
2023,91473,1,0.1309285260248431,0.4914793940485336,0.8347572355121232,0.9742063674884328
2023,91474,1,0.1451430417788259,0.4960925169721155,0.8331217904832876,0.982172315289998
2023,91475,1,0.0686041291057895,0.3210494365182741,0.6367835287051231,0.8843382212926385
2023,91476,1,0.07112880704502011,0.3079394298682763,0.6202699518568289,0.8834593290335726
2023,91477,1,0.1175469675305038,0.3987922031020857,0.6792595427934295,0.8980143072218476
2023,91478,1,0.09752030847501952,0.3425188021971345,0.6150525486009346,0.8700540548788196
2023,91479,1,0.0867529314072713,0.3107305416173181,0.5643962645684771,0.8404186543584304
2023,91480,1,0.09218013892346316,0.3418044375615996,0.6253146710770554,0.8756903724389191
2023,91482,2,0.1099426638694177,0.4525893659058871,0.8201960641566222,0.9775493621201526
2023,91483,2,0.1061685769025935,0.4136208605631579,0.7575221222406054,0.950069838580041
2023,91484,2,0.1849878877379319,0.5554407492271264,0.8538854719457879,0.9834326104565935
2023,91485,2,0.05370851609076072,0.2427705158707942,0.5090082042923736,0.8199462045123401
2023,91486,1,0.04979483590758649,0.2285282416143004,0.5102161971609864,0.8314827914542726
2023,91487,1,0.0545748917409522,0.2134759655461818,0.479459891117312,0.8205588173120825
2023,91488,2,0.06597363922887639,0.250234726179526,0.4956045073092703,0.8113434203586207
2023,91489,1,0.0695519773827496,0.2755624303347944,0.525297334210021,0.8192868812579762
2023,91490,3,0.1306101087426939,0.4695405921032526,0.8079434902499759,0.9690130068894172
2023,91491,2,0.1235760855128391,0.3789240309402491,0.6322352208862461,0.876887275458836
2023,91492,1,1.849492514481299E-4,1.849492514481299E-4,0,0.5
2023,91492,2,0.09863783251445796,0.3356801604282023,0.6088140251883573,0.871771697274613
2023,91493,3,0.09327615924117427,0.3931074390298596,0.7467932643115971,0.9469619845229118
2023,91494,2,0.06649085973484448,0.2727410904334284,0.5430218952134778,0.8367716645148938
2023,91495,1,0,0.4912339878714746,0.9847645164421011,0.9935305285706265
2023,91495,2,0.07887616400998682,0.3060763013878084,0.5875853909131872,0.8603852535353655
2023,91496,2,0.0850216043901077,0.297868426251816,0.5516249740444781,0.8387781521827697
2023,91497,1,0,0.4939932989680191,0.9910649924382501,0.997071693470231
2023,91497,2,0.07798101092063048,0.3274521653665051,0.6302258315990892,0.8807546771532146
2023,91498,1,0.0122801127961551,0.1439003819945461,0.46115860789723,0.829538338698839
2023,91498,2,0.09488252413367187,0.3395677302283471,0.6092795978147368,0.8645943917200616
2023,91499,1,0.03528264174108881,0.1995503582266436,0.4353120612329846,0.7710443447474298
2023,91499,2,0.1128496060268031,0.3789916659997529,0.6369270822413879,0.8707850222684381
2023,91500,2,0.1401081042607482,0.4255128073329342,0.6790856606233189,0.8936809575511329
2023,91501,1,0,0.1103333990904944,0.4249771890802063,0.8146437899897119
2023,91501,2,0.01955416861300752,0.1875051538025536,0.4859740668797176,0.8180230816901715
2023,91502,1,0.06845133225648237,0.2657390188138407,0.5034411160730073,0.8061534295156491
2023,91502,2,0.09026920632554125,0.3294323160379435,0.5968737497900012,0.8577106400775989
2023,91503,1,0,0.4874387851482938,0.974621352926171,0.9871825677778773
2023,91503,2,0.1070685315465689,0.343769853568019,0.5926154532211563,0.8559141311997062
2023,91504,1,0,0,0.2397110652768585,0.7397110652768586
2023,91504,2,0.1203907620535971,0.4039047499496825,0.6742441614531988,0.8907301735571134
2023,91505,1,0,0,0,0.5
2023,91505,2,0.1307556591248081,0.4101366238122433,0.6742798735359786,0.8948989088485434
2023,91506,1,0,0,0.1519332372352155,0.6519332372352155
2023,91507,1,0,0.1310938326067761,0.313782335790717,0.6826885031839409
2023,91508,1,0.02907711250495521,0.05209813514620953,0.07706346773068667,0.5540424450894323
2023,91509,1,0.03247528639209274,0.0573776103002,0.3258291047664972,0.80092678085839
2023,91510,1,0,0,0,0.5
2023,91511,1,0,0,0,0.5
2023,91512,1,0,0.07233291887086885,0.5570457928674908,0.984712873996622
2023,91512,2,0.04682150657015805,0.2009024974204614,0.4745265126618352,0.820445521811532
2023,91513,2,0.04837265201582902,0.2327764893166227,0.5335361317919092,0.8491322944911156
2023,91514,4,0.1492530986042565,0.5029938026023077,0.8537407039980514,1
2023,91515,1,0,0.04046121882786674,0.3404266575364326,0.799965438708566
2023,91515,2,0.03499982610677055,0.1926686975571653,0.4796141037961059,0.8219452323457112
2023,91516,2,0.0507118956170905,0.2647512513543862,0.555753796134653,0.8417144403973573
2023,91517,2,0.02058967337015233,0.1102111222523768,0.3307313279158831,0.7411098790336585
2023,91518,3,0.05334713791925344,0.3247698423476694,0.7102533610396594,0.9388306566112434
2023,91519,2,0.05958068174291653,0.2918682429052704,0.5911561933277316,0.8588686321653778
2023,91520,2,0.01817661260758191,0.1144589748395924,0.3205697764355627,0.7242874142035521
2023,91521,1,0.211927295026181,0.4978433689472314,0.783077929762621,0.9971618558415707
2023,91521,2,0.06227621139972012,0.2919259741894872,0.575103914103935,0.845454151314168
2023,91522,1,0.4924076523869036,0.9813809810111713,0.9770363249824433,0.9880629963581756
2023,91522,2,0.04367734059005368,0.2324256611783201,0.5024300890454456,0.8136817684571791
2023,91523,2,0.09519487673615484,0.3845379089732976,0.7636877320020962,0.9743446997649534
2023,91524,2,0.1728579575566218,0.5181520950354527,0.8036357726759322,0.9583416351971014
2023,91525,1,0.05557367792738882,0.4409877008254706,0.8166803572319264,0.9312663343338448
2023,91525,2,0.06908213291819326,0.2783654330325567,0.51901422764841,0.8097309275340465
2023,91526,2,0.09440202357255773,0.4053889974368969,0.7525690501867739,0.9415820763224346
2023,91527,1,0,0.1611526734721436,0.4859892846486199,0.8248366111764763
2023,91527,2,0.06186020297285355,0.2859295431116637,0.5601559513152865,0.8360866111764763
2023,91528,2,0.07872788734311814,0.3265404605760502,0.608281115681083,0.860468542448151
2023,91529,1,0,0,0,0.5
2023,91529,2,0.1037251465013699,0.3677856778112791,0.6333795475088746,0.8693190161989655
2023,91530,3,0.09474304089683833,0.4261645301193893,0.7977733257149089,0.966351836492358
2023,91531,2,0.09857127957177103,0.411360651859031,0.7638013647740295,0.9510119924867695
2023,91532,2,0.1660716113329339,0.5161317314990996,0.8154667568457961,0.9654066366796303
2023,91533,2,0.04688119455325179,0.2250107068090487,0.5366155683820799,0.858486056126283
2023,91534,1,0.009133900663389427,0.0351286255044137,0.1178800831939249,0.5918853583529006
2023,91535,1,0.003535854090607804,0.01310467101777657,0.07139446989959192,0.5618256529724232
2023,91536,1,0.04899125506295993,0.2219819547799334,0.5402166271253562,0.8672259274083827
2023,91537,1,0.001651285474454312,0.001651285474454312,0.04233224571398353,0.5423322457139835
2023,91538,2,0.1133455799569169,0.47909298276529,0.8447392051751854,0.9789918023668124
2023,91539,1,0.1888960331353085,0.4318160167405001,0.5551060217971063,0.8121860381919146
2023,91540,1,0.03122140585931221,0.3032952773221611,0.6975957278882736,0.9255218564254247
2023,91541,1,0.05094179682567052,0.3390844416290957,0.7277097639406669,0.9395671191372417
2023,91542,1,0.02985772471164672,0.1519674455706895,0.4398100980945451,0.8177003772355023
2023,91543,2,0.1047419136941977,0.4247716453259183,0.7617020863447145,0.9416723547129938
2023,91544,1,0.007515598308146798,0.03899116790295887,0.1978581672110769,0.6663825976162647
2023,91545,1,0,0.04667048794737527,0.236337561750926,0.6896670738035506
2023,91546,1,0.0634523207111089,0.3100481386409245,0.6519234880400917,0.9053276701102762
2023,91547,1,0.001992690161191135,0.03025802213759438,0.1530498059873744,0.6247844740109711
2023,91548,2,0.04833475030285073,0.2817283302853979,0.6542715640721162,0.920877984089569
2023,91549,1,0.005766718173479402,0.05548305861023578,0.1517236383721307,0.6020072979353743
2023,91550,1,0.005826485617545785,0.02394338560846282,0.1441327368012517,0.6260158368103346
2023,91551,1,0.048875138053809,0.2710877245010484,0.6255334644360859,0.9033208779888466
2023,91552,1,0,0.03771347549067905,0.1557456189692733,0.6180321434785943
2023,91553,2,0.1116406048385053,0.4010640043012863,0.7164789060996752,0.9270555066368942
2023,91554,1,0.03753943506733626,0.142019724116172,0.3077138056835532,0.7032335166347174
2023,91555,1,0.04063489900927592,0.1457501898537739,0.3186761685036113,0.7135608776591132
2023,91556,1,0.1167609934829143,0.4090979792958482,0.7033345592025606,0.9109975733896267
2023,91557,1,0.03093820293214761,0.1285475394715481,0.3220228210160562,0.7244134844766557
2023,91558,2,0,0,0.26086093226806,0.76086093226806
2023,91559,1,0.006741055537166474,0.1423476022066855,0.3548876147476995,0.7192810680781805
2023,91560,1,0,0,0.0195098751888631,0.5195098751888632
2023,91561,1,5.38310250149443E-4,0.06058650110108993,0.3925469788651693,0.8324987880142288
2023,91562,1,0.01595933110687597,0.03224230354229507,0.1123742120068162,0.5960912395713971
2023,91563,2,0.01524892516460408,0.1798625895928051,0.5314384072395506,0.8668247428113496
2023,91564,1,0.08221933630472722,0.2480117319894626,0.4505818635086784,0.7847894678239429
2023,91565,1,0.07210047866151076,0.2185185302915453,0.4197004318838353,0.7732823802538007
2023,91566,1,0.02596158218289207,0.1849172308314571,0.5759035413628566,0.9169478927142916
2023,91567,1,0.05067732368791222,0.1835265936443749,0.3689637798382584,0.7361145098817957
2023,91568,2,0.1131824858645916,0.4479226838208789,0.7894123816168577,0.9546721836605704
2023,91569,1,0.01788541125991244,0.106934354872823,0.3193229729637468,0.7302740293508363
2023,91570,1,0.04383216081843816,0.148167499757491,0.3000283379811776,0.6956929990421248
2023,91571,1,0.06110661843426563,0.3067576108358163,0.7132168451650529,0.9675658527635024
2023,91572,1,0.01543995310446195,0.06471064657945752,0.2044849723143056,0.65521427883931
2023,91573,1,0,0.01383182665355826,0.1048091082321913,0.5909772815786329
2023,91573,2,0.02400157140194048,0.1920590158634595,0.444528029190501,0.776470584728982
2023,91574,1,0.03438009180833368,0.1372457556432084,0.4500095302282654,0.8471438663933907
2023,91574,2,0.03465880662958082,0.1935311345952657,0.5104800108564904,0.8516076828908057
2023,91575,1,0.01745532922302445,0.1305313144326825,0.3553730281134115,0.7422970429037534
2023,91575,2,0.03300834379911877,0.1867264320516613,0.4285227078389857,0.7748046195864431
2023,91576,1,0,0.4003900936179646,0.8379350781841903,0.9375449845662257
2023,91576,2,0.03769117096857327,0.3342694743393769,0.7244789993598749,0.9279006959890713
2023,91577,2,0.1444109131461999,0.4470793132882849,0.7740065654491826,0.9713381653070975
2023,91578,2,0.1433742368576628,0.4973737052115618,0.8511634569047672,0.9971639885508682
2023,91579,2,0.1605642550771975,0.5161281379936005,0.850028363991555,0.994464481075152
2023,91580,1,0.0838528438670108,0.3746838569870755,0.6760761876427515,0.8852451745226868
2023,91580,2,0.07244156410642622,0.3479963432466888,0.6727168148940298,0.8971620357537672
2023,91581,1,0.036880092995148,0.4445030586242948,0.8709163963550927,0.9632934307259459
2023,91581,2,0.05695643064422684,0.3303736326648536,0.6731984048009603,0.8997812027803335
2023,91582,1,0.1091897154393135,0.4526984914459531,0.8044021798166832,0.9608934038100435
2023,91582,2,0.06322005593769664,0.3090883842872441,0.621282846863795,0.8754145185142476
2023,91583,2,0.08301962843734412,0.3516936489228112,0.6636098002268299,0.8949357797413628
2023,91584,2,0.1668099033539189,0.5664065358040254,0.8995966324501066,1
2023,91585,2,0.1348273418733452,0.4699342127060679,0.8062296431667502,0.9711227723340274
2023,91586,2,0.192185879009163,0.5574092048808627,0.8617228567034023,0.9964995308317026
2023,91587,1,0.06596737674614817,0.4687504201669402,0.8736925604564505,0.9709095170356584
2023,91587,2,0.004280862630484217,0.24985443760699,0.5958332178197798,0.850259642843274
2023,91588,2,0.02339410020855159,0.136775447307382,0.3275130588950306,0.7141317117962002
2023,91589,1,0,0,0.2449306213357224,0.7449306213357224
2023,91589,2,0.02325856151263556,0.2015505722786832,0.50681396337112,0.8285219526050722
2023,91590,1,0,0,0.2213658244019718,0.7213658244019718
2023,91590,2,0.0100255423076186,0.1052149264904222,0.3319873073502075,0.7367979231674039
2023,91591,1,0,0,0.1432683424753095,0.6432683424753094
2023,91591,2,0,0.06380907230345567,0.2577365484887463,0.6939274761852906
2023,91592,1,0,0.1364463637734756,0.2733276772375354,0.6368813134640597
2023,91592,2,0.00284026229994222,0.04979913616219911,0.2172340533473013,0.6702751794850443
2023,91593,1,0.00304336907053876,0.00304336907053876,0.2186929550414385,0.7186929550414385
2023,91593,2,0.09798007793129826,0.2873856643980185,0.4492377820144878,0.7598321955477676
2023,91594,2,0.1183699639307442,0.485501317889576,0.8671313539588317,1
2023,91595,2,0.1041560308604662,0.4285204085676373,0.7612564620915906,0.9368920843844195
2023,91596,2,0.1254953823640899,0.3609291572059165,0.6122330089083924,0.8767992340665658
2023,91597,2,0.07847948933014887,0.2919537011692367,0.5204671918393199,0.806992980000232
2023,91598,2,0.2029797573354601,0.5157102359386612,0.7333297838776753,0.9205993052744743
2023,91599,2,0.06928934224220773,0.3095330929059844,0.5635581699741339,0.8233144193103572
2023,91600,2,0.0699862825305318,0.2974908082545036,0.5571818183211401,0.8296772925971683
2023,91601,2,0.05947038036017982,0.3062211296130131,0.590975041244197,0.8442242919913638
2023,91602,1,0,0.2447921496017361,0.4795436468365695,0.7347514972348335
2023,91602,2,0.06537476707984297,0.2838289224675,0.5317977451972253,0.8133435898095682
2023,91603,3,0.1008159403292497,0.4511539063335202,0.8503379660042705,1
2023,91604,1,0,0.4884936087767145,0.9732599235006512,0.9847663147239366
2023,91604,2,0.04138969650407082,0.2432166386141186,0.518758706955639,0.8169317648455912
2023,91605,2,0.1390472252524014,0.5055591173253597,0.8649290200165912,0.9984171279436329
2023,91606,2,0.1068222156420289,0.4219268182075197,0.7809668765081106,0.9658622739426198
2023,91607,1,0.007383023430359625,0.121650196672198,0.2167211765101819,0.6024540032683436
2023,91607,2,0.08949738513248728,0.3632947002182972,0.6390616020420968,0.8652642869562869
2023,91608,3,0.09012149885484683,0.3159601612208937,0.5464465355430193,0.8206078731769724
2023,91609,3,0.09702413503251556,0.3137364255692,0.5011187947897282,0.7844065042530438
2023,91610,3,0.08446181111305212,0.3173604645249138,0.5610524362569613,0.8281537828450997
2023,91611,2,0.003019855819846373,0.4886922612966591,0.961546357113026,0.9758739516362134
2023,91611,3,0.1139607748570455,0.3547754122813417,0.5545441689292185,0.8137295315049223
2023,91612,3,0.1551387058456847,0.5144727254515802,0.8159867975632503,0.9566527779573548
2023,91613,3,0.2145529063578333,0.6315503596444723,0.8976841115319744,0.9806866582453354
2023,91614,3,0.0962758663772848,0.4716248187513258,0.8247155617328313,0.9493666093587904
2023,91615,3,0.1284712871002993,0.3215516569720681,0.5017935752235608,0.808713205351792
2023,91616,3,0,0.1146196068296658,0.3786844904451876,0.7640648836155218
2023,91617,3,0.1455354810328033,0.52672149523232,0.8484115821073261,0.9672255679078093
2023,91618,3,0.09883166979129321,0.4183823884783361,0.7258793704167938,0.906328651729751
2023,91619,3,0.02601668704641524,0.2053877537216628,0.4318208684768169,0.7524498018015693
2023,91620,3,0,0.4795661752334916,0.9595078540689035,0.9799416788354118
2023,91620,4,0.1125079583669869,0.3418380618346617,0.5657401486864673,0.8364100452187925
2023,91621,2,0.1374707814773991,0.4770565963135566,0.7398955535899159,0.9003097387537584
2023,91621,3,0.05958074388341417,0.2500829121030302,0.463227320507209,0.7727251522875929
2023,91622,3,0.06774968711201113,0.2523448870397314,0.4724049376522763,0.7878097377245561
2023,91623,3,0.07460137602650224,0.2771320017473902,0.502950606977577,0.800419981256689
2023,91624,3,0.1209125565394985,0.4540621322103398,0.8147822840252459,0.9816327083544046
2023,91625,3,0.1184359795595653,0.3665343588631794,0.6385090179679701,0.890410638664356
2023,91626,3,0.06802324702633678,0.270031801123716,0.4706949194591611,0.7686863653617819
2023,91627,3,0.1310221555226637,0.5486424721554297,0.917620316632766,1
2023,91628,2,0.003687983487256519,0.003687983487256519,0,0.5
2023,91628,3,0.08401939559100291,0.2948687686233235,0.5440454102672411,0.8331960372349205
2023,91629,3,0.07509886050905606,0.3021673140010689,0.5726716681880811,0.8456032146960683
2023,91630,3,0.1052728304894097,0.3737511738295877,0.645604556307414,0.877126212967236
2023,91631,3,0.09362053808171417,0.3301979595709071,0.5932131042110252,0.8566356827218323
2023,91643,3,0.1262058793758877,0.4043297867656088,0.6326061385082339,0.8544822311185127
2023,91644,3,0.240222175352063,0.5796088621284163,0.7093654384678992,0.8699787516915459
2023,91650,1,0,0.1377320254375314,0.448545084845378,0.8108130594078466
2023,91650,2,0.0324667502141619,0.1886672441201617,0.461608147908441,0.8054076540024412
2023,91651,1,0.3822523751258095,0.7507382842371565,0.738224549423898,0.8697386403125509
2023,91651,2,0.1152335957830865,0.3411138710916167,0.5739053005976069,0.8480250252890766
2023,91652,2,0.1719103615101604,0.5258251111573055,0.822409157636176,0.9684944079890309
2023,91653,2,0.0914926543369241,0.3737363953652788,0.7128574303401874,0.9306136893118327
2023,91654,1,0,0.3497400720638856,0.7092616989444751,0.8595216268805895
2023,91654,2,0.05015533949165502,0.2184811920810429,0.4963559802427749,0.828030127653387
2023,91679,1,0.01127824818301082,0.180692031099889,0.4961847329024514,0.8267709499855732
2023,91680,1,0.1158900545342533,0.3133700965253254,0.4817119244655785,0.7842318824745065
2023,91681,1,0.06371292199309964,0.2275121367597451,0.4520142507637789,0.7882150359971335
2023,91682,1,0,0.167792052160407,0.5489672238469954,0.8811751716865884
2023,91683,1,0.03828793161067468,0.1150917457541283,0.3289100448198929,0.7521062306764393
2023,91725,2,0.08450093301339923,0.319472464614287,0.5470892565961698,0.8121177249952821
2023,91735,2,0.1004282859199184,0.3258847303785102,0.5647261533758383,0.8392697089172466
2023,91736,2,0.0811015021258969,0.3556705683391335,0.6877758392462693,0.9132067730330328
2023,91789,1,0.1200316888899946,0.4229120803385489,0.6054287846863519,0.8025483932377975
2023,91789,2,0.1402377203319811,0.4459329404380608,0.7109673396631091,0.9052721195570295
2023,91803,1,0.03420779483105996,0.2019472656195415,0.4859223601346179,0.8181828893461364
2023,91804,1,0.07760598447533407,0.3621466965059259,0.7235979491344564,0.9390572371038646
2023,91805,1,0.02725860147323655,0.2044948095790291,0.4365537492887356,0.759317541182943
2023,91806,1,0.08366167245705436,0.4195844223153966,0.795069275714977,0.9591465258566347
2023,91807,1,0.08130307656538649,0.2580140707845595,0.4580011293721407,0.7812901351529677
2023,91808,2,0.05149869333334012,0.320606146736637,0.7138254354272675,0.9447179820239706
2023,91809,1,0.0321586120350868,0.1614663136803469,0.3841319575750569,0.7548242559297967
2023,91810,1,0.09589810118516978,0.2765404378959402,0.4808715585446898,0.8002292218339193
2023,91811,1,0.08611428118713571,0.3700226081836734,0.6904365680009857,0.9065282410044481
2023,91812,1,0,0.1022662861525246,0.3048190630776448,0.7025527769251201
2023,91813,1,0.02513580565126128,0.3800408268247277,0.8359191800587299,0.9810141588852634
2023,91814,1,0,0.3607848801123636,0.8607848801123636,1
2023,91815,1,0,0.325,0.6,0.775
2023,91816,1,0,0.3424307620633675,0.7826754236086313,0.9402446615452638
2023,91817,1,0.1343734821477344,0.4304251400599639,0.6226044547343169,0.8265527968220875
2023,91818,1,0.0751407388215864,0.3049926963694649,0.6435088722228224,0.9136569146749439
2023,91819,1,0.2232637166851117,0.4784957698785327,0.6103088284537986,0.8550767752603776
2023,91820,1,0.252986498406127,0.6152532257747744,0.7606278307240826,0.8983611033554352
2023,91821,1,0.2680101498897144,0.6258865179325761,0.7880059523267751,0.9301295842839133
2023,91822,1,0.02790368763201551,0.3165436919796076,0.7736630248071494,0.9850230204595574
2023,91823,1,0,0.1761904741071431,0.5283825934623119,0.8521921193551688
2023,91824,1,0.137076913921037,0.3489855044434919,0.6136708705970221,0.9017622800745672
2023,91825,1,0.04341434665803212,0.1951155135947713,0.5166931573720366,0.8649919904352975
2023,91826,1,0,0.2792780883263507,0.7792780883263507,1
2023,91827,1,0,0.1716666641666648,0.6716666641666649,1
2023,91828,1,0.07076159230180123,0.3553325504982691,0.6654166428630659,0.8808456846665982
2023,91829,1,0,0.2745864467651281,0.714792720027082,0.940206273261954
2023,91830,1,0,0,0.1666666666666667,0.6666666666666667
2023,91831,1,0.07314341049967876,0.2906566398606901,0.5432965356032617,0.8257833062422504
2023,91832,1,0.1248057297360663,0.2805275798426709,0.522831035103356,0.8671091849967514
2023,91833,1,0,0.07518069737097732,0.225451945225949,0.6502712478549717
2023,91834,1,0,0.5,1,1
2023,91835,1,0,3.323456921591195E-4,0.1950534972099414,0.6947211515177822
2023,91836,1,0,0.3402777778320313,0.6814859346165089,0.8412081567844776
2023,91837,1,0,0.5,1,1
2023,91838,1,0,0.3402777778320313,0.6814859346165089,0.8412081567844776
2023,91849,1,0.08852731737169584,0.2219842780767531,0.3689371603393474,0.7354801996342901
2023,91850,1,0,0,0.25,0.75
2023,91855,1,0.0516304347826087,0.2509881423207963,0.4430994728209404,0.7437417652827528
2023,91856,1,0,0.2382154882154882,0.6014309764309764,0.8632154882154882
2023,91857,1,0,0.1409455813843924,0.4266075941451051,0.7856620127607127
2023,91858,1,0.05955620144798235,0.2788915968722698,0.539809332603697,0.8204739371794095
2023,91859,1,0.375,0.75,0.875,1
2023,91862,1,0,0.1492209053133995,0.4671696238866552,0.8179487185732557
2023,91869,1,0.0974920029873278,0.3437686988199552,0.6151505829286731,0.8688738870960457
2023,91870,1,0.08257338947902254,0.3137533653520506,0.5931185939654191,0.8619386180923911
2023,91871,1,0.05581697790769269,0.2711807953734596,0.5816045781254181,0.8662407606596512
2023,91872,1,0.07601088024925345,0.3228698773504066,0.6095220269843358,0.8626630298831827
2023,91873,1,0.03907978322833439,0.2421138840080247,0.5335905220588923,0.830556421279202
2023,91874,1,0.05851852024476151,0.3004823579087491,0.6003980670703126,0.858434229406325
2023,91875,1,0.04581813054474448,0.2694654211971907,0.5786144446615813,0.8549671540091351
2023,91876,1,0.1162755355831777,0.4723530137734974,0.8357174133917262,0.9796399352014065
2023,91900,1,0.04268337316632231,0.2443101597211165,0.4882204409219715,0.7865936543671773
2023,91901,1,0.06905988019850723,0.2503056662591298,0.4543816975614256,0.773135911500803
2023,91902,1,0.08615455377207454,0.2914629524202659,0.494630130134011,0.7893217314858196
2023,91903,1,0.09797881174251538,0.3106466717852296,0.5014986024049908,0.7888307423622766
2023,91904,1,0.1148391920823244,0.3124271419189312,0.4573133113036283,0.7597253614670215
2023,91905,1,0.07945397672169613,0.3104883479317576,0.4823954074648067,0.7513610362547452
2023,91906,1,0.0662117698197831,0.2507065025821739,0.4489791403746081,0.7644844076122174
2023,91907,1,0.09232104429975163,0.2992225294468047,0.5039770328886898,0.7970755477416367
2023,91908,1,0.1313934453688663,0.4333764253100308,0.725587898657116,0.9236049187159514
2023,91909,1,0.1296037881721259,0.4399935250785216,0.7442981923048769,0.9339084553984812
2023,91984,1,0.06022990071662066,0.2706806963541351,0.634244135347947,0.9237933397104325
2023,91984,2,0.02548166933917578,0.1337685032621667,0.3713435943575184,0.7630567604345274
2023,91985,1,0.08307923976198506,0.1584199313014353,0.3693144172783103,0.7939737257388599
2023,91985,2,0.01279202293350612,0.1149328762852541,0.3328055176019348,0.7306646642501868
2023,91986,2,0.01725607110972782,0.1432523900411207,0.4275467903449687,0.8015504714135758
2023,91987,2,0.03497330143151395,0.2331584172792869,0.5574941544540409,0.8593090386062681
2024,18,6,0,0.5,1,1
2024,18,7,0.04916542603036345,0.5491654260303634,1,1
2024,36,6,0,0.5,1,1
2024,37,6,0.03079668718876544,0.5258392562615064,0.993069161624682,0.9980265925519409
2024,43,8,0,0.5,1,1
2024,43,9,0,0.5,1,1
2024,43,10,0,0.5,1,1
2024,168,7,0.01548905071920537,0.5154890507192054,1,1
2024,168,8,0.05190190087927282,0.5519019008792728,1,1
2024,376,8,0,0.5,1,1
2024,376,9,0.02146839434479231,0.5214683943447923,1,1
2024,378,9,0.04039258596401951,0.5403925859640195,1,1
2024,422,5,0,0.5,1,1
2024,422,6,0,0.5,1,1
2024,424,8,0.02443856443069908,0.524438564430699,1,1
2024,427,8,0.07188970813475526,0.5718897081347553,1,1
2024,428,9,0.0644300558998015,0.5644300558998014,1,1
2024,571,5,0,0.5,1,1
2024,572,5,0.002515574547840183,0.4982913374422172,0.9944495713703758,0.9986738084759987
2024,572,6,0.02524284727511289,0.5210186101694898,0.9944495713703758,0.9986738084759987
2024,573,5,0,0.5,1,1
2024,581,5,0,0.5,1,1
2024,582,5,0,0.5,1,1
2024,771,5,0,0.5,1,1
2024,831,6,0,0.5,1,1
2024,898,5,0.2057314068871858,0.7057314068871858,1,1
2024,920,5,0.05269906462341795,0.5513911747617933,0.9984501099745465,0.9997579998361712
2024,1152,10,0,0.5,1,1
2024,1159,13,0,0.5,1,1
2024,1163,10,0,0.5,1,1
2024,1174,9,0.174976156649956,0.674976156649956,1,1
2024,1204,8,0,0.5,1,1
2024,1204,9,0,0.5,1,1
2024,1221,7,0,0.5,1,1
2024,1221,8,0,0.5,1,1
2024,1221,9,0,0.5,1,1
2024,1234,9,0,0.5,1,1
2024,1252,8,0,0.5,1,1
2024,1256,8,0,0.5,1,1
2024,1279,7,0.155818723714551,0.655818723714551,1,1
2024,1279,8,0.0473173889083281,0.547317388908328,1,1
2024,1296,7,0.09714821343128843,0.5971482134312884,1,1
2024,1296,8,0.05748585558711244,0.5574858555871125,1,1
2024,1304,9,0.05630337898943649,0.5563033789894365,1,1
2024,1304,10,0.1358829585690161,0.635882958569016,1,1
2024,1307,8,0.06827012738722193,0.5682701273872219,1,1
2024,1307,9,0.06195465675592732,0.5619546567559273,1,1
2024,1312,7,0,0.5,1,1
2024,1312,8,0.02719199481875606,0.527191994818756,1,1
2024,1620,6,0,0.5,1,1
2024,1626,6,0,0.5,1,1
2024,1629,7,0,0.5,1,1
2024,1650,8,0.1379972899945333,0.6379972899945333,1,1
2024,1651,6,0,0.5,1,1
2024,1672,6,0,0.5,1,1
2024,1734,8,0.01084652497587563,0.5108465249758756,1,1
2024,1753,7,0,0.5,1,1
2024,1810,9,0,0.5,1,1
2024,1818,8,0.1593635049048844,0.6593635049048845,1,1
2024,1980,9,0.02505176785318686,0.5250517678531869,1,1
2024,1980,10,0.03925263675365026,0.5392526367536503,1,1
2024,2436,8,0.06657697962806025,0.5665769796280602,1,1
2024,2571,11,0.09580340894154998,0.59580340894155,1,1
2024,2595,11,0.05638200210101024,0.5563820021010102,1,1
2024,2597,11,0.02702702702702703,0.527027027027027,1,1
2024,2671,8,0,0.5,1,1
2024,2672,7,0.01062856233032544,0.5106285623303255,1,1
2024,2672,8,0.02054152171136991,0.5205415217113699,1,1
2024,2675,8,0,0.5,1,1
2024,2676,9,0,0.5,1,1
2024,2678,8,0,0.5,1,1
2024,2678,9,0,0.5,1,1
2024,2680,8,0,0.5,1,1
2024,2682,7,0,0.5,1,1
2024,2682,8,0,0.5,1,1
2024,2797,8,0,0.5,1,1
2024,2797,9,0.05408171021653907,0.5540817102165391,1,1
2024,2834,5,0.07142857142857145,0.5714285714285714,1,1
2024,2835,5,0,0.5,1,1
2024,2866,6,0.01022636920818787,0.5102263692081879,1,1
2024,2866,7,2.228757553479621E-5,0.5000222875755348,1,1
2024,2870,6,0,0.5,1,1
2024,2870,7,0,0.5,1,1
2024,2871,6,0,0.5,1,1
2024,2871,7,0,0.5,1,1
2024,2873,8,0,0.5,1,1
2024,2886,5,0.07956700133385236,0.5795670013338523,1,1
2024,2895,7,0,0.5,1,1
2024,2896,7,0,0.5,1,1
2024,2990,7,1.010695659889316E-4,0.5001010695659889,1,1
2024,2990,8,0.1081881613233762,0.6081881613233762,1,1
2024,3047,9,0,0.5,1,1
2024,3060,9,0,0.5,1,1
2024,3272,5,0,0.5,1,1
2024,3285,5,0,0.5,1,1
2024,3286,5,0,0.5,1,1
2024,3287,5,0,0.5,1,1
2024,3466,7,0,0.5,1,1
2024,3466,8,0,0.5,1,1
2024,3491,7,0.1732311565477472,0.6732311565477472,1,1
2024,3491,8,0.1041375638261057,0.6041375638261057,1,1
2024,3494,6,0,0.5,1,1
2024,3494,7,0.0275503410033085,0.5275503410033084,1,1
2024,3699,9,0,0.5,1,1
2024,3703,9,0,0.5,1,1
2024,3727,9,0,0.5,1,1
2024,3727,10,0.06686517301695821,0.5668651730169583,1,1
2024,3800,6,0,0.5,1,1
2024,3856,10,0.02098738387522431,0.5209873838752244,1,1
2024,4149,4,0,0.5,1,1
2024,4251,8,0.02779574355026926,0.5277957435502693,1,1
2024,4251,9,0.04144279748992547,0.5414427974899254,1,1
2024,4438,7,0,0.5,1,1
2024,4553,8,0,0.5,1,1
2024,4592,6,0.0224942179408763,0.5224942179408762,1,1
2024,4645,9,0,0.5,1,1
2024,4645,10,8.959051728228418E-4,0.5008959051728228,1,1
2024,4864,7,0.03500982322793717,0.5350098232279372,1,1
2024,4864,8,0.03401199497178881,0.5340119949717888,1,1
2024,5148,9,0.03542987982428786,0.5354298798242878,1,1
2024,5180,7,0.04925848898064394,0.549258488980644,1,1
2024,5189,7,0,0.5,1,1
2024,5316,6,0,0.5,1,1
2024,5482,5,0.1341621212603311,0.6341621212603311,1,1
2024,5742,6,0,0.5,1,1
2024,5744,6,0,0.5,1,1
2024,5766,5,0,0.5,1,1
2024,5766,6,0,0.5,1,1
2024,5955,8,0,0.5,1,1
2024,5955,9,0,0.5,1,1
2024,5968,8,0,0.5,1,1
2024,5968,9,0.0625,0.5625,1,1
2024,6140,8,0,0.5,1,1
2024,6142,8,0.08189420198603309,0.5818942019860331,1,1
2024,6143,8,0.03470548069264762,0.5347054806926477,1,1
2024,6144,8,0,0.5,1,1
2024,6146,8,0,0.5,1,1
2024,6147,8,0,0.5,1,1
2024,6400,6,0.001096633120000745,0.5010966331200007,1,1
2024,6400,7,0.00547083797727449,0.5054708379772745,1,1
2024,6400,8,0.004653982419039637,0.5046539824190397,1,1
2024,6476,7,0,0.5,1,1
2024,6523,6,0,0.5,1,1
2024,6523,7,0,0.5,1,1
2024,6571,6,0.08093880789528063,0.5809388078952806,1,1
2024,6571,7,0.07711617792586167,0.5771161779258617,1,1
2024,6580,8,0.2793647873063007,0.7793647873063008,1,1
2024,6582,6,0,0.5,1,1
2024,6611,6,0,0.5,1,1
2024,6612,6,0.05723320808711385,0.5572332080871139,1,1
2024,6613,7,0,0.5,1,1
2024,6617,6,0.04379138313649739,0.5437913831364973,1,1
2024,6699,4,0.4235714285714286,0.9185714285714286,0.995,1
2024,6700,4,0.04071109499098263,0.5407110949909826,1,1
2024,6701,4,0,0.5,1,1
2024,6705,9,0.03000544881937906,0.530005448819379,1,1
2024,6896,6,0.1038458192724709,0.6038458192724709,1,1
2024,6920,8,0,0.5,1,1
2024,6950,5,0,0.5,1,1
2024,6950,6,0,0.5,1,1
2024,6950,7,0,0.5,1,1
2024,6997,5,0,0.5,1,1
2024,7126,6,0.02598537737284484,0.5259853773728449,1,1
2024,7126,7,0.03361055859287387,0.5336105585928739,1,1
2024,7127,7,0.03080856157907408,0.5308085615790741,1,1
2024,7127,8,0.02638538385728112,0.5263853838572812,1,1
2024,7337,8,0.02382684500563853,0.5221518031295916,0.9983249581239532,1
2024,7890,6,0,0,0,0.5
2024,8991,5,0.1044897400991363,0.2668499715564843,0.4759499655110581,0.8135897340537099
2024,8995,5,0.09605779531094011,0.3635935992120155,0.6884552411893108,0.9209194372882354
2024,8999,5,0.2729833068095926,0.58651808068057,0.6820344729800543,0.868499699109077
2024,9003,5,0,0.2773758614313855,0.7143601598390579,0.9369842984076724
2024,9184,6,0.01993092969399901,0.5169192057425651,0.9968752183979352,0.9998869423493691
2024,9184,7,0.02232041595445305,0.5193086920030192,0.9968752183979352,0.9998869423493691
2024,9184,8,0.003801897435934509,0.5007901734845006,0.9968752183979352,0.9998869423493691
2024,9221,7,0,0.5,1,1
2024,9221,9,0,0.2129734059312135,0.7129734059312135,1
2024,9221,10,0.1418163923797258,0.5247897983109393,0.8480464814012392,0.9650730754700257
2024,9681,7,0,0.5,1,1
2024,9681,8,0.01753655528122727,0.5175365552812272,1,1
2024,9694,8,0.004307954339523523,0.5043079543395235,1,1
2024,9694,9,0.02081775173469236,0.5208177517346924,1,1
2024,9695,7,0.3755535973834049,0.875553597383405,1,1
2024,9695,8,0.1295858554479211,0.629585855447921,1,1
2024,9705,7,0.008927195907922736,0.5089271959079227,1,1
2024,9705,8,0.01503740514313195,0.5150374051431319,1,1
2024,9792,4,0.004967488724187397,0.5049674887241874,1,1
2024,9792,5,0.2549674887241874,0.7549674887241874,1,1
2024,9922,7,0,0.5,1,1
2024,10013,6,0.01791841996601179,0.5173466725666455,0.9988140480548352,0.9993857954542016
2024,10013,7,0.01240695612121462,0.5118352087218483,0.9988140480548352,0.9993857954542016
2024,10013,8,6.127710886894011E-5,0.4994895297095026,0.9988140480548352,0.9993857954542016
2024,10019,6,0,0.5,1,1
2024,10019,7,0.04281674920081957,0.5428167492008196,1,1
2024,10026,6,0.03325037533005643,0.5332503753300564,1,1
2024,10026,7,0.025588664323275,0.525588664323275,1,1
2024,10082,3,0,0.5,1,1
2024,10082,4,0.02108973667158448,0.5210897366715845,1,1
2024,10087,4,0,0.5,1,1
2024,10183,5,0,0.5,1,1
2024,10308,5,0,0.5,1,1
2024,10645,4,0.02815660784412621,0.5250899688384802,0.9962089332922387,0.9992755722978848
2024,10707,7,0,0.5,1,1
2024,10710,6,0,0.5,1,1
2024,10851,4,0.001377019227964738,0.5013770192279647,1,1
2024,10852,4,6.928163252993835E-4,0.5006928163252994,1,1
2024,11095,7,0,0.5,1,1
2024,11095,8,0.1419510754119929,0.6419510754119928,1,1
2024,11097,5,0.005691744788265729,0.5056917447882657,1,1
2024,11097,6,0.01586312590046707,0.5158631259004671,1,1
2024,11815,7,0,0.5,1,1
2024,11817,7,0.01703733803962354,0.5170373380396236,1,1
2024,11817,8,6.660459330373181E-4,0.5006660459330373,1,1
2024,11817,9,0.01062708162936715,0.5106270816293672,1,1
2024,11818,7,0,0.5,1,1
2024,11827,5,0,0.5,1,1
2024,11831,7,0.08941317841765634,0.5894131784176564,1,1
2024,11831,8,0.001772061364774591,0.5017720613647746,1,1
2024,11831,9,0,0.5,1,1
2024,12003,8,0,0.5,1,1
2024,12003,9,0,0.5,1,1
2024,12009,7,0,0.5,1,1
2024,12310,6,0,0.5,1,1
2024,12356,6,0.05896737614767261,0.5589673761476726,1,1
2024,12356,7,0.05814270335655425,0.5581427033565542,1,1
2024,12395,4,0,0.5,1,1
2024,12475,3,0,0.5,1,1
2024,12476,3,0,0.5,1,1
2024,12997,5,0.005301688610952815,0.5053016886109528,1,1
2024,12998,5,0,0.5,1,1
2024,12999,5,0.01486236912585559,0.5148623691258556,1,1
2024,13000,5,0.01092911543280833,0.5109291154328084,1,1
2024,13002,4,0.001036168404557392,0.500756052034991,0.9996599508233187,0.9999400671928851
2024,13015,4,0,0.5,1,1
2024,13016,4,0.01849365798889396,0.5159740641210139,0.99748040613212,1
2024,13016,5,0.002364625730829462,0.4998450318629494,0.99748040613212,1
2024,13016,6,0.002364625730829462,0.4998450318629494,0.99748040613212,1
2024,13031,4,0,0.5,1,1
2024,13037,4,0.01227152638656143,0.5122715263865614,1,1
2024,13037,5,0.09441438352941856,0.5944143835294186,1,1
2024,13038,4,0.03138983818847796,0.531389838188478,1,1
2024,13038,5,0,0.5,1,1
2024,13039,4,0.03133505593458286,0.5313350559345829,1,1
2024,13039,5,0,0.5,1,1
2024,13053,4,0.01563237189531419,0.5138224705083374,0.9981900986130231,1
2024,13053,5,0.00970742126990276,0.5078975198829259,0.9981900986130231,1
2024,13053,6,0,0.4981900986130232,0.9981900986130231,1
2024,13282,6,0.04791792451123922,0.5479179245112392,1,1
2024,13288,6,0.0157280359470407,0.5157280359470406,1,1
2024,13293,6,0.02439333309094799,0.524393333090948,1,1
2024,13300,6,0.02288034409395839,0.5228803440939584,1,1
2024,13304,7,0.01464452545307665,0.5146445254530767,1,1
2024,13310,6,0.03288848450829357,0.5328884845082935,1,1
2024,13314,7,0.05990855237519371,0.5599085523751937,1,1
2024,13315,6,0.01991878418026877,0.5199187841802688,1,1
2024,13316,6,0.0661951836871883,0.5661951836871884,1,1
2024,13322,6,0.02359515721315109,0.5235951572131511,1,1
2024,13325,6,0.04865500197034761,0.5486550019703476,1,1
2024,13331,6,0.0480493395150346,0.5480493395150345,1,1
2024,13343,7,0.08086352077048736,0.5808635207704873,1,1
2024,13387,4,0,0.5,1,1
2024,14139,6,0,0.5,1,1
2024,14420,8,0.002630152867608593,0.5026301528676086,1,1
2024,14432,7,0,0.5,1,1
2024,14441,6,0.001673772395108686,0.4981274302940452,0.994650781531383,0.9981971236324466
2024,14441,7,0.02378679450813082,0.5202404524070673,0.994650781531383,0.9981971236324466
2024,14454,7,0,0.5,1,1
2024,14454,8,0,0.5,1,1
2024,14609,2,0,0.5,1,1
2024,14996,6,0,0.5,1,1
2024,14997,7,0,0.5,1,1
2024,14998,7,0.0979075857697232,0.5979075857697231,1,1
2024,15020,8,0.03424165407738372,0.3730818453429216,0.7956383748854943,0.9567981836199565
2024,15137,4,0,0.5,1,1
2024,15158,5,0,0.5,1,1
2024,15299,6,0,0.5,1,1
2024,15299,7,0,0.5,1,1
2024,15310,7,0,0.5,1,1
2024,15446,4,0.07872738013947017,0.5787273801394701,1,1
2024,15609,4,0,0.5,1,1
2024,15757,5,0,0.5,1,1
2024,15844,7,0.06515957166634256,0.5651595716663426,1,1
2024,15844,9,0.1187310002377711,0.6187310002377711,1,1
2024,15855,6,0,0.5,1,1
2024,15855,7,0,0.5,1,1
2024,16030,6,0,0.5,1,1
2024,16032,6,0.2079178796383788,0.7011858616740586,0.9929037987186953,0.9996358166830154
2024,16034,6,0.09418978415174445,0.5863350916419733,0.989864298347938,0.9977189908577092
2024,16041,7,0.09611148373576023,0.5961114837357602,1,1
2024,16042,5,0,0.5,1,1
2024,16042,6,0,0.5,1,1
2024,16049,5,7.990274397088326E-4,0.5007990274397088,1,1
2024,16049,6,0.08651331315399452,0.5865133131539946,1,1
2024,16050,6,0,0.5,1,1
2024,16051,6,0,0.5,1,1
2024,16052,6,0,0.5,1,1
2024,16053,6,0,0.5,1,1
2024,16056,6,0,0.5,1,1
2024,16057,6,0.4,0.9,1,1
2024,16059,6,0,0.5,1,1
2024,16136,10,0.101242809341739,0.601242809341739,1,1
2024,16139,7,0,0.5,1,1
2024,16139,8,0,0.5,1,1
2024,16143,9,0.08072060271585985,0.5807206027158598,1,1
2024,16167,7,0.1363636363636364,0.6363636363636364,1,1
2024,16337,5,0,0.5,1,1
2024,16337,6,0,0.5,1,1
2024,16340,5,0,0.5,1,1
2024,16340,6,0,0.5,1,1
2024,16407,7,0.02412011096867123,0.5241201109686713,1,1
2024,16407,8,0.01698141632997657,0.5169814163299766,1,1
2024,16560,5,0,0.5,1,1
2024,16673,5,0,0.5,1,1
2024,16673,6,0,0.5,1,1
2024,16701,4,0,0.4886411018872695,0.9809195220904785,0.992278420203209
2024,16701,5,0,0.4886411018872695,0.9809195220904785,0.992278420203209
2024,16702,4,0,0.5,1,1
2024,16702,5,0,0.5,1,1
2024,16703,4,0,0.5,1,1
2024,16703,5,0,0.5,1,1
2024,16712,3,0,0.5,1,1
2024,16718,5,0.01127900745846389,0.5112790074584639,1,1
2024,16718,6,0.01127900745846389,0.5112790074584639,1,1
2024,16718,7,0.1541361503156067,0.6541361503156067,1,1
2024,16800,4,0,0.5,1,1
2024,16800,5,0,0.5,1,1
2024,16802,4,0.003787878787878785,0.5037878787878788,1,1
2024,16802,5,0,0.5,1,1
2024,16850,7,0,0.5,1,1
2024,16856,5,0,0.5,1,1
2024,16856,7,0,0.5,1,1
2024,16857,5,0,0.5,1,1
2024,16857,7,0,0.5,1,1
2024,16870,5,0.01230477695643284,0.5123047769564328,1,1
2024,16871,3,0,0.5,1,1
2024,16871,4,0,0.5,1,1
2024,17164,4,0.133820326942842,0.3954510059578419,0.6726672555727127,0.9110365765577129
2024,17164,6,0.1396118327343478,0.4108950214018573,0.6456402285456856,0.8743570398781761
2024,17167,3,0,0,0.4870684794957244,0.9870684794957244
2024,17167,4,0.1557425609165004,0.4627408992790675,0.7107334845249582,0.9037351461623911
2024,17167,5,0.1299209646723689,0.3852761105466732,0.6455926394545357,0.8902374935802315
2024,17170,3,0,0.4871846821231072,0.9780851196377282,0.990900437514621
2024,17170,4,0.2805068684838402,0.696262979178376,0.9066565482091568,0.9909004375146209
2024,17170,5,0.1311562191331909,0.4270530224684193,0.6807366347892434,0.8848398314540149
2024,17236,4,0.125,0.625,1,1
2024,17238,4,0,0.5,1,1
2024,17253,5,0,0.5,1,1
2024,17255,4,0,0.5,1,1
2024,17284,7,0.01988103782078587,0.5198810378207859,1,1
2024,17288,7,0,0.5,1,1
2024,17288,8,0.02355695349910231,0.5235569534991023,1,1
2024,17385,7,0,0.5,1,1
2024,17391,8,0.03495361755970083,0.5349536175597008,1,1
2024,17459,8,0,0.5,1,1
2024,17459,9,0.001358695652173891,0.5013586956521738,1,1
2024,17574,5,0,0.5,1,1
2024,17578,9,0,0.5,1,1
2024,17586,6,0.09483580196789776,0.5948358019678978,1,1
2024,17586,7,4.969873053420892E-4,0.5004969873053421,1,1
2024,17588,5,0,0.5,1,1
2024,17588,6,0,0.5,1,1
2024,17590,6,0,0.5,1,1
2024,17590,7,0,0.5,1,1
2024,17591,5,0,0.5,1,1
2024,17591,7,0.001991911937789026,0.501991911937789,1,1
2024,17592,5,0,0.5,1,1
2024,17592,6,5.127637970370191E-4,0.500512763797037,1,1
2024,17594,5,0,0.499935266429979,0.9998202973222792,0.9998850308923002
2024,17594,6,0.001024515478458221,0.5009597819084373,0.9998202973222792,0.9998850308923002
2024,17596,6,0.02631578947368424,0.5263157894736843,1,1
2024,17600,6,0.008548350262230497,0.5085483502622306,1,1
2024,17600,7,0.002259322608350045,0.50225932260835,1,1
2024,17677,5,0.01536219352696633,0.5153621935269663,1,1
2024,17678,4,0,0.5,1,1
2024,17763,4,0,0.5,1,1
2024,17766,6,0,0.5,1,1
2024,17772,5,0,0.5,1,1
2024,17772,6,0,0.5,1,1
2024,17772,7,0,0.5,1,1
2024,17784,7,0,0.5,1,1
2024,17784,8,0.01474854093659955,0.5147485409365995,1,1
2024,17786,7,0.03851833249311876,0.5385183324931188,1,1
2024,17786,8,0.0578580314735363,0.5578580314735363,1,1
2024,17791,8,0.006414731211633662,0.4969596737156461,0.9844587466042116,0.9939138041001992
2024,17817,4,0.07142857142857145,0.5714285714285714,1,1
2024,17818,4,0,0.5,1,1
2024,17819,4,0,0.5,1,1
2024,17976,4,0,0.5,1,1
2024,17978,4,0,0.5,1,1
2024,18104,3,0.09425821228210429,0.5942582122821043,1,1
2024,18132,3,0.02243610169353244,0.5224361016935324,1,1
2024,18159,5,0,0.5,1,1
2024,18170,5,0,0.5,1,1
2024,18211,6,0.05316624428944389,0.5531662442894438,1,1
2024,18212,5,0.0649470263928052,0.5649470263928051,1,1
2024,18213,4,0.09037212996802402,0.5889347670552509,0.9953667882769919,0.996804151189765
2024,18214,4,0,0.5,1,1
2024,18226,4,4.70613552851662E-4,0.5004706135528516,1,1
2024,18226,5,0.04592515900739713,0.5459251590073971,1,1
2024,18227,3,0.01525960055673137,0.5152596005567314,1,1
2024,18227,4,0,0.5,1,1
2024,18228,3,0.087936147032528,0.587936147032528,1,1
2024,18228,4,0.02737110690002703,0.5273711069000271,1,1
2024,18282,4,0,0.5,1,1
2024,18352,6,0,0.5,1,1
2024,18352,7,0.01757023547950848,0.5175702354795084,1,1
2024,18354,6,0,0.5,1,1
2024,18354,7,0,0.5,1,1
2024,18356,6,0,0.5,1,1
2024,18357,7,0,0.5,1,1
2024,18360,6,0,0.5,1,1
2024,18360,7,0.01515151515151514,0.5151515151515151,1,1
2024,18408,4,0,0.5,1,1
2024,18408,5,0,0.5,1,1
2024,18408,6,0.004402343514079699,0.5044023435140796,1,1
2024,18409,5,6.863290875790962E-4,0.5006863290875792,1,1
2024,18426,9,0,0.5,1,1
2024,18496,1,0,0.5,1,1
2024,18496,2,0,0.5,1,1
2024,18496,3,0,0.5,1,1
2024,18496,4,0,0.5,1,1
2024,18497,9,0.07863532288993225,0.5786353228899322,1,1
2024,18694,5,0.1666666666666667,0.2845528455284553,0.4390243902439025,0.8211382113821138
2024,18715,6,0,0.375,0.8125,0.9375
2024,18741,6,0.004664323950948845,0.5046643239509488,1,1
2024,18741,7,0.03143263760450837,0.5314326376045084,1,1
2024,18750,8,0.1101080987772166,0.6062449616359344,0.9928256029249417,0.996688740066224
2024,18862,5,0.1240128641142361,0.6136583482117239,0.9829397257675512,0.9932942416700633
2024,18862,6,0,0.4896454840974878,0.9829397257675512,0.9932942416700633
2024,18954,3,0,0.5,1,1
2024,19046,4,0,0.5,1,1
2024,19054,4,0,0.5,1,1
2024,19055,4,0,0.5,1,1
2024,19075,3,0.1312805395320747,0.6312805395320746,1,1
2024,19103,2,0,0.5,1,1
2024,19103,3,0.03340181141750809,0.5334018114175081,1,1
2024,19111,2,0,0.5,1,1
2024,19111,3,0.02330341242557488,0.5233034124255749,1,1
2024,19115,3,0.002539397559218559,0.501304954161343,0.9982458791775156,0.9994803225753912
2024,19131,3,0,0.5,1,1
2024,19140,3,0,0.5,1,1
2024,19149,3,0.01567318466427731,0.5156731846642773,1,1
2024,19157,3,0.0412731781412396,0.5412731781412397,1,1
2024,19207,3,0,0.5,1,1
2024,19425,4,0,0.5,1,1
2024,19428,3,0.02887644134860257,0.525927399708783,0.9954241337980956,0.9983731754379152
2024,19491,4,0.02301205719565841,0.5230120571956585,1,1
2024,19522,4,0,0.5,1,1
2024,19522,5,0.006901631582043044,0.506901631582043,1,1
2024,19636,4,0,0.5,1,1
2024,19747,6,0,0.5,1,1
2024,19808,3,0.008666939499453907,0.5086669394994539,1,1
2024,19851,4,0,0.5,1,1
2024,19851,5,0,0.5,1,1
2024,19873,4,0,0.5,1,1
2024,19892,4,0,0.5,1,1
2024,19894,4,0.02063328041152296,0.520633280411523,1,1
2024,19946,3,0,0.5,1,1
2024,19947,3,0,0.5,1,1
2024,20046,5,0,0.5,1,1
2024,20121,2,0.03292563169424762,0.5329256316942477,1,1
2024,20149,4,0.03090226078218955,0.5309022607821896,1,1
2024,20150,4,0.04268824822262496,0.542688248222625,1,1
2024,20182,3,0,0.5,1,1
2024,20183,3,0,0.5,1,1
2024,20305,4,0,0.5,1,1
2024,20305,5,0,0.5,1,1
2024,20306,4,0,0.5,1,1
2024,20306,5,0,0.5,1,1
2024,20310,3,0,0.5,1,1
2024,20523,5,0,0.5,1,1
2024,20531,6,0.25,0.75,1,1
2024,20533,5,0,0.5,1,1
2024,20555,5,0.06070654045485974,0.5607065404548597,0.9987827099535352,0.9987827099535352
2024,20560,3,0.2409131054076207,0.7408468928733704,0.9999337874657496,1
2024,20560,4,0.004071000144462822,0.5040047876102125,0.9999337874657496,1
2024,20620,2,0,0.5,1,1
2024,20673,4,0.0769996341236508,0.5769996341236507,1,1
2024,20793,2,0,0.5,1,1
2024,20793,3,0,0.5,1,1
2024,20802,4,0.1790688175509881,0.6790688175509881,1,1
2024,20817,3,0.05819843161875726,0.5581984316187573,1,1
2024,20848,2,0,0.5,1,1
2024,20866,3,0,0.5,1,1
2024,20953,5,0.0191058260485894,0.1669774154993255,0.3721072411421747,0.7242356516914386
2024,20965,5,0,0.5,1,1
2024,21031,5,0.09259550370921443,0.5907969425581353,0.9964028776978417,0.9982014388489209
2024,21045,1,0.002015342187394908,0.502015342187395,1,1
2024,21045,2,0.06451534218739491,0.564515342187395,1,1
2024,21110,2,0,0.5,1,1
2024,21110,3,0,0.5,1,1
2024,21290,5,0,0.5,1,1
2024,21291,5,0,0.5,1,1
2024,21292,5,0,0.5,1,1
2024,21293,5,0,0.5,1,1
2024,21313,5,0.3868445277157414,0.8868445277157414,1,1
2024,21337,4,0,0.5,1,1
2024,21380,4,0,0.5,1,1
2024,21414,3,0.08428642724702134,0.5842864272470214,1,1
2024,21414,4,0.05399175778448961,0.5539917577844896,1,1
2024,21459,6,0,0.5,1,1
2024,21464,5,0,0.5,1,1
2024,21468,5,0,0.5,1,1
2024,21469,5,0,0.5,1,1
2024,21560,3,0,0.5,1,1
2024,21563,4,0,0.5,1,1
2024,21563,5,0,0.5,1,1
2024,21644,4,0,0.5,1,1
2024,21684,3,0.02761347809700959,0.5257207778533495,0.9974103797896928,0.9993030800333528
2024,21708,2,0,0.5,1,1
2024,21709,5,0,0.5,1,1
2024,21710,3,0.0373832254365794,0.5373832254365793,1,1
2024,21710,4,0,0.5,1,1
2024,21835,3,0,0.5,1,1
2024,21840,3,0.00118833612522451,0.5011883361252245,1,1
2024,21840,4,0.03415536909225747,0.5341553690922575,1,1
2024,21842,3,0,0.5,1,1
2024,21842,4,0.01752807955886537,0.5175280795588654,1,1
2024,21853,6,0.004874558354766412,0.4979212634330946,0.9899856790286449,0.9969389739503167
2024,21985,3,0,0.5,1,1
2024,22145,3,0.01204819277108432,0.5120481927710843,1,1
2024,22145,4,0,0.5,1,1
2024,22175,2,0,0.5,1,1
2024,22175,3,0.09219339287714023,0.5921933928771402,1,1
2024,22179,3,0,0.5,1,1
2024,22186,3,0,0.5,1,1
2024,22189,4,0,0.5,1,1
2024,22193,3,0,0.5,1,1
2024,22196,2,0,0.5,1,1
2024,22196,3,0,0.5,1,1
2024,22237,3,0.130291735234614,0.630291735234614,1,1
2024,22254,2,0.202916059217599,0.702916059217599,1,1
2024,22257,5,0.0839373509891701,0.5839373509891701,1,1
2024,22297,2,0,0.5,1,1
2024,22316,5,0,0.5,1,1
2024,22316,6,0,0.5,1,1
2024,22757,8,0.008236640070973356,0.2483945981375534,0.59566042732721,0.85550246926063
2024,22760,5,0.01321699185967096,0.1150092531045847,0.2460402150562407,0.644247953811327
2024,22761,4,0,0.5,1,1
2024,22771,3,0.06971381883593897,0.569713818835939,1,1
2024,22799,2,0,0.5,1,1
2024,22801,3,0,0.5,1,1
2024,22885,4,0,0.5,1,1
2024,22899,3,0.03348579991330158,0.5334857999133016,1,1
2024,22906,4,0,0.5,1,1
2024,22907,4,0,0.5,1,1
2024,22994,3,0,0.5,1,1
2024,22994,4,0.01305910272969985,0.5130591027296998,1,1
2024,22994,5,0,0.5,1,1
2024,22994,6,0.1056388530764405,0.6056388530764405,1,1
2024,23013,3,0.05431377491580142,0.3517324914028481,0.704233273948477,0.9068145574614302
2024,23014,3,0.02411091097189433,0.2612328303372027,0.6319930259966366,0.8948711066313283
2024,23015,3,0.03572276853642525,0.3426518955203931,0.6972532312018116,0.8903241042178438
2024,23016,3,0.006245927864856393,0.376182296846295,0.77574567961573,0.9058093106342914
2024,23092,7,0.02315811128373041,0.5231581112837305,1,1
2024,23094,6,0.0308165922951536,0.5301812631300827,0.9993646708349291,1
2024,23095,6,0,0.5,1,1
2024,23229,5,0,0.5,1,1
2024,23244,3,0,0.5,1,1
2024,23372,3,0,0.5,1,1
2024,23373,2,0,0.5,1,1
2024,23374,4,0,0.5,1,1
2024,23375,4,0.007436789881010375,0.5074367898810104,1,1
2024,23377,3,0.07464631558688972,0.5746463155868897,1,1
2024,23385,5,0.04999999999999999,0.55,1,1
2024,23386,6,0.08594678607571538,0.5859467860757154,1,1
2024,23387,3,0,0.5,1,1
2024,23387,4,0.007575757575757569,0.5075757575757576,1,1
2024,23388,5,0.09999999999999998,0.6,1,1
2024,23389,5,0,0.5,1,1
2024,23406,3,0,0.5,0.9992275801844149,0.9992275801844149
2024,23411,7,0,0.5,1,1
2024,23424,2,0,0.5,1,1
2024,23424,3,0,0.5,1,1
2024,23425,2,0,0.5,1,1
2024,23425,3,0,0.5,1,1
2024,23426,2,0,0.5,1,1
2024,23426,3,0,0.5,1,1
2024,23427,2,0,0.5,1,1
2024,23427,3,0,0.5,1,1
2024,23428,2,0,0.5,1,1
2024,23428,3,0,0.5,1,1
2024,23431,2,0,0.5,1,1
2024,23431,3,0,0.5,1,1
2024,23542,1,0.01658743498712095,0.5165874349871209,1,1
2024,23542,2,0.01158242998211589,0.5115824299821159,1,1
2024,23648,3,0,0.5,1,1
2024,23694,2,0,0.5,1,1
2024,23743,3,0,0.5,1,1
2024,23743,4,0,0.5,1,1
2024,23755,2,0.001520517483382888,0.5015205174833829,1,1
2024,23755,3,0.01910936749979991,0.5191093674998,1,1
2024,23758,3,0.01691855828713429,0.5169185582871343,1,1
2024,23758,4,0.04274976033317013,0.5427497603331701,1,1
2024,23759,3,0,0.5,1,1
2024,23759,4,0,0.5,1,1
2024,23764,3,0,0.5,1,1
2024,23766,2,0,0.5,1,1
2024,23766,3,0.05297799999330405,0.552977999993304,1,1
2024,23768,3,0.03846153846153844,0.5384615384615384,1,1
2024,23768,4,0,0.5,1,1
2024,23769,2,0.003581715099596206,0.5035817150995963,1,1
2024,23769,3,0.05585914781181156,0.5558591478118116,1,1
2024,23925,5,0,0.5,1,1
2024,23927,2,0,0.5,1,1
2024,23929,2,0,0.5,1,1
2024,23930,2,0.03648330800604155,0.5361060783098075,0.9996227703037659,1
2024,23933,2,0,0.5,1,1
2024,23960,3,0,0.5,0.9998968646864687,0.9998968646864687
2024,23960,4,0,0.5,0.9998968646864687,0.9998968646864687
2024,23961,3,0,0.5,1,1
2024,23963,3,0,0.5,1,1
2024,23963,4,0,0.5,1,1
2024,23964,3,0,0.5,1,1
2024,23964,4,0,0.5,1,1
2024,23966,2,0,0.5,0.9998968646864687,0.9998968646864687
2024,23966,3,0,0.5,0.9998968646864687,0.9998968646864687
2024,23992,3,0.09722222222222221,0.5972222222222222,1,1
2024,23998,3,0,0.5,1,1
2024,23999,3,0,0.5,1,1
2024,24085,3,0,0.5,1,1
2024,24089,3,0,0.5,1,1
2024,24093,3,0.03468371252097885,0.5346837125209789,1,1
2024,24129,2,0.0357142857142857,0.5357142857142857,1,1
2024,24148,2,0.1492489493773886,0.6492489493773886,1,1
2024,24275,2,0.04140580673987904,0.541405806739879,1,1
2024,24287,2,0,0.5,1,1
2024,24302,2,0,0.5,1,1
2024,24306,2,0.06589682225103943,0.5658968222510394,1,1
2024,24338,2,0.04545454545454547,0.5454545454545454,1,1
2024,24362,2,0.009554248666124476,0.5095542486661244,1,1
2024,24364,2,0,0.5,1,1
2024,24372,2,0,0.5,1,1
2024,24378,2,0.008502780187834624,0.5085027801878346,1,1
2024,24378,3,0,0.5,1,1
2024,24380,2,0.0799407107336979,0.5799407107336979,1,1
2024,24381,2,0,0.5,1,1
2024,24396,2,0,0.5,1,1
2024,24396,3,0,0.5,1,1
2024,24458,2,0.01351351351351349,0.5135135135135135,1,1
2024,24525,6,0.02655614017238206,0.5265561401723821,1,1
2024,24538,2,0,0.5,1,1
2024,24538,3,0,0.5,1,1
2024,24539,3,0,0.5,1,1
2024,24558,3,0,0.5,1,1
2024,24559,3,0,0.5,1,1
2024,24560,3,0,0.5,1,1
2024,24561,3,0,0.5,1,1
2024,24562,3,0,0.5,1,1
2024,24563,3,0.03333333333333333,0.5333333333333333,1,1
2024,24567,4,0,0.5,1,1
2024,24568,4,0,0.5,1,1
2024,24574,6,0,0.5,1,1
2024,24575,5,0,0.5,1,1
2024,24624,1,0,0.5,1,1
2024,24624,2,0,0.5,1,1
2024,24634,2,0,0.5,1,1
2024,24644,2,0,0.5,1,1
2024,24648,2,0,0.5,1,1
2024,24648,3,0.0852429225715261,0.5852429225715261,1,1
2024,24689,2,0,0.5,1,1
2024,24725,2,0.0486202991029917,0.5486202991029917,1,1
2024,24725,3,0.05521687712814111,0.5552168771281412,1,1
2024,24733,2,0.06638388796188704,0.566383887961887,1,1
2024,24733,3,0.1012700504222601,0.6012700504222601,1,1
2024,24753,2,0,0.5,1,1
2024,24821,2,0,0.5,1,1
2024,24821,3,0,0.5,1,1
2024,24828,2,0.03864041095968157,0.5330356119007627,0.9943952009410811,1
2024,24837,2,0,0.5,1,1
2024,24895,4,0.04313319530710835,0.52491572477283,0.9693601692172744,0.9875776397515529
2024,24996,2,0,0.5,1,1
2024,24996,3,0,0.5,1,1
2024,24999,2,0.2062947064359588,0.7062947064359588,1,1
2024,24999,3,0,0.5,1,1
2024,24999,4,0,0.5,1,1
2024,25003,5,0.2121258032317501,0.7121258032317501,1,1
2024,25043,5,0,0.5,1,1
2024,25045,4,0,0.5,1,1
2024,25045,5,0,0.5,1,1
2024,25078,3,0,0.5,1,1
2024,25192,3,0.0242212965270483,0.5242212965270483,1,1
2024,25193,3,0,0.5,1,1
2024,25352,3,0,0.5,1,1
2024,25399,4,0,0.5,1,1
2024,25424,3,0,0.5,1,1
2024,25424,4,0.003800746874924543,0.5038007468749246,1,1
2024,25424,5,0.003940802897333506,0.5039408028973336,1,1
2024,25435,2,0,0.5,1,1
2024,25435,3,0,0.5,1,1
2024,25437,2,0,0.5,1,1
2024,25437,3,0,0.5,1,1
2024,25438,3,0,0.5,1,1
2024,25438,4,0,0.5,1,1
2024,25443,2,0,0.5,1,1
2024,25456,2,0.001104451222838199,0.5008030065093312,0.9996913995048845,0.9999928442183915
2024,25456,3,0.01979604000788493,0.5194945952943779,0.9996913995048845,0.9999928442183915
2024,25470,6,0,0.5,1,1
2024,25473,6,0,0.5,1,1
2024,25478,5,0,0.5,1,1
2024,25504,3,0,0.5,1,1
2024,25508,3,0.01742777634073434,0.5174277763407343,1,1
2024,25510,4,0,0.5,1,1
2024,25510,5,0,0.5,1,1
2024,25537,3,0,0.5,1,1
2024,25557,3,0.08775331716147383,0.5877533171614738,1,1
2024,25559,3,0.07648508127472675,0.5764850812747268,1,1
2024,25562,3,0.04852042626442044,0.5485204262644204,1,1
2024,25572,3,0.036601767358311,0.536601767358311,1,1
2024,25671,2,0,0.5,1,1
2024,25706,2,0,0.5,1,1
2024,25782,4,0.5,1,1,1
2024,25787,4,0,0.5,1,1
2024,25788,4,0,0.5,1,1
2024,25790,2,0.002442018782048472,0.5024420187820484,1,1
2024,25790,3,0.02244201878204849,0.5224420187820484,1,1
2024,25792,2,0.01306802533207668,0.5130680253320767,1,1
2024,25792,3,0,0.5,1,1
2024,25794,2,0,0.5,1,1
2024,25798,3,0,0.5,1,1
2024,25805,4,0.01862199631401262,0.5186219963140126,1,1
2024,25894,3,0,0.5,1,1
2024,25942,3,0,0.5,1,1
2024,25958,2,0,0.5,1,1
2024,25958,3,0,0.5,1,1
2024,25968,2,0,0.5,1,1
2024,25968,3,0,0.5,1,1
2024,25987,5,0,0.5,1,1
2024,26117,3,0,0.5,1,1
2024,26117,4,0.03818446834460715,0.5381844683446071,1,1
2024,26119,3,0,0.4918144703181738,0.9749168029539828,0.9831023326358089
2024,26119,5,0.03838003465958334,0.4392854140686662,0.8385531665903463,0.9376477871812634
2024,26119,6,0.0935966301446352,0.3404446575097889,0.5453866016117008,0.7985385742465472
2024,26120,3,0.01170635534463782,0.4859440421949957,0.9460243327873848,0.9717866459370269
2024,26120,5,0.06433793429200624,0.09120720008973254,0.1828664380505428,0.6559971722528164
2024,26120,6,0.1647675798344337,0.3022705728072406,0.3745957613588135,0.7370927683860066
2024,26121,6,0.1702913127936682,0.4756343013041243,0.6197969015170458,0.8144539130065896
2024,26122,3,0,0.5,0.9990246669694154,0.9990246669694155
2024,26122,6,0.03692075813514217,0.3116572848281469,0.6070945269957535,0.8323580003027488
2024,26123,3,0.01423916162471922,0.5142391616247193,0.9920191026742379,0.992019102674238
2024,26123,5,0.08566773305329067,0.4788876786282152,0.8852390482491624,0.9920191026742379
2024,26123,6,0.1791876152329667,0.4475916550641504,0.5954746888971743,0.8270706490659905
2024,26243,2,0.04818051025296527,0.5481805102529653,1,1
2024,26308,6,0.004461223820029447,0.5044612238200294,1,1
2024,26461,4,0.04297618144154403,0.542976181441544,1,1
2024,26463,4,0.06396045100534026,0.5639604510053402,1,1
2024,26472,2,0,0.5,1,1
2024,26501,2,0,0.5,1,1
2024,26540,4,0.3839776413090191,0.7654566572574345,0.8689109336962799,0.9874319177478645
2024,26540,6,0.05909501220103786,0.3011374084311434,0.6097560041188151,0.8677136078887095
2024,26707,4,0.02809154653395818,0.5280915465339582,1,1
2024,26707,5,0.09947186958829007,0.5994718695882901,1,1
2024,26708,4,0.01718376685743484,0.5171837668574348,1,1
2024,26708,5,0.05910407676335627,0.5591040767633563,1,1
2024,26768,4,0,0.5,1,1
2024,26801,5,0,0.5,1,1
2024,26802,4,0,0.5,1,1
2024,26834,4,0,0.5,1,1
2024,26835,4,0,0.5,1,1
2024,26857,5,0,0.5,1,1
2024,26971,2,0.00552998534211363,0.5055299853421136,1,1
2024,26974,3,0,0.5,1,1
2024,26977,4,0,0.5,1,1
2024,26981,2,0,0.5,1,1
2024,26981,3,0,0.5,1,1
2024,27104,2,0,0.5,1,1
2024,27107,4,0.2369085764872352,0.7369085764872352,1,1
2024,27110,4,0.07692307692307693,0.5769230769230769,1,1
2024,27118,5,0.1546496015835624,0.6546496015835623,1,1
2024,27120,4,0,0.5,1,1
2024,27124,6,0,0.5,1,1
2024,27141,1,0.1606672304800224,0.65069954057314,0.9840328739064732,0.9940005638133557
2024,27159,3,0,0.5,1,1
2024,27164,2,0.05020977056016523,0.5502097705601652,1,1
2024,27171,2,0,0.5,1,1
2024,27176,2,0,0.5,1,1
2024,27208,3,0.02530421157733792,0.5235597071917168,0.996906729157442,0.9986512335430631
2024,27210,2,0.06261008561800613,0.5626100856180061,1,1
2024,27229,5,0.03318736828406854,0.5331873682840685,1,1
2024,27229,6,0.00322020900656439,0.5032202090065644,1,1
2024,27309,2,0,0.5,1,1
2024,27357,2,0,0.5,1,1
2024,27357,3,0,0.5,1,1
2024,27360,2,0,0.5,1,1
2024,27360,3,0,0.5,1,1
2024,27360,4,0,0.5,1,1
2024,27360,5,0,0.5,1,1
2024,27361,2,2.22620291410458E-4,0.5000013052434287,0.9996069623046255,0.9998282773526074
2024,27361,3,2.22620291410458E-4,0.5000013052434287,0.9996069623046255,0.9998282773526074
2024,27361,4,2.22620291410458E-4,0.5000013052434287,0.9996069623046255,0.9998282773526074
2024,27361,5,2.22620291410458E-4,0.5000013052434287,0.9996069623046255,0.9998282773526074
2024,27363,2,0,0.5,1,1
2024,27363,3,0,0.5,1,1
2024,27365,2,0,0.5,1,1
2024,27365,3,0,0.5,1,1
2024,27457,3,0,0.5,1,1
2024,27457,4,0.01350855151932084,0.5135085515193208,1,1
2024,27459,4,0,0.5,1,1
2024,27461,2,0,0.5,1,1
2024,27461,3,0.01472761998596051,0.5147276199859605,1,1
2024,27501,2,0,0.5,1,1
2024,27519,2,0,0.5,1,1
2024,27548,3,0.04864151283891,0.2136644129290146,0.4721784846680316,0.807155584577927
2024,27552,3,0,0.1962250508471856,0.5756083350623912,0.8793832842152056
2024,27563,2,0.00201030966250515,0.5020103096625051,1,1
2024,27563,3,0.04201030966250513,0.5420103096625051,1,1
2024,27614,1,0,0.5,1,1
2024,27616,1,0,0.5,1,1
2024,27617,1,0.230503581854402,0.7305035818544019,0.9994143780236582,0.9994143780236581
2024,27644,2,0,0.5,1,1
2024,27644,3,0.01781099300959177,0.5178109930095918,1,1
2024,27645,3,0.007118970357144039,0.507118970357144,1,1
2024,27646,3,7.061747344205838E-5,0.5000706174734421,1,1
2024,27647,4,0.002634749346642762,0.5026347493466428,1,1
2024,27648,3,0,0.5,1,1
2024,27705,2,0,0.5,1,1
2024,27714,2,0.2813591004643047,0.7813591004643047,1,1
2024,27837,2,0.02310093146137537,0.09417651475579336,0.2205990447754273,0.6495234614810093
2024,27837,3,0.103467093077537,0.2564239895032681,0.4171268225532051,0.7641699261274739
2024,27840,2,0.02600883428417111,0.2400822577373934,0.5073322057366367,0.7932587822834145
2024,27840,3,0.05762235083416684,0.2314399623437369,0.4602921919089641,0.7864745803993941
2024,27843,2,0.03333257643728776,0.2323309357333365,0.452102527884319,0.7531041685882703
2024,27843,3,0.1107740029353181,0.3112698165590099,0.4990419616162056,0.7985461479925139
2024,27846,2,4.508790408767616E-4,0.09759177120740042,0.2871123760900046,0.689971483923481
2024,27846,3,0.02811787804386778,0.1369736256440904,0.3166487669175221,0.7077930193172994
2024,27849,2,0.02850685868509517,0.2245174229697078,0.4653345148087218,0.7693239505241092
2024,27849,3,0.0903854562779785,0.2648104632627481,0.4722026466768536,0.797777639692084
2024,27852,2,0.004962012644139258,0.228658085092259,0.5594919519126963,0.8357958794645765
2024,27852,3,0.1095803672624939,0.378494734928909,0.6981910906118349,0.92927672294542
2024,27927,2,0.003354200882621505,0.4956027037547727,0.9889061292837249,0.9966576264115737
2024,27928,2,0.005084503476314672,0.501923302197484,0.99543673625469,0.9985979375335206
2024,27929,2,0.001469076284220328,0.4932689663805661,0.9882266243361562,0.9964267342398104
2024,27930,2,0,0.5,1,1
2024,27934,4,0,0.5,1,1
2024,27940,5,0.01078495235904042,0.5068203222073782,0.9941798092778461,0.9981444394295083
2024,27943,4,0,0.5,1,1
2024,27950,4,0,0.5,1,1
2024,27951,5,0,0.5,1,1
2024,27955,3,0.004103542240348035,0.5021905010961372,0.9972223328718803,0.9991353740160913
2024,27955,4,0.01794924608533066,0.5160362049411198,0.9972223328718803,0.9991353740160913
2024,27955,5,0.003414362364400403,0.5015013212201895,0.9972223328718803,0.9991353740160913
2024,27964,2,0,0.5,1,1
2024,27965,2,0,0.5,1,1
2024,28005,4,0.07588678100239199,0.3005776663907481,0.6010860518121781,0.8763951664238221
2024,28007,4,0.1996269273867472,0.5891675081767861,0.8861560641207903,0.9966154833307515
2024,28007,5,0.07857429580779984,0.2523254029136282,0.4773841342962288,0.8036330271904005
2024,28018,2,0.02740765489723601,0.5243064739086969,0.9962150206196236,0.9993162016081627
2024,28062,3,0.02780543022481369,0.2468104963804879,0.606236986130954,0.8872319199752798
2024,28062,4,0,0.2033136637365831,0.6301009939766553,0.9267873302400722
2024,28068,3,0.09393334813392312,0.4046610222635179,0.7359566868925299,0.9252290127629351
2024,28068,4,0.04805122479278334,0.4742355733954461,0.9261843486026627,1
2024,28069,3,0.05719658105701397,0.3412235302724049,0.7162823279837245,0.9322553787683335
2024,28069,4,0.06463705724749019,0.2013425778914526,0.4945561375075339,0.8578506168635716
2024,28070,3,0.09777730809258867,0.4303020063730572,0.757553018620648,0.9250283203401796
2024,28070,4,0,0.05650130646760299,0.3924945390884843,0.8359932326208813
2024,28098,3,0,0.4734782669795995,0.9506455220349063,0.9771672550553067
2024,28098,4,0.02356437527088617,0.2735987361751968,0.6042049704135868,0.8541706095092761
2024,28099,3,0.06929599000360315,0.3509962843939673,0.6743246246619092,0.892624330271545
2024,28100,4,0.07248655873279886,0.3750806521804393,0.6943896422488675,0.891795548801227
2024,28101,4,0.143416977602366,0.4349425627764248,0.6789625841030735,0.8874369989290147
2024,28103,3,0.1414783423804054,0.4362032081778237,0.676255142034065,0.8815302762366467
2024,28104,3,0.05231859484142432,0.3158838580355983,0.6465360897501107,0.8829708265559366
2024,28106,1,0,0.5,1,1
2024,28106,2,0.0292078080367707,0.5292078080367707,1,1
2024,28107,2,0,0.5,1,1
2024,28107,3,0.04122124656465087,0.5412212465646509,1,1
2024,28126,3,0.00956865545815927,0.5095686554581593,1,1
2024,28146,2,0.05002460453275887,0.5476166775219009,0.9970233491840665,0.9994312761949244
2024,28146,3,7.288298848715513E-4,0.4983209028740136,0.9970233491840665,0.9994312761949244
2024,28157,2,0,0.5,1,1
2024,28171,2,0,0.5,1,1
2024,28299,4,0,0.5,1,1
2024,28302,3,0,0.5,1,1
2024,28302,4,0,0.5,1,1
2024,28392,2,5.164876731200696E-4,0.5005164876731201,1,1
2024,28393,2,0,0.5,1,1
2024,28394,2,0,0.5,1,1
2024,28395,2,0,0.5,1,1
2024,28396,2,0,0.5,1,1
2024,28401,2,0,0.5,1,1
2024,28403,2,0,0.5,1,1
2024,28404,2,0,0.5,1,1
2024,28405,2,0,0.5,1,1
2024,28407,2,0,0.5,1,1
2024,28408,2,0.005433437508648886,0.4988234215461662,0.991004374428334,0.9976143903908167
2024,28438,2,0,0.5,1,1
2024,28500,2,0,0.5,1,1
2024,28500,3,0,0.5,1,1
2024,28501,2,0,0.5,1,1
2024,28501,3,0,0.5,1,1
2024,28501,4,0,0.5,1,1
2024,28502,2,0,0.5,1,1
2024,28502,3,0,0.5,1,1
2024,28502,4,0,0.5,1,1
2024,28504,3,0,0.5,1,1
2024,28510,2,0.1986437656325504,0.6986437656325504,1,1
2024,28511,2,0.04412864049464643,0.5441286404946464,1,1
2024,28516,2,0.07581341957970261,0.5758134195797027,1,1
2024,28521,3,0.01057405586578958,0.5095097447021725,0.9984627175900274,0.9995270287536444
2024,28522,1,0,0.5,1,1
2024,28522,2,0.02189709173234211,0.5218970917323421,1,1
2024,28523,3,0,0.5,1,1
2024,28524,3,0.0289173269403355,0.5271366270109683,0.9975070200988859,0.9992877200282532
2024,28528,3,0,0.5,1,1
2024,28535,2,0.03644755004275246,0.5364475500427525,1,1
2024,28536,2,0.06115601148221594,0.5375340627074203,0.9603115222561635,0.9839334710309592
2024,28542,3,0.004381617250396597,0.4995083059283011,0.9926714544478372,0.9975447657699327
2024,28544,3,0,0.5,1,1
2024,28546,3,0,0.5,1,1
2024,28557,3,0,0.5,1,1
2024,28563,2,0,0.5,1,1
2024,28619,3,0,0.5,1,1
2024,28624,2,0,0.5,1,1
2024,28630,2,0,0.5,1,1
2024,28644,3,0,0.5,1,1
2024,28650,2,0,0.5,1,1
2024,28650,3,0,0.5,1,1
2024,28715,2,0,0.5,1,1
2024,28737,2,0,0.5,1,1
2024,28738,3,0,0.5,1,1
2024,28779,2,0,0.5,1,1
2024,28828,1,0,0.5,1,1
2024,28837,1,0,0.5,1,1
2024,28837,2,0,0.5,1,1
2024,28843,1,0,0.5,1,1
2024,28843,2,0.0625,0.5625,1,1
2024,28844,1,0,0.5,1,1
2024,28844,2,0.04999999999999999,0.55,1,1
2024,28845,2,0.003958426652041824,0.5039584266520418,1,1
2024,28845,3,0.09919652189013706,0.5991965218901371,1,1
2024,28848,1,0,0.5,1,1
2024,28848,2,0,0.5,1,1
2024,28920,2,0,0.5,1,1
2024,28931,2,0,0.5,1,1
2024,28946,2,0.002432491265592585,0.5024324912655926,1,1
2024,28971,2,0.01490684853401392,0.5149068485340139,1,1
2024,28973,2,0,0.5,1,1
2024,28974,2,0.11336478105346,0.6133647810534599,1,1
2024,28978,2,0,0.5,1,1
2024,28980,2,0,0.5,1,1
2024,29024,2,1.350075929607009E-5,0.4988787451789263,0.9985847440850137,0.9997194996653834
2024,29024,3,0.004867869691334903,0.5037331141109651,0.9985847440850137,0.9997194996653834
2024,29025,2,0.02511492710965052,0.5251149271096505,1,1
2024,29025,3,0.2751149271096505,0.7751149271096505,1,1
2024,29026,2,0.03846153846153844,0.5384615384615384,1,1
2024,29026,3,0,0.5,1,1
2024,29027,2,0.03246835652939217,0.5324683565293922,1,1
2024,29027,3,0.09675407081510645,0.5967540708151065,1,1
2024,29055,2,0,0.5,1,1
2024,29055,3,0,0.5,1,1
2024,29057,2,0,0.5,1,1
2024,29057,3,0,0.5,1,1
2024,29061,1,0,0.5,1,1
2024,29069,1,0,0.5,1,1
2024,29070,1,0,0.5,1,1
2024,29071,1,0.06785938343736359,0.5648950403786682,0.9946458633316616,0.9976102063903569
2024,29077,1,0,0.5,1,1
2024,29078,1,0.06483785028874439,0.5622471772803252,0.9935233165479279,0.9961139895563472
2024,29079,1,0,0.5,1,1
2024,29080,1,0.05667413903542046,0.5566741390354204,0.9991708126036484,0.9991708126036485
2024,29081,1,0.08889098120544386,0.5888909812054439,0.9993643529112637,0.9993643529112637
2024,29082,1,0.04983144329830813,0.5468817389707668,0.9946723035127397,0.9976220078402811
2024,29089,2,0,0.5,1,1
2024,29172,3,0,0.5,1,1
2024,29173,2,0,0.5,1,1
2024,29174,3,0,0.5,1,1
2024,29175,3,0,0.5,1,1
2024,29239,1,0.0625,0.5625,1,1
2024,29241,1,0.07142857142857145,0.5714285714285714,1,1
2024,29242,1,0.07142857142857145,0.5714285714285714,1,1
2024,29292,3,0,0.5,1,1
2024,29297,1,0,0.5,1,1
2024,29297,2,0.05176900615446861,0.5517690061544687,1,1
2024,29315,1,0,0.5,1,1
2024,29315,2,0,0.5,1,1
2024,29317,3,0.1240222544608902,0.6240222544608902,1,1
2024,29320,3,0.02984477723668266,0.5298447772366827,1,1
2024,29321,3,0,0.5,1,1
2024,29321,4,0,0.5,1,1
2024,29322,3,0,0.5,1,1
2024,29323,3,0,0.5,1,1
2024,29324,3,0,0.5,1,1
2024,29335,2,0.02643319716319081,0.5264331971631908,1,1
2024,29336,2,0.01503455078843874,0.5150345507884387,1,1
2024,29338,2,0.02049178852662731,0.5204917885266274,1,1
2024,29338,3,4.917885266272903E-4,0.5004917885266273,1,1
2024,29382,2,0,0.5,1,1
2024,29383,2,0,0.5,1,1
2024,29384,2,0,0.5,1,1
2024,29386,2,0,0.5,1,1
2024,29388,2,0,0.5,1,1
2024,29395,1,0,0.5,1,1
2024,29414,2,0,0.5,1,1
2024,29454,1,0,0.5,1,1
2024,29465,1,0.01132865390083554,0.5113286539008355,1,1
2024,29465,2,0.06031514038732205,0.5603151403873221,1,1
2024,29466,1,0.005251421083511232,0.5052514210835113,1,1
2024,29466,2,3.009260340062769E-4,0.5003009260340063,1,1
2024,29467,1,0,0.5,1,1
2024,29467,2,0,0.5,1,1
2024,29468,2,0,0.5,1,1
2024,29468,3,0,0.5,1,1
2024,29470,2,0,0.5,1,1
2024,29470,3,0,0.5,1,1
2024,29471,1,0,0.5,1,1
2024,29471,2,0,0.5,1,1
2024,29472,1,0.2484974605590858,0.7484974605590857,1,1
2024,29472,2,0.0193307938924191,0.5193307938924191,1,1
2024,29473,2,0,0.5,1,1
2024,29473,3,0,0.5,1,1
2024,29474,1,0.01017561802845529,0.5090635903206165,0.9988879722921613,1
2024,29474,2,0.004912460133718433,0.5038004324258797,0.9988879722921613,1
2024,29476,2,0,0.5,1,1
2024,29476,3,0,0.5,1,1
2024,29477,2,0,0.5,1,1
2024,29477,3,0,0.5,1,1
2024,29479,1,0.003628894381414671,0.5036288943814147,1,1
2024,29479,2,0.09627595320494409,0.5962759532049441,1,1
2024,29479,3,0,0.5,1,1
2024,29480,2,0,0.5,1,1
2024,29480,3,0,0.5,1,1
2024,29481,1,0,0.5,1,1
2024,29481,2,0,0.5,1,1
2024,29483,1,0,0.5,1,1
2024,29483,2,0,0.5,1,1
2024,29484,2,0,0.5,1,1
2024,29487,2,0,0.5,1,1
2024,29488,2,0,0.5,1,1
2024,29489,2,0,0.5,1,1
2024,29490,2,0,0.5,1,1
2024,29538,2,0,0.5,1,1
2024,29541,2,0,0.5,1,1
2024,29551,1,0,0.5,1,1
2024,29555,4,0.2863716526442871,0.7863716526442871,1,1
2024,29557,1,0.130988896629756,0.6305518343482879,0.9991258750000006,0.9995629372814686
2024,29557,2,0.06432222996308934,0.5638851676816212,0.9991258750000006,0.9995629372814686
2024,29576,1,0.006173552343222755,0.5061735523432227,1,1
2024,29576,2,1.675463372167729E-4,0.5001675463372168,1,1
2024,29577,2,0,0.5,1,1
2024,29578,1,0.001105985124753461,0.5011059851247535,1,1
2024,29578,2,0,0.5,1,1
2024,29584,4,0,0.5,1,1
2024,29586,3,0,0.5,1,1
2024,29586,4,0,0.5,1,1
2024,29590,1,0.01851851851851855,0.5185185185185186,1,1
2024,29597,1,0,0.5,1,1
2024,29600,1,0,0.5,1,1
2024,29652,1,0.03262601985166858,0.5326260198516686,1,1
2024,29653,1,0,0.5,1,1
2024,29677,1,0,0.5,1,1
2024,29677,2,0.0498342367614209,0.5498342367614208,1,1
2024,29678,1,0,0.5,1,1
2024,29678,2,0.07968740269611735,0.5796874026961174,1,1
2024,29679,1,0.094877428916813,0.5948774289168131,1,1
2024,29679,2,0.1209595351194011,0.620959535119401,1,1
2024,29680,1,0,0.5,1,1
2024,29680,2,0.04872172720502915,0.5487217272050291,1,1
2024,29681,1,0,0.5,1,1
2024,29681,2,0.09053493493577447,0.5905349349357745,1,1
2024,29682,1,0,0.5,1,1
2024,29682,2,0.08290920548040337,0.5829092054804034,1,1
2024,29683,1,0,0.4975650799011531,0.9963604110367571,0.9987953311356039
2024,29683,2,0.01119969278735555,0.5087647726885086,0.9963604110367571,0.9987953311356039
2024,29684,1,0.0372514799981577,0.5372514799981577,1,1
2024,29684,2,0.1100174374449662,0.6100174374449662,1,1
2024,29704,2,0.02514275134942989,0.1868404675950856,0.6046540653589989,0.9429563491133433
2024,29705,2,0.04264658455873771,0.2353328654304266,0.6231624108393488,0.9304761299676598
2024,29706,2,0.01659179210962275,0.1361881737280801,0.4427097722419155,0.8231133906234581
2024,29707,2,0.2640264551601987,0.6580058953685347,0.8279730550801314,0.9339936148717956
2024,29709,2,0,0.5,1,1
2024,29785,1,0,0.5,1,1
2024,29785,2,0.1213942604291995,0.6213942604291995,1,1
2024,29786,1,0,0.5,1,1
2024,29786,2,0.04571205590703859,0.5457120559070385,1,1
2024,29787,1,0.1459611863814566,0.6459611863814565,1,1
2024,29787,2,0.1170308475919629,0.6170308475919628,1,1
2024,29788,1,0.0645314603417183,0.5645314603417183,1,1
2024,29788,2,0.112223768034026,0.612223768034026,1,1
2024,29789,1,0.1476456601034411,0.647645660103441,1,1
2024,29789,2,0.06313583031059244,0.5631358303105924,1,1
2024,29790,2,0.01753407720690792,0.5175340772069079,1,1
2024,29791,1,0,0.5,1,1
2024,29791,2,0.04737928686653864,0.5473792868665386,1,1
2024,29792,1,0.07651555405733101,0.576515554057331,1,1
2024,29792,2,0.1747703533592507,0.6747703533592507,1,1
2024,29793,1,0.006962813564028225,0.5069628135640283,1,1
2024,29793,2,0.02307281002336964,0.5230728100233697,1,1
2024,29794,1,0.04344059241836068,0.5434405924183607,1,1
2024,29794,2,0.05639256219709787,0.5563925621970979,1,1
2024,29795,1,0,0.4995301681404891,0.9995301681404891,1
2024,29795,2,0.05525306235929339,0.5547832304997825,0.9995301681404891,1
2024,29796,1,2.191234964088462E-6,0.5000021912349641,1,1
2024,29796,2,0.03164776085521726,0.5316477608552173,1,1
2024,29797,1,0,0.5,1,1
2024,29797,2,0,0.5,1,1
2024,29798,1,0,0.5,1,1
2024,29798,2,0.0357142857142857,0.5357142857142857,1,1
2024,29823,2,0,0.5,1,1
2024,29827,1,0,0.5,1,1
2024,29827,2,0.1637931003951128,0.6637931003951127,1,1
2024,29829,1,0,0.5,1,1
2024,29829,2,0.009615384615384637,0.5096153846153846,1,1
2024,29830,2,0,0.5,1,1
2024,29832,1,0,0.5,1,1
2024,29834,2,0,0.5,1,1
2024,29838,3,0.1431956900359215,0.6431956900359215,1,1
2024,29839,2,0,0.5,1,1
2024,29841,2,0,0.5,1,1
2024,29843,2,0,0.5,1,1
2024,29844,2,0,0.5,1,1
2024,29845,2,0,0.5,1,1
2024,29847,2,0,0.5,1,1
2024,29848,2,0,0.5,1,1
2024,29849,2,0,0.4855895619823052,0.9812569924526471,0.9956674304703419
2024,29850,2,0,0.5,1,1
2024,29851,2,0,0.5,1,1
2024,29863,1,0.01228209814269371,0.5122820981426937,1,1
2024,29863,2,0.01228209814269371,0.5122820981426937,1,1
2024,29863,3,0.204589790450386,0.7045897904503859,1,1
2024,29864,1,0,0.5,1,1
2024,29864,2,0.007048454012145378,0.5070484540121454,1,1
2024,29865,1,0.02486977300430204,0.524869773004302,1,1
2024,29865,2,0.0645523126868417,0.5645523126868417,1,1
2024,29866,1,0.03167643235651013,0.5316764323565102,1,1
2024,29866,2,0.07988974386769399,0.579889743867694,1,1
2024,29867,1,0,0.5,1,1
2024,29867,2,0.07800706802323615,0.5780070680232361,1,1
2024,29867,3,0.05560401397461251,0.5556040139746126,1,1
2024,29868,1,0.02834846575529365,0.5283484657552937,1,1
2024,29868,2,0.06793790857054294,0.5679379085705429,1,1
2024,29869,1,0,0.5,1,1
2024,29869,2,0.04697041630593984,0.5469704163059399,1,1
2024,29870,1,0.009954323118040953,0.5068191924756027,0.9953018255709656,0.9984369562134038
2024,29870,2,0,0.4968648693575617,0.9953018255709656,0.9984369562134038
2024,29871,1,0.03909919851487198,0.539099198514872,1,1
2024,29871,2,0.02317938719411727,0.5231793871941173,1,1
2024,29928,2,0,0.5,1,1
2024,30044,2,0,0.5,1,1
2024,30046,1,0.07142857142857145,0.5714285714285714,1,1
2024,30047,2,0,0.5,1,1
2024,30052,1,0,0.5,1,1
2024,30067,3,0,0.5,1,1
2024,30072,2,0,0.5,1,1
2024,30073,2,0,0.5,1,1
2024,30122,2,0,0.4847247530773251,0.9801313856851427,0.9954066326078175
2024,30123,2,1.860027426697219E-4,0.5001860027426697,1,1
2024,30124,2,0,0.5,1,1
2024,30125,2,0,0.4911128290851662,0.989315236652154,0.9982024075669877
2024,30182,1,0,0.5,1,1
2024,30182,2,0,0.5,1,1
2024,30244,3,0,0.08333333333333331,0.5,0.9166666666666667
2024,30245,2,0.03914401402487161,0.3044823185668761,0.6729203478405624,0.9075820432985579
2024,30246,2,0,0.5,1,1
2024,30263,2,0,0.5,1,1
2024,30264,1,0,0.4995717100593429,0.9995229813003014,0.9999512712409585
2024,30264,2,0.005872028283528452,0.5054437383428714,0.9995229813003014,0.9999512712409585
2024,30265,1,0,0.5,1,1
2024,30265,2,0.003243207066616405,0.5032432070666164,1,1
2024,30266,2,0.002310063732636813,0.4999037955721488,0.996657605901135,0.9990638740616229
2024,30279,2,0,0.5,1,1
2024,30280,1,0,0.5,1,1
2024,30281,1,0,0.5,1,1
2024,30282,2,0,0.5,1,1
2024,30283,2,0,0.5,1,1
2024,30434,1,0.01297133485939878,0.5129713348593987,1,1
2024,30435,1,0,0.5,1,1
2024,30436,1,0,0.5,1,1
2024,30437,1,0.04731608657115721,0.5473160865711573,1,1
2024,30438,1,0,0.5,1,1
2024,30441,2,0,0.5,1,1
2024,30447,2,0.06642309614660208,0.5664230961466021,1,1
2024,30447,3,0,0.5,1,1
2024,30448,1,0.01103615008846759,0.5110361500884676,1,1
2024,30477,1,0.02245601138711156,0.5224560113871115,1,1
2024,30479,1,0.01158907609386572,0.5115890760938657,1,1
2024,30480,1,0.07213494121756975,0.5721349412175698,0.999932327355803,0.9999323273558028
2024,30507,2,0.2249328443696077,0.7249328443696077,1,1
2024,30507,3,0.1505673878017039,0.650567387801704,1,1
2024,30508,1,0.2197233943770177,0.7197233943770177,1,1
2024,30508,2,0.2015415761951995,0.7015415761951995,1,1
2024,30508,3,0.1447233943770177,0.6447233943770176,1,1
2024,30509,2,0.2160064626006354,0.7160064626006354,1,1
2024,30509,3,0.1230359410586853,0.6230359410586852,1,1
2024,30510,2,0.129952378187455,0.629952378187455,1,1
2024,30510,3,0.1835238067588835,0.6835238067588836,1,1
2024,30511,1,0.00683223170494085,0.5068322317049408,1,1
2024,30511,2,0.1991399240126331,0.6991399240126331,1,1
2024,30511,3,0.1198265819874267,0.6198265819874267,1,1
2024,30515,1,0.08968737250890513,0.5896873725089051,1,1
2024,30516,1,0.02219615296209693,0.5221961529620969,1,1
2024,30517,1,0.0596149398320962,0.5596149398320962,1,1
2024,30517,2,0.02115340137055777,0.5211534013705578,1,1
2024,30518,1,0.04522292395800409,0.5452229239580041,1,1
2024,30519,1,0.01545543577708108,0.5154554357770811,1,1
2024,30532,1,0,0.5,1,1
2024,30533,1,0,0.5,1,1
2024,30534,1,0,0.5,1,1
2024,30540,2,0.04244470821411506,0.5424447082141151,1,1
2024,30541,3,0.01592904922908095,0.5159290492290809,1,1
2024,30556,1,0.01175803646731444,0.5117580364673144,1,1
2024,30558,1,0.01515151515151514,0.5151515151515151,1,1
2024,30559,1,0,0.5,1,1
2024,30560,1,0.03174603174603174,0.5317460317460317,1,1
2024,30561,1,0.02397536424411029,0.5239753642441103,1,1
2024,30562,1,0,0.5,1,1
2024,30563,1,0.03142640265487462,0.5314264026548746,1,1
2024,30564,1,0.1208695945546495,0.6165488516409912,0.9955567375716227,0.9998774804852809
2024,30565,1,0,0.5,1,1
2024,30566,1,0.03557336511650133,0.5333114285848783,0.9973536153241115,0.9996155518557345
2024,30567,1,0.02176933375847212,0.5217693337584721,1,1
2024,30568,1,0.08536203742475551,0.5853620374247555,0.9994339633201619,0.9994339633201618
2024,30569,1,0,0.5,1,1
2024,30570,1,0.004633570841694301,0.5046335708416942,1,1
2024,30571,1,0,0.5,1,1
2024,30573,1,0,0.5,1,1
2024,30574,1,0,0.5,1,1
2024,30596,1,0,0.5,1,1
2024,30596,2,0,0.5,1,1
2024,30616,1,0,0.5,1,1
2024,30618,2,0,0.5,1,1
2024,30619,1,0,0.5,1,1
2024,30620,2,0,0.5,1,1
2024,30622,2,0,0.5,1,1
2024,30625,2,0,0.5,1,1
2024,30626,2,0,0.5,1,1
2024,30636,1,0.09021494126005813,0.5902149412600581,1,1
2024,30636,2,0.001979647142411056,0.5019796471424111,1,1
2024,30645,1,0,0.5,1,1
2024,30645,2,0.03007330365687905,0.530073303656879,1,1
2024,30665,1,0,0.5,1,1
2024,30784,2,0,0.5,1,1
2024,30785,2,0,0.5,1,1
2024,30788,2,0,0.5,1,1
2024,30789,2,0,0.5,1,1
2024,30790,2,0,0.5,1,1
2024,30792,2,0,0.5,1,1
2024,30795,2,0,0.5,1,1
2024,30798,2,0.01244320646110803,0.512443206461108,1,1
2024,30799,2,0,0.5,1,1
2024,30818,2,0,0.5,1,1
2024,30843,2,0,0.5,1,1
2024,30882,1,0,0.5,1,1
2024,30883,1,0,0.5,1,1
2024,30889,1,0,0.5,1,1
2024,30890,1,0,0.5,1,1
2024,30891,1,0,0.5,1,1
2024,30906,1,0.07350866380179272,0.5735086638017928,1,1
2024,30906,2,0.05626059698822861,0.5562605969882286,1,1
2024,30911,1,0.0662858303713032,0.5662858303713032,1,1
2024,30911,2,0.03127626075019241,0.5312762607501924,1,1
2024,30916,2,0.0492747789650233,0.5492747789650233,1,1
2024,30932,1,0.03640520737474545,0.5364052073747454,1,1
2024,30933,1,0.1077680157499241,0.6077680157499241,1,1
2024,30933,2,0.0937654734443707,0.5937654734443707,1,1
2024,30935,1,0.1579098447034871,0.6579098447034871,1,1
2024,30935,2,0.2391372348843657,0.7391372348843657,1,1
2024,30936,1,0.1011278568739405,0.6011278568739404,1,1
2024,30982,1,0.05239667700277634,0.1845177666848615,0.4140768909803874,0.7819558012983021
2024,30982,2,0.0644548890609884,0.4269086190757139,0.8346798015832979,0.9722260715685724
2024,30986,1,0.1389050326678429,0.6389050326678429,1,1
2024,30986,2,0.005571699334509572,0.5055716993345096,1,1
2024,30987,1,0.01303589015056234,0.5130358901505623,1,1
2024,30987,2,0,0.5,1,1
2024,30989,1,0.115808156526879,0.6158081565268789,1,1
2024,30990,1,0.06648843747508976,0.2236041145506864,0.4109667166063335,0.753851039530737
2024,30996,1,0.1445094884251257,0.640470218951968,0.9932678842114038,0.9973071536845616
2024,30997,1,0.06904298545433685,0.3814328964673407,0.6970480885981203,0.8846581775851164
2024,30997,2,0,0.3762461770223799,0.8147925185435071,0.9385463415211273
2024,31003,1,0.07494375643689155,0.5749437564368916,1,1
2024,31004,1,0.01626705156801589,0.2897107349209024,0.6035292719762254,0.8300855886233389
2024,31004,2,0.01735654573144002,0.3199441979559218,0.5966421124431515,0.7940544602186697
2024,31007,1,0,0.5,1,1
2024,31008,1,0.1131224978384037,0.6131224978384038,1,1
2024,31008,2,0,0.5,1,1
2024,31015,1,0.2263646976413538,0.7263646976413538,1,1
2024,31016,1,0.003946911091215644,0.2204928612766985,0.5826219417130856,0.8660759915276026
2024,31016,2,0,0.4762862099257426,0.9657388248299685,0.989452614904226
2024,31021,1,0.02908406161983129,0.5290840616198313,0.9986864718386048,0.9986864718386049
2024,31021,2,0,0.5,0.9986864718386048,0.9986864718386049
2024,31027,1,0.08140297154731241,0.3872917079377499,0.7353725970496015,0.9294838606591641
2024,31027,2,0,0.245596877711482,0.4972773589543634,0.7516804812428814
2024,31033,1,0.197747512791431,0.697747512791431,1,1
2024,31044,1,0.09693558723570833,0.5969355872357083,1,1
2024,31070,2,6.756557460477763E-4,0.5006756557460478,1,1
2024,31070,3,0.07735789065350324,0.5773578906535033,1,1
2024,31071,2,0,0.5,1,1
2024,31071,3,0.05326533581179804,0.553265335811798,1,1
2024,31074,1,0,0.5,1,1
2024,31074,2,0,0.5,1,1
2024,31076,1,0,0.5,0.9994402993990475,0.9994402993990475
2024,31076,2,0.03860968581106861,0.5386096858110686,0.9994402993990475,0.9994402993990475
2024,31077,1,0,0.5,1,1
2024,31077,2,0,0.5,1,1
2024,31079,1,0,0.4965598954407318,0.9939798170212806,0.9974199215805488
2024,31079,2,0.04415261614906002,0.5407125115897917,0.9939798170212806,0.9974199215805488
2024,31080,1,0.05996114247223966,0.5599611424722397,1,1
2024,31080,2,0,0.5,1,1
2024,31081,1,0,0.4969710247287655,0.9938312457083619,0.9968602209795964
2024,31081,2,0.09706092827297941,0.5940319530017448,0.9938312457083619,0.9968602209795964
2024,31117,2,0,0,0,0.5
2024,31120,2,0,0,0.5,1
2024,31122,2,0,0.5,1,1
2024,31128,1,0,0.5,1,1
2024,31138,1,0,0.5,1,1
2024,31139,1,0,0.5,1,1
2024,31140,1,8.806056293753084E-5,0.5000880605629375,1,1
2024,31140,2,0.2858023462772232,0.7858023462772232,1,1
2024,31161,2,0,0.5,1,1
2024,31161,3,0,0.5,1,1
2024,31183,3,0,0.5,1,1
2024,31184,3,0,0.5,1,1
2024,31186,3,0,0.5,1,1
2024,31221,1,0,0.5,1,1
2024,31223,1,0,0.5,1,1
2024,31224,1,0,0.5,1,1
2024,31288,1,0,0.5,1,1
2024,31288,2,0.01357958033146994,0.51357958033147,1,1
2024,31384,1,0.1931064044405119,0.693106404440512,0.9990727360832371,0.999072736083237
2024,31385,1,0,0.5,1,1
2024,31386,1,0.1633355442597845,0.6633355442597845,0.999222373422676,0.9992223734226761
2024,31387,1,0.05542737693074035,0.5526827182406264,0.9942821512485199,0.9970268099386339
2024,31388,1,0.06117580782088261,0.5611758078208826,1,1
2024,31438,1,0,0.5,1,1
2024,31439,1,0,0.5,1,1
2024,31440,1,0,0.5,1,1
2024,31444,1,0,0.5,1,1
2024,31446,2,0,0.5,1,1
2024,31493,1,0,0.5,1,1
2024,31500,2,0,0.5,1,1
2024,31501,2,0,0.5,1,1
2024,31501,3,0.01862267971482384,0.5186226797148239,1,1
2024,31502,2,0.1255333621952468,0.6255333621952468,1,1
2024,31502,3,0.03899490065678524,0.5389949006567852,1,1
2024,31503,2,0,0.5,1,1
2024,31504,2,0.03265528439399928,0.5139943185542517,0.9725510247593842,0.9912119905991317
2024,31508,1,0.02326701949013116,0.5232670194901312,1,1
2024,31508,2,0.01233187620204668,0.5123318762020467,1,1
2024,31533,2,0,0.5,1,1
2024,31534,1,0.01393681867802565,0.5139368186780257,1,1
2024,31535,1,0,0.5,1,1
2024,31537,1,0.005737104461889075,0.505737104461889,1,1
2024,31538,1,0.05715632522895847,0.5571563252289584,1,1
2024,31542,1,0,0.5,1,1
2024,31614,2,0.05424458399923177,0.5542445839992318,1,1
2024,31614,3,6.731554278032181E-4,0.5006731554278032,1,1
2024,31615,2,0,0.5,1,1
2024,31615,3,0,0.5,1,1
2024,31616,2,0,0.5,1,1
2024,31616,3,0,0.5,1,1
2024,31617,2,0.07142857142857145,0.5714285714285714,1,1
2024,31617,3,0,0.5,1,1
2024,31622,2,0.06276898951574938,0.5627689895157494,1,1
2024,31622,3,0.007213433960193805,0.5072134339601938,1,1
2024,31623,2,0,0.5,1,1
2024,31623,3,0,0.5,1,1
2024,31624,2,0,0.5,1,1
2024,31624,3,0,0.5,1,1
2024,31625,2,0,0.5,1,1
2024,31625,3,0,0.5,1,1
2024,31630,2,0,0.5,1,1
2024,31630,3,0,0.5,1,1
2024,31631,1,0,0.5,1,1
2024,31631,2,0,0.5,1,1
2024,31632,2,0,0.5,1,1
2024,31632,3,0,0.5,1,1
2024,31633,2,0.125,0.625,1,1
2024,31633,3,0,0.5,1,1
2024,31638,2,0,0.5,1,1
2024,31638,3,0,0.5,1,1
2024,31639,2,0,0.5,1,1
2024,31639,3,0,0.5,1,1
2024,31640,2,0,0.5,1,1
2024,31640,3,0,0.5,1,1
2024,31641,1,0,0.5,1,1
2024,31641,2,0,0.5,1,1
2024,31665,1,0,0.5,1,1
2024,31675,1,0.08793140880713002,0.58793140880713,1,1
2024,31677,1,0.07705567274053343,0.5770556727405334,1,1
2024,31678,1,0.1022150696203064,0.6022150696203064,1,1
2024,31679,1,0.01605073449225852,0.5160507344922585,1,1
2024,31832,1,0,0.5,1,1
2024,31833,1,0,0.5,1,1
2024,31942,1,0,0.5,1,1
2024,31946,1,0,0.5,1,1
2024,31958,2,0,0.5,1,1
2024,31959,2,0,0.5,1,1
2024,31959,3,0,0.5,1,1
2024,31960,2,0,0.5,1,1
2024,31960,3,0,0.5,1,1
2024,31961,2,0,0.5,1,1
2024,31962,2,0,0.4886363636363637,0.9772727272727273,0.9886363636363636
2024,31963,2,0,0.5,1,1
2024,31963,3,0,0.5,1,1
2024,31982,1,0,0.5,1,1
2024,32003,1,0.08913567030312858,0.5891356703031285,1,1
2024,32004,1,0.1751147296461559,0.6751147296461559,0.9957584834081836,0.9957584834081836
2024,32009,1,0.06033231412576745,0.5603323141257675,0.998501242310956,0.9985012423109562
2024,32028,1,0,0.5,1,1
2024,32029,1,0,0.5,1,1
2024,32052,1,0.07749294511696081,0.5774929451169608,1,1
2024,32054,1,0.09122295287969501,0.5912229528796951,1,1
2024,32056,1,0.09374668169983019,0.5937466816998302,1,1
2024,32089,1,0,0.5,1,1
2024,32090,1,0,0.5,1,1
2024,32091,1,0,0.5,1,1
2024,32092,1,0,0.5,1,1
2024,32106,2,0,0.5,1,1
2024,32107,1,0,0.5,1,1
2024,32118,1,0,0.5,1,1
2024,32158,1,0,0.5,1,1
2024,32181,1,0.01767239010492017,0.3426977542763002,0.72286202483883,0.8978366606674499
2024,32182,1,0.03649467276400847,0.4218243325507178,0.801476680388192,0.9161470206014827
2024,32183,1,0,0.4155370214108939,0.8997907471764147,0.9842537257655208
2024,32184,1,0,0.3879293956790288,0.8211572624062351,0.9332278667272063
2024,32185,1,0.05974524346754628,0.3975525789857982,0.7257046370559691,0.8878973015377172
2024,32202,1,0,0.5,1,1
2024,32202,2,0,0.5,1,1
2024,32256,1,0,0.5,1,1
2024,32257,1,0,0.5,1,1
2024,32258,1,0,0.5,1,1
2024,32259,1,0,0.5,1,1
2024,32304,1,0.1365584893217062,0.3528040343086463,0.5073368470749111,0.7910913020879711
2024,32305,1,0.1050364253903353,0.2539139909434192,0.3383443672475855,0.6894668016945016
2024,32340,1,0,0.5,1,1
2024,32340,2,0,0.5,1,1
2024,32343,1,0,0.5,1,1
2024,32360,1,0.06130969105043599,0.2467467521494498,0.5071422987592081,0.8217052376601943
2024,32366,1,0.1380296039744637,0.3615660484653624,0.5446317896732262,0.8210953451823275
2024,32367,1,0.07331281083895241,0.2875206528789963,0.562363105615187,0.848155263575143
2024,32368,1,0.03809271170591932,0.2357289722502194,0.4405489211923533,0.7429126606480532
2024,32369,1,0.01076284767853769,0.1265424843331512,0.3191840139636517,0.7034043773090382
2024,32370,1,0.1354083944122617,0.4054570256993426,0.6287430075698979,0.858694376282817
2024,32371,1,0.1377763567945161,0.3988859486491249,0.6270905709501366,0.8659809790955278
2024,32372,1,0.09495060351540063,0.4304328690075069,0.750610753484478,0.9151284879923718
2024,32373,1,0.1163745785401436,0.3960386828944731,0.6820683372702404,0.902404232915911
2024,32374,1,0.06719437719892968,0.2784193978845939,0.5464435674235237,0.8352185467378597
2024,32375,1,0.08985910769604599,0.3299806459508133,0.533590371745412,0.7934688334906448
2024,32378,1,0.1494307700944595,0.3420780404326764,0.4529985596599981,0.7603512893217812
2024,32379,1,0.05513756085253707,0.3771562188749048,0.6508474868511966,0.8288288288288289
2024,32380,1,0.0749436840956283,0.3166512916697565,0.5538412652812696,0.8121336577071414
2024,32418,1,0.006659319101093519,0.5066593191010935,1,1
2024,32418,2,0,0.5,1,1
2024,32419,1,0,0.5,1,1
2024,32442,1,0,0.5,1,1
2024,32443,1,0.003017844421398963,0.5021859420403373,0.9988517193280346,0.9996836217090963
2024,32445,1,0,0.5,1,1
2024,32452,1,0.02500000000000002,0.525,1,1
2024,32462,1,0.00255102040816324,0.5025510204081632,1,1
2024,32468,1,0,0.5,1,1
2024,32472,1,0.02500000000000002,0.525,1,1
2024,32478,1,0,0.5,1,1
2024,32483,1,0.004504504504504514,0.5045045045045045,1,1
2024,32490,1,0,0.5,1,1
2024,32499,1,0.02083333333333332,0.5208333333333333,1,1
2024,32500,1,0,0.5,1,1
2024,32503,1,0,0.5,1,1
2024,32605,1,0,0.5,1,1
2024,32606,1,0,0.5,1,1
2024,32609,1,0,0.5,1,1
2024,32610,1,0,0.5,1,1
2024,32611,1,0,0.5,1,1
2024,32612,1,0,0.5,1,1
2024,32613,1,0,0.5,1,1
2024,32619,1,0,0.5,1,1
2024,32739,1,0,0.5,1,1
2024,32801,1,0,0.5,1,1
2024,32803,1,0.03934618092095965,0.5393461809209597,1,1
2024,32804,1,0,0.5,1,1
2024,32805,1,0,0.5,1,1
2024,32836,1,0.09273537608175786,0.5927353760817579,1,1
2024,32841,1,0.0952416909366397,0.5952416909366397,1,1
2024,32844,1,0.08703628524953855,0.5870362852495385,1,1
2024,32845,1,0.09986814528282256,0.5998681452828225,1,1
2024,32849,1,0.1015981900641568,0.6015981900641568,1,1
2024,32850,1,0.1184358989750479,0.6184358989750479,1,1
2024,32853,1,0.02073847431468251,0.5207384743146826,1,1
2024,32876,1,0.05306927008920531,0.5530692700892053,1,1
2024,32883,1,0,0.5,1,1
2024,32884,1,0,0.5,1,1
2024,32940,1,0.2312576483755069,0.7312576483755069,1,1
2024,32941,1,0.02437332678051507,0.5243733267805151,1,1
2024,32954,1,0,0.1101506617408467,0.4522468572177323,0.8420961954768856
2024,32955,1,0,0.1244983535654102,0.3521524576311249,0.7276541040657147
2024,32971,1,0.02589531387561539,0.1679077552342742,0.5357411953222097,0.8937287539635509
2024,32972,1,0.02443225848422326,0.1303768818977821,0.4716288336197558,0.8656842102061969
2024,32973,1,0,0.1584745783898321,0.6211864446504269,0.9627118662605949
2024,32974,1,0,0,0.4545454545454545,0.9545454545454545
2024,32992,1,0.1249061416216908,0.6249061416216908,1,1
2024,33034,1,0.03613505012449197,0.5361350501244919,1,1
2024,33134,1,0,0.5,1,1
2024,33135,1,0,0.5,1,1
2024,33204,1,0,0.5,1,1
2024,33228,1,0,0.5,1,1
2024,33230,1,0.1511116602345841,0.6511116602345841,1,1
2024,33231,1,0,0.5,1,1
2024,33305,1,0,0.5,1,1
2024,33320,1,0.1111111111111111,0.6111111111111112,1,1
2024,90825,3,0.0476769710060348,0.2557007669957365,0.5293382689413042,0.8213144729516025
2024,90826,3,0.04393763012503699,0.2366810591239215,0.4964751652255433,0.8037317362266587
2024,90827,3,0.06267397070195474,0.2750252856716748,0.5470371946841237,0.8346858797144037
2024,90828,3,0.06873253260556728,0.3116782226919469,0.6016913819727834,0.8587456918864038
2024,90831,3,0.09228221305915518,0.3079386319802706,0.6298351782711165,0.914178759350001
2024,90832,3,0.1557340432616062,0.4491195944468772,0.6815435508599857,0.8881579996747148
2024,91379,2,0.2233913401726671,0.6160195234593147,0.8780692185933873,0.9854410353067397
2024,91380,2,0.2123190411894446,0.6095850714179548,0.868193462898997,0.9709274326704869
2024,91381,2,0.1664196278381509,0.5695778772191753,0.8850078371260129,0.9818495877449884
2024,91382,1,0,0.4776321039602727,0.9620392039069932,0.9844070999467205
2024,91382,2,0.03694048047193704,0.2364860087205709,0.5455830812861409,0.846037553037507
2024,91383,1,0,0,0.4899214082153026,0.9899214082153025
2024,91383,2,0.06940895129886049,0.2783417251270853,0.5688785524740717,0.8599457786458469
2024,91384,1,0,0.1010789327979201,0.4596792755041317,0.8586003427062116
2024,91384,2,0.03765892763080969,0.2385743238176304,0.5483055679708968,0.8473901717840762
2024,91385,2,0.07510323358629117,0.3301655742365524,0.5963640461413134,0.8413017054910522
2024,91387,2,0.02513900128182722,0.211241238730685,0.510547584965262,0.8244453475164042
2024,91388,2,0.007899893611021502,0.1074718242622955,0.3475561194001477,0.7479841887488737
2024,91389,1,0.02567084118481539,0.1479994782193383,0.4332203147730517,0.8108916777385288
2024,91389,2,0.05284931667171933,0.2696764985909523,0.5609766389279655,0.8441494570087325
2024,91390,2,0.1346472246690177,0.4939926892863834,0.8585637561169852,0.9992182914996196
2024,91391,2,0.1704573367979252,0.5364013006810506,0.8659439638831253,1
2024,91392,2,0.1512198866247478,0.4892781739507006,0.8014897620343162,0.9634314747083635
2024,91393,1,0,0.4776005579654801,0.9455987987384314,0.9679982407729514
2024,91393,2,0.02915373639575958,0.1426511578504683,0.3296260339209294,0.7161286124662207
2024,91394,2,0.09709553262700021,0.4090819689974826,0.79342670289108,0.9814402665205975
2024,91395,2,0.1071036474439339,0.4370549389515344,0.7928411665501,0.9628898750424995
2024,91396,2,0.09953660136020909,0.3942537615961428,0.7755075669018255,0.9807904066658919
2024,91397,2,0.05634974645144636,0.2200614903918784,0.4694763406550523,0.8057645967146202
2024,91398,2,0.0641242043713266,0.2467498534171451,0.4897870667509554,0.8071614177051369
2024,91399,2,0.1765054773237069,0.538500418890077,0.831986563825877,0.9699916222595069
2024,91400,2,0.1529468059765646,0.4828313010485007,0.808363434888579,0.9784789398166429
2024,91401,2,0.03607029422522246,0.2299815624702845,0.521360497692552,0.82744922944749
2024,91402,2,0.05720921821914499,0.3273306441735613,0.6489219645283578,0.8788005385739415
2024,91402,3,0.06010037468173002,0.2954660801661401,0.5800907956971889,0.8447250902127789
2024,91403,2,0.1756081743133849,0.5558460241906269,0.8802378498772421,1
2024,91404,2,0.2708509004325737,0.7056401751018161,0.899435443725732,0.9646461690564896
2024,91405,2,0.02754156173659467,0.1369078590168405,0.3735027914344806,0.7641364941542348
2024,91406,2,0.1962001976034257,0.5558198652626835,0.8312491651606286,0.9716294975013708
2024,91407,2,0.06749720995160435,0.2660884661419828,0.5393767358187807,0.8407854796284022
2024,91408,2,0.1625871210048788,0.5246389951892746,0.8520052987090299,0.9899534245246341
2024,91409,1,0,0,0,0.5
2024,91409,2,0.03683643474145659,0.1896821608141712,0.4465851083683958,0.7937393822956813
2024,91410,2,0.09455243228528365,0.4040822608027693,0.707558574609692,0.8980287460922063
2024,91411,2,0.07687688996945319,0.3327578615943041,0.6271642760413149,0.871283304416464
2024,91412,1,0,0.4924006350403007,0.9835560172425729,0.9911553822022722
2024,91412,2,0.07588828350352295,0.340737115013509,0.6378154186240005,0.8729665871140144
2024,91413,2,0.2404194037785131,0.6555436448948512,0.9138989360022668,0.9987746948859287
2024,91414,2,0.1237943846914784,0.4483036347307049,0.7697056835484134,0.9451964335091869
2024,91415,1,0,0.225448693045104,0.4504860107469831,0.7250373177018792
2024,91415,2,0.06209905731149407,0.2796847602661198,0.5480732576233295,0.8304875546687038
2024,91416,1,0,0.1366759486877373,0.4394179691497925,0.8027420204620552
2024,91416,2,0.05429282953598336,0.1677638127843075,0.3395449264075157,0.7260739431591916
2024,91417,1,0,0,0,0.5
2024,91417,2,0.03495357139855315,0.1537466328405633,0.3346315290813993,0.7158384676393891
2024,91418,2,0.02090949218565325,0.09280247225819893,0.2413548501988827,0.6694618701263371
2024,91419,2,0.08286142486728282,0.2327680052882302,0.3971935327647228,0.7472869523437753
2024,91420,2,0.2862241477583242,0.7633141538440031,0.9770900060856791,1
2024,91421,3,0.1438102218152016,0.4845830629387344,0.810053980522994,0.9692811393994613
2024,91422,2,0.06626184750585512,0.2320020524132113,0.4131072715222241,0.747367066614868
2024,91423,2,0.2526984321528999,0.6936444423948258,0.9409460102419259,1
2024,91424,1,0,0,0,0.5
2024,91424,2,0.05338003749490367,0.1505875423347044,0.2984573766695639,0.7012498718297631
2024,91425,2,0.0848340582933062,0.2805550746986115,0.5097060874571282,0.813985071051823
2024,91426,2,0.1223127150799401,0.4588063698377807,0.8046555300866521,0.9681618753288116
2024,91427,2,0.1313253548532227,0.4751670883218562,0.827515138598608,0.9836734051299746
2024,91428,2,0.08881529647100944,0.3314566551775736,0.619482243406633,0.8768408847000689
2024,91429,2,0.1230671835138921,0.4968928960906781,0.8613318523833915,0.9875061398066055
2024,91430,1,0.002701733217624847,0.09988058686946327,0.2927036482046516,0.6955247945528131
2024,91430,2,0.09754783200073153,0.3631590406990982,0.6462469552912659,0.8806357465928991
2024,91431,2,0.06539081358475357,0.30191357073835,0.5972625666052185,0.8607398094516221
2024,91432,1,0,0.4926928651411016,0.9852378372586826,0.9925449721175811
2024,91432,2,0.0804786275201726,0.3339539354093658,0.6254095929838734,0.8719342850946803
2024,91433,2,0.06164815520174427,0.2597468821034816,0.5226073332027458,0.8245086063010084
2024,91434,1,0,0.479376597017922,0.9612149490992954,0.9818383520813733
2024,91434,2,0.07875625909646305,0.2722210629441929,0.5166552919722388,0.8231904881245089
2024,91435,1,0,0,0.4850890841474432,0.9850890841474432
2024,91435,2,0.07691760688883736,0.2854874536058916,0.5396609773489296,0.8310911306318753
2024,91436,2,0.08327955561362588,0.3909835964546442,0.793559272555278,0.9858552317142596
2024,91437,1,0,0.1458985136615439,0.459334010692664,0.8134354970311201
2024,91437,2,0.07164720650225664,0.2591532516237305,0.5019823217911595,0.8144762766696857
2024,91438,2,0.09533059355914375,0.37859681430493,0.7515956600463822,0.968329439300596
2024,91439,2,0.1693903523349871,0.5448582867947956,0.8463553893107753,0.9708874548509667
2024,91440,2,0.0495655475519769,0.2776386174769637,0.606031509487928,0.8779584395629413
2024,91441,2,0.06787528599905795,0.2693278236731108,0.5329920651449673,0.8315395274709145
2024,91442,2,0.06187543510052906,0.2914223895933371,0.6196583256880603,0.8901113711952523
2024,91443,2,0,0.07702484158166795,0.4177371536586914,0.8407123120770235
2024,91444,2,0.005365730710976679,0.2370316721499871,0.5975096414055645,0.8658436999665541
2024,91445,1,0,0,0.4792090372993682,0.9792090372993681
2024,91445,2,0.03969739835277758,0.2058057971140366,0.4752337540522589,0.8091253552909999
2024,91446,1,0,0.1726024666245771,0.3477141993380733,0.6751117327134962
2024,91446,2,0.03644000188012475,0.2134117426414178,0.482950281085783,0.8059785403244899
2024,91447,2,0.05760542172626149,0.2741966003347953,0.5807863472188938,0.8641951686103599
2024,91448,2,0.06619790923811492,0.3087500005923661,0.5988543768407497,0.8563022854864986
2024,91449,1,0.4897823766401954,0.9737750033696352,0.9778420184851699,0.9938493917557303
2024,91449,2,0.06772914470103192,0.2893643569818024,0.59571274091863,0.8740775286378595
2024,91450,1,0.2453450718350972,0.4781261389033382,0.7184529994759468,0.9856719324077058
2024,91450,2,0.0546060001811991,0.2322946832927028,0.497970800287123,0.8202821171756193
2024,91451,1,0,0,0.1497941855475406,0.6497941855475406
2024,91451,2,0.06093447155796733,0.2500973247730059,0.5149713585716484,0.8258085053566098
2024,91452,1,0.4936234423888473,0.9777259755334372,0.9768460281209701,0.9927434949763801
2024,91452,2,0.06701616121146542,0.2898870909478447,0.5990381272689174,0.8761671975325382
2024,91453,2,0.07550466291314173,0.2999261316596513,0.5856282022892639,0.8612067335427543
2024,91454,1,0,0,0.4902332891281584,0.9902332891281584
2024,91454,2,0.0752872860132105,0.2821080930044043,0.5524757828663401,0.8456549758751464
2024,91455,2,0.05039684090117602,0.2975061695045864,0.6837341000950616,0.9366247714916512
2024,91456,2,0.02519709944944981,0.2686174516958015,0.6594559354974296,0.9160355832510779
2024,91457,2,0.05374045671627686,0.3366104771782116,0.7153597019635282,0.9324896815015935
2024,91458,2,0.01722834370128279,0.1773451469084528,0.4535919779868135,0.7934751747796435
2024,91459,2,0.02015023083928502,0.2420277934668048,0.6324942650705545,0.9106167024430348
2024,91460,2,0.03368657829980459,0.2437107615656654,0.5350168846627441,0.8249927013968833
2024,91461,1,0.01741814346498477,0.3851423143625523,0.8408558818679646,0.973131710970397
2024,91461,2,0.1000782825264876,0.374015714651424,0.6548863141678536,0.8809488820429172
2024,91462,2,0.204396069791886,0.6082002238721915,0.9038041540803056,1
2024,91463,1,0,0.4216404147110989,0.8857556213625217,0.9641152066514227
2024,91463,2,0.08397880589618834,0.3295647237446333,0.6070159823509793,0.8614300645025343
2024,91464,1,0,0.4307089266541148,0.9191406628313208,0.9884317361772059
2024,91464,2,0.09906373593914386,0.3591384790998624,0.6328339364738821,0.8727591933131635
2024,91465,2,0.1110204096828981,0.4091442547320173,0.7718289325400993,0.9737050874909801
2024,91466,2,0.08384686423520521,0.3390022547378438,0.6374753510332574,0.8823199605306188
2024,91467,2,0.08894042338286007,0.3950936804929089,0.6952926082088565,0.8891393510988076
2024,91468,2,0.07511406377775692,0.3051786003986473,0.5961804335344718,0.8661158969135815
2024,91469,2,0.07991758417320377,0.3291744254035093,0.6192190968771943,0.8699622556468888
2024,91470,2,0.08518476379224282,0.4476692460370995,0.8503948468046558,0.9879103645597992
2024,91471,2,0.1018864655365434,0.4180695119349769,0.7529954865815913,0.9368124401831578
2024,91472,1,0.123211338044236,0.4678615394630782,0.8140931116882416,0.9694429102693993
2024,91473,1,0.1437484339823122,0.5078905425729958,0.8377385222392499,0.9735964136485662
2024,91474,1,0.1391855928118422,0.4818228932902605,0.8261780403212439,0.9835407398428255
2024,91475,1,0.06475348856716412,0.3070033125549251,0.6252636654272214,0.8830138414394605
2024,91476,1,0.06691598553747558,0.2974538278563667,0.6098954351837147,0.8793575928648236
2024,91477,1,0.08501601308688,0.3573382414780867,0.661986802182166,0.8896645737909593
2024,91478,1,0.0897629458042522,0.3270535139973442,0.5988379857157934,0.8615474175227014
2024,91479,1,0.08612770837033662,0.312009552672772,0.5699636417443259,0.8440817974418905
2024,91480,1,0.0800301540038117,0.3089657702859591,0.5948260738753217,0.8658904575931743
2024,91482,2,0.1180230739092025,0.4572675451871854,0.8053172292149979,0.9660727579370151
2024,91483,2,0.07060604947451543,0.3514081541609914,0.7193542296599428,0.9385521249734669
2024,91484,2,0.1245216999245831,0.4093705667766248,0.7396464537157548,0.9547975868637131
2024,91485,2,0.06545416221523759,0.2543592137618594,0.5102267262122743,0.8213216746656524
2024,91486,1,0.04933593250956048,0.2108238982041195,0.458569466249957,0.7970815005553981
2024,91487,1,0.04343853166045109,0.2103885914384187,0.4596387264300703,0.7926886666521027
2024,91488,2,0.06613846747477314,0.2167124306177811,0.4188494190193831,0.7682754558763751
2024,91489,1,0.0665631561713656,0.3000862932432479,0.5510198800597147,0.8174967429878324
2024,91490,3,0.1675284704983768,0.5520838123888834,0.8785317122073824,0.9939763703168758
2024,91491,2,0.09822922339940393,0.3318913604046997,0.5918450072127426,0.8581828702074469
2024,91492,2,0.115919693545165,0.3870708678985568,0.6645337188128807,0.893382544459489
2024,91493,3,0.1037791348178643,0.4375174604002243,0.7962550510998725,0.9625167255175126
2024,91494,2,0.05342730763046621,0.2661966870487246,0.5563033173027127,0.8435339378844543
2024,91495,2,0.06125691116682086,0.2736012665120974,0.5740531770154005,0.8617088216701241
2024,91496,2,0.09057679505430877,0.2944937350716529,0.5461972175849825,0.8422802775676383
2024,91497,2,0.06027655953915961,0.3086562995506806,0.6452719545644363,0.8968922145529153
2024,91498,1,0.1047219539592165,0.4144480223060962,0.7369750957861576,0.927249027439278
2024,91498,2,0.0886434038052461,0.3187844350477793,0.5899712086641424,0.8598301774216093
2024,91499,2,0.1187820307902407,0.3843836649197645,0.645430249027403,0.8798286148978792
2024,91500,2,0.1186962611965703,0.3835612194872256,0.6433061647266468,0.8784412064359916
2024,91501,1,0,0.4752900214635729,0.9584881496462162,0.9831981281826432
2024,91501,2,0.0178135188295066,0.1850101738055525,0.4888884063238451,0.8216917513477993
2024,91502,1,0,0,0,0.5
2024,91502,2,0.09971628026339835,0.3310471151558362,0.5871651992939838,0.8558343644015459
2024,91503,2,0.09601637296952187,0.3046096668105546,0.5275547121903921,0.8189614183493594
2024,91504,1,0,0,0.237149894277871,0.737149894277871
2024,91504,2,0.1048022797579943,0.3697974792236967,0.6461811852928693,0.8811859858271669
2024,91505,1,0.1667331011596861,0.4828750732764552,0.6359883934174931,0.8198464213007239
2024,91505,2,0.121951281241802,0.3857682271005744,0.6450593377505399,0.8812423918917676
2024,91506,1,0,0,0.0742641357574641,0.574264135757464
2024,91507,1,0,0,0.1678322546269227,0.6678322546269226
2024,91508,1,0,0,0.1208163023971766,0.6208163023971767
2024,91509,1,0,0,0,0.5
2024,91510,1,0,0,0.25,0.75
2024,91511,1,0,0,0,0.5
2024,91512,2,0.03105259288899531,0.1689414467656336,0.4412830017353809,0.8033941478587425
2024,91513,2,0.040870349493418,0.209138026068526,0.5023413768299598,0.8340737002548518
2024,91514,4,0.1177227275356714,0.466981866908941,0.8242451825844783,0.9749860432112087
2024,91515,1,0,0.2254253013885943,0.7052580750689591,0.9798327736803648
2024,91515,2,0.01935429420143547,0.1574301979996683,0.4263424124183567,0.7882665086201239
2024,91516,2,0.01714845012498056,0.1780631409218377,0.4763309069439885,0.8154162161471313
2024,91517,2,0.01047414494896293,0.08177194515128022,0.2876510310415273,0.71635323083921
2024,91518,3,0.05269786317252395,0.3169962213038889,0.7058850073932705,0.9415866492619055
2024,91519,1,4.240645014347289E-5,0.005211403729371067,0.008684417978283732,0.5035154206990562
2024,91519,2,0.08600229183696295,0.3390222919815201,0.630460922276278,0.877440922131721
2024,91520,2,0.03521084800028246,0.1640164491325784,0.383215651584256,0.7544100504519601
2024,91521,1,0.4974367716141991,0.9971384858574994,0.9997017142433003,1
2024,91521,2,0.061842943124784,0.2883117904861324,0.5817905369520526,0.8553216895907043
2024,91522,2,0.03481481399965092,0.2128235222810941,0.4998715064257461,0.8218627981443029
2024,91523,2,0.154353069237594,0.4639289936792254,0.7893171540637407,0.9797412296221094
2024,91524,2,0.1424169655952711,0.4905548533169825,0.8234307196871804,0.9752928319654691
2024,91525,1,0,0.164932762449747,0.6535998355761055,0.9886670731263584
2024,91525,2,0.06147731487384822,0.275622259978941,0.5279292403832697,0.813784295278177
2024,91526,2,0.1472547805699493,0.4838035873183945,0.7894670375258491,0.9529182307774039
2024,91527,1,0,0.3518919716521494,0.7776608532365621,0.9257688815844127
2024,91527,2,0.0401926081506942,0.2566705562893529,0.5656588232949229,0.8491808751562643
2024,91528,2,0.09871753331361521,0.3738399926495981,0.6422798251606859,0.867157365824703
2024,91529,2,0.1000630393039586,0.3530382485158207,0.6281512084354828,0.8751759992236207
2024,91530,3,0.1271229372356162,0.4497497221477778,0.7701612315931492,0.9475344466809876
2024,91531,2,0.1253056729127107,0.4436145905420646,0.7644738408456182,0.9461649232162643
2024,91532,2,0.201256743623458,0.6000499047961659,0.8622447960844994,0.9634516349117915
2024,91533,2,0.02515228696281335,0.1816957989282966,0.5290555618124342,0.872512049846951
2024,91534,1,0.01392810683387186,0.03901232853487696,0.09327338996808604,0.568189168267081
2024,91535,1,0.002546566323427091,0.005015388881719318,0.04065682915680602,0.5381880065985138
2024,91536,1,0.03951904572639686,0.1938376274136615,0.5090650376421308,0.8547464559548661
2024,91537,1,0.00708766075192846,0.02015197165836447,0.06641025885927548,0.5533459479528395
2024,91538,2,0.06932488294180977,0.4156666948704684,0.8463418119286585,1
2024,91539,1,0.09796696653627662,0.2523643974043339,0.4256063323304187,0.7712089014623614
2024,91540,1,0.06950876590524374,0.3144090212438997,0.6050377747769551,0.8601375194382992
2024,91541,1,0.04348281716888591,0.2634107920509131,0.6433220982258653,0.9233941233438381
2024,91542,1,0.1116346455820284,0.3369942730006871,0.5627414719901329,0.8373818445714742
2024,91543,2,0.1071229584258477,0.4449053323696487,0.7855220319535261,0.9477396580097251
2024,91544,1,0,0.04834964382012286,0.2349741534399177,0.6866245096197949
2024,91545,1,0.01613788312539882,0.07540815237041865,0.245205509164604,0.6859352399195842
2024,91546,1,0.05225459995769571,0.3217946126474071,0.6932989702577136,0.9237589575680022
2024,91547,1,0.001744276400458489,0.03218536882826512,0.1799724630773214,0.6495313706495147
2024,91548,2,0.04868560999141858,0.2896341821962163,0.6694194375837084,0.9284708653789107
2024,91549,1,0.01639786014680372,0.06564743384701088,0.1767142939399869,0.6274647202397798
2024,91550,1,0,0.04994782028735012,0.1270021021030401,0.5770542818156901
2024,91551,1,0.0379716174188322,0.2460892228196697,0.6123878981104667,0.9042702927096292
2024,91552,1,0.04261507712353457,0.07098127087539124,0.1353241632707919,0.6069579695189352
2024,91553,2,0.1131798494982205,0.4041852958126348,0.7073015517940006,0.9162961054795863
2024,91554,1,0.03289675389226476,0.1228675291439185,0.2954791948496404,0.7055084195979866
2024,91555,1,0.04235381785785197,0.1854712116302498,0.380830204020601,0.7377128102482031
2024,91556,1,0.1035170116152722,0.3515720049727341,0.6343982755400317,0.8863432821825699
2024,91557,1,0.03207547245256159,0.136845758709388,0.3107944670941364,0.70602418083731
2024,91558,2,0.041049174144005,0.1303184511968094,0.325875354825593,0.7366060777727886
2024,91559,1,0.01440776301911817,0.05454587958580787,0.2403750687720972,0.7002369522054075
2024,91560,1,0.002267977345709382,0.01223574988890153,0.0603301331704823,0.5503623606272902
2024,91561,1,0.0300233481663193,0.1033218310831484,0.3069368580683756,0.7336383751515465
2024,91562,1,0,0.01391623040562118,0.07124971310444944,0.5573334826988283
2024,91563,2,0.0599888146263714,0.3103749097804792,0.684047604358975,0.9336615092048672
2024,91564,1,0.07972534789771979,0.2834498659639043,0.5156493603037666,0.811924842237582
2024,91565,1,0.0674194507693483,0.2031349342627365,0.4227805101733843,0.787065026679996
2024,91566,1,0.0820662927205833,0.369873870070205,0.7184512128284893,0.9306436354788676
2024,91567,1,0.05175907395770768,0.1884463080741999,0.4090446067748813,0.772357372658389
2024,91568,2,0.07516345545144515,0.3437904034428991,0.6961942329536783,0.9275672849622244
2024,91569,1,0.02955899196294293,0.1145743695555941,0.2663817854849648,0.6813664078923136
2024,91570,1,0.02638874162055005,0.106094486574819,0.3003116537750876,0.7206059088208187
2024,91571,1,0.06208961653196576,0.3244405444096069,0.7246469555301653,0.9622960276525242
2024,91572,1,0.008762169431404954,0.08271789370725108,0.2468435045363864,0.6728877802605403
2024,91573,1,0,0.3604240561129125,0.71617659022606,0.8557525341131476
2024,91573,2,0.02772569237421352,0.1879990163596497,0.4322977501456695,0.7720244261602334
2024,91574,1,0,0,0.2867603023442471,0.7867603023442471
2024,91574,2,0.03591576977859629,0.1912630021504282,0.5096729002445584,0.8543256678727265
2024,91575,2,0.03524831307399107,0.1904693082036922,0.4292670466991106,0.7740460515694094
2024,91576,1,0,0.396297628425652,0.8962976284256521,1
2024,91576,2,0.03881282705375883,0.3302605709528519,0.7223179684173924,0.9308702245182993
2024,91577,2,0.1035810640928249,0.391121698521494,0.7092203493219633,0.9216797148932943
2024,91578,2,0.1423148452511708,0.4975618003007681,0.8318890045151942,0.976642049465597
2024,91579,2,0.1430238688106207,0.4554252208676435,0.7704020335685575,0.9580006815115346
2024,91580,1,0,0.4986003435736758,0.9976339349569366,0.9990335913832609
2024,91580,2,0.06418349206758128,0.3297828986850263,0.6550091190019105,0.8894097123844655
2024,91581,1,0,0.4980165495378177,0.9973655802452467,0.999349030707429
2024,91581,2,0.05133141306421835,0.313546864086201,0.6519174091572485,0.8897019581352659
2024,91582,1,0,0.245507991527363,0.4915395344088045,0.7460315428814415
2024,91582,2,0.05632436767269661,0.2953013099495243,0.6064003481133013,0.8674234058364736
2024,91583,1,0,0,0.4976471043706444,0.9976471043706444
2024,91583,2,0.06232112894477915,0.3168852659942033,0.6341442903206266,0.8795801532712024
2024,91584,2,0.1322697608353991,0.4864367448478978,0.8310712552287032,0.9769042712162044
2024,91585,2,0.2006584450032451,0.5898824058947474,0.8841989047565703,0.994974943865068
2024,91586,2,0.1955033232486861,0.5512733793391494,0.8557700560904633,1
2024,91587,1,0,0.2959922469228572,0.6679793872183275,0.8719871402954703
2024,91587,2,0.007594994743369721,0.240470666422786,0.5803220542251737,0.8474463825457574
2024,91588,2,0.02020256375409379,0.1111222709839945,0.2973268511565844,0.7064071439266837
2024,91589,2,0.02441574183778,0.1344272829326594,0.3780279251015771,0.7680163840066977
2024,91590,2,0.01311534924670327,0.113187471142373,0.3452254543281371,0.7451533324324674
2024,91591,1,0,0,0.289423994062872,0.789423994062872
2024,91591,2,0,0.05871144740004086,0.2438754580525562,0.6851640106525153
2024,91592,2,7.395694115518436E-4,0.05919703349074457,0.2463116580567183,0.6878541939775256
2024,91593,2,0.06405206964334037,0.231361815491547,0.4242577950065817,0.7569480491583751
2024,91594,2,0.13202712926438,0.4915623524798585,0.8516301441994817,0.9920949209840032
2024,91595,2,0.1807278778270332,0.5449844883197448,0.859758350608841,0.9955017401161292
2024,91596,2,0.1368254158244835,0.3960559533956767,0.6351350740894939,0.8759045365183007
2024,91597,2,0.08300956895010764,0.3013409499816677,0.5335600065246153,0.8152286254930553
2024,91598,2,0.1817802610820297,0.5072888856261922,0.7560006058020821,0.9304919812579195
2024,91599,1,0,0.4889319754233748,0.9699864980155247,0.98105452259215
2024,91599,2,0.06935658654113891,0.2935326028271698,0.541212377697704,0.8170363614116732
2024,91600,1,0.494872919613127,0.9836375669035803,0.9742970017155974,0.9855323544251442
2024,91600,2,0.07328576798346237,0.3043744587316388,0.5671170300575908,0.8360283393094144
2024,91601,1,0,0.3351789031590701,0.8290146658997105,0.9938357627406404
2024,91601,2,0.05195525884135538,0.2943206411937218,0.586080423604582,0.8437150412522155
2024,91602,1,0,0.2976609273488872,0.6842190255425437,0.8865580981936565
2024,91602,2,0.06175623719990625,0.2859286912995547,0.5417440364168369,0.8175715823171885
2024,91603,3,0.09838108338081325,0.4859733694439384,0.8875922860631251,1
2024,91604,1,0,0.3239913347403192,0.6430384838677363,0.8190471491274172
2024,91604,2,0.04510725902049895,0.2500509747131991,0.5242316691064336,0.8192879534137334
2024,91605,2,0.1190789167886079,0.5028563843360572,0.882493845732474,0.9987163781850249
2024,91606,2,0.08160480517747376,0.373525194789093,0.758978168632741,0.9670577790211219
2024,91607,1,0.008971359628633546,0.3227050411592851,0.7140914136337843,0.9003577321031326
2024,91607,2,0.0945193499646757,0.3657755441243631,0.6307178138094927,0.8594616196498053
2024,91608,1,0.4903813240306891,0.9737975514409768,0.9605207797301841,0.9771045523198963
2024,91608,2,0,0.4834162274102877,0.9605207797301841,0.9771045523198963
2024,91608,3,0.06373898826426572,0.2854763835577651,0.5324185899491621,0.8106811946556628
2024,91609,3,0.1032745667293764,0.3122139274437217,0.5040583349067194,0.7951189741923741
2024,91610,2,0,0.08411391328926976,0.1639214245476715,0.5798075112584017
2024,91610,3,0.08580648057362189,0.3178727393580518,0.560905787913271,0.8288395291288411
2024,91611,2,0.007171696713038578,0.2476443728485961,0.7228153985728977,0.9823427224373401
2024,91611,3,0.1248410118851914,0.3780832680434504,0.5889712820386563,0.8357290258803973
2024,91612,3,0.1821063396566467,0.558032112523807,0.8353242370167306,0.9593984641495704
2024,91613,3,0.1521780397581481,0.4691490788246383,0.758023590938204,0.9410525518717138
2024,91614,3,0.1762411832285044,0.5346429960623005,0.8129069737334632,0.9545051608996672
2024,91615,3,0.0783429506484995,0.2817854803006197,0.4690116351914041,0.7655691055392839
2024,91616,3,0.00631234168898559,0.1667631097345334,0.4213714441016552,0.7609206760561074
2024,91617,3,0.1542763021009826,0.5357344123821792,0.8666347894982602,0.9851766792170636
2024,91618,3,0.0799349712220443,0.2398807795543241,0.4687449890380432,0.8087991807057634
2024,91619,3,0.03594863846902863,0.1489334063066451,0.3797604498379654,0.766775682000349
2024,91620,3,0.07429094302197614,0.4176475544614627,0.7554349852410966,0.91207837380161
2024,91620,4,0.129014928173455,0.3968715994860106,0.6218581680934496,0.854001496780894
2024,91621,3,0.07848001109222696,0.2791393695056011,0.4793816383199558,0.7787222799065816
2024,91622,3,0.06974286003636404,0.2984043340322022,0.5339253282163215,0.8052638542204834
2024,91623,3,0.08672341478629858,0.3040435016369505,0.5286356776685301,0.8113155908178782
2024,91624,3,0.09673354774921539,0.3963818204920652,0.7177206291354412,0.9180723563925914
2024,91625,3,0.07251461141630122,0.3085279610651422,0.6020290511721837,0.8660157015233427
2024,91626,3,0.0679987150829564,0.3153819641550067,0.542993942524132,0.7956106934520817
2024,91627,3,0.1617082458920178,0.5942314705221595,0.9325232246301417,1
2024,91628,2,0.003980332188751823,0.003980332188751823,0.4849746021236225,0.9849746021236225
2024,91628,3,0.08149711071224175,0.2701414554467342,0.5061692824285846,0.8175249376940923
2024,91629,3,0.07254481786967387,0.2911842960445739,0.5611810509652662,0.8425415727903662
2024,91630,2,0,0.2406814761641712,0.7356047458909301,0.9949232697267589
2024,91630,3,0.07622147161164616,0.3095871051925681,0.6016491454872974,0.8682835119063754
2024,91631,3,0.1129904529926325,0.3736187089357442,0.6121053784815347,0.851477122538423
2024,91643,1,0.1633130659879996,0.4750707079653027,0.6211661671985883,0.8094085252212853
2024,91643,3,0.1030178896021105,0.3481808591532076,0.5819293061474724,0.8367663365963752
2024,91644,1,0.1408371585997922,0.3953606628957562,0.623548124210024,0.86902461991406
2024,91644,3,0.1792034952334555,0.5055091777472414,0.7213204014377468,0.895014718923961
2024,91650,1,0,0,0,0.5
2024,91650,2,0.02966860129455951,0.1898036654000628,0.4631535382582131,0.8030184741527098
2024,91651,1,0.00582279953194359,0.00582279953194359,0.4911090782315529,0.9911090782315529
2024,91651,2,0.1118834055925497,0.3505913198077323,0.5792488106285538,0.8405408964133712
2024,91652,2,0.1404223289597348,0.4756274012055212,0.7937258827978448,0.9585208105520584
2024,91653,2,0.1065913212285503,0.4021880776813525,0.7186356204302174,0.9230388639774152
2024,91654,1,0,0,0.4890695155222967,0.9890695155222967
2024,91654,2,0.05131113182665703,0.2306949997956778,0.5155391726203286,0.8361553046513078
2024,91679,1,0.02153760716022224,0.2130854055187585,0.5814305650872779,0.8898827667287416
2024,91680,1,0.007217584514531639,0.1548082731054457,0.4287287503710126,0.7811380617800985
2024,91681,1,0.08245128077289349,0.2635630957168195,0.4579746582007153,0.7768628432567892
2024,91682,1,0.05989110524357716,0.2750719833481807,0.5932035388072275,0.8780226607026239
2024,91683,1,0.04619564531952602,0.1636708301389376,0.4029656129284369,0.7854904281090254
2024,91725,1,0,0.4948090673837138,0.9815557512104668,0.986746683826753
2024,91725,2,0.06410380491393664,0.3089128722976505,0.5808258242031675,0.8360167568194538
2024,91735,2,0.05200310587758789,0.2533616041478247,0.5297234394363757,0.8283649411661389
2024,91736,2,0.1654323803314822,0.506868888679038,0.7250250586644321,0.8835885503168763
2024,91789,1,0.006010009099210401,0.4979944610526267,0.9818655663974167,0.9898811144440004
2024,91789,2,0.1365409825505378,0.4214718165966142,0.6705693665015291,0.8856385324554528
2024,91803,1,0.09585528918026032,0.3470874352335706,0.6395357190926865,0.8883035730393762
2024,91804,1,0.1046925194573939,0.3949416649636914,0.7477284901507016,0.9574793446444041
2024,91805,1,0.2055515146758404,0.4822952115381487,0.6199487313920787,0.8432050345297705
2024,91806,1,0.05116206688724551,0.3084673732590654,0.6765634265274734,0.9192581201556534
2024,91807,1,0.1033438291452994,0.3242602865862757,0.5686597425407707,0.8477432850997945
2024,91808,2,0.1575474572675631,0.4644169390194884,0.755831262730096,0.9489617809781707
2024,91809,1,0.07659304366639813,0.2579045444975552,0.5446682667628887,0.8633567659317317
2024,91810,1,0.0914101531958364,0.3092768816801621,0.5445345606643681,0.8266678321800425
2024,91811,1,0.0625,0.5273972598458905,0.9263698627996576,0.9614726029537671
2024,91812,1,0.05336327099139632,0.1568442286190758,0.5006227369504437,0.8971417793227642
2024,91813,1,0,0.1927530434878764,0.6927530434878764,1
2024,91814,1,0,0.1901414029532598,0.6901414029532598,1
2024,91815,1,0.08697777882987834,0.4927460517091483,0.8266326367329365,0.9208643638536665
2024,91816,1,0,0.2950321393337252,0.765643512980087,0.9706113736463619
2024,91817,1,0.1227321984455256,0.3103375948753728,0.4633931161718465,0.7757877197419993
2024,91818,1,0.04194331948442187,0.2447643982001706,0.5831264746898353,0.8803053959740865
2024,91819,1,0,0.1182411809314671,0.2201258824177751,0.601884701486308
2024,91820,1,0.09379189042476999,0.3591980709227503,0.5966487067082727,0.8312425262102925
2024,91821,1,0,0,0.1227904113215844,0.6227904113215843
2024,91822,1,0.1351306898652007,0.3367499131331963,0.6592691315604862,0.9576499082924904
2024,91823,1,0,0.02568021833858702,0.3747695568584178,0.8490893385198308
2024,91824,1,0.04319464055253702,0.1809804358003678,0.4797258409449197,0.8419400456970889
2024,91825,1,0,0.116759119136039,0.4887647822544392,0.8720056631184001
2024,91826,1,0.01163636419400749,0.07450524622450838,0.2453052377519849,0.6824363557214841
2024,91827,1,0,0,0,0.5
2024,91828,1,0.02395249287915546,0.2677678783778221,0.5707167254081595,0.8269013399094929
2024,91829,1,0,0.2561931985582203,0.7114431242305621,0.9552499256723419
2024,91830,1,0.02613376264903505,0.1999357456524146,0.4052679476279619,0.7314659646245824
2024,91831,1,0.02874127313964275,0.3261012590865465,0.6273630881109584,0.8300031021640546
2024,91832,1,0,0.1700661695106487,0.3864867734562498,0.7164206039456011
2024,91833,1,0,0.1343512313170088,0.5391250837577936,0.9047738524407848
2024,91834,1,0.0199782167730751,0.1748823236692088,0.3263794420317245,0.6714753351355909
2024,91835,1,0,0,0.03661615909090721,0.5366161590909072
2024,91836,1,0,0.1666666666666667,0.3333333333333334,0.6666666666666667
2024,91837,1,0,0.1666666666666667,0.3333333333333334,0.6666666666666667
2024,91838,1,0,0.1666666666666667,0.3333333333333334,0.6666666666666667
2024,91849,1,0.09091608932453554,0.2018379148580422,0.3144131275231447,0.703491301989638
2024,91852,1,0,0.5,1,1
2024,91855,1,0.07190113029805878,0.511968517297964,0.8715670318236682,0.9314996448237629
2024,91856,1,0,0.454582388865826,0.9472754408505821,0.9926930519847561
2024,91857,1,0.01405270032429457,0.3067108437435069,0.681467732673072,0.8888095892538597
2024,91858,1,0,0,0.5,1
2024,91859,1,0,0,0,0.5
2024,91860,1,0.002851712452472566,0.1854939300326464,0.4317146347709766,0.7490724171908028
2024,91861,1,0.002851712452472566,0.1854939300326464,0.4317146347709766,0.7490724171908028
2024,91862,1,0.1531210883027968,0.3415133419739357,0.4061280199934526,0.7177357663223136
2024,91863,1,0.002851712452472566,0.09126679804230664,0.3349930355746271,0.746577949984793
2024,91864,1,0.002851712452472566,0.09126679804230664,0.3349930355746271,0.746577949984793
2024,91869,1,0.04061658634589249,0.2365018604288488,0.5577957791835517,0.8619105051005954
2024,91870,1,0.06087285936779513,0.2829389273495581,0.6063279074242907,0.8842618394425277
2024,91871,1,0.05557089367116663,0.2656704338439151,0.5732465764309584,0.86314703625821
2024,91872,1,0.06167514795934875,0.2710093911264545,0.5440672877114536,0.8347330445443479
2024,91873,1,0.04246809370716781,0.2448545140278832,0.5335136715376273,0.8311272512169119
2024,91874,1,0.05065560868869451,0.2719573722467978,0.5545255617248861,0.8332237981667829
2024,91875,1,0.05535525065306429,0.2711123870835997,0.5422274257452401,0.8264702893147047
2024,91876,1,0.06232213625152155,0.393271859445416,0.8066408560100871,0.9756911328161925
2024,91900,1,0.05084914019159992,0.2784407578241281,0.5224319102365363,0.7948402926040082
2024,91901,1,0.05807344324325825,0.2643919517646591,0.49747179170228,0.7911532831808791
2024,91902,1,0.0925171015384319,0.2904909905879705,0.4753365948326467,0.7773627057831082
2024,91903,1,0.08008992306730522,0.2940975997550908,0.5062275293073392,0.7922198526195536
2024,91904,1,0.143272880483206,0.3590268149076271,0.512846394926896,0.797092460502475
2024,91905,1,0.07131866913598822,0.3191853218741727,0.5627796197614747,0.8149129670232903
2024,91906,1,0.06078037548327536,0.2352265502092597,0.4327575109352696,0.7583113362092853
2024,91907,1,0.07741946211031264,0.278154988604626,0.4905821876512347,0.7898466611569215
2024,91908,1,0.1374979138871709,0.4248750713828097,0.709663345490678,0.9222861879950391
2024,91909,1,0.1551235460605167,0.4855493205876224,0.7713575298023622,0.9409317552752565
2024,91984,1,0,0.2241700377060907,0.6380503575645317,0.913880319858441
2024,91984,2,0.05277684357024565,0.2283857301971997,0.4750107892192079,0.7994019025922539
2024,91985,1,0,0.1522743395328197,0.3583660452310227,0.706091705698203
2024,91985,2,0.02466153732938259,0.1523744733534303,0.3583660452310227,0.730653109206975
2024,91986,2,0.02896187759662167,0.2186230495565243,0.5561955063917146,0.8665343344318119
2024,91987,2,0.06768078086907914,0.3458293654337006,0.715319209677076,0.9371706251124545